customer_id,customer_type,customer_segment,home_country,signup_date,risk_tier
CUS000001,personal,personal_standard,HU,2025-07-12T00:00:00,low
CUS000002,personal,personal_standard,GB,2023-05-12T00:00:00,low
CUS000003,personal,personal_standard,DE,2023-08-08T00:00:00,low
CUS000004,personal,personal_high_value,PL,2024-06-20T00:00:00,low
CUS000005,personal,personal_standard,US,2026-03-31T00:00:00,low
CUS000006,personal,personal_standard,NL,2022-10-11T00:00:00,low
CUS000007,personal,personal_standard,FR,2026-03-21T00:00:00,low
CUS000008,personal,personal_standard,SG,2024-10-17T00:00:00,medium
CUS000009,personal,personal_standard,IE,2023-12-30T00:00:00,low
CUS000010,personal,personal_standard,ES,2022-02-27T00:00:00,medium
CUS000011,personal,personal_standard,HU,2026-02-17T00:00:00,low
CUS000012,business,business_smb,HU,2023-07-17T00:00:00,medium
CUS000013,personal,personal_standard,GB,2024-06-24T00:00:00,low
CUS000014,business,business_scaleup,GB,2023-02-18T00:00:00,medium
CUS000015,personal,personal_standard,US,2026-02-19T00:00:00,medium
CUS000016,business,business_scaleup,PL,2025-01-22T00:00:00,low
CUS000017,business,business_scaleup,GB,2024-02-20T00:00:00,low
CUS000018,personal,personal_standard,ES,2023-10-10T00:00:00,medium
CUS000019,personal,personal_high_value,ES,2022-09-27T00:00:00,low
CUS000020,personal,personal_high_value,NL,2024-07-09T00:00:00,low
CUS000021,personal,personal_standard,US,2023-01-13T00:00:00,medium
CUS000022,personal,personal_standard,US,2023-06-16T00:00:00,low
CUS000023,personal,personal_standard,NL,2023-09-26T00:00:00,medium
CUS000024,personal,personal_high_value,US,2022-08-14T00:00:00,medium
CUS000025,personal,personal_standard,SG,2024-10-11T00:00:00,medium
CUS000026,personal,personal_standard,US,2023-03-10T00:00:00,low
CUS000027,personal,personal_standard,NL,2024-09-02T00:00:00,medium
CUS000028,personal,personal_standard,DE,2026-01-20T00:00:00,medium
CUS000029,business,business_smb,NL,2025-07-15T00:00:00,medium
CUS000030,personal,personal_high_value,GB,2024-06-30T00:00:00,medium
CUS000031,personal,personal_standard,SG,2023-03-16T00:00:00,low
CUS000032,personal,personal_high_value,ES,2023-07-20T00:00:00,low
CUS000033,personal,personal_standard,GB,2023-08-17T00:00:00,low
CUS000034,personal,personal_standard,DE,2026-05-26T00:00:00,medium
CUS000035,personal,personal_standard,DE,2023-11-28T00:00:00,low
CUS000036,business,business_scaleup,GB,2025-02-11T00:00:00,medium
CUS000037,personal,personal_standard,ES,2026-02-05T00:00:00,low
CUS000038,business,business_smb,IE,2025-05-10T00:00:00,high
CUS000039,personal,personal_standard,GB,2024-09-24T00:00:00,low
CUS000040,personal,personal_standard,BR,2024-02-20T00:00:00,medium
CUS000041,business,business_smb,FR,2026-05-28T00:00:00,medium
CUS000042,business,business_smb,GB,2026-03-05T00:00:00,low
CUS000043,business,business_smb,DE,2024-02-17T00:00:00,low
CUS000044,personal,personal_high_value,US,2025-06-15T00:00:00,low
CUS000045,business,business_smb,SG,2023-07-19T00:00:00,low
CUS000046,personal,personal_standard,US,2023-02-03T00:00:00,low
CUS000047,business,business_scaleup,PL,2024-04-25T00:00:00,low
CUS000048,personal,personal_standard,US,2026-02-01T00:00:00,low
CUS000049,personal,personal_standard,US,2023-08-07T00:00:00,low
CUS000050,personal,personal_standard,ES,2025-11-08T00:00:00,medium
CUS000051,personal,personal_standard,FR,2022-10-20T00:00:00,low
CUS000052,personal,personal_standard,US,2024-06-24T00:00:00,low
CUS000053,personal,personal_standard,IE,2022-04-11T00:00:00,medium
CUS000054,business,business_smb,BR,2025-03-30T00:00:00,low
CUS000055,personal,personal_standard,DE,2025-11-20T00:00:00,low
CUS000056,personal,personal_standard,FR,2024-08-15T00:00:00,low
CUS000057,business,business_smb,FR,2025-10-28T00:00:00,low
CUS000058,personal,personal_standard,BR,2026-02-14T00:00:00,low
CUS000059,personal,personal_standard,GB,2024-12-19T00:00:00,medium
CUS000060,personal,personal_high_value,GB,2024-04-08T00:00:00,low
CUS000061,personal,personal_high_value,IE,2024-02-17T00:00:00,medium
CUS000062,personal,personal_standard,NL,2023-02-28T00:00:00,medium
CUS000063,personal,personal_high_value,GB,2025-04-17T00:00:00,low
CUS000064,personal,personal_standard,NL,2025-09-02T00:00:00,low
CUS000065,personal,personal_standard,GB,2026-06-10T00:00:00,low
CUS000066,personal,personal_high_value,BR,2025-11-05T00:00:00,high
CUS000067,personal,personal_standard,FR,2026-02-16T00:00:00,medium
CUS000068,personal,personal_standard,ES,2025-10-27T00:00:00,medium
CUS000069,personal,personal_standard,FR,2022-03-30T00:00:00,medium
CUS000070,personal,personal_standard,IE,2023-11-23T00:00:00,low
CUS000071,business,business_scaleup,DE,2022-07-14T00:00:00,low
CUS000072,business,business_smb,CA,2025-08-02T00:00:00,medium
CUS000073,personal,personal_standard,SG,2024-07-27T00:00:00,low
CUS000074,personal,personal_standard,AE,2024-02-12T00:00:00,low
CUS000075,personal,personal_standard,DE,2022-01-22T00:00:00,low
CUS000076,personal,personal_standard,DE,2022-03-29T00:00:00,medium
CUS000077,personal,personal_standard,GB,2025-05-10T00:00:00,medium
CUS000078,business,business_smb,FR,2024-05-25T00:00:00,medium
CUS000079,personal,personal_standard,US,2023-12-01T00:00:00,low
CUS000080,personal,personal_standard,US,2023-05-12T00:00:00,medium
CUS000081,personal,personal_standard,US,2022-08-21T00:00:00,low
CUS000082,personal,personal_standard,DE,2023-08-12T00:00:00,low
CUS000083,personal,personal_standard,IE,2026-05-14T00:00:00,low
CUS000084,personal,personal_standard,IE,2023-01-13T00:00:00,medium
CUS000085,personal,personal_high_value,DE,2026-02-14T00:00:00,low
CUS000086,personal,personal_standard,HU,2025-01-14T00:00:00,low
CUS000087,personal,personal_standard,DE,2023-03-06T00:00:00,high
CUS000088,business,business_smb,SG,2024-07-13T00:00:00,low
CUS000089,personal,personal_standard,ES,2024-05-05T00:00:00,low
CUS000090,business,business_smb,GB,2022-09-21T00:00:00,low
CUS000091,business,business_smb,FR,2024-03-10T00:00:00,low
CUS000092,personal,personal_standard,NL,2023-08-04T00:00:00,high
CUS000093,personal,personal_standard,ES,2022-10-04T00:00:00,low
CUS000094,business,business_smb,DE,2023-11-07T00:00:00,low
CUS000095,personal,personal_high_value,IE,2022-04-12T00:00:00,low
CUS000096,personal,personal_standard,GB,2022-10-01T00:00:00,low
CUS000097,personal,personal_standard,NL,2024-10-31T00:00:00,low
CUS000098,personal,personal_standard,ES,2022-01-06T00:00:00,low
CUS000099,personal,personal_standard,US,2023-07-15T00:00:00,medium
CUS000100,personal,personal_high_value,GB,2023-02-20T00:00:00,low
CUS000101,personal,personal_standard,ES,2023-07-26T00:00:00,low
CUS000102,personal,personal_standard,BR,2024-05-25T00:00:00,medium
CUS000103,business,business_smb,IE,2024-05-24T00:00:00,low
CUS000104,personal,personal_high_value,GB,2026-01-07T00:00:00,low
CUS000105,personal,personal_standard,DE,2024-10-11T00:00:00,low
CUS000106,personal,personal_standard,CA,2023-01-20T00:00:00,low
CUS000107,personal,personal_standard,SG,2026-04-23T00:00:00,low
CUS000108,personal,personal_standard,DE,2024-05-31T00:00:00,low
CUS000109,personal,personal_standard,ES,2025-07-11T00:00:00,medium
CUS000110,personal,personal_standard,ES,2022-01-26T00:00:00,low
CUS000111,personal,personal_standard,FR,2026-01-07T00:00:00,low
CUS000112,personal,personal_standard,BR,2022-06-19T00:00:00,low
CUS000113,personal,personal_standard,US,2024-07-02T00:00:00,low
CUS000114,personal,personal_standard,IE,2026-04-12T00:00:00,medium
CUS000115,personal,personal_standard,BR,2026-05-09T00:00:00,medium
CUS000116,personal,personal_standard,DE,2026-06-10T00:00:00,medium
CUS000117,personal,personal_standard,NL,2025-06-17T00:00:00,low
CUS000118,personal,personal_standard,FR,2023-04-18T00:00:00,low
CUS000119,personal,personal_standard,US,2025-02-13T00:00:00,medium
CUS000120,personal,personal_standard,IE,2023-01-13T00:00:00,low
CUS000121,personal,personal_high_value,NL,2022-06-17T00:00:00,medium
CUS000122,business,business_smb,ES,2025-09-25T00:00:00,medium
CUS000123,personal,personal_standard,SG,2022-08-12T00:00:00,low
CUS000124,personal,personal_standard,GB,2024-08-26T00:00:00,low
CUS000125,personal,personal_standard,US,2022-11-19T00:00:00,high
CUS000126,personal,personal_standard,DE,2023-05-01T00:00:00,low
CUS000127,personal,personal_standard,BR,2022-08-26T00:00:00,low
CUS000128,personal,personal_standard,DE,2025-09-16T00:00:00,low
CUS000129,personal,personal_standard,IE,2022-11-21T00:00:00,low
CUS000130,personal,personal_standard,US,2024-09-11T00:00:00,low
CUS000131,personal,personal_standard,BR,2025-12-29T00:00:00,low
CUS000132,personal,personal_standard,GB,2025-11-11T00:00:00,low
CUS000133,personal,personal_standard,US,2026-01-21T00:00:00,medium
CUS000134,personal,personal_high_value,BR,2023-09-26T00:00:00,low
CUS000135,personal,personal_standard,SG,2023-01-15T00:00:00,medium
CUS000136,personal,personal_standard,US,2022-07-06T00:00:00,low
CUS000137,business,business_smb,DE,2024-12-25T00:00:00,high
CUS000138,personal,personal_standard,IE,2022-05-30T00:00:00,medium
CUS000139,business,business_smb,US,2026-05-17T00:00:00,low
CUS000140,personal,personal_standard,IE,2023-10-07T00:00:00,low
CUS000141,personal,personal_standard,AE,2023-07-13T00:00:00,low
CUS000142,personal,personal_high_value,ES,2026-01-16T00:00:00,low
CUS000143,personal,personal_standard,ES,2023-10-08T00:00:00,low
CUS000144,business,business_smb,PL,2025-03-06T00:00:00,low
CUS000145,personal,personal_standard,AE,2024-09-14T00:00:00,low
CUS000146,business,business_smb,ES,2022-06-15T00:00:00,low
CUS000147,personal,personal_standard,GB,2022-03-04T00:00:00,low
CUS000148,business,business_smb,US,2024-08-01T00:00:00,low
CUS000149,personal,personal_standard,GB,2022-09-13T00:00:00,low
CUS000150,personal,personal_standard,US,2025-12-02T00:00:00,medium
CUS000151,personal,personal_standard,ES,2023-08-20T00:00:00,low
CUS000152,personal,personal_high_value,IE,2025-04-24T00:00:00,low
CUS000153,personal,personal_standard,US,2023-05-08T00:00:00,low
CUS000154,personal,personal_high_value,US,2023-07-29T00:00:00,low
CUS000155,personal,personal_standard,NL,2022-09-26T00:00:00,medium
CUS000156,personal,personal_standard,GB,2023-06-18T00:00:00,low
CUS000157,personal,personal_standard,US,2022-10-03T00:00:00,low
CUS000158,personal,personal_high_value,DE,2024-04-27T00:00:00,low
CUS000159,personal,personal_high_value,US,2026-02-23T00:00:00,low
CUS000160,personal,personal_standard,IE,2022-09-23T00:00:00,low
CUS000161,personal,personal_standard,GB,2025-09-18T00:00:00,low
CUS000162,business,business_scaleup,CA,2023-04-19T00:00:00,medium
CUS000163,business,business_smb,NL,2022-10-27T00:00:00,low
CUS000164,personal,personal_standard,SG,2023-02-14T00:00:00,low
CUS000165,personal,personal_standard,SG,2022-12-10T00:00:00,medium
CUS000166,personal,personal_standard,IE,2022-05-31T00:00:00,low
CUS000167,personal,personal_high_value,GB,2022-08-02T00:00:00,low
CUS000168,business,business_smb,ES,2022-04-16T00:00:00,low
CUS000169,business,business_smb,HU,2024-10-05T00:00:00,low
CUS000170,personal,personal_high_value,GB,2024-03-07T00:00:00,low
CUS000171,business,business_smb,FR,2022-01-19T00:00:00,low
CUS000172,personal,personal_standard,US,2024-09-23T00:00:00,medium
CUS000173,personal,personal_standard,ES,2023-02-18T00:00:00,low
CUS000174,personal,personal_standard,GB,2023-04-09T00:00:00,medium
CUS000175,personal,personal_standard,ES,2025-07-23T00:00:00,low
CUS000176,personal,personal_standard,CA,2022-10-07T00:00:00,low
CUS000177,business,business_smb,GB,2025-04-25T00:00:00,low
CUS000178,personal,personal_standard,DE,2026-02-16T00:00:00,medium
CUS000179,personal,personal_standard,GB,2023-09-21T00:00:00,low
CUS000180,business,business_smb,HU,2025-12-22T00:00:00,high
CUS000181,business,business_smb,PL,2022-01-13T00:00:00,low
CUS000182,personal,personal_standard,GB,2026-03-22T00:00:00,low
CUS000183,business,business_smb,IE,2023-09-08T00:00:00,low
CUS000184,business,business_smb,BR,2025-09-02T00:00:00,low
CUS000185,business,business_smb,US,2024-04-09T00:00:00,low
CUS000186,personal,personal_standard,IE,2023-12-09T00:00:00,medium
CUS000187,personal,personal_standard,GB,2026-04-16T00:00:00,low
CUS000188,personal,personal_standard,GB,2023-09-11T00:00:00,low
CUS000189,personal,personal_standard,GB,2023-11-24T00:00:00,medium
CUS000190,personal,personal_standard,ES,2023-03-21T00:00:00,low
CUS000191,personal,personal_standard,DE,2023-08-25T00:00:00,medium
CUS000192,personal,personal_standard,US,2023-12-23T00:00:00,low
CUS000193,personal,personal_standard,US,2022-07-21T00:00:00,low
CUS000194,personal,personal_high_value,BR,2022-01-11T00:00:00,low
CUS000195,personal,personal_standard,US,2024-05-23T00:00:00,medium
CUS000196,personal,personal_standard,IE,2023-08-10T00:00:00,low
CUS000197,personal,personal_standard,US,2022-11-12T00:00:00,medium
CUS000198,personal,personal_standard,GB,2022-08-15T00:00:00,low
CUS000199,personal,personal_standard,US,2023-03-02T00:00:00,low
CUS000200,personal,personal_standard,IE,2025-12-04T00:00:00,medium
CUS000201,personal,personal_standard,BR,2022-05-05T00:00:00,medium
CUS000202,personal,personal_standard,NL,2024-07-12T00:00:00,low
CUS000203,personal,personal_standard,HU,2026-04-09T00:00:00,medium
CUS000204,business,business_scaleup,GB,2025-05-13T00:00:00,low
CUS000205,personal,personal_high_value,IE,2023-11-28T00:00:00,low
CUS000206,personal,personal_standard,GB,2026-04-03T00:00:00,low
CUS000207,personal,personal_standard,GB,2025-10-21T00:00:00,low
CUS000208,personal,personal_standard,NL,2023-04-23T00:00:00,low
CUS000209,business,business_smb,NL,2025-12-11T00:00:00,low
CUS000210,personal,personal_high_value,BR,2023-10-10T00:00:00,low
CUS000211,personal,personal_standard,GB,2022-04-10T00:00:00,medium
CUS000212,personal,personal_standard,GB,2023-03-05T00:00:00,low
CUS000213,personal,personal_standard,IE,2025-08-13T00:00:00,medium
CUS000214,personal,personal_standard,GB,2025-10-15T00:00:00,medium
CUS000215,personal,personal_high_value,ES,2022-03-27T00:00:00,low
CUS000216,business,business_smb,HU,2024-07-01T00:00:00,low
CUS000217,business,business_smb,CA,2023-08-06T00:00:00,low
CUS000218,personal,personal_standard,CA,2024-04-07T00:00:00,low
CUS000219,personal,personal_standard,DE,2025-02-01T00:00:00,medium
CUS000220,personal,personal_standard,PL,2026-06-09T00:00:00,medium
CUS000221,personal,personal_standard,ES,2024-03-13T00:00:00,medium
CUS000222,personal,personal_standard,CA,2022-05-22T00:00:00,medium
CUS000223,personal,personal_standard,US,2025-09-11T00:00:00,low
CUS000224,personal,personal_standard,DE,2023-09-14T00:00:00,low
CUS000225,business,business_smb,US,2023-01-08T00:00:00,low
CUS000226,personal,personal_standard,US,2023-05-14T00:00:00,low
CUS000227,personal,personal_high_value,US,2026-03-01T00:00:00,low
CUS000228,personal,personal_high_value,US,2022-08-02T00:00:00,low
CUS000229,business,business_smb,US,2024-06-21T00:00:00,medium
CUS000230,personal,personal_standard,GB,2025-07-06T00:00:00,low
CUS000231,personal,personal_standard,ES,2025-05-19T00:00:00,low
CUS000232,personal,personal_standard,ES,2024-06-04T00:00:00,low
CUS000233,personal,personal_high_value,GB,2025-05-06T00:00:00,low
CUS000234,business,business_smb,NL,2025-04-07T00:00:00,medium
CUS000235,personal,personal_standard,ES,2024-08-15T00:00:00,high
CUS000236,personal,personal_standard,GB,2025-10-16T00:00:00,low
CUS000237,personal,personal_standard,US,2025-06-30T00:00:00,low
CUS000238,business,business_scaleup,HU,2024-10-10T00:00:00,low
CUS000239,personal,personal_standard,DE,2025-11-18T00:00:00,low
CUS000240,personal,personal_standard,DE,2025-05-16T00:00:00,low
CUS000241,business,business_smb,GB,2022-03-06T00:00:00,low
CUS000242,personal,personal_standard,IE,2026-02-26T00:00:00,low
CUS000243,personal,personal_standard,DE,2022-04-12T00:00:00,low
CUS000244,personal,personal_standard,US,2024-11-17T00:00:00,low
CUS000245,personal,personal_standard,FR,2022-05-19T00:00:00,low
CUS000246,personal,personal_high_value,AE,2026-01-23T00:00:00,medium
CUS000247,business,business_smb,GB,2022-08-21T00:00:00,low
CUS000248,personal,personal_standard,AE,2023-05-04T00:00:00,low
CUS000249,business,business_smb,NL,2025-10-02T00:00:00,low
CUS000250,personal,personal_high_value,HU,2024-03-29T00:00:00,medium
CUS000251,business,business_scaleup,IE,2023-08-11T00:00:00,low
CUS000252,personal,personal_standard,DE,2026-03-05T00:00:00,medium
CUS000253,business,business_scaleup,SG,2022-05-18T00:00:00,medium
CUS000254,personal,personal_standard,DE,2025-12-28T00:00:00,low
CUS000255,personal,personal_standard,US,2023-04-03T00:00:00,low
CUS000256,personal,personal_standard,DE,2022-07-31T00:00:00,low
CUS000257,personal,personal_standard,BR,2024-05-20T00:00:00,low
CUS000258,personal,personal_standard,BR,2023-06-10T00:00:00,low
CUS000259,personal,personal_standard,ES,2023-03-23T00:00:00,low
CUS000260,business,business_smb,GB,2023-06-14T00:00:00,low
CUS000261,personal,personal_standard,BR,2025-11-06T00:00:00,medium
CUS000262,personal,personal_high_value,US,2025-02-08T00:00:00,medium
CUS000263,personal,personal_standard,ES,2025-05-07T00:00:00,low
CUS000264,personal,personal_high_value,IE,2022-02-24T00:00:00,low
CUS000265,personal,personal_standard,HU,2025-05-14T00:00:00,low
CUS000266,personal,personal_high_value,US,2026-01-15T00:00:00,low
CUS000267,personal,personal_standard,GB,2023-09-20T00:00:00,low
CUS000268,business,business_smb,GB,2023-04-14T00:00:00,medium
CUS000269,personal,personal_standard,US,2023-07-27T00:00:00,low
CUS000270,personal,personal_standard,DE,2022-04-24T00:00:00,medium
CUS000271,business,business_smb,US,2022-01-12T00:00:00,medium
CUS000272,personal,personal_standard,SG,2025-01-27T00:00:00,medium
CUS000273,personal,personal_standard,GB,2025-01-09T00:00:00,low
CUS000274,personal,personal_standard,GB,2023-09-29T00:00:00,medium
CUS000275,personal,personal_standard,ES,2025-03-26T00:00:00,medium
CUS000276,business,business_smb,IE,2025-08-21T00:00:00,low
CUS000277,personal,personal_standard,HU,2022-03-09T00:00:00,low
CUS000278,business,business_smb,AE,2024-11-04T00:00:00,low
CUS000279,personal,personal_standard,SG,2025-03-07T00:00:00,low
CUS000280,personal,personal_standard,IE,2023-05-25T00:00:00,low
CUS000281,personal,personal_standard,GB,2025-01-31T00:00:00,medium
CUS000282,personal,personal_high_value,DE,2024-12-14T00:00:00,medium
CUS000283,personal,personal_standard,DE,2026-06-09T00:00:00,low
CUS000284,personal,personal_high_value,DE,2022-09-17T00:00:00,low
CUS000285,personal,personal_standard,AE,2022-04-15T00:00:00,medium
CUS000286,personal,personal_standard,CA,2022-04-02T00:00:00,medium
CUS000287,business,business_smb,IE,2022-08-22T00:00:00,low
CUS000288,business,business_scaleup,IE,2023-10-24T00:00:00,low
CUS000289,personal,personal_high_value,SG,2022-09-11T00:00:00,low
CUS000290,personal,personal_standard,NL,2022-07-30T00:00:00,low
CUS000291,business,business_smb,FR,2022-10-23T00:00:00,low
CUS000292,business,business_smb,AE,2023-03-04T00:00:00,low
CUS000293,personal,personal_standard,NL,2025-04-08T00:00:00,low
CUS000294,personal,personal_standard,GB,2022-08-20T00:00:00,low
CUS000295,business,business_smb,PL,2023-04-02T00:00:00,low
CUS000296,personal,personal_standard,IE,2022-04-30T00:00:00,low
CUS000297,personal,personal_high_value,GB,2023-05-28T00:00:00,low
CUS000298,personal,personal_standard,ES,2022-06-17T00:00:00,low
CUS000299,personal,personal_standard,US,2026-04-24T00:00:00,medium
CUS000300,personal,personal_standard,HU,2025-05-05T00:00:00,low
CUS000301,business,business_smb,GB,2025-07-30T00:00:00,low
CUS000302,personal,personal_standard,DE,2025-03-13T00:00:00,low
CUS000303,business,business_scaleup,IE,2023-03-22T00:00:00,low
CUS000304,personal,personal_standard,DE,2025-01-02T00:00:00,medium
CUS000305,personal,personal_standard,DE,2022-03-10T00:00:00,low
CUS000306,personal,personal_high_value,NL,2024-06-02T00:00:00,low
CUS000307,personal,personal_standard,DE,2022-08-06T00:00:00,low
CUS000308,personal,personal_standard,GB,2023-02-16T00:00:00,low
CUS000309,personal,personal_standard,DE,2024-07-03T00:00:00,low
CUS000310,personal,personal_standard,CA,2024-02-05T00:00:00,medium
CUS000311,business,business_smb,NL,2025-01-15T00:00:00,medium
CUS000312,personal,personal_standard,AE,2024-06-05T00:00:00,medium
CUS000313,personal,personal_high_value,DE,2023-09-21T00:00:00,low
CUS000314,personal,personal_standard,SG,2022-04-02T00:00:00,low
CUS000315,personal,personal_standard,DE,2023-12-01T00:00:00,low
CUS000316,personal,personal_standard,GB,2023-09-21T00:00:00,low
CUS000317,business,business_smb,DE,2024-02-13T00:00:00,low
CUS000318,personal,personal_standard,AE,2024-02-22T00:00:00,low
CUS000319,business,business_smb,IE,2026-05-23T00:00:00,medium
CUS000320,personal,personal_high_value,GB,2022-03-25T00:00:00,low
CUS000321,business,business_smb,BR,2023-10-28T00:00:00,low
CUS000322,personal,personal_standard,ES,2026-01-15T00:00:00,medium
CUS000323,personal,personal_standard,DE,2024-04-07T00:00:00,low
CUS000324,business,business_smb,FR,2024-07-14T00:00:00,low
CUS000325,personal,personal_standard,ES,2025-04-26T00:00:00,low
CUS000326,personal,personal_high_value,US,2022-10-06T00:00:00,medium
CUS000327,personal,personal_standard,DE,2025-06-28T00:00:00,low
CUS000328,personal,personal_standard,DE,2022-02-14T00:00:00,low
CUS000329,personal,personal_standard,PL,2026-03-19T00:00:00,low
CUS000330,personal,personal_high_value,GB,2025-07-02T00:00:00,low
CUS000331,business,business_scaleup,GB,2023-05-25T00:00:00,medium
CUS000332,business,business_scaleup,US,2023-10-02T00:00:00,medium
CUS000333,personal,personal_standard,NL,2025-11-24T00:00:00,low
CUS000334,personal,personal_standard,DE,2023-01-15T00:00:00,low
CUS000335,personal,personal_standard,US,2022-06-24T00:00:00,low
CUS000336,personal,personal_standard,BR,2024-06-11T00:00:00,medium
CUS000337,personal,personal_standard,GB,2022-09-22T00:00:00,medium
CUS000338,business,business_smb,IE,2026-05-22T00:00:00,low
CUS000339,business,business_smb,PL,2024-05-19T00:00:00,medium
CUS000340,personal,personal_standard,BR,2024-12-12T00:00:00,low
CUS000341,personal,personal_standard,HU,2023-08-16T00:00:00,low
CUS000342,business,business_smb,ES,2023-06-15T00:00:00,medium
CUS000343,personal,personal_standard,FR,2025-11-21T00:00:00,low
CUS000344,personal,personal_standard,SG,2025-05-14T00:00:00,low
CUS000345,personal,personal_standard,DE,2024-06-09T00:00:00,low
CUS000346,business,business_scaleup,ES,2022-11-26T00:00:00,low
CUS000347,business,business_smb,HU,2025-08-24T00:00:00,low
CUS000348,business,business_scaleup,HU,2023-04-15T00:00:00,low
CUS000349,personal,personal_standard,GB,2024-03-30T00:00:00,low
CUS000350,personal,personal_standard,IE,2022-03-31T00:00:00,medium
CUS000351,business,business_smb,CA,2023-11-09T00:00:00,low
CUS000352,personal,personal_standard,GB,2022-01-08T00:00:00,medium
CUS000353,personal,personal_standard,ES,2022-06-13T00:00:00,low
CUS000354,personal,personal_standard,IE,2024-08-25T00:00:00,low
CUS000355,personal,personal_standard,GB,2025-12-03T00:00:00,medium
CUS000356,personal,personal_standard,GB,2026-05-19T00:00:00,low
CUS000357,business,business_smb,GB,2023-04-09T00:00:00,low
CUS000358,personal,personal_standard,IE,2026-02-08T00:00:00,medium
CUS000359,personal,personal_high_value,IE,2022-04-14T00:00:00,medium
CUS000360,personal,personal_standard,GB,2023-04-13T00:00:00,low
CUS000361,personal,personal_standard,NL,2024-07-15T00:00:00,low
CUS000362,personal,personal_high_value,IE,2023-09-08T00:00:00,medium
CUS000363,personal,personal_high_value,BR,2023-09-17T00:00:00,high
CUS000364,personal,personal_standard,CA,2023-12-05T00:00:00,low
CUS000365,personal,personal_standard,FR,2023-04-09T00:00:00,low
CUS000366,personal,personal_standard,CA,2022-11-27T00:00:00,medium
CUS000367,personal,personal_high_value,AE,2023-09-03T00:00:00,medium
CUS000368,personal,personal_standard,BR,2023-06-20T00:00:00,medium
CUS000369,personal,personal_high_value,AE,2023-04-23T00:00:00,low
CUS000370,personal,personal_standard,SG,2022-03-15T00:00:00,low
CUS000371,business,business_smb,DE,2025-04-25T00:00:00,medium
CUS000372,personal,personal_standard,US,2022-07-15T00:00:00,low
CUS000373,personal,personal_high_value,US,2024-11-24T00:00:00,low
CUS000374,business,business_smb,IE,2025-10-09T00:00:00,low
CUS000375,personal,personal_standard,FR,2023-11-29T00:00:00,low
CUS000376,business,business_smb,NL,2023-09-25T00:00:00,high
CUS000377,personal,personal_standard,FR,2025-03-21T00:00:00,medium
CUS000378,personal,personal_standard,DE,2023-12-27T00:00:00,medium
CUS000379,personal,personal_high_value,BR,2022-03-05T00:00:00,low
CUS000380,personal,personal_high_value,FR,2022-05-15T00:00:00,low
CUS000381,personal,personal_standard,US,2022-03-25T00:00:00,medium
CUS000382,personal,personal_high_value,GB,2022-07-11T00:00:00,low
CUS000383,business,business_smb,DE,2022-10-17T00:00:00,low
CUS000384,personal,personal_standard,GB,2023-08-17T00:00:00,low
CUS000385,business,business_smb,IE,2022-08-04T00:00:00,low
CUS000386,business,business_smb,NL,2025-05-24T00:00:00,low
CUS000387,personal,personal_standard,US,2025-07-03T00:00:00,low
CUS000388,business,business_smb,AE,2025-03-04T00:00:00,low
CUS000389,business,business_smb,PL,2024-02-22T00:00:00,medium
CUS000390,business,business_smb,ES,2024-01-27T00:00:00,medium
CUS000391,personal,personal_standard,NL,2026-01-30T00:00:00,low
CUS000392,personal,personal_standard,US,2026-03-22T00:00:00,low
CUS000393,personal,personal_standard,US,2022-01-10T00:00:00,low
CUS000394,personal,personal_high_value,DE,2024-03-28T00:00:00,medium
CUS000395,personal,personal_standard,US,2023-09-11T00:00:00,medium
CUS000396,personal,personal_standard,BR,2024-06-22T00:00:00,medium
CUS000397,personal,personal_standard,GB,2023-02-24T00:00:00,low
CUS000398,business,business_smb,NL,2022-10-17T00:00:00,medium
CUS000399,business,business_smb,GB,2023-02-08T00:00:00,medium
CUS000400,business,business_smb,GB,2024-10-22T00:00:00,medium
CUS000401,personal,personal_standard,PL,2023-01-18T00:00:00,low
CUS000402,personal,personal_high_value,HU,2025-07-14T00:00:00,low
CUS000403,personal,personal_standard,GB,2024-05-04T00:00:00,medium
CUS000404,personal,personal_standard,DE,2024-10-08T00:00:00,low
CUS000405,personal,personal_standard,IE,2023-06-21T00:00:00,low
CUS000406,personal,personal_standard,CA,2022-07-30T00:00:00,low
CUS000407,personal,personal_standard,CA,2025-10-07T00:00:00,medium
CUS000408,personal,personal_standard,IE,2023-08-15T00:00:00,medium
CUS000409,business,business_smb,NL,2023-05-07T00:00:00,low
CUS000410,business,business_smb,GB,2023-09-21T00:00:00,medium
CUS000411,business,business_smb,DE,2022-08-13T00:00:00,medium
CUS000412,personal,personal_standard,ES,2022-08-22T00:00:00,medium
CUS000413,personal,personal_standard,DE,2024-02-21T00:00:00,low
CUS000414,personal,personal_standard,NL,2025-12-27T00:00:00,low
CUS000415,personal,personal_standard,BR,2022-01-27T00:00:00,medium
CUS000416,personal,personal_high_value,BR,2023-02-03T00:00:00,low
CUS000417,personal,personal_standard,FR,2025-01-14T00:00:00,low
CUS000418,personal,personal_standard,AE,2023-07-10T00:00:00,medium
CUS000419,personal,personal_standard,FR,2023-02-18T00:00:00,low
CUS000420,personal,personal_standard,BR,2025-09-26T00:00:00,low
CUS000421,personal,personal_standard,ES,2026-06-21T00:00:00,low
CUS000422,personal,personal_standard,GB,2023-03-05T00:00:00,medium
CUS000423,personal,personal_standard,GB,2026-05-13T00:00:00,low
CUS000424,business,business_smb,US,2024-06-24T00:00:00,low
CUS000425,business,business_smb,DE,2022-06-22T00:00:00,medium
CUS000426,personal,personal_standard,BR,2025-07-22T00:00:00,low
CUS000427,personal,personal_standard,GB,2025-02-17T00:00:00,low
CUS000428,personal,personal_standard,DE,2025-11-09T00:00:00,low
CUS000429,personal,personal_standard,BR,2022-10-16T00:00:00,low
CUS000430,personal,personal_standard,PL,2025-02-07T00:00:00,low
CUS000431,personal,personal_standard,BR,2024-04-06T00:00:00,low
CUS000432,personal,personal_standard,NL,2022-04-13T00:00:00,low
CUS000433,personal,personal_standard,DE,2022-03-20T00:00:00,low
CUS000434,personal,personal_standard,AE,2025-09-30T00:00:00,low
CUS000435,personal,personal_standard,DE,2024-08-03T00:00:00,medium
CUS000436,personal,personal_standard,DE,2022-05-13T00:00:00,low
CUS000437,personal,personal_standard,GB,2022-09-15T00:00:00,low
CUS000438,personal,personal_standard,GB,2022-05-25T00:00:00,low
CUS000439,business,business_scaleup,ES,2024-11-26T00:00:00,medium
CUS000440,personal,personal_standard,BR,2025-10-29T00:00:00,low
CUS000441,personal,personal_high_value,SG,2022-12-25T00:00:00,low
CUS000442,personal,personal_standard,DE,2023-01-07T00:00:00,low
CUS000443,personal,personal_high_value,IE,2023-05-21T00:00:00,low
CUS000444,personal,personal_standard,US,2022-02-25T00:00:00,low
CUS000445,personal,personal_standard,US,2022-05-14T00:00:00,low
CUS000446,personal,personal_standard,GB,2025-02-20T00:00:00,low
CUS000447,personal,personal_standard,FR,2025-12-12T00:00:00,low
CUS000448,personal,personal_standard,DE,2023-12-21T00:00:00,low
CUS000449,personal,personal_standard,US,2022-11-25T00:00:00,low
CUS000450,personal,personal_standard,ES,2023-10-03T00:00:00,low
CUS000451,business,business_smb,ES,2025-12-30T00:00:00,low
CUS000452,personal,personal_standard,GB,2024-04-13T00:00:00,medium
CUS000453,personal,personal_standard,US,2023-11-08T00:00:00,medium
CUS000454,business,business_smb,GB,2023-01-06T00:00:00,low
CUS000455,personal,personal_high_value,CA,2026-05-21T00:00:00,low
CUS000456,personal,personal_standard,ES,2024-04-24T00:00:00,low
CUS000457,personal,personal_standard,DE,2025-03-16T00:00:00,low
CUS000458,business,business_smb,NL,2022-06-24T00:00:00,medium
CUS000459,personal,personal_standard,GB,2025-11-19T00:00:00,low
CUS000460,personal,personal_standard,DE,2025-10-19T00:00:00,low
CUS000461,business,business_smb,US,2025-10-17T00:00:00,low
CUS000462,personal,personal_high_value,GB,2022-01-21T00:00:00,low
CUS000463,business,business_smb,AE,2022-07-03T00:00:00,low
CUS000464,personal,personal_high_value,FR,2024-12-25T00:00:00,medium
CUS000465,personal,personal_standard,BR,2024-01-19T00:00:00,low
CUS000466,personal,personal_standard,GB,2023-07-28T00:00:00,medium
CUS000467,personal,personal_standard,DE,2025-07-06T00:00:00,medium
CUS000468,personal,personal_high_value,GB,2024-11-06T00:00:00,low
CUS000469,personal,personal_high_value,DE,2022-08-30T00:00:00,medium
CUS000470,personal,personal_standard,GB,2024-09-14T00:00:00,low
CUS000471,personal,personal_high_value,AE,2023-08-30T00:00:00,low
CUS000472,personal,personal_standard,GB,2025-08-28T00:00:00,low
CUS000473,personal,personal_standard,GB,2026-02-14T00:00:00,low
CUS000474,personal,personal_standard,DE,2024-08-09T00:00:00,low
CUS000475,personal,personal_standard,IE,2025-10-05T00:00:00,low
CUS000476,personal,personal_standard,DE,2022-09-15T00:00:00,low
CUS000477,personal,personal_standard,DE,2022-04-24T00:00:00,low
CUS000478,business,business_smb,BR,2023-07-06T00:00:00,low
CUS000479,personal,personal_standard,BR,2025-11-30T00:00:00,medium
CUS000480,personal,personal_standard,US,2026-01-10T00:00:00,medium
CUS000481,personal,personal_standard,US,2023-03-01T00:00:00,low
CUS000482,personal,personal_standard,US,2025-06-08T00:00:00,medium
CUS000483,personal,personal_high_value,HU,2024-07-13T00:00:00,low
CUS000484,business,business_smb,IE,2023-07-23T00:00:00,low
CUS000485,personal,personal_standard,ES,2025-09-30T00:00:00,medium
CUS000486,personal,personal_high_value,DE,2024-01-12T00:00:00,low
CUS000487,personal,personal_standard,DE,2026-02-22T00:00:00,medium
CUS000488,personal,personal_standard,CA,2026-04-04T00:00:00,low
CUS000489,personal,personal_standard,NL,2022-04-20T00:00:00,low
CUS000490,personal,personal_standard,US,2023-05-01T00:00:00,medium
CUS000491,personal,personal_standard,US,2024-04-05T00:00:00,low
CUS000492,personal,personal_standard,NL,2024-04-11T00:00:00,low
CUS000493,personal,personal_standard,US,2022-02-10T00:00:00,medium
CUS000494,personal,personal_standard,BR,2025-08-17T00:00:00,low
CUS000495,personal,personal_high_value,DE,2023-04-10T00:00:00,medium
CUS000496,personal,personal_standard,AE,2022-08-05T00:00:00,low
CUS000497,business,business_smb,SG,2026-06-23T00:00:00,low
CUS000498,business,business_smb,HU,2026-03-29T00:00:00,low
CUS000499,personal,personal_standard,US,2022-05-04T00:00:00,low
CUS000500,personal,personal_high_value,DE,2024-02-14T00:00:00,low
CUS000501,personal,personal_standard,GB,2022-12-30T00:00:00,medium
CUS000502,business,business_smb,IE,2022-09-24T00:00:00,low
CUS000503,personal,personal_standard,GB,2023-11-27T00:00:00,low
CUS000504,personal,personal_standard,FR,2024-08-25T00:00:00,medium
CUS000505,personal,personal_standard,DE,2024-05-06T00:00:00,low
CUS000506,personal,personal_standard,ES,2025-10-08T00:00:00,low
CUS000507,personal,personal_standard,DE,2025-09-27T00:00:00,medium
CUS000508,business,business_smb,FR,2024-07-18T00:00:00,low
CUS000509,personal,personal_standard,NL,2023-07-06T00:00:00,low
CUS000510,business,business_smb,NL,2023-07-20T00:00:00,low
CUS000511,business,business_smb,HU,2024-08-23T00:00:00,low
CUS000512,personal,personal_standard,DE,2025-11-24T00:00:00,low
CUS000513,business,business_smb,BR,2022-07-24T00:00:00,medium
CUS000514,personal,personal_standard,GB,2024-07-17T00:00:00,low
CUS000515,business,business_smb,ES,2023-09-13T00:00:00,low
CUS000516,business,business_scaleup,ES,2024-08-16T00:00:00,low
CUS000517,personal,personal_standard,FR,2025-02-24T00:00:00,low
CUS000518,personal,personal_standard,DE,2024-04-20T00:00:00,low
CUS000519,business,business_smb,US,2025-12-21T00:00:00,medium
CUS000520,personal,personal_standard,GB,2024-08-14T00:00:00,low
CUS000521,personal,personal_standard,IE,2023-12-11T00:00:00,low
CUS000522,personal,personal_standard,BR,2023-10-01T00:00:00,low
CUS000523,personal,personal_standard,DE,2022-11-17T00:00:00,medium
CUS000524,business,business_smb,BR,2024-06-02T00:00:00,low
CUS000525,personal,personal_high_value,US,2025-02-26T00:00:00,low
CUS000526,personal,personal_standard,SG,2025-09-19T00:00:00,low
CUS000527,business,business_smb,IE,2022-11-04T00:00:00,medium
CUS000528,personal,personal_standard,US,2024-03-09T00:00:00,medium
CUS000529,personal,personal_high_value,NL,2024-08-24T00:00:00,low
CUS000530,personal,personal_high_value,BR,2022-09-01T00:00:00,low
CUS000531,personal,personal_standard,ES,2022-11-13T00:00:00,low
CUS000532,personal,personal_standard,AE,2025-12-12T00:00:00,low
CUS000533,personal,personal_standard,US,2022-01-07T00:00:00,low
CUS000534,business,business_scaleup,NL,2026-01-10T00:00:00,medium
CUS000535,business,business_smb,FR,2023-05-07T00:00:00,medium
CUS000536,personal,personal_standard,GB,2023-05-11T00:00:00,low
CUS000537,business,business_scaleup,US,2025-05-12T00:00:00,low
CUS000538,personal,personal_standard,PL,2023-04-08T00:00:00,medium
CUS000539,personal,personal_standard,GB,2025-01-07T00:00:00,low
CUS000540,personal,personal_standard,DE,2025-07-24T00:00:00,medium
CUS000541,personal,personal_standard,NL,2023-09-20T00:00:00,low
CUS000542,personal,personal_standard,DE,2022-05-21T00:00:00,low
CUS000543,personal,personal_standard,PL,2025-08-24T00:00:00,low
CUS000544,business,business_smb,US,2022-04-25T00:00:00,low
CUS000545,personal,personal_standard,ES,2025-04-16T00:00:00,low
CUS000546,personal,personal_high_value,FR,2023-01-23T00:00:00,low
CUS000547,personal,personal_high_value,ES,2024-12-26T00:00:00,low
CUS000548,business,business_scaleup,US,2024-10-09T00:00:00,medium
CUS000549,personal,personal_high_value,FR,2023-11-17T00:00:00,medium
CUS000550,personal,personal_standard,GB,2025-10-10T00:00:00,low
CUS000551,personal,personal_standard,CA,2024-03-10T00:00:00,medium
CUS000552,business,business_smb,DE,2024-03-03T00:00:00,low
CUS000553,personal,personal_standard,US,2022-03-02T00:00:00,low
CUS000554,personal,personal_high_value,IE,2023-07-27T00:00:00,medium
CUS000555,personal,personal_standard,BR,2022-08-30T00:00:00,low
CUS000556,business,business_smb,ES,2022-04-09T00:00:00,low
CUS000557,personal,personal_high_value,DE,2025-02-28T00:00:00,low
CUS000558,business,business_smb,DE,2022-04-13T00:00:00,low
CUS000559,business,business_smb,ES,2023-07-16T00:00:00,low
CUS000560,personal,personal_standard,GB,2026-06-23T00:00:00,low
CUS000561,personal,personal_standard,DE,2023-10-12T00:00:00,low
CUS000562,personal,personal_standard,GB,2025-01-19T00:00:00,low
CUS000563,personal,personal_standard,SG,2022-12-13T00:00:00,low
CUS000564,business,business_smb,BR,2023-09-12T00:00:00,low
CUS000565,business,business_smb,ES,2024-08-18T00:00:00,low
CUS000566,personal,personal_high_value,DE,2024-03-26T00:00:00,low
CUS000567,business,business_scaleup,DE,2023-04-22T00:00:00,medium
CUS000568,business,business_scaleup,SG,2023-08-29T00:00:00,medium
CUS000569,personal,personal_standard,BR,2023-11-21T00:00:00,medium
CUS000570,personal,personal_standard,GB,2022-05-03T00:00:00,medium
CUS000571,business,business_smb,ES,2023-01-26T00:00:00,low
CUS000572,personal,personal_high_value,GB,2025-11-17T00:00:00,medium
CUS000573,personal,personal_high_value,IE,2023-04-29T00:00:00,low
CUS000574,personal,personal_high_value,NL,2024-05-04T00:00:00,low
CUS000575,business,business_smb,DE,2022-09-22T00:00:00,low
CUS000576,personal,personal_standard,ES,2022-07-15T00:00:00,low
CUS000577,business,business_smb,SG,2022-06-26T00:00:00,low
CUS000578,personal,personal_standard,BR,2026-02-19T00:00:00,low
CUS000579,personal,personal_high_value,SG,2025-05-04T00:00:00,medium
CUS000580,personal,personal_standard,US,2023-01-25T00:00:00,low
CUS000581,business,business_scaleup,US,2026-03-13T00:00:00,low
CUS000582,personal,personal_standard,HU,2023-01-25T00:00:00,low
CUS000583,business,business_smb,CA,2023-04-11T00:00:00,low
CUS000584,personal,personal_high_value,HU,2024-10-04T00:00:00,medium
CUS000585,personal,personal_standard,CA,2023-11-05T00:00:00,low
CUS000586,personal,personal_standard,DE,2023-09-27T00:00:00,low
CUS000587,personal,personal_standard,PL,2024-01-11T00:00:00,low
CUS000588,business,business_smb,GB,2022-07-24T00:00:00,low
CUS000589,personal,personal_standard,GB,2024-09-05T00:00:00,medium
CUS000590,business,business_smb,BR,2023-05-31T00:00:00,low
CUS000591,personal,personal_high_value,US,2025-02-10T00:00:00,low
CUS000592,personal,personal_high_value,ES,2025-02-08T00:00:00,low
CUS000593,personal,personal_high_value,BR,2026-05-09T00:00:00,low
CUS000594,personal,personal_standard,IE,2023-07-25T00:00:00,low
CUS000595,personal,personal_standard,DE,2024-07-19T00:00:00,low
CUS000596,personal,personal_standard,BR,2025-05-03T00:00:00,low
CUS000597,personal,personal_standard,GB,2025-02-22T00:00:00,medium
CUS000598,personal,personal_standard,GB,2023-12-26T00:00:00,medium
CUS000599,personal,personal_standard,GB,2025-04-25T00:00:00,low
CUS000600,personal,personal_standard,US,2026-03-02T00:00:00,low
CUS000601,personal,personal_standard,US,2025-12-29T00:00:00,low
CUS000602,personal,personal_high_value,IE,2023-07-13T00:00:00,low
CUS000603,business,business_scaleup,GB,2026-05-29T00:00:00,medium
CUS000604,personal,personal_standard,FR,2022-12-30T00:00:00,low
CUS000605,personal,personal_standard,US,2024-08-29T00:00:00,low
CUS000606,personal,personal_standard,NL,2024-07-02T00:00:00,low
CUS000607,business,business_scaleup,ES,2023-04-26T00:00:00,low
CUS000608,personal,personal_standard,IE,2023-04-11T00:00:00,low
CUS000609,business,business_smb,IE,2025-06-14T00:00:00,low
CUS000610,personal,personal_standard,DE,2023-10-30T00:00:00,medium
CUS000611,personal,personal_standard,CA,2023-08-17T00:00:00,medium
CUS000612,personal,personal_standard,US,2023-12-29T00:00:00,low
CUS000613,personal,personal_standard,BR,2025-02-03T00:00:00,medium
CUS000614,personal,personal_standard,US,2022-02-18T00:00:00,medium
CUS000615,personal,personal_standard,US,2023-04-21T00:00:00,low
CUS000616,business,business_smb,SG,2025-02-25T00:00:00,low
CUS000617,business,business_smb,US,2023-12-07T00:00:00,medium
CUS000618,personal,personal_high_value,BR,2024-08-20T00:00:00,low
CUS000619,personal,personal_standard,GB,2024-02-25T00:00:00,low
CUS000620,personal,personal_standard,GB,2025-09-30T00:00:00,low
CUS000621,personal,personal_standard,FR,2025-03-22T00:00:00,low
CUS000622,personal,personal_standard,PL,2023-04-06T00:00:00,low
CUS000623,personal,personal_standard,US,2025-12-17T00:00:00,low
CUS000624,personal,personal_standard,US,2026-05-14T00:00:00,low
CUS000625,personal,personal_standard,US,2025-05-19T00:00:00,low
CUS000626,business,business_smb,FR,2022-02-20T00:00:00,medium
CUS000627,personal,personal_standard,FR,2024-06-25T00:00:00,low
CUS000628,personal,personal_standard,DE,2026-04-14T00:00:00,low
CUS000629,business,business_scaleup,GB,2023-09-12T00:00:00,low
CUS000630,business,business_smb,GB,2024-10-22T00:00:00,low
CUS000631,personal,personal_high_value,BR,2023-01-06T00:00:00,medium
CUS000632,personal,personal_standard,US,2023-09-15T00:00:00,medium
CUS000633,personal,personal_standard,DE,2024-11-30T00:00:00,low
CUS000634,personal,personal_high_value,US,2023-12-06T00:00:00,low
CUS000635,personal,personal_standard,ES,2026-03-22T00:00:00,medium
CUS000636,personal,personal_standard,CA,2026-06-05T00:00:00,medium
CUS000637,personal,personal_standard,FR,2022-07-06T00:00:00,medium
CUS000638,personal,personal_high_value,DE,2023-09-30T00:00:00,low
CUS000639,personal,personal_standard,DE,2022-04-22T00:00:00,high
CUS000640,personal,personal_standard,PL,2022-04-26T00:00:00,low
CUS000641,personal,personal_high_value,IE,2024-02-08T00:00:00,low
CUS000642,personal,personal_standard,FR,2023-04-25T00:00:00,low
CUS000643,business,business_scaleup,DE,2024-09-27T00:00:00,medium
CUS000644,personal,personal_standard,IE,2022-12-01T00:00:00,low
CUS000645,personal,personal_standard,GB,2022-06-29T00:00:00,medium
CUS000646,business,business_scaleup,ES,2023-04-12T00:00:00,low
CUS000647,business,business_smb,AE,2023-04-29T00:00:00,low
CUS000648,personal,personal_high_value,DE,2026-03-20T00:00:00,low
CUS000649,personal,personal_standard,IE,2023-03-19T00:00:00,low
CUS000650,business,business_smb,AE,2022-05-16T00:00:00,low
CUS000651,personal,personal_standard,US,2026-04-26T00:00:00,low
CUS000652,business,business_smb,PL,2024-12-09T00:00:00,medium
CUS000653,personal,personal_high_value,NL,2022-01-22T00:00:00,low
CUS000654,personal,personal_standard,BR,2025-02-19T00:00:00,medium
CUS000655,personal,personal_standard,ES,2026-06-19T00:00:00,low
CUS000656,personal,personal_standard,US,2024-03-25T00:00:00,low
CUS000657,personal,personal_standard,GB,2024-08-31T00:00:00,low
CUS000658,personal,personal_high_value,DE,2024-05-14T00:00:00,medium
CUS000659,personal,personal_high_value,IE,2025-12-08T00:00:00,medium
CUS000660,personal,personal_high_value,GB,2023-02-02T00:00:00,medium
CUS000661,personal,personal_standard,ES,2024-05-10T00:00:00,low
CUS000662,personal,personal_standard,ES,2025-08-08T00:00:00,low
CUS000663,business,business_smb,GB,2025-11-27T00:00:00,medium
CUS000664,personal,personal_standard,FR,2025-01-07T00:00:00,low
CUS000665,personal,personal_standard,CA,2025-05-06T00:00:00,low
CUS000666,personal,personal_standard,GB,2025-04-12T00:00:00,medium
CUS000667,personal,personal_standard,GB,2025-01-06T00:00:00,medium
CUS000668,personal,personal_standard,BR,2023-07-27T00:00:00,low
CUS000669,personal,personal_standard,ES,2025-01-04T00:00:00,low
CUS000670,personal,personal_high_value,US,2025-12-23T00:00:00,medium
CUS000671,personal,personal_standard,US,2024-08-23T00:00:00,low
CUS000672,personal,personal_standard,GB,2024-08-01T00:00:00,medium
CUS000673,personal,personal_standard,ES,2025-03-14T00:00:00,high
CUS000674,business,business_smb,IE,2022-05-17T00:00:00,medium
CUS000675,personal,personal_standard,DE,2026-06-23T00:00:00,low
CUS000676,personal,personal_standard,US,2023-02-15T00:00:00,low
CUS000677,business,business_smb,NL,2023-08-15T00:00:00,low
CUS000678,personal,personal_standard,BR,2023-03-19T00:00:00,medium
CUS000679,personal,personal_standard,AE,2023-02-22T00:00:00,low
CUS000680,personal,personal_standard,GB,2025-01-16T00:00:00,low
CUS000681,personal,personal_standard,ES,2022-06-08T00:00:00,low
CUS000682,personal,personal_standard,FR,2025-10-02T00:00:00,low
CUS000683,personal,personal_standard,GB,2022-05-09T00:00:00,low
CUS000684,personal,personal_standard,GB,2026-04-08T00:00:00,medium
CUS000685,personal,personal_standard,IE,2023-06-09T00:00:00,medium
CUS000686,business,business_scaleup,DE,2023-10-25T00:00:00,low
CUS000687,personal,personal_standard,BR,2022-05-15T00:00:00,medium
CUS000688,personal,personal_standard,IE,2024-08-05T00:00:00,low
CUS000689,personal,personal_standard,DE,2022-09-18T00:00:00,low
CUS000690,personal,personal_standard,US,2026-03-04T00:00:00,low
CUS000691,personal,personal_high_value,US,2024-02-16T00:00:00,medium
CUS000692,business,business_scaleup,DE,2023-02-04T00:00:00,low
CUS000693,personal,personal_standard,GB,2023-06-08T00:00:00,low
CUS000694,personal,personal_standard,BR,2022-06-27T00:00:00,low
CUS000695,personal,personal_standard,NL,2023-01-14T00:00:00,medium
CUS000696,personal,personal_high_value,AE,2022-01-17T00:00:00,low
CUS000697,personal,personal_standard,IE,2025-09-18T00:00:00,medium
CUS000698,business,business_smb,BR,2023-11-17T00:00:00,medium
CUS000699,personal,personal_standard,DE,2023-02-19T00:00:00,medium
CUS000700,personal,personal_standard,BR,2023-04-10T00:00:00,low
CUS000701,personal,personal_standard,IE,2025-10-19T00:00:00,low
CUS000702,personal,personal_high_value,CA,2023-08-02T00:00:00,low
CUS000703,personal,personal_standard,HU,2025-11-19T00:00:00,medium
CUS000704,personal,personal_standard,GB,2023-08-10T00:00:00,low
CUS000705,personal,personal_standard,FR,2023-10-10T00:00:00,low
CUS000706,personal,personal_standard,GB,2022-08-14T00:00:00,medium
CUS000707,business,business_smb,DE,2024-12-16T00:00:00,low
CUS000708,personal,personal_standard,US,2026-01-14T00:00:00,medium
CUS000709,personal,personal_standard,ES,2024-02-11T00:00:00,low
CUS000710,personal,personal_standard,GB,2023-05-10T00:00:00,medium
CUS000711,personal,personal_standard,SG,2025-08-24T00:00:00,medium
CUS000712,personal,personal_standard,FR,2024-11-03T00:00:00,medium
CUS000713,business,business_smb,PL,2022-02-13T00:00:00,low
CUS000714,personal,personal_standard,NL,2026-02-11T00:00:00,low
CUS000715,personal,personal_standard,NL,2022-06-01T00:00:00,low
CUS000716,personal,personal_standard,ES,2024-09-10T00:00:00,medium
CUS000717,personal,personal_standard,AE,2026-02-09T00:00:00,low
CUS000718,personal,personal_standard,US,2025-01-09T00:00:00,low
CUS000719,personal,personal_high_value,DE,2024-01-02T00:00:00,low
CUS000720,personal,personal_standard,DE,2023-02-21T00:00:00,low
CUS000721,business,business_smb,US,2026-06-21T00:00:00,low
CUS000722,business,business_smb,AE,2024-05-14T00:00:00,low
CUS000723,personal,personal_high_value,IE,2024-07-10T00:00:00,low
CUS000724,business,business_smb,DE,2024-06-03T00:00:00,high
CUS000725,personal,personal_standard,GB,2025-07-30T00:00:00,low
CUS000726,personal,personal_standard,GB,2026-03-06T00:00:00,high
CUS000727,personal,personal_standard,PL,2022-10-31T00:00:00,low
CUS000728,business,business_smb,US,2025-01-11T00:00:00,low
CUS000729,personal,personal_standard,DE,2023-11-18T00:00:00,low
CUS000730,personal,personal_standard,ES,2023-02-22T00:00:00,medium
CUS000731,business,business_scaleup,US,2023-03-31T00:00:00,low
CUS000732,personal,personal_standard,US,2025-08-21T00:00:00,low
CUS000733,business,business_smb,ES,2024-03-15T00:00:00,low
CUS000734,personal,personal_standard,US,2024-09-20T00:00:00,low
CUS000735,personal,personal_standard,DE,2023-12-06T00:00:00,low
CUS000736,personal,personal_standard,BR,2024-06-04T00:00:00,low
CUS000737,business,business_smb,US,2022-01-12T00:00:00,low
CUS000738,personal,personal_standard,ES,2022-01-18T00:00:00,low
CUS000739,business,business_smb,ES,2023-09-02T00:00:00,low
CUS000740,personal,personal_standard,IE,2023-09-14T00:00:00,low
CUS000741,personal,personal_high_value,DE,2024-03-25T00:00:00,low
CUS000742,personal,personal_standard,CA,2023-07-28T00:00:00,medium
CUS000743,business,business_smb,GB,2024-01-16T00:00:00,medium
CUS000744,personal,personal_high_value,GB,2024-01-05T00:00:00,low
CUS000745,personal,personal_standard,US,2023-12-19T00:00:00,low
CUS000746,personal,personal_standard,US,2024-08-23T00:00:00,medium
CUS000747,personal,personal_standard,ES,2022-09-15T00:00:00,low
CUS000748,personal,personal_standard,GB,2024-02-24T00:00:00,low
CUS000749,personal,personal_standard,US,2025-12-03T00:00:00,low
CUS000750,personal,personal_standard,US,2022-09-30T00:00:00,low
CUS000751,personal,personal_standard,IE,2026-05-06T00:00:00,medium
CUS000752,personal,personal_standard,GB,2025-08-19T00:00:00,low
CUS000753,business,business_smb,DE,2022-09-03T00:00:00,low
CUS000754,business,business_smb,GB,2023-05-24T00:00:00,low
CUS000755,personal,personal_standard,US,2024-09-13T00:00:00,medium
CUS000756,personal,personal_standard,FR,2022-07-09T00:00:00,low
CUS000757,business,business_smb,US,2026-02-20T00:00:00,low
CUS000758,personal,personal_standard,US,2025-07-26T00:00:00,low
CUS000759,personal,personal_standard,HU,2023-04-06T00:00:00,low
CUS000760,personal,personal_standard,GB,2023-12-22T00:00:00,low
CUS000761,business,business_smb,PL,2022-02-23T00:00:00,low
CUS000762,personal,personal_standard,GB,2024-01-25T00:00:00,low
CUS000763,personal,personal_standard,GB,2022-01-29T00:00:00,medium
CUS000764,personal,personal_high_value,US,2022-04-19T00:00:00,low
CUS000765,personal,personal_standard,NL,2024-08-01T00:00:00,medium
CUS000766,business,business_scaleup,US,2022-07-25T00:00:00,low
CUS000767,business,business_smb,GB,2022-05-12T00:00:00,low
CUS000768,personal,personal_high_value,PL,2023-05-01T00:00:00,low
CUS000769,business,business_smb,HU,2023-10-07T00:00:00,low
CUS000770,personal,personal_standard,US,2024-06-06T00:00:00,high
CUS000771,personal,personal_standard,US,2024-12-31T00:00:00,high
CUS000772,personal,personal_standard,GB,2023-05-21T00:00:00,low
CUS000773,personal,personal_standard,HU,2025-09-27T00:00:00,low
CUS000774,personal,personal_high_value,NL,2026-01-11T00:00:00,medium
CUS000775,personal,personal_standard,BR,2023-10-27T00:00:00,medium
CUS000776,personal,personal_standard,BR,2022-09-19T00:00:00,low
CUS000777,personal,personal_standard,GB,2024-09-03T00:00:00,medium
CUS000778,business,business_smb,DE,2022-08-09T00:00:00,low
CUS000779,business,business_smb,SG,2025-10-30T00:00:00,low
CUS000780,business,business_smb,FR,2026-01-12T00:00:00,medium
CUS000781,personal,personal_standard,AE,2023-10-24T00:00:00,low
CUS000782,personal,personal_high_value,BR,2025-04-07T00:00:00,low
CUS000783,personal,personal_high_value,IE,2025-11-01T00:00:00,low
CUS000784,personal,personal_high_value,US,2026-01-31T00:00:00,medium
CUS000785,business,business_scaleup,ES,2025-11-06T00:00:00,low
CUS000786,personal,personal_standard,BR,2023-11-05T00:00:00,low
CUS000787,personal,personal_standard,GB,2023-11-08T00:00:00,medium
CUS000788,personal,personal_standard,NL,2026-05-05T00:00:00,low
CUS000789,business,business_smb,DE,2025-12-29T00:00:00,medium
CUS000790,personal,personal_high_value,IE,2025-01-23T00:00:00,low
CUS000791,personal,personal_standard,GB,2022-07-16T00:00:00,low
CUS000792,personal,personal_standard,IE,2023-05-08T00:00:00,low
CUS000793,personal,personal_standard,GB,2025-02-04T00:00:00,low
CUS000794,business,business_smb,DE,2022-06-21T00:00:00,medium
CUS000795,personal,personal_standard,FR,2022-03-05T00:00:00,low
CUS000796,personal,personal_standard,GB,2023-10-27T00:00:00,medium
CUS000797,business,business_smb,FR,2022-05-05T00:00:00,low
CUS000798,personal,personal_standard,GB,2022-02-15T00:00:00,medium
CUS000799,business,business_smb,US,2022-08-03T00:00:00,low
CUS000800,personal,personal_standard,US,2022-07-07T00:00:00,low
CUS000801,business,business_smb,DE,2023-11-20T00:00:00,low
CUS000802,personal,personal_standard,AE,2023-06-04T00:00:00,low
CUS000803,personal,personal_standard,DE,2022-07-07T00:00:00,medium
CUS000804,business,business_scaleup,FR,2022-08-17T00:00:00,low
CUS000805,personal,personal_standard,BR,2026-05-28T00:00:00,low
CUS000806,personal,personal_standard,FR,2023-06-20T00:00:00,low
CUS000807,personal,personal_standard,DE,2025-11-13T00:00:00,low
CUS000808,personal,personal_standard,PL,2024-03-29T00:00:00,low
CUS000809,personal,personal_standard,PL,2025-10-08T00:00:00,low
CUS000810,personal,personal_standard,DE,2025-11-17T00:00:00,low
CUS000811,personal,personal_standard,HU,2023-03-23T00:00:00,low
CUS000812,personal,personal_standard,GB,2024-02-17T00:00:00,medium
CUS000813,business,business_smb,CA,2024-07-04T00:00:00,medium
CUS000814,personal,personal_standard,GB,2023-08-22T00:00:00,medium
CUS000815,personal,personal_high_value,CA,2023-10-26T00:00:00,low
CUS000816,personal,personal_standard,DE,2025-01-01T00:00:00,medium
CUS000817,business,business_smb,GB,2024-03-03T00:00:00,low
CUS000818,personal,personal_standard,GB,2023-02-07T00:00:00,low
CUS000819,business,business_smb,BR,2025-08-07T00:00:00,low
CUS000820,personal,personal_high_value,ES,2022-12-21T00:00:00,low
CUS000821,business,business_smb,CA,2022-02-02T00:00:00,high
CUS000822,personal,personal_standard,DE,2022-05-25T00:00:00,medium
CUS000823,business,business_scaleup,IE,2025-03-12T00:00:00,medium
CUS000824,personal,personal_standard,AE,2023-10-24T00:00:00,low
CUS000825,personal,personal_standard,CA,2026-03-21T00:00:00,low
CUS000826,personal,personal_standard,US,2024-01-04T00:00:00,low
CUS000827,personal,personal_standard,DE,2026-03-16T00:00:00,low
CUS000828,personal,personal_standard,AE,2025-07-13T00:00:00,low
CUS000829,personal,personal_standard,CA,2026-06-08T00:00:00,medium
CUS000830,personal,personal_standard,GB,2023-04-16T00:00:00,low
CUS000831,personal,personal_standard,AE,2025-01-09T00:00:00,low
CUS000832,personal,personal_standard,FR,2025-03-13T00:00:00,low
CUS000833,personal,personal_standard,US,2025-11-20T00:00:00,low
CUS000834,personal,personal_standard,HU,2024-11-14T00:00:00,low
CUS000835,business,business_smb,FR,2023-03-19T00:00:00,low
CUS000836,personal,personal_standard,GB,2025-12-18T00:00:00,low
CUS000837,personal,personal_standard,FR,2022-02-07T00:00:00,low
CUS000838,business,business_smb,FR,2024-12-29T00:00:00,low
CUS000839,personal,personal_standard,GB,2025-12-01T00:00:00,low
CUS000840,personal,personal_high_value,US,2025-09-22T00:00:00,medium
CUS000841,personal,personal_standard,US,2026-03-04T00:00:00,low
CUS000842,business,business_smb,US,2023-05-15T00:00:00,low
CUS000843,business,business_scaleup,GB,2023-08-09T00:00:00,low
CUS000844,personal,personal_standard,AE,2024-04-30T00:00:00,medium
CUS000845,personal,personal_standard,BR,2022-01-20T00:00:00,low
CUS000846,business,business_scaleup,FR,2026-03-16T00:00:00,low
CUS000847,personal,personal_standard,IE,2025-03-17T00:00:00,low
CUS000848,business,business_smb,IE,2025-08-16T00:00:00,low
CUS000849,personal,personal_standard,IE,2025-03-04T00:00:00,medium
CUS000850,business,business_smb,HU,2024-06-30T00:00:00,low
CUS000851,business,business_smb,GB,2023-03-12T00:00:00,low
CUS000852,personal,personal_standard,GB,2023-04-03T00:00:00,low
CUS000853,personal,personal_standard,ES,2026-03-29T00:00:00,low
CUS000854,personal,personal_standard,IE,2025-09-23T00:00:00,medium
CUS000855,personal,personal_standard,IE,2025-07-30T00:00:00,medium
CUS000856,personal,personal_standard,ES,2026-04-26T00:00:00,low
CUS000857,personal,personal_standard,HU,2023-08-23T00:00:00,low
CUS000858,personal,personal_high_value,SG,2026-04-16T00:00:00,low
CUS000859,personal,personal_standard,GB,2023-04-21T00:00:00,medium
CUS000860,business,business_smb,US,2023-05-19T00:00:00,low
CUS000861,personal,personal_standard,AE,2023-04-30T00:00:00,low
CUS000862,business,business_smb,PL,2022-06-12T00:00:00,low
CUS000863,personal,personal_standard,DE,2024-08-30T00:00:00,low
CUS000864,personal,personal_high_value,ES,2024-03-21T00:00:00,low
CUS000865,personal,personal_standard,GB,2026-01-13T00:00:00,medium
CUS000866,personal,personal_standard,HU,2023-11-03T00:00:00,low
CUS000867,personal,personal_standard,IE,2026-01-20T00:00:00,low
CUS000868,business,business_smb,SG,2022-02-27T00:00:00,low
CUS000869,personal,personal_standard,US,2023-10-04T00:00:00,low
CUS000870,personal,personal_standard,GB,2025-02-12T00:00:00,low
CUS000871,personal,personal_standard,DE,2025-06-06T00:00:00,medium
CUS000872,personal,personal_standard,DE,2024-08-20T00:00:00,low
CUS000873,personal,personal_standard,NL,2026-01-13T00:00:00,high
CUS000874,personal,personal_standard,GB,2024-06-14T00:00:00,low
CUS000875,personal,personal_standard,BR,2024-04-15T00:00:00,low
CUS000876,personal,personal_standard,HU,2025-09-02T00:00:00,low
CUS000877,personal,personal_standard,PL,2024-04-03T00:00:00,low
CUS000878,business,business_smb,BR,2022-04-25T00:00:00,medium
CUS000879,personal,personal_standard,HU,2025-02-01T00:00:00,low
CUS000880,personal,personal_standard,ES,2023-05-26T00:00:00,low
CUS000881,personal,personal_high_value,GB,2025-01-06T00:00:00,low
CUS000882,personal,personal_standard,DE,2025-11-10T00:00:00,low
CUS000883,personal,personal_high_value,SG,2024-08-21T00:00:00,low
CUS000884,business,business_smb,ES,2025-09-27T00:00:00,low
CUS000885,personal,personal_standard,DE,2025-09-10T00:00:00,low
CUS000886,personal,personal_standard,CA,2024-07-22T00:00:00,low
CUS000887,personal,personal_standard,US,2025-04-07T00:00:00,low
CUS000888,personal,personal_standard,DE,2025-11-19T00:00:00,low
CUS000889,personal,personal_high_value,HU,2026-02-26T00:00:00,low
CUS000890,personal,personal_standard,ES,2023-06-05T00:00:00,low
CUS000891,business,business_smb,US,2024-02-25T00:00:00,low
CUS000892,personal,personal_standard,DE,2024-06-10T00:00:00,low
CUS000893,personal,personal_standard,IE,2025-01-04T00:00:00,medium
CUS000894,business,business_smb,GB,2023-12-20T00:00:00,medium
CUS000895,business,business_smb,NL,2026-02-27T00:00:00,medium
CUS000896,personal,personal_standard,BR,2024-09-21T00:00:00,low
CUS000897,personal,personal_standard,ES,2022-03-31T00:00:00,low
CUS000898,personal,personal_standard,PL,2022-08-16T00:00:00,low
CUS000899,personal,personal_standard,BR,2025-01-28T00:00:00,low
CUS000900,personal,personal_standard,US,2025-10-08T00:00:00,low
CUS000901,personal,personal_standard,FR,2023-07-06T00:00:00,low
CUS000902,business,business_smb,HU,2026-04-12T00:00:00,medium
CUS000903,personal,personal_standard,FR,2025-04-01T00:00:00,low
CUS000904,business,business_smb,PL,2024-08-28T00:00:00,low
CUS000905,personal,personal_standard,GB,2022-06-19T00:00:00,low
CUS000906,business,business_smb,US,2025-02-26T00:00:00,low
CUS000907,personal,personal_standard,NL,2024-06-13T00:00:00,low
CUS000908,personal,personal_standard,US,2025-09-25T00:00:00,low
CUS000909,personal,personal_standard,BR,2022-12-30T00:00:00,medium
CUS000910,personal,personal_high_value,AE,2024-06-19T00:00:00,medium
CUS000911,personal,personal_standard,PL,2024-12-28T00:00:00,low
CUS000912,personal,personal_high_value,FR,2026-01-17T00:00:00,low
CUS000913,personal,personal_standard,NL,2026-05-05T00:00:00,low
CUS000914,business,business_scaleup,SG,2022-09-22T00:00:00,medium
CUS000915,personal,personal_high_value,BR,2026-02-11T00:00:00,low
CUS000916,business,business_scaleup,PL,2022-03-24T00:00:00,low
CUS000917,personal,personal_standard,ES,2024-06-23T00:00:00,medium
CUS000918,personal,personal_high_value,US,2025-03-28T00:00:00,low
CUS000919,personal,personal_standard,NL,2022-01-28T00:00:00,medium
CUS000920,personal,personal_standard,ES,2022-07-25T00:00:00,medium
CUS000921,business,business_scaleup,GB,2025-05-17T00:00:00,high
CUS000922,personal,personal_high_value,NL,2025-04-04T00:00:00,low
CUS000923,personal,personal_standard,FR,2025-05-04T00:00:00,low
CUS000924,business,business_smb,IE,2026-06-22T00:00:00,low
CUS000925,personal,personal_standard,FR,2025-06-25T00:00:00,low
CUS000926,personal,personal_standard,PL,2023-09-14T00:00:00,low
CUS000927,personal,personal_standard,CA,2022-09-05T00:00:00,low
CUS000928,personal,personal_standard,DE,2023-02-12T00:00:00,high
CUS000929,personal,personal_standard,GB,2024-03-07T00:00:00,medium
CUS000930,personal,personal_standard,GB,2026-03-03T00:00:00,low
CUS000931,personal,personal_standard,DE,2023-03-24T00:00:00,low
CUS000932,personal,personal_standard,GB,2023-01-08T00:00:00,medium
CUS000933,personal,personal_standard,CA,2023-11-10T00:00:00,medium
CUS000934,personal,personal_standard,AE,2024-02-11T00:00:00,medium
CUS000935,personal,personal_standard,US,2026-02-03T00:00:00,high
CUS000936,personal,personal_standard,US,2024-02-10T00:00:00,low
CUS000937,business,business_smb,PL,2023-10-26T00:00:00,low
CUS000938,personal,personal_standard,DE,2026-03-27T00:00:00,low
CUS000939,personal,personal_standard,AE,2023-07-29T00:00:00,low
CUS000940,business,business_smb,AE,2023-11-28T00:00:00,low
CUS000941,personal,personal_high_value,GB,2025-06-16T00:00:00,high
CUS000942,personal,personal_standard,GB,2022-04-06T00:00:00,medium
CUS000943,personal,personal_standard,ES,2022-05-24T00:00:00,low
CUS000944,personal,personal_standard,BR,2023-02-19T00:00:00,low
CUS000945,personal,personal_standard,AE,2022-04-06T00:00:00,low
CUS000946,business,business_smb,IE,2026-01-31T00:00:00,medium
CUS000947,business,business_smb,AE,2024-03-09T00:00:00,low
CUS000948,personal,personal_high_value,AE,2024-10-02T00:00:00,low
CUS000949,personal,personal_standard,BR,2024-12-30T00:00:00,low
CUS000950,personal,personal_standard,FR,2024-10-24T00:00:00,low
CUS000951,business,business_smb,IE,2025-08-11T00:00:00,low
CUS000952,business,business_smb,SG,2022-07-23T00:00:00,low
CUS000953,personal,personal_standard,GB,2022-04-22T00:00:00,low
CUS000954,business,business_smb,ES,2022-10-04T00:00:00,low
CUS000955,business,business_smb,ES,2026-05-30T00:00:00,medium
CUS000956,personal,personal_high_value,BR,2024-11-28T00:00:00,medium
CUS000957,personal,personal_standard,IE,2026-01-26T00:00:00,medium
CUS000958,personal,personal_high_value,GB,2025-11-12T00:00:00,low
CUS000959,business,business_smb,AE,2024-03-20T00:00:00,medium
CUS000960,personal,personal_high_value,ES,2022-05-04T00:00:00,medium
CUS000961,personal,personal_standard,DE,2022-05-02T00:00:00,medium
CUS000962,business,business_smb,ES,2024-01-13T00:00:00,medium
CUS000963,personal,personal_standard,GB,2024-11-01T00:00:00,low
CUS000964,personal,personal_standard,US,2023-01-08T00:00:00,medium
CUS000965,personal,personal_standard,GB,2026-02-06T00:00:00,low
CUS000966,personal,personal_standard,FR,2024-04-10T00:00:00,low
CUS000967,personal,personal_high_value,GB,2022-12-27T00:00:00,high
CUS000968,personal,personal_high_value,CA,2024-09-18T00:00:00,low
CUS000969,personal,personal_standard,SG,2024-12-06T00:00:00,low
CUS000970,personal,personal_standard,DE,2024-06-21T00:00:00,low
CUS000971,personal,personal_standard,DE,2025-01-10T00:00:00,medium
CUS000972,personal,personal_standard,ES,2025-08-13T00:00:00,medium
CUS000973,business,business_smb,FR,2023-03-19T00:00:00,medium
CUS000974,personal,personal_standard,FR,2022-01-13T00:00:00,low
CUS000975,personal,personal_standard,PL,2024-08-29T00:00:00,low
CUS000976,business,business_smb,BR,2025-01-06T00:00:00,low
CUS000977,personal,personal_high_value,AE,2025-11-17T00:00:00,low
CUS000978,business,business_scaleup,US,2023-08-30T00:00:00,low
CUS000979,personal,personal_high_value,SG,2025-06-29T00:00:00,medium
CUS000980,personal,personal_standard,DE,2026-05-14T00:00:00,medium
CUS000981,personal,personal_standard,GB,2026-01-15T00:00:00,low
CUS000982,personal,personal_standard,BR,2022-08-09T00:00:00,medium
CUS000983,personal,personal_standard,ES,2025-02-26T00:00:00,low
CUS000984,personal,personal_standard,HU,2023-04-24T00:00:00,low
CUS000985,business,business_smb,ES,2025-06-15T00:00:00,low
CUS000986,personal,personal_standard,DE,2026-05-13T00:00:00,medium
CUS000987,business,business_smb,SG,2025-10-19T00:00:00,low
CUS000988,personal,personal_standard,US,2023-08-04T00:00:00,medium
CUS000989,personal,personal_standard,US,2024-07-04T00:00:00,medium
CUS000990,personal,personal_standard,IE,2025-06-19T00:00:00,low
CUS000991,personal,personal_standard,ES,2026-01-19T00:00:00,low
CUS000992,personal,personal_standard,US,2025-05-04T00:00:00,low
CUS000993,personal,personal_standard,US,2026-05-15T00:00:00,low
CUS000994,personal,personal_standard,US,2026-01-30T00:00:00,medium
CUS000995,personal,personal_standard,ES,2025-11-25T00:00:00,low
CUS000996,personal,personal_standard,GB,2023-07-10T00:00:00,low
CUS000997,personal,personal_standard,GB,2025-06-10T00:00:00,low
CUS000998,personal,personal_standard,BR,2024-09-14T00:00:00,low
CUS000999,personal,personal_standard,PL,2025-10-31T00:00:00,low
CUS001000,personal,personal_standard,GB,2022-07-21T00:00:00,low
CUS001001,business,business_scaleup,GB,2024-11-25T00:00:00,low
CUS001002,personal,personal_standard,FR,2024-04-09T00:00:00,low
CUS001003,personal,personal_standard,DE,2023-02-27T00:00:00,low
CUS001004,personal,personal_standard,DE,2024-10-26T00:00:00,low
CUS001005,business,business_scaleup,IE,2022-01-04T00:00:00,low
CUS001006,personal,personal_standard,AE,2026-02-18T00:00:00,high
CUS001007,personal,personal_standard,DE,2024-06-07T00:00:00,low
CUS001008,personal,personal_standard,PL,2023-05-24T00:00:00,medium
CUS001009,business,business_scaleup,DE,2022-10-10T00:00:00,medium
CUS001010,personal,personal_standard,DE,2022-10-24T00:00:00,low
CUS001011,personal,personal_standard,IE,2024-09-05T00:00:00,low
CUS001012,personal,personal_standard,ES,2023-08-25T00:00:00,low
CUS001013,personal,personal_high_value,US,2022-10-30T00:00:00,low
CUS001014,personal,personal_standard,PL,2022-11-26T00:00:00,low
CUS001015,personal,personal_standard,AE,2023-03-20T00:00:00,medium
CUS001016,business,business_smb,GB,2024-12-13T00:00:00,low
CUS001017,personal,personal_standard,GB,2022-08-06T00:00:00,low
CUS001018,personal,personal_standard,AE,2024-06-14T00:00:00,low
CUS001019,personal,personal_high_value,ES,2022-05-29T00:00:00,low
CUS001020,personal,personal_standard,DE,2023-12-31T00:00:00,low
CUS001021,personal,personal_standard,DE,2024-03-29T00:00:00,medium
CUS001022,business,business_smb,US,2023-02-02T00:00:00,medium
CUS001023,personal,personal_standard,BR,2023-03-18T00:00:00,low
CUS001024,personal,personal_standard,BR,2023-12-11T00:00:00,medium
CUS001025,personal,personal_standard,DE,2025-07-11T00:00:00,high
CUS001026,personal,personal_standard,AE,2026-05-12T00:00:00,medium
CUS001027,personal,personal_standard,BR,2024-12-09T00:00:00,medium
CUS001028,business,business_scaleup,ES,2024-09-06T00:00:00,low
CUS001029,personal,personal_high_value,NL,2025-08-02T00:00:00,medium
CUS001030,personal,personal_standard,AE,2025-09-21T00:00:00,low
CUS001031,personal,personal_high_value,IE,2024-02-25T00:00:00,low
CUS001032,personal,personal_high_value,US,2024-11-17T00:00:00,low
CUS001033,personal,personal_standard,IE,2026-04-16T00:00:00,low
CUS001034,personal,personal_standard,IE,2023-04-26T00:00:00,low
CUS001035,personal,personal_standard,BR,2025-01-28T00:00:00,low
CUS001036,personal,personal_high_value,GB,2023-08-08T00:00:00,low
CUS001037,personal,personal_standard,DE,2024-12-15T00:00:00,medium
CUS001038,personal,personal_high_value,SG,2025-01-30T00:00:00,low
CUS001039,personal,personal_standard,BR,2022-12-09T00:00:00,low
CUS001040,personal,personal_standard,DE,2024-03-07T00:00:00,medium
CUS001041,personal,personal_standard,US,2023-07-28T00:00:00,low
CUS001042,personal,personal_standard,FR,2024-04-29T00:00:00,medium
CUS001043,personal,personal_standard,BR,2022-01-14T00:00:00,medium
CUS001044,business,business_smb,GB,2026-03-09T00:00:00,low
CUS001045,personal,personal_standard,GB,2025-12-22T00:00:00,low
CUS001046,personal,personal_standard,BR,2026-03-20T00:00:00,low
CUS001047,personal,personal_standard,SG,2024-07-14T00:00:00,low
CUS001048,business,business_scaleup,GB,2024-07-31T00:00:00,medium
CUS001049,personal,personal_standard,AE,2022-11-17T00:00:00,low
CUS001050,personal,personal_standard,GB,2025-01-07T00:00:00,low
CUS001051,personal,personal_high_value,HU,2022-07-11T00:00:00,low
CUS001052,personal,personal_high_value,DE,2025-06-11T00:00:00,low
CUS001053,personal,personal_standard,IE,2025-08-30T00:00:00,low
CUS001054,personal,personal_standard,BR,2025-05-17T00:00:00,low
CUS001055,business,business_smb,US,2026-06-13T00:00:00,low
CUS001056,personal,personal_standard,IE,2025-04-29T00:00:00,low
CUS001057,personal,personal_standard,HU,2023-08-31T00:00:00,medium
CUS001058,personal,personal_standard,PL,2026-05-13T00:00:00,low
CUS001059,personal,personal_standard,SG,2025-02-22T00:00:00,medium
CUS001060,business,business_smb,BR,2024-04-11T00:00:00,low
CUS001061,personal,personal_standard,DE,2022-01-14T00:00:00,low
CUS001062,personal,personal_standard,US,2022-03-26T00:00:00,low
CUS001063,personal,personal_high_value,GB,2024-11-02T00:00:00,low
CUS001064,personal,personal_standard,ES,2026-05-05T00:00:00,low
CUS001065,personal,personal_standard,BR,2024-04-28T00:00:00,low
CUS001066,personal,personal_high_value,ES,2025-07-16T00:00:00,medium
CUS001067,personal,personal_standard,BR,2024-11-27T00:00:00,medium
CUS001068,personal,personal_standard,DE,2022-05-24T00:00:00,low
CUS001069,personal,personal_standard,IE,2022-06-18T00:00:00,medium
CUS001070,personal,personal_high_value,DE,2024-01-02T00:00:00,low
CUS001071,personal,personal_standard,FR,2022-01-30T00:00:00,low
CUS001072,personal,personal_high_value,DE,2023-07-07T00:00:00,low
CUS001073,personal,personal_standard,FR,2022-06-01T00:00:00,medium
CUS001074,personal,personal_standard,DE,2024-01-15T00:00:00,low
CUS001075,personal,personal_standard,PL,2025-12-26T00:00:00,medium
CUS001076,personal,personal_high_value,SG,2022-02-10T00:00:00,low
CUS001077,personal,personal_high_value,DE,2022-07-23T00:00:00,medium
CUS001078,personal,personal_standard,BR,2022-03-04T00:00:00,medium
CUS001079,personal,personal_standard,US,2024-10-31T00:00:00,high
CUS001080,business,business_smb,HU,2022-11-17T00:00:00,medium
CUS001081,personal,personal_standard,GB,2023-05-24T00:00:00,low
CUS001082,personal,personal_standard,GB,2023-07-31T00:00:00,low
CUS001083,personal,personal_standard,FR,2024-04-13T00:00:00,low
CUS001084,business,business_smb,US,2025-11-03T00:00:00,low
CUS001085,personal,personal_standard,ES,2024-08-30T00:00:00,low
CUS001086,personal,personal_standard,US,2022-11-30T00:00:00,medium
CUS001087,personal,personal_high_value,GB,2022-10-01T00:00:00,low
CUS001088,personal,personal_standard,FR,2022-02-18T00:00:00,medium
CUS001089,business,business_smb,IE,2024-08-01T00:00:00,medium
CUS001090,personal,personal_standard,GB,2023-03-11T00:00:00,low
CUS001091,business,business_smb,FR,2025-05-21T00:00:00,low
CUS001092,business,business_scaleup,BR,2025-09-23T00:00:00,medium
CUS001093,personal,personal_standard,BR,2022-11-24T00:00:00,low
CUS001094,personal,personal_standard,DE,2022-11-12T00:00:00,medium
CUS001095,business,business_smb,GB,2022-07-11T00:00:00,low
CUS001096,personal,personal_standard,GB,2026-01-23T00:00:00,low
CUS001097,personal,personal_standard,DE,2023-06-16T00:00:00,low
CUS001098,business,business_smb,ES,2022-06-25T00:00:00,low
CUS001099,personal,personal_standard,GB,2026-01-07T00:00:00,low
CUS001100,personal,personal_standard,IE,2024-06-20T00:00:00,low
CUS001101,personal,personal_standard,NL,2023-12-19T00:00:00,low
CUS001102,personal,personal_standard,US,2026-02-09T00:00:00,low
CUS001103,personal,personal_standard,GB,2024-10-15T00:00:00,low
CUS001104,personal,personal_standard,PL,2023-12-14T00:00:00,medium
CUS001105,personal,personal_standard,DE,2022-10-08T00:00:00,low
CUS001106,personal,personal_standard,DE,2022-08-05T00:00:00,low
CUS001107,personal,personal_standard,DE,2023-01-19T00:00:00,low
CUS001108,personal,personal_high_value,DE,2025-06-30T00:00:00,low
CUS001109,personal,personal_standard,NL,2024-04-19T00:00:00,low
CUS001110,business,business_scaleup,GB,2022-06-18T00:00:00,low
CUS001111,personal,personal_standard,NL,2026-03-19T00:00:00,medium
CUS001112,personal,personal_standard,US,2022-12-07T00:00:00,low
CUS001113,business,business_scaleup,FR,2023-03-09T00:00:00,medium
CUS001114,personal,personal_standard,GB,2024-08-02T00:00:00,medium
CUS001115,personal,personal_standard,GB,2022-06-06T00:00:00,low
CUS001116,personal,personal_standard,US,2024-10-04T00:00:00,low
CUS001117,business,business_scaleup,BR,2023-12-12T00:00:00,medium
CUS001118,business,business_smb,GB,2022-11-16T00:00:00,low
CUS001119,business,business_smb,US,2022-05-15T00:00:00,low
CUS001120,business,business_smb,GB,2025-09-12T00:00:00,low
CUS001121,personal,personal_standard,DE,2023-09-13T00:00:00,medium
CUS001122,personal,personal_standard,GB,2024-02-08T00:00:00,medium
CUS001123,personal,personal_standard,AE,2026-01-25T00:00:00,low
CUS001124,personal,personal_standard,BR,2024-09-04T00:00:00,low
CUS001125,business,business_smb,FR,2024-08-24T00:00:00,medium
CUS001126,business,business_smb,IE,2024-07-06T00:00:00,low
CUS001127,personal,personal_standard,US,2022-10-06T00:00:00,low
CUS001128,personal,personal_standard,HU,2026-05-31T00:00:00,medium
CUS001129,personal,personal_standard,GB,2026-02-25T00:00:00,low
CUS001130,personal,personal_high_value,ES,2022-01-21T00:00:00,medium
CUS001131,personal,personal_standard,FR,2025-11-28T00:00:00,medium
CUS001132,personal,personal_standard,US,2025-07-24T00:00:00,low
CUS001133,personal,personal_standard,PL,2025-11-18T00:00:00,low
CUS001134,personal,personal_standard,GB,2024-11-03T00:00:00,low
CUS001135,personal,personal_standard,FR,2026-04-10T00:00:00,low
CUS001136,business,business_smb,ES,2022-12-05T00:00:00,low
CUS001137,business,business_smb,ES,2022-12-05T00:00:00,low
CUS001138,personal,personal_standard,FR,2025-09-16T00:00:00,medium
CUS001139,business,business_smb,IE,2023-03-04T00:00:00,low
CUS001140,personal,personal_standard,DE,2024-04-04T00:00:00,medium
CUS001141,personal,personal_standard,GB,2025-08-21T00:00:00,low
CUS001142,personal,personal_standard,BR,2024-09-06T00:00:00,medium
CUS001143,business,business_smb,ES,2025-05-09T00:00:00,medium
CUS001144,personal,personal_standard,IE,2025-04-01T00:00:00,low
CUS001145,personal,personal_standard,US,2025-11-04T00:00:00,medium
CUS001146,business,business_scaleup,US,2023-01-19T00:00:00,low
CUS001147,business,business_smb,IE,2024-12-21T00:00:00,low
CUS001148,business,business_smb,HU,2023-10-19T00:00:00,low
CUS001149,personal,personal_standard,PL,2024-06-03T00:00:00,medium
CUS001150,personal,personal_standard,US,2022-03-10T00:00:00,low
CUS001151,personal,personal_standard,GB,2024-01-19T00:00:00,medium
CUS001152,personal,personal_standard,US,2024-06-06T00:00:00,low
CUS001153,personal,personal_high_value,DE,2025-01-22T00:00:00,medium
CUS001154,personal,personal_high_value,NL,2026-04-27T00:00:00,low
CUS001155,personal,personal_standard,IE,2026-03-18T00:00:00,low
CUS001156,personal,personal_standard,US,2022-03-12T00:00:00,low
CUS001157,personal,personal_standard,US,2025-11-08T00:00:00,low
CUS001158,personal,personal_standard,DE,2022-11-28T00:00:00,low
CUS001159,personal,personal_standard,IE,2025-11-18T00:00:00,low
CUS001160,business,business_scaleup,DE,2023-02-20T00:00:00,low
CUS001161,business,business_scaleup,ES,2023-07-28T00:00:00,low
CUS001162,personal,personal_standard,GB,2022-10-01T00:00:00,medium
CUS001163,personal,personal_standard,GB,2022-04-01T00:00:00,medium
CUS001164,personal,personal_standard,DE,2025-07-15T00:00:00,medium
CUS001165,business,business_smb,PL,2025-04-28T00:00:00,low
CUS001166,personal,personal_standard,PL,2022-05-15T00:00:00,low
CUS001167,personal,personal_standard,SG,2023-11-19T00:00:00,low
CUS001168,business,business_smb,IE,2024-08-04T00:00:00,medium
CUS001169,personal,personal_standard,ES,2023-04-15T00:00:00,medium
CUS001170,personal,personal_standard,US,2024-11-11T00:00:00,low
CUS001171,business,business_scaleup,ES,2023-06-02T00:00:00,low
CUS001172,personal,personal_standard,ES,2022-12-09T00:00:00,low
CUS001173,personal,personal_standard,BR,2023-12-18T00:00:00,low
CUS001174,business,business_scaleup,GB,2025-07-05T00:00:00,medium
CUS001175,personal,personal_standard,US,2023-03-27T00:00:00,low
CUS001176,personal,personal_standard,ES,2023-06-30T00:00:00,medium
CUS001177,personal,personal_standard,US,2023-04-04T00:00:00,medium
CUS001178,personal,personal_standard,ES,2022-04-17T00:00:00,medium
CUS001179,personal,personal_standard,GB,2022-07-17T00:00:00,low
CUS001180,personal,personal_standard,PL,2023-10-23T00:00:00,low
CUS001181,personal,personal_standard,DE,2024-12-18T00:00:00,low
CUS001182,personal,personal_standard,FR,2024-10-10T00:00:00,low
CUS001183,personal,personal_standard,NL,2022-11-22T00:00:00,medium
CUS001184,business,business_scaleup,BR,2026-03-31T00:00:00,medium
CUS001185,personal,personal_standard,IE,2022-07-15T00:00:00,low
CUS001186,business,business_smb,HU,2022-08-01T00:00:00,low
CUS001187,personal,personal_standard,IE,2026-01-04T00:00:00,medium
CUS001188,personal,personal_high_value,US,2026-06-05T00:00:00,low
CUS001189,business,business_scaleup,CA,2026-04-10T00:00:00,medium
CUS001190,personal,personal_standard,ES,2024-06-19T00:00:00,low
CUS001191,personal,personal_standard,BR,2025-04-15T00:00:00,low
CUS001192,personal,personal_high_value,IE,2024-08-10T00:00:00,low
CUS001193,business,business_smb,BR,2025-02-16T00:00:00,medium
CUS001194,personal,personal_standard,GB,2023-08-23T00:00:00,low
CUS001195,business,business_smb,DE,2023-04-17T00:00:00,low
CUS001196,personal,personal_standard,AE,2025-12-18T00:00:00,medium
CUS001197,personal,personal_standard,GB,2026-03-27T00:00:00,medium
CUS001198,personal,personal_standard,AE,2026-04-23T00:00:00,low
CUS001199,personal,personal_standard,CA,2025-09-20T00:00:00,medium
CUS001200,business,business_scaleup,BR,2024-07-24T00:00:00,low
CUS001201,business,business_scaleup,US,2024-11-10T00:00:00,low
CUS001202,personal,personal_standard,DE,2025-10-02T00:00:00,low
CUS001203,personal,personal_standard,IE,2023-08-04T00:00:00,high
CUS001204,personal,personal_standard,GB,2025-09-03T00:00:00,low
CUS001205,personal,personal_high_value,DE,2025-08-20T00:00:00,high
CUS001206,personal,personal_standard,GB,2023-12-27T00:00:00,medium
CUS001207,personal,personal_standard,FR,2025-07-04T00:00:00,low
CUS001208,personal,personal_standard,AE,2023-02-01T00:00:00,low
CUS001209,personal,personal_standard,GB,2024-06-06T00:00:00,medium
CUS001210,business,business_smb,DE,2025-11-26T00:00:00,low
CUS001211,business,business_smb,AE,2024-08-30T00:00:00,low
CUS001212,personal,personal_standard,FR,2023-11-27T00:00:00,low
CUS001213,personal,personal_standard,GB,2025-06-25T00:00:00,low
CUS001214,personal,personal_standard,DE,2024-01-15T00:00:00,low
CUS001215,personal,personal_standard,DE,2023-11-06T00:00:00,low
CUS001216,personal,personal_standard,DE,2024-06-02T00:00:00,low
CUS001217,personal,personal_standard,GB,2024-08-30T00:00:00,medium
CUS001218,personal,personal_high_value,NL,2023-08-12T00:00:00,low
CUS001219,personal,personal_standard,SG,2022-05-25T00:00:00,medium
CUS001220,personal,personal_standard,DE,2024-08-05T00:00:00,low
CUS001221,personal,personal_standard,HU,2023-06-01T00:00:00,low
CUS001222,personal,personal_standard,ES,2025-09-16T00:00:00,medium
CUS001223,personal,personal_high_value,IE,2024-05-14T00:00:00,low
CUS001224,personal,personal_high_value,GB,2023-10-11T00:00:00,low
CUS001225,personal,personal_high_value,PL,2024-06-21T00:00:00,low
CUS001226,personal,personal_standard,GB,2022-11-10T00:00:00,low
CUS001227,business,business_scaleup,AE,2022-09-02T00:00:00,low
CUS001228,personal,personal_standard,BR,2023-04-20T00:00:00,low
CUS001229,business,business_scaleup,US,2022-09-10T00:00:00,low
CUS001230,personal,personal_standard,IE,2023-03-09T00:00:00,medium
CUS001231,business,business_scaleup,IE,2025-11-12T00:00:00,low
CUS001232,personal,personal_standard,DE,2024-02-18T00:00:00,low
CUS001233,personal,personal_high_value,HU,2022-03-23T00:00:00,low
CUS001234,personal,personal_standard,AE,2023-08-07T00:00:00,low
CUS001235,personal,personal_high_value,DE,2024-09-08T00:00:00,low
CUS001236,personal,personal_standard,FR,2022-06-06T00:00:00,low
CUS001237,personal,personal_standard,BR,2022-02-26T00:00:00,medium
CUS001238,personal,personal_standard,US,2025-08-30T00:00:00,medium
CUS001239,personal,personal_high_value,SG,2024-07-06T00:00:00,low
CUS001240,personal,personal_standard,DE,2024-02-02T00:00:00,low
CUS001241,business,business_smb,BR,2022-01-07T00:00:00,low
CUS001242,personal,personal_standard,ES,2024-01-23T00:00:00,medium
CUS001243,personal,personal_standard,DE,2023-05-04T00:00:00,medium
CUS001244,personal,personal_standard,IE,2025-06-22T00:00:00,medium
CUS001245,personal,personal_high_value,US,2023-01-29T00:00:00,high
CUS001246,business,business_smb,DE,2023-05-16T00:00:00,low
CUS001247,business,business_smb,US,2024-12-09T00:00:00,low
CUS001248,personal,personal_high_value,BR,2026-05-27T00:00:00,medium
CUS001249,personal,personal_standard,CA,2023-06-19T00:00:00,low
CUS001250,business,business_smb,SG,2024-01-21T00:00:00,low
CUS001251,personal,personal_standard,US,2025-07-12T00:00:00,low
CUS001252,personal,personal_standard,GB,2026-02-26T00:00:00,medium
CUS001253,personal,personal_standard,IE,2023-06-22T00:00:00,low
CUS001254,personal,personal_standard,FR,2025-01-22T00:00:00,medium
CUS001255,personal,personal_standard,BR,2025-10-16T00:00:00,low
CUS001256,personal,personal_high_value,IE,2025-02-25T00:00:00,low
CUS001257,personal,personal_standard,PL,2022-10-10T00:00:00,low
CUS001258,personal,personal_standard,CA,2023-11-15T00:00:00,medium
CUS001259,business,business_smb,NL,2025-08-25T00:00:00,low
CUS001260,business,business_smb,HU,2023-12-29T00:00:00,medium
CUS001261,personal,personal_standard,ES,2023-05-21T00:00:00,low
CUS001262,personal,personal_standard,GB,2022-02-13T00:00:00,low
CUS001263,personal,personal_standard,IE,2023-08-24T00:00:00,medium
CUS001264,personal,personal_high_value,US,2026-06-12T00:00:00,low
CUS001265,personal,personal_standard,US,2026-04-23T00:00:00,low
CUS001266,personal,personal_standard,AE,2023-01-13T00:00:00,high
CUS001267,business,business_smb,US,2024-05-28T00:00:00,medium
CUS001268,business,business_scaleup,US,2022-05-16T00:00:00,low
CUS001269,business,business_smb,GB,2024-05-01T00:00:00,low
CUS001270,business,business_scaleup,AE,2022-01-10T00:00:00,low
CUS001271,personal,personal_standard,DE,2026-02-25T00:00:00,medium
CUS001272,personal,personal_standard,IE,2026-03-04T00:00:00,medium
CUS001273,business,business_scaleup,AE,2022-10-14T00:00:00,low
CUS001274,business,business_scaleup,ES,2022-02-04T00:00:00,low
CUS001275,personal,personal_standard,US,2023-05-09T00:00:00,low
CUS001276,personal,personal_standard,NL,2022-04-03T00:00:00,low
CUS001277,personal,personal_standard,BR,2022-09-24T00:00:00,medium
CUS001278,personal,personal_standard,DE,2024-08-21T00:00:00,low
CUS001279,personal,personal_standard,ES,2025-02-15T00:00:00,low
CUS001280,business,business_smb,GB,2024-01-30T00:00:00,low
CUS001281,personal,personal_standard,ES,2026-04-20T00:00:00,high
CUS001282,personal,personal_standard,DE,2022-05-02T00:00:00,medium
CUS001283,personal,personal_standard,DE,2025-12-31T00:00:00,low
CUS001284,personal,personal_standard,FR,2025-08-08T00:00:00,low
CUS001285,business,business_smb,DE,2023-10-27T00:00:00,low
CUS001286,personal,personal_high_value,US,2023-10-27T00:00:00,low
CUS001287,personal,personal_standard,GB,2025-11-07T00:00:00,low
CUS001288,personal,personal_standard,FR,2025-04-21T00:00:00,medium
CUS001289,personal,personal_standard,PL,2023-05-06T00:00:00,low
CUS001290,personal,personal_standard,IE,2023-02-10T00:00:00,low
CUS001291,personal,personal_standard,GB,2022-03-14T00:00:00,medium
CUS001292,personal,personal_high_value,IE,2023-11-27T00:00:00,medium
CUS001293,business,business_smb,SG,2023-02-13T00:00:00,low
CUS001294,personal,personal_standard,DE,2025-10-03T00:00:00,medium
CUS001295,business,business_scaleup,DE,2022-11-19T00:00:00,low
CUS001296,business,business_scaleup,US,2024-10-01T00:00:00,low
CUS001297,business,business_smb,US,2023-09-07T00:00:00,low
CUS001298,personal,personal_standard,CA,2023-11-20T00:00:00,low
CUS001299,personal,personal_standard,US,2026-05-13T00:00:00,low
CUS001300,personal,personal_standard,IE,2023-08-15T00:00:00,low
CUS001301,personal,personal_standard,GB,2022-07-09T00:00:00,medium
CUS001302,personal,personal_standard,PL,2022-06-20T00:00:00,low
CUS001303,personal,personal_standard,HU,2022-10-11T00:00:00,low
CUS001304,business,business_smb,HU,2024-06-06T00:00:00,low
CUS001305,personal,personal_standard,GB,2023-12-29T00:00:00,medium
CUS001306,personal,personal_high_value,GB,2026-02-16T00:00:00,low
CUS001307,personal,personal_standard,BR,2024-06-05T00:00:00,low
CUS001308,personal,personal_high_value,IE,2023-12-11T00:00:00,low
CUS001309,personal,personal_standard,US,2023-10-20T00:00:00,low
CUS001310,personal,personal_standard,BR,2026-06-28T00:00:00,low
CUS001311,personal,personal_standard,HU,2025-06-05T00:00:00,low
CUS001312,personal,personal_standard,PL,2026-01-29T00:00:00,low
CUS001313,personal,personal_standard,GB,2022-01-16T00:00:00,low
CUS001314,personal,personal_standard,ES,2026-04-08T00:00:00,medium
CUS001315,business,business_scaleup,HU,2026-01-02T00:00:00,high
CUS001316,business,business_scaleup,IE,2023-04-12T00:00:00,low
CUS001317,business,business_scaleup,DE,2024-11-15T00:00:00,low
CUS001318,personal,personal_standard,ES,2022-07-09T00:00:00,low
CUS001319,personal,personal_high_value,US,2026-06-24T00:00:00,high
CUS001320,personal,personal_standard,DE,2023-06-15T00:00:00,low
CUS001321,personal,personal_high_value,US,2025-01-10T00:00:00,medium
CUS001322,personal,personal_high_value,DE,2025-10-27T00:00:00,low
CUS001323,personal,personal_high_value,GB,2025-11-19T00:00:00,low
CUS001324,business,business_smb,US,2024-02-24T00:00:00,low
CUS001325,personal,personal_standard,PL,2023-06-19T00:00:00,low
CUS001326,business,business_smb,IE,2025-06-13T00:00:00,low
CUS001327,personal,personal_standard,ES,2025-10-05T00:00:00,low
CUS001328,personal,personal_standard,GB,2022-03-07T00:00:00,low
CUS001329,business,business_smb,BR,2026-02-24T00:00:00,low
CUS001330,personal,personal_standard,DE,2025-04-24T00:00:00,low
CUS001331,personal,personal_standard,CA,2025-03-09T00:00:00,medium
CUS001332,personal,personal_standard,US,2022-08-28T00:00:00,medium
CUS001333,business,business_smb,PL,2023-04-19T00:00:00,medium
CUS001334,personal,personal_standard,FR,2026-05-26T00:00:00,low
CUS001335,personal,personal_standard,IE,2023-11-16T00:00:00,low
CUS001336,personal,personal_standard,ES,2023-04-25T00:00:00,low
CUS001337,personal,personal_standard,GB,2024-11-04T00:00:00,low
CUS001338,personal,personal_standard,IE,2023-03-22T00:00:00,low
CUS001339,personal,personal_standard,HU,2024-07-24T00:00:00,low
CUS001340,personal,personal_high_value,SG,2026-05-12T00:00:00,low
CUS001341,personal,personal_standard,AE,2025-08-21T00:00:00,low
CUS001342,personal,personal_standard,ES,2022-02-15T00:00:00,low
CUS001343,personal,personal_standard,ES,2024-03-25T00:00:00,medium
CUS001344,business,business_smb,US,2024-10-06T00:00:00,medium
CUS001345,personal,personal_standard,US,2023-04-24T00:00:00,low
CUS001346,personal,personal_standard,ES,2023-06-23T00:00:00,low
CUS001347,personal,personal_standard,AE,2024-01-29T00:00:00,low
CUS001348,personal,personal_standard,DE,2024-04-18T00:00:00,low
CUS001349,personal,personal_standard,FR,2022-03-06T00:00:00,medium
CUS001350,business,business_scaleup,BR,2026-06-28T00:00:00,low
CUS001351,personal,personal_standard,GB,2023-10-02T00:00:00,low
CUS001352,personal,personal_standard,AE,2026-04-22T00:00:00,medium
CUS001353,personal,personal_standard,DE,2026-06-12T00:00:00,medium
CUS001354,business,business_smb,SG,2022-07-27T00:00:00,low
CUS001355,personal,personal_standard,ES,2026-04-17T00:00:00,medium
CUS001356,business,business_smb,CA,2024-03-04T00:00:00,medium
CUS001357,personal,personal_standard,FR,2024-11-03T00:00:00,medium
CUS001358,personal,personal_standard,US,2025-04-27T00:00:00,low
CUS001359,business,business_smb,HU,2024-12-09T00:00:00,low
CUS001360,business,business_smb,DE,2025-08-06T00:00:00,medium
CUS001361,personal,personal_standard,GB,2026-05-31T00:00:00,low
CUS001362,personal,personal_high_value,DE,2022-04-29T00:00:00,low
CUS001363,business,business_scaleup,US,2026-06-26T00:00:00,low
CUS001364,business,business_scaleup,DE,2023-11-25T00:00:00,low
CUS001365,personal,personal_standard,ES,2026-05-06T00:00:00,low
CUS001366,personal,personal_standard,BR,2023-10-08T00:00:00,medium
CUS001367,personal,personal_standard,ES,2026-06-13T00:00:00,low
CUS001368,business,business_scaleup,IE,2023-03-26T00:00:00,medium
CUS001369,personal,personal_standard,US,2022-08-28T00:00:00,low
CUS001370,personal,personal_standard,US,2022-07-24T00:00:00,medium
CUS001371,personal,personal_standard,DE,2025-01-28T00:00:00,low
CUS001372,business,business_scaleup,DE,2022-03-12T00:00:00,low
CUS001373,business,business_smb,DE,2025-10-06T00:00:00,medium
CUS001374,business,business_smb,GB,2023-03-16T00:00:00,low
CUS001375,business,business_smb,US,2022-11-26T00:00:00,medium
CUS001376,personal,personal_standard,DE,2024-07-08T00:00:00,low
CUS001377,personal,personal_standard,GB,2022-10-12T00:00:00,low
CUS001378,personal,personal_standard,DE,2023-02-27T00:00:00,low
CUS001379,personal,personal_high_value,US,2022-09-03T00:00:00,medium
CUS001380,personal,personal_standard,PL,2025-06-27T00:00:00,low
CUS001381,business,business_smb,HU,2022-04-25T00:00:00,low
CUS001382,business,business_smb,AE,2022-07-12T00:00:00,low
CUS001383,personal,personal_standard,DE,2022-03-14T00:00:00,medium
CUS001384,personal,personal_standard,NL,2025-11-09T00:00:00,low
CUS001385,business,business_smb,IE,2025-01-26T00:00:00,low
CUS001386,personal,personal_standard,US,2025-03-12T00:00:00,low
CUS001387,personal,personal_standard,DE,2022-02-11T00:00:00,low
CUS001388,personal,personal_standard,NL,2025-12-02T00:00:00,low
CUS001389,personal,personal_standard,BR,2025-12-27T00:00:00,medium
CUS001390,business,business_scaleup,US,2025-06-06T00:00:00,medium
CUS001391,business,business_smb,US,2024-10-22T00:00:00,low
CUS001392,business,business_smb,US,2022-04-20T00:00:00,low
CUS001393,personal,personal_standard,US,2023-08-30T00:00:00,low
CUS001394,personal,personal_standard,DE,2025-05-10T00:00:00,low
CUS001395,personal,personal_standard,ES,2026-06-23T00:00:00,low
CUS001396,personal,personal_standard,ES,2023-02-13T00:00:00,high
CUS001397,business,business_smb,DE,2025-12-03T00:00:00,low
CUS001398,personal,personal_standard,AE,2026-06-11T00:00:00,low
CUS001399,personal,personal_standard,FR,2025-04-04T00:00:00,low
CUS001400,personal,personal_standard,US,2022-09-14T00:00:00,low
CUS001401,personal,personal_standard,CA,2025-03-03T00:00:00,low
CUS001402,personal,personal_standard,BR,2024-05-23T00:00:00,medium
CUS001403,personal,personal_standard,PL,2025-01-14T00:00:00,low
CUS001404,personal,personal_standard,IE,2022-09-23T00:00:00,low
CUS001405,business,business_smb,US,2022-07-17T00:00:00,medium
CUS001406,personal,personal_high_value,DE,2023-03-19T00:00:00,low
CUS001407,personal,personal_high_value,DE,2024-03-16T00:00:00,low
CUS001408,personal,personal_standard,BR,2024-07-03T00:00:00,low
CUS001409,personal,personal_standard,NL,2025-07-05T00:00:00,low
CUS001410,personal,personal_standard,DE,2026-01-07T00:00:00,low
CUS001411,personal,personal_high_value,DE,2023-07-21T00:00:00,low
CUS001412,personal,personal_high_value,BR,2024-05-03T00:00:00,low
CUS001413,personal,personal_standard,IE,2026-04-21T00:00:00,medium
CUS001414,personal,personal_standard,IE,2025-04-09T00:00:00,low
CUS001415,personal,personal_standard,GB,2025-05-08T00:00:00,low
CUS001416,personal,personal_standard,ES,2025-07-14T00:00:00,medium
CUS001417,personal,personal_standard,ES,2024-03-03T00:00:00,low
CUS001418,personal,personal_high_value,DE,2024-07-27T00:00:00,medium
CUS001419,personal,personal_high_value,DE,2023-05-06T00:00:00,low
CUS001420,personal,personal_standard,PL,2025-03-15T00:00:00,low
CUS001421,personal,personal_standard,GB,2025-10-22T00:00:00,low
CUS001422,personal,personal_standard,GB,2022-03-30T00:00:00,low
CUS001423,personal,personal_high_value,US,2025-01-19T00:00:00,low
CUS001424,personal,personal_standard,HU,2024-01-07T00:00:00,medium
CUS001425,personal,personal_standard,BR,2023-06-08T00:00:00,low
CUS001426,personal,personal_standard,DE,2025-12-04T00:00:00,medium
CUS001427,personal,personal_high_value,GB,2022-07-02T00:00:00,medium
CUS001428,personal,personal_standard,ES,2025-11-29T00:00:00,low
CUS001429,business,business_scaleup,PL,2025-03-15T00:00:00,low
CUS001430,personal,personal_standard,FR,2024-06-21T00:00:00,low
CUS001431,business,business_smb,SG,2025-10-28T00:00:00,low
CUS001432,personal,personal_standard,CA,2025-03-27T00:00:00,low
CUS001433,business,business_smb,IE,2023-03-28T00:00:00,low
CUS001434,personal,personal_standard,GB,2023-09-26T00:00:00,low
CUS001435,personal,personal_standard,US,2026-06-25T00:00:00,medium
CUS001436,business,business_smb,GB,2024-04-10T00:00:00,low
CUS001437,personal,personal_standard,DE,2023-09-11T00:00:00,low
CUS001438,personal,personal_standard,DE,2024-04-24T00:00:00,low
CUS001439,personal,personal_standard,PL,2024-08-20T00:00:00,low
CUS001440,personal,personal_standard,DE,2025-06-14T00:00:00,medium
CUS001441,personal,personal_standard,ES,2023-04-01T00:00:00,low
CUS001442,business,business_smb,US,2022-10-03T00:00:00,low
CUS001443,business,business_smb,US,2022-09-03T00:00:00,low
CUS001444,personal,personal_standard,US,2023-09-15T00:00:00,medium
CUS001445,personal,personal_high_value,US,2024-10-26T00:00:00,low
CUS001446,personal,personal_standard,GB,2025-06-18T00:00:00,medium
CUS001447,personal,personal_standard,IE,2023-08-10T00:00:00,medium
CUS001448,personal,personal_standard,DE,2024-08-29T00:00:00,medium
CUS001449,personal,personal_standard,US,2022-06-01T00:00:00,medium
CUS001450,personal,personal_standard,BR,2023-06-15T00:00:00,medium
CUS001451,personal,personal_high_value,BR,2023-06-01T00:00:00,medium
CUS001452,personal,personal_standard,US,2025-07-10T00:00:00,low
CUS001453,personal,personal_standard,US,2024-08-13T00:00:00,low
CUS001454,personal,personal_standard,SG,2026-04-24T00:00:00,low
CUS001455,personal,personal_standard,PL,2024-07-04T00:00:00,low
CUS001456,personal,personal_standard,NL,2023-06-16T00:00:00,low
CUS001457,personal,personal_standard,DE,2025-10-31T00:00:00,low
CUS001458,personal,personal_high_value,AE,2022-08-19T00:00:00,low
CUS001459,business,business_smb,BR,2022-05-08T00:00:00,medium
CUS001460,personal,personal_standard,ES,2022-04-30T00:00:00,medium
CUS001461,personal,personal_standard,GB,2024-11-19T00:00:00,low
CUS001462,personal,personal_high_value,GB,2023-06-30T00:00:00,low
CUS001463,personal,personal_standard,AE,2025-10-05T00:00:00,medium
CUS001464,business,business_smb,US,2022-07-28T00:00:00,medium
CUS001465,personal,personal_standard,GB,2023-02-26T00:00:00,low
CUS001466,personal,personal_standard,GB,2022-06-24T00:00:00,medium
CUS001467,personal,personal_standard,NL,2022-11-06T00:00:00,high
CUS001468,personal,personal_high_value,NL,2025-10-17T00:00:00,medium
CUS001469,business,business_smb,US,2024-03-02T00:00:00,low
CUS001470,personal,personal_standard,AE,2023-08-28T00:00:00,low
CUS001471,personal,personal_high_value,CA,2022-07-18T00:00:00,low
CUS001472,business,business_smb,ES,2022-06-01T00:00:00,medium
CUS001473,personal,personal_standard,BR,2025-06-06T00:00:00,low
CUS001474,personal,personal_standard,FR,2023-05-19T00:00:00,low
CUS001475,personal,personal_standard,GB,2023-10-07T00:00:00,medium
CUS001476,personal,personal_standard,PL,2023-01-26T00:00:00,low
CUS001477,personal,personal_high_value,IE,2024-06-20T00:00:00,medium
CUS001478,personal,personal_high_value,ES,2022-05-11T00:00:00,medium
CUS001479,personal,personal_standard,SG,2023-06-28T00:00:00,medium
CUS001480,business,business_scaleup,ES,2025-05-09T00:00:00,low
CUS001481,personal,personal_standard,GB,2023-11-24T00:00:00,medium
CUS001482,personal,personal_standard,GB,2022-08-11T00:00:00,medium
CUS001483,business,business_smb,AE,2022-09-05T00:00:00,low
CUS001484,personal,personal_standard,US,2024-07-29T00:00:00,low
CUS001485,personal,personal_high_value,SG,2026-06-25T00:00:00,medium
CUS001486,personal,personal_standard,GB,2022-08-10T00:00:00,low
CUS001487,personal,personal_standard,PL,2025-05-11T00:00:00,low
CUS001488,personal,personal_standard,SG,2026-03-03T00:00:00,low
CUS001489,personal,personal_standard,BR,2025-06-02T00:00:00,low
CUS001490,personal,personal_standard,GB,2024-02-01T00:00:00,low
CUS001491,personal,personal_standard,US,2022-05-25T00:00:00,medium
CUS001492,personal,personal_standard,IE,2025-09-07T00:00:00,low
CUS001493,personal,personal_high_value,DE,2022-09-16T00:00:00,medium
CUS001494,personal,personal_standard,GB,2022-04-30T00:00:00,low
CUS001495,personal,personal_high_value,DE,2025-06-20T00:00:00,low
CUS001496,personal,personal_standard,ES,2024-08-07T00:00:00,low
CUS001497,personal,personal_standard,CA,2022-02-08T00:00:00,medium
CUS001498,personal,personal_standard,GB,2024-09-25T00:00:00,medium
CUS001499,personal,personal_standard,US,2026-03-08T00:00:00,medium
CUS001500,business,business_smb,GB,2023-11-14T00:00:00,medium
CUS001501,business,business_smb,ES,2025-11-24T00:00:00,low
CUS001502,personal,personal_standard,HU,2022-09-13T00:00:00,low
CUS001503,personal,personal_standard,IE,2025-08-28T00:00:00,low
CUS001504,personal,personal_standard,GB,2024-03-15T00:00:00,low
CUS001505,personal,personal_standard,PL,2025-01-19T00:00:00,medium
CUS001506,personal,personal_high_value,BR,2025-08-05T00:00:00,low
CUS001507,personal,personal_high_value,US,2025-11-02T00:00:00,low
CUS001508,personal,personal_standard,US,2026-03-08T00:00:00,low
CUS001509,personal,personal_high_value,IE,2023-08-31T00:00:00,medium
CUS001510,personal,personal_high_value,IE,2025-04-10T00:00:00,low
CUS001511,personal,personal_standard,BR,2023-09-29T00:00:00,low
CUS001512,personal,personal_standard,DE,2025-04-10T00:00:00,low
CUS001513,personal,personal_standard,DE,2025-04-28T00:00:00,medium
CUS001514,personal,personal_high_value,DE,2025-01-13T00:00:00,low
CUS001515,business,business_scaleup,GB,2022-12-05T00:00:00,low
CUS001516,personal,personal_standard,US,2024-08-22T00:00:00,high
CUS001517,personal,personal_standard,ES,2025-05-03T00:00:00,high
CUS001518,business,business_scaleup,BR,2022-02-10T00:00:00,low
CUS001519,personal,personal_high_value,DE,2022-06-08T00:00:00,low
CUS001520,personal,personal_high_value,FR,2022-01-27T00:00:00,low
CUS001521,business,business_smb,DE,2023-02-12T00:00:00,low
CUS001522,business,business_smb,US,2025-10-10T00:00:00,medium
CUS001523,personal,personal_standard,GB,2024-07-24T00:00:00,low
CUS001524,personal,personal_standard,BR,2023-11-26T00:00:00,medium
CUS001525,personal,personal_standard,GB,2025-03-20T00:00:00,low
CUS001526,personal,personal_standard,FR,2022-11-12T00:00:00,low
CUS001527,business,business_smb,PL,2024-04-12T00:00:00,low
CUS001528,business,business_smb,US,2024-06-25T00:00:00,medium
CUS001529,personal,personal_standard,GB,2026-04-12T00:00:00,low
CUS001530,personal,personal_standard,DE,2026-03-25T00:00:00,low
CUS001531,personal,personal_standard,IE,2023-03-28T00:00:00,low
CUS001532,personal,personal_standard,DE,2026-06-07T00:00:00,medium
CUS001533,personal,personal_standard,AE,2024-01-13T00:00:00,low
CUS001534,personal,personal_standard,US,2022-09-23T00:00:00,low
CUS001535,personal,personal_standard,PL,2022-07-03T00:00:00,low
CUS001536,personal,personal_standard,BR,2022-10-07T00:00:00,low
CUS001537,personal,personal_standard,FR,2025-11-06T00:00:00,low
CUS001538,personal,personal_standard,AE,2024-03-30T00:00:00,medium
CUS001539,personal,personal_standard,GB,2026-02-17T00:00:00,low
CUS001540,personal,personal_standard,IE,2025-09-23T00:00:00,low
CUS001541,business,business_smb,GB,2024-08-02T00:00:00,low
CUS001542,personal,personal_standard,GB,2026-05-05T00:00:00,low
CUS001543,personal,personal_standard,BR,2022-03-06T00:00:00,low
CUS001544,personal,personal_standard,BR,2026-01-01T00:00:00,medium
CUS001545,personal,personal_standard,ES,2023-04-04T00:00:00,low
CUS001546,personal,personal_standard,US,2025-07-26T00:00:00,low
CUS001547,personal,personal_standard,CA,2025-03-13T00:00:00,low
CUS001548,business,business_smb,NL,2025-11-29T00:00:00,low
CUS001549,business,business_scaleup,US,2023-02-13T00:00:00,medium
CUS001550,personal,personal_standard,ES,2025-04-21T00:00:00,low
CUS001551,personal,personal_high_value,CA,2023-03-04T00:00:00,low
CUS001552,personal,personal_high_value,HU,2024-05-21T00:00:00,medium
CUS001553,business,business_smb,DE,2023-02-24T00:00:00,medium
CUS001554,personal,personal_standard,CA,2024-11-26T00:00:00,low
CUS001555,personal,personal_standard,DE,2024-08-10T00:00:00,low
CUS001556,personal,personal_standard,BR,2026-05-30T00:00:00,low
CUS001557,personal,personal_standard,DE,2026-03-26T00:00:00,low
CUS001558,personal,personal_standard,PL,2025-08-03T00:00:00,low
CUS001559,personal,personal_standard,FR,2025-08-16T00:00:00,low
CUS001560,personal,personal_standard,GB,2023-07-11T00:00:00,low
CUS001561,personal,personal_high_value,GB,2022-06-25T00:00:00,low
CUS001562,personal,personal_standard,AE,2026-02-07T00:00:00,low
CUS001563,personal,personal_standard,US,2022-07-03T00:00:00,low
CUS001564,personal,personal_standard,AE,2022-07-01T00:00:00,low
CUS001565,personal,personal_standard,US,2023-08-05T00:00:00,high
CUS001566,business,business_scaleup,DE,2022-04-25T00:00:00,medium
CUS001567,business,business_scaleup,ES,2025-10-08T00:00:00,high
CUS001568,personal,personal_standard,US,2025-06-25T00:00:00,low
CUS001569,business,business_scaleup,GB,2024-06-16T00:00:00,low
CUS001570,business,business_smb,DE,2024-12-08T00:00:00,medium
CUS001571,business,business_smb,DE,2026-04-23T00:00:00,low
CUS001572,personal,personal_high_value,FR,2024-02-18T00:00:00,low
CUS001573,personal,personal_standard,HU,2025-04-24T00:00:00,medium
CUS001574,personal,personal_standard,NL,2022-04-18T00:00:00,low
CUS001575,business,business_smb,FR,2023-08-16T00:00:00,low
CUS001576,personal,personal_standard,SG,2025-04-18T00:00:00,medium
CUS001577,personal,personal_standard,ES,2024-05-24T00:00:00,low
CUS001578,personal,personal_high_value,IE,2024-11-28T00:00:00,medium
CUS001579,business,business_scaleup,GB,2023-07-04T00:00:00,low
CUS001580,personal,personal_standard,CA,2025-12-20T00:00:00,medium
CUS001581,personal,personal_high_value,GB,2024-05-09T00:00:00,medium
CUS001582,personal,personal_standard,US,2024-02-13T00:00:00,low
CUS001583,personal,personal_standard,IE,2024-02-10T00:00:00,low
CUS001584,personal,personal_high_value,NL,2026-05-29T00:00:00,low
CUS001585,personal,personal_standard,ES,2023-06-03T00:00:00,low
CUS001586,personal,personal_high_value,NL,2022-06-29T00:00:00,low
CUS001587,personal,personal_standard,PL,2025-06-15T00:00:00,high
CUS001588,business,business_smb,US,2024-02-12T00:00:00,medium
CUS001589,personal,personal_standard,ES,2025-05-07T00:00:00,low
CUS001590,business,business_smb,ES,2024-03-31T00:00:00,low
CUS001591,personal,personal_high_value,BR,2025-10-26T00:00:00,low
CUS001592,business,business_smb,SG,2025-11-24T00:00:00,medium
CUS001593,personal,personal_standard,HU,2024-05-16T00:00:00,low
CUS001594,personal,personal_high_value,SG,2024-11-11T00:00:00,medium
CUS001595,personal,personal_standard,IE,2024-02-23T00:00:00,low
CUS001596,personal,personal_high_value,NL,2023-08-12T00:00:00,medium
CUS001597,personal,personal_standard,US,2024-08-28T00:00:00,low
CUS001598,personal,personal_standard,ES,2022-09-11T00:00:00,medium
CUS001599,personal,personal_standard,US,2024-06-02T00:00:00,low
CUS001600,personal,personal_standard,ES,2023-02-08T00:00:00,low
CUS001601,business,business_scaleup,GB,2022-09-13T00:00:00,low
CUS001602,personal,personal_standard,GB,2025-07-01T00:00:00,low
CUS001603,personal,personal_standard,FR,2024-08-04T00:00:00,medium
CUS001604,personal,personal_standard,IE,2024-12-06T00:00:00,low
CUS001605,personal,personal_standard,US,2026-06-04T00:00:00,low
CUS001606,personal,personal_standard,GB,2023-04-29T00:00:00,low
CUS001607,business,business_scaleup,CA,2023-10-19T00:00:00,low
CUS001608,business,business_smb,US,2022-10-04T00:00:00,medium
CUS001609,business,business_smb,ES,2024-12-25T00:00:00,low
CUS001610,personal,personal_high_value,US,2026-03-22T00:00:00,low
CUS001611,personal,personal_standard,ES,2023-04-16T00:00:00,medium
CUS001612,personal,personal_standard,GB,2025-11-22T00:00:00,low
CUS001613,personal,personal_standard,IE,2023-12-02T00:00:00,low
CUS001614,personal,personal_standard,HU,2023-01-02T00:00:00,low
CUS001615,personal,personal_standard,AE,2025-11-29T00:00:00,low
CUS001616,personal,personal_standard,GB,2023-03-24T00:00:00,low
CUS001617,personal,personal_standard,US,2024-03-17T00:00:00,low
CUS001618,personal,personal_high_value,DE,2024-05-27T00:00:00,low
CUS001619,personal,personal_standard,IE,2023-08-17T00:00:00,low
CUS001620,personal,personal_standard,AE,2023-03-09T00:00:00,low
CUS001621,personal,personal_standard,US,2026-04-17T00:00:00,medium
CUS001622,personal,personal_high_value,BR,2026-02-06T00:00:00,medium
CUS001623,personal,personal_standard,ES,2024-12-27T00:00:00,medium
CUS001624,business,business_smb,US,2023-07-13T00:00:00,low
CUS001625,personal,personal_standard,DE,2024-01-13T00:00:00,high
CUS001626,personal,personal_standard,US,2024-06-23T00:00:00,low
CUS001627,personal,personal_standard,US,2026-03-07T00:00:00,low
CUS001628,personal,personal_high_value,ES,2025-12-01T00:00:00,low
CUS001629,personal,personal_high_value,CA,2022-08-21T00:00:00,low
CUS001630,personal,personal_high_value,DE,2025-05-31T00:00:00,medium
CUS001631,personal,personal_standard,AE,2024-12-31T00:00:00,low
CUS001632,personal,personal_high_value,ES,2025-10-16T00:00:00,low
CUS001633,personal,personal_standard,US,2025-08-21T00:00:00,low
CUS001634,personal,personal_standard,IE,2024-07-01T00:00:00,medium
CUS001635,personal,personal_high_value,FR,2022-03-18T00:00:00,medium
CUS001636,personal,personal_standard,ES,2022-04-13T00:00:00,low
CUS001637,personal,personal_standard,DE,2022-12-03T00:00:00,high
CUS001638,business,business_smb,US,2023-07-24T00:00:00,low
CUS001639,personal,personal_high_value,NL,2024-06-26T00:00:00,low
CUS001640,personal,personal_standard,IE,2024-04-14T00:00:00,low
CUS001641,personal,personal_high_value,IE,2022-11-29T00:00:00,low
CUS001642,business,business_smb,IE,2022-02-04T00:00:00,medium
CUS001643,personal,personal_standard,GB,2024-01-21T00:00:00,low
CUS001644,personal,personal_high_value,ES,2022-01-03T00:00:00,medium
CUS001645,personal,personal_standard,PL,2025-09-12T00:00:00,low
CUS001646,personal,personal_standard,DE,2025-11-09T00:00:00,low
CUS001647,personal,personal_standard,GB,2024-04-15T00:00:00,low
CUS001648,personal,personal_standard,DE,2023-01-22T00:00:00,low
CUS001649,personal,personal_standard,US,2023-05-06T00:00:00,low
CUS001650,personal,personal_standard,NL,2022-11-14T00:00:00,low
CUS001651,personal,personal_standard,GB,2024-08-02T00:00:00,low
CUS001652,personal,personal_standard,NL,2023-09-04T00:00:00,low
CUS001653,business,business_smb,NL,2025-11-16T00:00:00,low
CUS001654,business,business_smb,US,2025-08-11T00:00:00,low
CUS001655,personal,personal_high_value,BR,2023-03-16T00:00:00,high
CUS001656,personal,personal_standard,GB,2024-10-26T00:00:00,medium
CUS001657,personal,personal_standard,IE,2026-02-24T00:00:00,medium
CUS001658,personal,personal_standard,FR,2022-05-24T00:00:00,medium
CUS001659,personal,personal_standard,PL,2022-09-17T00:00:00,medium
CUS001660,personal,personal_standard,DE,2025-12-30T00:00:00,medium
CUS001661,personal,personal_high_value,CA,2026-04-19T00:00:00,low
CUS001662,business,business_smb,GB,2023-07-01T00:00:00,medium
CUS001663,personal,personal_standard,SG,2023-08-28T00:00:00,low
CUS001664,personal,personal_high_value,DE,2025-01-14T00:00:00,low
CUS001665,personal,personal_standard,GB,2024-03-11T00:00:00,low
CUS001666,personal,personal_standard,IE,2024-03-11T00:00:00,low
CUS001667,personal,personal_high_value,GB,2023-07-04T00:00:00,low
CUS001668,business,business_smb,DE,2023-09-30T00:00:00,medium
CUS001669,personal,personal_standard,AE,2023-04-03T00:00:00,low
CUS001670,personal,personal_standard,IE,2025-11-10T00:00:00,low
CUS001671,business,business_smb,GB,2024-05-27T00:00:00,medium
CUS001672,business,business_smb,NL,2023-08-07T00:00:00,medium
CUS001673,personal,personal_high_value,ES,2024-01-02T00:00:00,low
CUS001674,personal,personal_high_value,DE,2023-08-07T00:00:00,low
CUS001675,personal,personal_standard,GB,2022-10-25T00:00:00,low
CUS001676,personal,personal_standard,ES,2025-06-01T00:00:00,low
CUS001677,personal,personal_standard,DE,2023-04-19T00:00:00,low
CUS001678,personal,personal_high_value,NL,2025-01-21T00:00:00,medium
CUS001679,personal,personal_standard,IE,2025-06-29T00:00:00,low
CUS001680,personal,personal_standard,GB,2023-05-29T00:00:00,low
CUS001681,business,business_smb,US,2025-04-09T00:00:00,low
CUS001682,business,business_scaleup,DE,2023-10-13T00:00:00,low
CUS001683,personal,personal_standard,ES,2026-01-14T00:00:00,low
CUS001684,personal,personal_standard,ES,2023-05-17T00:00:00,low
CUS001685,personal,personal_standard,DE,2024-10-09T00:00:00,medium
CUS001686,personal,personal_standard,AE,2025-09-23T00:00:00,low
CUS001687,personal,personal_standard,GB,2024-06-10T00:00:00,low
CUS001688,personal,personal_standard,US,2024-04-02T00:00:00,low
CUS001689,business,business_scaleup,ES,2025-11-20T00:00:00,low
CUS001690,business,business_smb,AE,2022-08-19T00:00:00,low
CUS001691,personal,personal_standard,US,2025-03-03T00:00:00,low
CUS001692,personal,personal_standard,US,2022-01-24T00:00:00,low
CUS001693,personal,personal_standard,DE,2023-01-05T00:00:00,low
CUS001694,personal,personal_standard,ES,2023-06-17T00:00:00,low
CUS001695,personal,personal_standard,DE,2023-11-25T00:00:00,low
CUS001696,personal,personal_standard,ES,2025-02-22T00:00:00,low
CUS001697,business,business_smb,CA,2023-01-19T00:00:00,low
CUS001698,personal,personal_standard,BR,2026-01-21T00:00:00,medium
CUS001699,personal,personal_standard,DE,2023-02-28T00:00:00,high
CUS001700,personal,personal_standard,ES,2022-07-18T00:00:00,low
CUS001701,business,business_smb,GB,2025-10-04T00:00:00,low
CUS001702,personal,personal_standard,US,2024-08-26T00:00:00,low
CUS001703,business,business_smb,GB,2025-12-13T00:00:00,medium
CUS001704,business,business_smb,US,2026-05-18T00:00:00,low
CUS001705,personal,personal_high_value,US,2025-07-30T00:00:00,low
CUS001706,personal,personal_standard,BR,2026-06-01T00:00:00,medium
CUS001707,personal,personal_high_value,CA,2024-06-16T00:00:00,low
CUS001708,personal,personal_standard,GB,2022-08-08T00:00:00,low
CUS001709,business,business_smb,DE,2024-07-17T00:00:00,low
CUS001710,personal,personal_standard,HU,2025-11-07T00:00:00,low
CUS001711,personal,personal_standard,GB,2026-05-09T00:00:00,low
CUS001712,personal,personal_standard,GB,2022-12-23T00:00:00,medium
CUS001713,personal,personal_standard,BR,2026-05-23T00:00:00,medium
CUS001714,business,business_smb,DE,2024-01-13T00:00:00,medium
CUS001715,personal,personal_standard,SG,2025-05-24T00:00:00,low
CUS001716,personal,personal_standard,PL,2024-11-16T00:00:00,high
CUS001717,personal,personal_standard,DE,2024-02-27T00:00:00,medium
CUS001718,personal,personal_standard,GB,2023-08-25T00:00:00,low
CUS001719,personal,personal_standard,GB,2025-08-05T00:00:00,low
CUS001720,personal,personal_standard,FR,2026-03-29T00:00:00,low
CUS001721,business,business_smb,US,2022-04-30T00:00:00,low
CUS001722,personal,personal_standard,US,2025-04-12T00:00:00,high
CUS001723,personal,personal_standard,IE,2022-08-01T00:00:00,medium
CUS001724,business,business_smb,ES,2025-11-08T00:00:00,low
CUS001725,business,business_scaleup,AE,2025-05-23T00:00:00,medium
CUS001726,personal,personal_standard,US,2024-07-01T00:00:00,low
CUS001727,personal,personal_standard,NL,2022-01-18T00:00:00,low
CUS001728,personal,personal_high_value,IE,2026-02-12T00:00:00,low
CUS001729,personal,personal_standard,US,2026-01-08T00:00:00,low
CUS001730,personal,personal_standard,CA,2025-11-25T00:00:00,low
CUS001731,personal,personal_standard,US,2026-01-08T00:00:00,low
CUS001732,personal,personal_standard,DE,2022-05-24T00:00:00,low
CUS001733,personal,personal_standard,ES,2022-12-02T00:00:00,low
CUS001734,personal,personal_standard,GB,2024-07-11T00:00:00,low
CUS001735,personal,personal_standard,DE,2026-04-07T00:00:00,medium
CUS001736,business,business_smb,US,2024-02-10T00:00:00,medium
CUS001737,business,business_smb,ES,2023-12-11T00:00:00,low
CUS001738,personal,personal_standard,US,2022-05-08T00:00:00,medium
CUS001739,personal,personal_standard,AE,2022-09-14T00:00:00,low
CUS001740,personal,personal_standard,SG,2025-01-23T00:00:00,medium
CUS001741,personal,personal_standard,DE,2022-01-26T00:00:00,low
CUS001742,business,business_scaleup,IE,2022-03-06T00:00:00,medium
CUS001743,personal,personal_standard,ES,2025-11-19T00:00:00,low
CUS001744,personal,personal_standard,ES,2025-02-16T00:00:00,medium
CUS001745,personal,personal_high_value,FR,2022-09-30T00:00:00,low
CUS001746,personal,personal_high_value,DE,2023-07-25T00:00:00,medium
CUS001747,personal,personal_standard,FR,2022-10-06T00:00:00,low
CUS001748,personal,personal_standard,BR,2025-04-10T00:00:00,low
CUS001749,personal,personal_standard,BR,2022-04-15T00:00:00,low
CUS001750,business,business_smb,DE,2024-04-23T00:00:00,low
CUS001751,personal,personal_standard,GB,2024-06-12T00:00:00,low
CUS001752,personal,personal_standard,US,2024-09-28T00:00:00,low
CUS001753,business,business_smb,US,2024-07-25T00:00:00,low
CUS001754,business,business_smb,IE,2022-05-10T00:00:00,low
CUS001755,business,business_smb,BR,2025-03-26T00:00:00,medium
CUS001756,personal,personal_standard,FR,2025-09-05T00:00:00,medium
CUS001757,business,business_smb,DE,2025-10-10T00:00:00,low
CUS001758,personal,personal_standard,BR,2022-10-08T00:00:00,low
CUS001759,personal,personal_standard,ES,2023-02-14T00:00:00,low
CUS001760,personal,personal_standard,GB,2022-09-25T00:00:00,low
CUS001761,personal,personal_standard,DE,2023-06-11T00:00:00,high
CUS001762,business,business_smb,DE,2025-03-23T00:00:00,medium
CUS001763,personal,personal_high_value,US,2023-01-29T00:00:00,medium
CUS001764,personal,personal_high_value,FR,2026-03-13T00:00:00,low
CUS001765,personal,personal_standard,IE,2022-12-22T00:00:00,medium
CUS001766,personal,personal_standard,US,2024-08-21T00:00:00,high
CUS001767,business,business_scaleup,BR,2025-04-06T00:00:00,low
CUS001768,personal,personal_standard,ES,2022-02-07T00:00:00,low
CUS001769,personal,personal_high_value,US,2025-07-29T00:00:00,low
CUS001770,personal,personal_standard,BR,2025-07-22T00:00:00,medium
CUS001771,business,business_scaleup,IE,2024-03-14T00:00:00,medium
CUS001772,personal,personal_high_value,AE,2022-03-09T00:00:00,medium
CUS001773,personal,personal_standard,US,2022-02-16T00:00:00,medium
CUS001774,personal,personal_standard,SG,2025-12-23T00:00:00,low
CUS001775,personal,personal_standard,SG,2025-03-19T00:00:00,medium
CUS001776,business,business_smb,DE,2022-04-03T00:00:00,low
CUS001777,personal,personal_standard,DE,2022-09-08T00:00:00,medium
CUS001778,personal,personal_standard,SG,2022-11-10T00:00:00,low
CUS001779,personal,personal_standard,SG,2022-12-25T00:00:00,low
CUS001780,personal,personal_standard,GB,2025-02-15T00:00:00,low
CUS001781,personal,personal_standard,GB,2024-05-08T00:00:00,medium
CUS001782,business,business_scaleup,BR,2022-08-23T00:00:00,low
CUS001783,personal,personal_standard,BR,2024-10-24T00:00:00,medium
CUS001784,personal,personal_standard,GB,2022-01-27T00:00:00,medium
CUS001785,personal,personal_standard,GB,2023-09-22T00:00:00,medium
CUS001786,personal,personal_standard,NL,2025-12-02T00:00:00,medium
CUS001787,personal,personal_high_value,ES,2026-03-14T00:00:00,low
CUS001788,personal,personal_standard,NL,2025-09-28T00:00:00,low
CUS001789,personal,personal_standard,ES,2022-01-22T00:00:00,low
CUS001790,personal,personal_high_value,DE,2023-06-13T00:00:00,low
CUS001791,business,business_smb,FR,2026-01-23T00:00:00,low
CUS001792,personal,personal_standard,DE,2024-01-07T00:00:00,low
CUS001793,personal,personal_standard,GB,2022-01-20T00:00:00,low
CUS001794,personal,personal_standard,FR,2023-04-11T00:00:00,medium
CUS001795,personal,personal_standard,IE,2026-03-04T00:00:00,medium
CUS001796,business,business_smb,US,2023-08-17T00:00:00,low
CUS001797,personal,personal_standard,BR,2023-01-26T00:00:00,medium
CUS001798,personal,personal_standard,BR,2024-04-04T00:00:00,low
CUS001799,business,business_smb,GB,2023-07-29T00:00:00,low
CUS001800,personal,personal_standard,US,2022-04-24T00:00:00,low
CUS001801,personal,personal_standard,GB,2024-11-05T00:00:00,medium
CUS001802,personal,personal_standard,DE,2023-02-26T00:00:00,medium
CUS001803,personal,personal_standard,ES,2022-09-15T00:00:00,medium
CUS001804,personal,personal_standard,ES,2023-09-09T00:00:00,medium
CUS001805,personal,personal_standard,FR,2025-02-04T00:00:00,low
CUS001806,business,business_smb,NL,2024-12-07T00:00:00,low
CUS001807,business,business_scaleup,AE,2025-12-01T00:00:00,low
CUS001808,personal,personal_standard,IE,2024-09-23T00:00:00,low
CUS001809,personal,personal_standard,US,2024-12-10T00:00:00,low
CUS001810,business,business_scaleup,GB,2026-06-03T00:00:00,low
CUS001811,personal,personal_standard,US,2024-02-01T00:00:00,low
CUS001812,personal,personal_high_value,GB,2026-06-18T00:00:00,low
CUS001813,personal,personal_standard,HU,2025-08-25T00:00:00,low
CUS001814,personal,personal_standard,DE,2022-05-25T00:00:00,low
CUS001815,personal,personal_standard,GB,2023-08-07T00:00:00,low
CUS001816,personal,personal_standard,SG,2023-12-16T00:00:00,low
CUS001817,business,business_smb,ES,2025-06-16T00:00:00,low
CUS001818,personal,personal_standard,FR,2025-01-30T00:00:00,medium
CUS001819,personal,personal_standard,BR,2023-01-06T00:00:00,low
CUS001820,personal,personal_standard,ES,2024-04-23T00:00:00,low
CUS001821,personal,personal_standard,AE,2024-12-25T00:00:00,low
CUS001822,personal,personal_standard,CA,2026-01-09T00:00:00,low
CUS001823,business,business_smb,ES,2023-12-23T00:00:00,low
CUS001824,personal,personal_standard,GB,2025-04-25T00:00:00,medium
CUS001825,personal,personal_high_value,BR,2024-07-12T00:00:00,low
CUS001826,business,business_scaleup,BR,2023-04-28T00:00:00,low
CUS001827,personal,personal_standard,US,2024-03-04T00:00:00,medium
CUS001828,personal,personal_standard,GB,2025-12-19T00:00:00,medium
CUS001829,business,business_smb,GB,2024-07-21T00:00:00,low
CUS001830,personal,personal_standard,DE,2023-11-11T00:00:00,low
CUS001831,personal,personal_standard,IE,2025-12-26T00:00:00,low
CUS001832,personal,personal_standard,NL,2026-01-25T00:00:00,low
CUS001833,business,business_smb,DE,2023-05-03T00:00:00,low
CUS001834,personal,personal_standard,NL,2024-04-02T00:00:00,low
CUS001835,personal,personal_standard,US,2022-05-09T00:00:00,medium
CUS001836,business,business_smb,US,2026-06-24T00:00:00,low
CUS001837,personal,personal_standard,ES,2022-12-03T00:00:00,low
CUS001838,personal,personal_standard,BR,2025-07-23T00:00:00,medium
CUS001839,personal,personal_high_value,US,2023-08-07T00:00:00,low
CUS001840,personal,personal_standard,GB,2025-08-14T00:00:00,low
CUS001841,personal,personal_standard,SG,2025-06-12T00:00:00,medium
CUS001842,personal,personal_standard,CA,2026-02-01T00:00:00,low
CUS001843,personal,personal_standard,DE,2023-09-25T00:00:00,low
CUS001844,personal,personal_high_value,DE,2026-05-29T00:00:00,low
CUS001845,personal,personal_standard,FR,2025-07-26T00:00:00,low
CUS001846,personal,personal_standard,US,2026-06-05T00:00:00,low
CUS001847,business,business_scaleup,CA,2023-03-08T00:00:00,medium
CUS001848,personal,personal_standard,BR,2025-02-22T00:00:00,low
CUS001849,personal,personal_standard,DE,2022-12-17T00:00:00,low
CUS001850,business,business_smb,PL,2022-07-24T00:00:00,low
CUS001851,personal,personal_standard,ES,2025-12-29T00:00:00,low
CUS001852,personal,personal_standard,DE,2025-05-29T00:00:00,low
CUS001853,personal,personal_high_value,DE,2025-06-14T00:00:00,low
CUS001854,personal,personal_standard,GB,2024-10-22T00:00:00,low
CUS001855,business,business_scaleup,IE,2022-11-17T00:00:00,low
CUS001856,personal,personal_high_value,AE,2023-04-22T00:00:00,medium
CUS001857,personal,personal_high_value,DE,2025-01-08T00:00:00,medium
CUS001858,personal,personal_standard,US,2024-04-07T00:00:00,medium
CUS001859,personal,personal_standard,IE,2022-08-06T00:00:00,low
CUS001860,personal,personal_high_value,IE,2022-01-28T00:00:00,low
CUS001861,personal,personal_high_value,US,2024-06-07T00:00:00,low
CUS001862,personal,personal_standard,BR,2025-07-21T00:00:00,low
CUS001863,business,business_smb,US,2026-06-10T00:00:00,medium
CUS001864,personal,personal_standard,US,2022-02-25T00:00:00,medium
CUS001865,business,business_smb,HU,2025-08-11T00:00:00,low
CUS001866,personal,personal_standard,AE,2025-08-20T00:00:00,low
CUS001867,personal,personal_standard,IE,2026-04-26T00:00:00,low
CUS001868,business,business_scaleup,US,2025-08-07T00:00:00,low
CUS001869,personal,personal_standard,US,2023-09-24T00:00:00,low
CUS001870,personal,personal_standard,FR,2024-09-15T00:00:00,low
CUS001871,business,business_smb,FR,2025-03-14T00:00:00,low
CUS001872,personal,personal_high_value,US,2026-06-03T00:00:00,low
CUS001873,personal,personal_high_value,GB,2024-09-12T00:00:00,low
CUS001874,personal,personal_standard,ES,2024-05-18T00:00:00,low
CUS001875,business,business_scaleup,DE,2024-03-28T00:00:00,low
CUS001876,personal,personal_standard,DE,2026-03-05T00:00:00,low
CUS001877,personal,personal_standard,DE,2024-04-01T00:00:00,low
CUS001878,business,business_smb,GB,2024-11-13T00:00:00,low
CUS001879,personal,personal_standard,GB,2022-02-11T00:00:00,low
CUS001880,personal,personal_standard,DE,2023-12-24T00:00:00,low
CUS001881,personal,personal_standard,GB,2024-03-26T00:00:00,low
CUS001882,personal,personal_standard,BR,2025-01-21T00:00:00,medium
CUS001883,personal,personal_standard,BR,2023-02-19T00:00:00,low
CUS001884,business,business_smb,US,2022-03-17T00:00:00,low
CUS001885,business,business_smb,US,2026-03-11T00:00:00,medium
CUS001886,personal,personal_standard,GB,2025-05-02T00:00:00,low
CUS001887,personal,personal_standard,PL,2023-08-14T00:00:00,low
CUS001888,business,business_scaleup,AE,2023-11-29T00:00:00,low
CUS001889,business,business_smb,US,2024-02-13T00:00:00,low
CUS001890,personal,personal_standard,GB,2022-12-19T00:00:00,low
CUS001891,business,business_smb,US,2024-04-13T00:00:00,low
CUS001892,personal,personal_standard,NL,2022-06-29T00:00:00,medium
CUS001893,personal,personal_standard,DE,2024-01-31T00:00:00,low
CUS001894,personal,personal_high_value,DE,2026-05-27T00:00:00,low
CUS001895,business,business_smb,AE,2025-08-06T00:00:00,low
CUS001896,business,business_smb,DE,2025-10-09T00:00:00,low
CUS001897,personal,personal_high_value,GB,2023-03-19T00:00:00,low
CUS001898,business,business_smb,IE,2026-06-18T00:00:00,low
CUS001899,personal,personal_standard,GB,2023-10-30T00:00:00,low
CUS001900,personal,personal_standard,DE,2024-01-03T00:00:00,low
CUS001901,personal,personal_standard,ES,2024-03-23T00:00:00,low
CUS001902,personal,personal_standard,US,2025-05-11T00:00:00,medium
CUS001903,personal,personal_standard,PL,2022-01-29T00:00:00,low
CUS001904,personal,personal_high_value,GB,2025-02-23T00:00:00,medium
CUS001905,personal,personal_high_value,AE,2023-01-24T00:00:00,low
CUS001906,personal,personal_high_value,ES,2025-01-29T00:00:00,low
CUS001907,personal,personal_standard,BR,2022-12-04T00:00:00,low
CUS001908,personal,personal_standard,GB,2025-05-31T00:00:00,low
CUS001909,business,business_smb,PL,2022-04-12T00:00:00,low
CUS001910,personal,personal_high_value,GB,2023-01-10T00:00:00,low
CUS001911,personal,personal_standard,GB,2022-01-09T00:00:00,medium
CUS001912,business,business_smb,GB,2023-06-18T00:00:00,low
CUS001913,personal,personal_standard,IE,2023-07-11T00:00:00,low
CUS001914,business,business_scaleup,US,2022-06-13T00:00:00,low
CUS001915,personal,personal_standard,BR,2025-02-19T00:00:00,low
CUS001916,personal,personal_high_value,US,2025-03-03T00:00:00,low
CUS001917,personal,personal_standard,GB,2023-05-22T00:00:00,medium
CUS001918,personal,personal_standard,SG,2026-03-04T00:00:00,medium
CUS001919,personal,personal_standard,IE,2023-05-05T00:00:00,low
CUS001920,personal,personal_standard,CA,2025-04-05T00:00:00,low
CUS001921,business,business_smb,US,2024-08-20T00:00:00,medium
CUS001922,personal,personal_standard,IE,2025-12-22T00:00:00,low
CUS001923,personal,personal_standard,SG,2023-11-27T00:00:00,low
CUS001924,personal,personal_standard,PL,2024-01-06T00:00:00,low
CUS001925,personal,personal_standard,GB,2025-04-18T00:00:00,low
CUS001926,personal,personal_standard,GB,2025-08-28T00:00:00,low
CUS001927,personal,personal_standard,US,2023-03-29T00:00:00,low
CUS001928,personal,personal_standard,BR,2022-05-05T00:00:00,medium
CUS001929,personal,personal_standard,ES,2023-02-11T00:00:00,low
CUS001930,personal,personal_standard,GB,2024-12-26T00:00:00,low
CUS001931,personal,personal_high_value,CA,2022-12-21T00:00:00,low
CUS001932,personal,personal_standard,FR,2023-05-11T00:00:00,medium
CUS001933,personal,personal_standard,NL,2025-09-05T00:00:00,low
CUS001934,business,business_smb,US,2022-10-27T00:00:00,low
CUS001935,personal,personal_standard,ES,2023-01-16T00:00:00,medium
CUS001936,personal,personal_high_value,FR,2023-03-24T00:00:00,low
CUS001937,business,business_smb,IE,2022-07-15T00:00:00,medium
CUS001938,personal,personal_standard,GB,2023-05-06T00:00:00,medium
CUS001939,personal,personal_standard,IE,2022-03-20T00:00:00,low
CUS001940,personal,personal_standard,GB,2024-07-25T00:00:00,low
CUS001941,business,business_smb,NL,2023-10-07T00:00:00,low
CUS001942,personal,personal_high_value,ES,2026-02-17T00:00:00,medium
CUS001943,personal,personal_standard,AE,2024-08-11T00:00:00,low
CUS001944,personal,personal_standard,GB,2022-09-11T00:00:00,low
CUS001945,personal,personal_standard,DE,2026-03-08T00:00:00,low
CUS001946,business,business_smb,AE,2026-04-29T00:00:00,medium
CUS001947,business,business_smb,DE,2024-08-25T00:00:00,medium
CUS001948,personal,personal_standard,GB,2024-04-01T00:00:00,low
CUS001949,personal,personal_standard,GB,2025-08-15T00:00:00,low
CUS001950,personal,personal_standard,CA,2023-04-01T00:00:00,low
CUS001951,personal,personal_standard,IE,2025-02-01T00:00:00,medium
CUS001952,personal,personal_standard,US,2022-10-15T00:00:00,low
CUS001953,personal,personal_standard,US,2023-11-02T00:00:00,low
CUS001954,business,business_smb,FR,2023-01-20T00:00:00,low
CUS001955,business,business_smb,ES,2022-04-19T00:00:00,low
CUS001956,business,business_smb,BR,2023-03-13T00:00:00,low
CUS001957,personal,personal_standard,SG,2023-07-27T00:00:00,medium
CUS001958,personal,personal_standard,FR,2023-02-17T00:00:00,low
CUS001959,personal,personal_standard,ES,2025-05-21T00:00:00,medium
CUS001960,business,business_smb,HU,2025-11-26T00:00:00,medium
CUS001961,personal,personal_standard,IE,2025-04-25T00:00:00,low
CUS001962,personal,personal_standard,DE,2026-02-22T00:00:00,low
CUS001963,personal,personal_high_value,FR,2025-08-07T00:00:00,medium
CUS001964,personal,personal_standard,US,2022-07-02T00:00:00,medium
CUS001965,personal,personal_standard,US,2025-07-22T00:00:00,high
CUS001966,personal,personal_standard,SG,2024-06-24T00:00:00,low
CUS001967,personal,personal_standard,GB,2022-08-29T00:00:00,low
CUS001968,personal,personal_standard,ES,2025-08-28T00:00:00,low
CUS001969,personal,personal_standard,DE,2022-02-06T00:00:00,medium
CUS001970,business,business_smb,BR,2025-03-07T00:00:00,low
CUS001971,personal,personal_standard,FR,2023-06-10T00:00:00,medium
CUS001972,personal,personal_standard,US,2022-08-15T00:00:00,low
CUS001973,personal,personal_standard,HU,2025-08-01T00:00:00,low
CUS001974,personal,personal_standard,BR,2023-08-03T00:00:00,low
CUS001975,personal,personal_standard,PL,2025-07-13T00:00:00,low
CUS001976,personal,personal_standard,US,2022-03-06T00:00:00,low
CUS001977,business,business_smb,CA,2024-11-18T00:00:00,low
CUS001978,business,business_smb,ES,2024-12-15T00:00:00,medium
CUS001979,personal,personal_standard,IE,2022-03-11T00:00:00,low
CUS001980,personal,personal_standard,DE,2025-01-21T00:00:00,medium
CUS001981,business,business_scaleup,IE,2023-03-03T00:00:00,low
CUS001982,personal,personal_standard,BR,2022-07-16T00:00:00,low
CUS001983,personal,personal_standard,IE,2022-08-26T00:00:00,high
CUS001984,personal,personal_standard,BR,2026-02-05T00:00:00,low
CUS001985,personal,personal_standard,DE,2024-01-23T00:00:00,medium
CUS001986,personal,personal_standard,US,2025-10-22T00:00:00,medium
CUS001987,personal,personal_standard,US,2026-05-17T00:00:00,low
CUS001988,business,business_smb,IE,2024-05-07T00:00:00,low
CUS001989,business,business_smb,SG,2022-10-02T00:00:00,low
CUS001990,personal,personal_standard,GB,2023-05-25T00:00:00,low
CUS001991,business,business_smb,IE,2025-03-28T00:00:00,low
CUS001992,personal,personal_standard,FR,2025-02-01T00:00:00,low
CUS001993,personal,personal_standard,DE,2025-01-03T00:00:00,low
CUS001994,personal,personal_standard,NL,2023-10-18T00:00:00,medium
CUS001995,personal,personal_standard,US,2022-11-09T00:00:00,low
CUS001996,business,business_smb,IE,2022-03-19T00:00:00,low
CUS001997,personal,personal_standard,BR,2022-10-31T00:00:00,low
CUS001998,personal,personal_standard,PL,2024-07-09T00:00:00,high
CUS001999,business,business_smb,HU,2024-10-28T00:00:00,medium
CUS002000,personal,personal_standard,AE,2023-11-24T00:00:00,low
CUS002001,personal,personal_standard,FR,2025-07-04T00:00:00,low
CUS002002,personal,personal_standard,GB,2023-02-08T00:00:00,medium
CUS002003,business,business_scaleup,ES,2022-07-22T00:00:00,medium
CUS002004,personal,personal_standard,DE,2025-09-26T00:00:00,low
CUS002005,business,business_smb,BR,2023-04-12T00:00:00,low
CUS002006,personal,personal_standard,IE,2025-10-13T00:00:00,low
CUS002007,personal,personal_high_value,ES,2024-11-23T00:00:00,low
CUS002008,personal,personal_standard,NL,2022-01-26T00:00:00,low
CUS002009,business,business_smb,GB,2022-06-22T00:00:00,low
CUS002010,personal,personal_standard,NL,2023-12-04T00:00:00,medium
CUS002011,personal,personal_standard,NL,2022-06-23T00:00:00,low
CUS002012,personal,personal_standard,US,2024-03-06T00:00:00,low
CUS002013,business,business_scaleup,DE,2022-10-27T00:00:00,high
CUS002014,business,business_smb,US,2025-01-17T00:00:00,low
CUS002015,personal,personal_standard,DE,2026-03-02T00:00:00,medium
CUS002016,personal,personal_high_value,US,2024-04-16T00:00:00,low
CUS002017,personal,personal_high_value,GB,2023-03-02T00:00:00,low
CUS002018,personal,personal_standard,GB,2025-04-30T00:00:00,low
CUS002019,personal,personal_standard,ES,2024-03-17T00:00:00,low
CUS002020,personal,personal_standard,DE,2026-02-11T00:00:00,low
CUS002021,personal,personal_standard,ES,2022-01-28T00:00:00,low
CUS002022,personal,personal_standard,ES,2023-04-28T00:00:00,medium
CUS002023,personal,personal_standard,ES,2024-02-08T00:00:00,medium
CUS002024,business,business_smb,IE,2023-09-13T00:00:00,low
CUS002025,personal,personal_standard,DE,2025-09-07T00:00:00,low
CUS002026,personal,personal_standard,BR,2023-01-21T00:00:00,low
CUS002027,personal,personal_standard,CA,2025-10-04T00:00:00,low
CUS002028,personal,personal_high_value,SG,2026-05-03T00:00:00,medium
CUS002029,personal,personal_standard,DE,2022-02-06T00:00:00,low
CUS002030,business,business_smb,FR,2025-06-01T00:00:00,low
CUS002031,personal,personal_standard,IE,2025-05-12T00:00:00,medium
CUS002032,personal,personal_standard,CA,2023-01-16T00:00:00,medium
CUS002033,personal,personal_standard,BR,2024-02-16T00:00:00,low
CUS002034,business,business_scaleup,NL,2022-01-26T00:00:00,medium
CUS002035,personal,personal_standard,IE,2023-04-25T00:00:00,low
CUS002036,personal,personal_standard,AE,2025-11-07T00:00:00,medium
CUS002037,personal,personal_standard,PL,2025-07-17T00:00:00,low
CUS002038,business,business_scaleup,ES,2023-10-09T00:00:00,medium
CUS002039,business,business_smb,IE,2022-12-13T00:00:00,medium
CUS002040,personal,personal_high_value,US,2023-03-24T00:00:00,medium
CUS002041,personal,personal_standard,PL,2023-06-22T00:00:00,low
CUS002042,personal,personal_standard,NL,2024-03-27T00:00:00,medium
CUS002043,personal,personal_standard,BR,2022-05-01T00:00:00,medium
CUS002044,personal,personal_high_value,GB,2024-04-23T00:00:00,low
CUS002045,personal,personal_standard,NL,2024-06-12T00:00:00,low
CUS002046,personal,personal_standard,US,2022-05-14T00:00:00,medium
CUS002047,personal,personal_standard,ES,2024-02-12T00:00:00,low
CUS002048,business,business_smb,PL,2024-02-23T00:00:00,low
CUS002049,personal,personal_standard,US,2026-06-28T00:00:00,low
CUS002050,personal,personal_standard,ES,2022-08-14T00:00:00,low
CUS002051,personal,personal_standard,US,2025-01-19T00:00:00,low
CUS002052,personal,personal_standard,ES,2022-12-10T00:00:00,low
CUS002053,personal,personal_standard,DE,2025-11-20T00:00:00,medium
CUS002054,personal,personal_standard,IE,2023-07-18T00:00:00,medium
CUS002055,business,business_smb,GB,2026-05-30T00:00:00,low
CUS002056,personal,personal_standard,IE,2025-06-02T00:00:00,medium
CUS002057,personal,personal_standard,DE,2024-07-20T00:00:00,low
CUS002058,personal,personal_high_value,IE,2023-11-26T00:00:00,low
CUS002059,personal,personal_high_value,HU,2022-12-23T00:00:00,low
CUS002060,personal,personal_standard,FR,2026-03-17T00:00:00,low
CUS002061,personal,personal_standard,DE,2024-05-09T00:00:00,low
CUS002062,business,business_smb,BR,2025-04-02T00:00:00,medium
CUS002063,personal,personal_high_value,GB,2026-04-29T00:00:00,high
CUS002064,personal,personal_standard,DE,2023-11-13T00:00:00,low
CUS002065,personal,personal_standard,HU,2025-12-20T00:00:00,low
CUS002066,personal,personal_high_value,SG,2022-10-18T00:00:00,low
CUS002067,business,business_scaleup,GB,2026-03-29T00:00:00,low
CUS002068,business,business_smb,NL,2025-06-06T00:00:00,low
CUS002069,personal,personal_high_value,US,2025-03-11T00:00:00,low
CUS002070,personal,personal_high_value,IE,2024-07-24T00:00:00,low
CUS002071,personal,personal_standard,NL,2023-02-21T00:00:00,low
CUS002072,personal,personal_standard,US,2023-06-14T00:00:00,low
CUS002073,personal,personal_standard,SG,2022-11-23T00:00:00,low
CUS002074,personal,personal_high_value,DE,2022-03-21T00:00:00,low
CUS002075,personal,personal_standard,BR,2023-01-26T00:00:00,low
CUS002076,personal,personal_standard,HU,2022-12-09T00:00:00,low
CUS002077,business,business_scaleup,CA,2025-11-23T00:00:00,low
CUS002078,personal,personal_standard,DE,2022-09-02T00:00:00,low
CUS002079,personal,personal_standard,HU,2022-06-03T00:00:00,low
CUS002080,business,business_smb,BR,2023-03-15T00:00:00,low
CUS002081,business,business_smb,IE,2024-05-26T00:00:00,medium
CUS002082,personal,personal_standard,GB,2022-01-16T00:00:00,low
CUS002083,personal,personal_standard,DE,2024-10-01T00:00:00,low
CUS002084,personal,personal_standard,DE,2024-05-09T00:00:00,medium
CUS002085,business,business_smb,NL,2022-01-17T00:00:00,low
CUS002086,personal,personal_high_value,FR,2024-12-29T00:00:00,low
CUS002087,personal,personal_standard,AE,2024-07-28T00:00:00,medium
CUS002088,personal,personal_high_value,HU,2025-07-29T00:00:00,medium
CUS002089,personal,personal_high_value,GB,2023-08-23T00:00:00,low
CUS002090,personal,personal_standard,GB,2022-11-30T00:00:00,low
CUS002091,personal,personal_standard,BR,2025-12-25T00:00:00,medium
CUS002092,personal,personal_standard,GB,2023-05-03T00:00:00,low
CUS002093,personal,personal_standard,ES,2023-04-24T00:00:00,low
CUS002094,business,business_smb,SG,2026-05-29T00:00:00,low
CUS002095,personal,personal_standard,SG,2023-03-04T00:00:00,medium
CUS002096,personal,personal_standard,ES,2022-03-30T00:00:00,low
CUS002097,personal,personal_standard,GB,2023-11-02T00:00:00,medium
CUS002098,personal,personal_standard,US,2024-08-22T00:00:00,medium
CUS002099,personal,personal_standard,US,2024-05-14T00:00:00,medium
CUS002100,personal,personal_standard,IE,2024-07-19T00:00:00,low
CUS002101,personal,personal_standard,IE,2025-06-27T00:00:00,low
CUS002102,personal,personal_standard,FR,2023-11-13T00:00:00,low
CUS002103,personal,personal_standard,HU,2023-04-05T00:00:00,low
CUS002104,personal,personal_standard,ES,2024-07-14T00:00:00,low
CUS002105,personal,personal_standard,FR,2022-02-28T00:00:00,low
CUS002106,business,business_smb,US,2022-08-25T00:00:00,low
CUS002107,personal,personal_standard,PL,2024-07-22T00:00:00,low
CUS002108,personal,personal_standard,PL,2022-08-09T00:00:00,low
CUS002109,personal,personal_standard,CA,2022-08-31T00:00:00,low
CUS002110,business,business_scaleup,HU,2025-10-30T00:00:00,medium
CUS002111,personal,personal_standard,SG,2025-01-25T00:00:00,medium
CUS002112,personal,personal_standard,BR,2024-09-05T00:00:00,medium
CUS002113,personal,personal_standard,FR,2026-01-11T00:00:00,low
CUS002114,personal,personal_high_value,GB,2023-12-14T00:00:00,medium
CUS002115,personal,personal_standard,DE,2026-01-04T00:00:00,low
CUS002116,business,business_scaleup,US,2023-09-10T00:00:00,medium
CUS002117,personal,personal_high_value,ES,2025-11-12T00:00:00,low
CUS002118,personal,personal_standard,AE,2023-04-06T00:00:00,low
CUS002119,business,business_scaleup,SG,2024-04-16T00:00:00,medium
CUS002120,personal,personal_standard,US,2024-12-19T00:00:00,low
CUS002121,personal,personal_high_value,FR,2025-05-15T00:00:00,low
CUS002122,personal,personal_standard,CA,2024-05-11T00:00:00,low
CUS002123,personal,personal_high_value,CA,2025-01-21T00:00:00,low
CUS002124,business,business_scaleup,ES,2023-12-23T00:00:00,low
CUS002125,personal,personal_standard,DE,2022-05-18T00:00:00,low
CUS002126,business,business_scaleup,US,2023-03-19T00:00:00,medium
CUS002127,personal,personal_high_value,GB,2023-07-07T00:00:00,medium
CUS002128,personal,personal_standard,ES,2023-10-13T00:00:00,low
CUS002129,business,business_scaleup,BR,2024-05-20T00:00:00,low
CUS002130,personal,personal_high_value,CA,2022-02-07T00:00:00,low
CUS002131,personal,personal_high_value,US,2026-06-26T00:00:00,medium
CUS002132,personal,personal_standard,US,2025-01-24T00:00:00,low
CUS002133,personal,personal_standard,BR,2022-07-13T00:00:00,low
CUS002134,business,business_scaleup,IE,2023-01-23T00:00:00,low
CUS002135,business,business_smb,GB,2025-07-23T00:00:00,medium
CUS002136,personal,personal_standard,BR,2026-04-24T00:00:00,low
CUS002137,personal,personal_standard,GB,2022-04-03T00:00:00,low
CUS002138,business,business_smb,NL,2022-12-10T00:00:00,low
CUS002139,personal,personal_high_value,GB,2023-09-12T00:00:00,low
CUS002140,business,business_smb,US,2023-12-17T00:00:00,low
CUS002141,personal,personal_standard,US,2025-12-29T00:00:00,low
CUS002142,personal,personal_standard,DE,2024-01-30T00:00:00,low
CUS002143,personal,personal_standard,DE,2025-06-15T00:00:00,medium
CUS002144,business,business_smb,AE,2023-04-23T00:00:00,low
CUS002145,personal,personal_standard,US,2025-05-25T00:00:00,medium
CUS002146,personal,personal_standard,ES,2024-06-22T00:00:00,low
CUS002147,personal,personal_high_value,FR,2024-01-26T00:00:00,low
CUS002148,personal,personal_standard,DE,2024-12-18T00:00:00,low
CUS002149,business,business_smb,US,2023-09-23T00:00:00,medium
CUS002150,personal,personal_standard,DE,2023-11-23T00:00:00,low
CUS002151,personal,personal_standard,DE,2023-08-27T00:00:00,low
CUS002152,business,business_smb,BR,2025-10-03T00:00:00,low
CUS002153,personal,personal_standard,PL,2025-01-25T00:00:00,low
CUS002154,personal,personal_standard,SG,2026-03-20T00:00:00,low
CUS002155,personal,personal_standard,ES,2022-11-27T00:00:00,low
CUS002156,business,business_smb,BR,2025-09-25T00:00:00,low
CUS002157,personal,personal_standard,US,2024-03-22T00:00:00,medium
CUS002158,personal,personal_high_value,US,2022-09-01T00:00:00,medium
CUS002159,personal,personal_standard,DE,2023-03-18T00:00:00,medium
CUS002160,personal,personal_standard,GB,2023-06-26T00:00:00,low
CUS002161,personal,personal_standard,GB,2026-06-09T00:00:00,medium
CUS002162,personal,personal_standard,DE,2023-04-16T00:00:00,medium
CUS002163,business,business_smb,ES,2022-07-21T00:00:00,low
CUS002164,business,business_smb,GB,2024-06-15T00:00:00,low
CUS002165,personal,personal_standard,GB,2025-07-03T00:00:00,medium
CUS002166,personal,personal_standard,FR,2026-03-15T00:00:00,low
CUS002167,personal,personal_standard,US,2022-08-31T00:00:00,medium
CUS002168,personal,personal_high_value,GB,2022-01-05T00:00:00,low
CUS002169,personal,personal_standard,CA,2024-06-28T00:00:00,low
CUS002170,personal,personal_standard,GB,2024-06-24T00:00:00,low
CUS002171,personal,personal_high_value,GB,2023-02-25T00:00:00,medium
CUS002172,personal,personal_high_value,AE,2024-12-26T00:00:00,low
CUS002173,personal,personal_standard,BR,2024-06-07T00:00:00,low
CUS002174,personal,personal_standard,DE,2022-10-20T00:00:00,medium
CUS002175,personal,personal_standard,PL,2023-04-08T00:00:00,low
CUS002176,business,business_smb,CA,2024-03-25T00:00:00,low
CUS002177,business,business_smb,US,2025-04-03T00:00:00,low
CUS002178,personal,personal_standard,US,2024-06-04T00:00:00,medium
CUS002179,personal,personal_standard,GB,2025-10-02T00:00:00,low
CUS002180,personal,personal_standard,GB,2022-09-05T00:00:00,low
CUS002181,personal,personal_standard,BR,2023-09-14T00:00:00,low
CUS002182,personal,personal_standard,DE,2022-02-28T00:00:00,low
CUS002183,personal,personal_standard,GB,2024-04-23T00:00:00,medium
CUS002184,business,business_smb,GB,2022-04-05T00:00:00,low
CUS002185,personal,personal_standard,ES,2025-10-23T00:00:00,low
CUS002186,personal,personal_standard,BR,2023-07-09T00:00:00,low
CUS002187,business,business_smb,GB,2023-11-23T00:00:00,low
CUS002188,business,business_smb,GB,2023-08-08T00:00:00,low
CUS002189,personal,personal_high_value,IE,2022-05-02T00:00:00,medium
CUS002190,personal,personal_standard,FR,2022-12-23T00:00:00,low
CUS002191,business,business_smb,US,2025-11-13T00:00:00,low
CUS002192,personal,personal_standard,FR,2023-08-21T00:00:00,low
CUS002193,personal,personal_standard,ES,2022-07-14T00:00:00,low
CUS002194,business,business_smb,BR,2023-12-01T00:00:00,medium
CUS002195,personal,personal_standard,DE,2023-06-23T00:00:00,low
CUS002196,personal,personal_standard,GB,2026-04-23T00:00:00,low
CUS002197,personal,personal_standard,US,2022-03-12T00:00:00,low
CUS002198,business,business_scaleup,NL,2026-04-06T00:00:00,medium
CUS002199,personal,personal_high_value,US,2023-04-28T00:00:00,medium
CUS002200,personal,personal_standard,ES,2022-04-01T00:00:00,low
CUS002201,personal,personal_standard,BR,2024-06-15T00:00:00,low
CUS002202,business,business_smb,IE,2026-06-07T00:00:00,medium
CUS002203,personal,personal_standard,GB,2022-04-04T00:00:00,low
CUS002204,personal,personal_standard,NL,2025-01-23T00:00:00,low
CUS002205,business,business_smb,US,2025-04-13T00:00:00,low
CUS002206,personal,personal_standard,GB,2026-06-26T00:00:00,low
CUS002207,personal,personal_standard,DE,2026-04-07T00:00:00,low
CUS002208,personal,personal_standard,IE,2025-04-14T00:00:00,low
CUS002209,personal,personal_standard,ES,2022-05-01T00:00:00,medium
CUS002210,personal,personal_standard,BR,2023-08-04T00:00:00,low
CUS002211,personal,personal_standard,US,2024-02-12T00:00:00,low
CUS002212,personal,personal_standard,US,2024-03-17T00:00:00,low
CUS002213,personal,personal_high_value,IE,2025-07-18T00:00:00,low
CUS002214,business,business_smb,ES,2022-09-15T00:00:00,low
CUS002215,personal,personal_standard,GB,2024-07-10T00:00:00,low
CUS002216,business,business_smb,DE,2024-09-08T00:00:00,low
CUS002217,personal,personal_standard,BR,2025-02-19T00:00:00,medium
CUS002218,personal,personal_high_value,HU,2026-04-13T00:00:00,low
CUS002219,personal,personal_standard,US,2024-08-13T00:00:00,low
CUS002220,business,business_scaleup,ES,2026-04-30T00:00:00,low
CUS002221,personal,personal_standard,DE,2022-02-01T00:00:00,low
CUS002222,personal,personal_standard,AE,2024-09-06T00:00:00,medium
CUS002223,personal,personal_standard,DE,2024-10-11T00:00:00,low
CUS002224,personal,personal_standard,DE,2025-01-31T00:00:00,low
CUS002225,personal,personal_high_value,US,2022-05-16T00:00:00,low
CUS002226,personal,personal_standard,BR,2025-05-20T00:00:00,low
CUS002227,personal,personal_standard,BR,2024-04-23T00:00:00,low
CUS002228,personal,personal_standard,US,2022-02-08T00:00:00,medium
CUS002229,personal,personal_standard,NL,2025-09-14T00:00:00,medium
CUS002230,personal,personal_standard,IE,2025-01-18T00:00:00,low
CUS002231,business,business_smb,DE,2024-02-29T00:00:00,low
CUS002232,personal,personal_standard,GB,2022-08-31T00:00:00,low
CUS002233,personal,personal_standard,GB,2022-01-16T00:00:00,low
CUS002234,personal,personal_standard,GB,2025-04-20T00:00:00,medium
CUS002235,personal,personal_standard,HU,2024-06-29T00:00:00,medium
CUS002236,business,business_smb,US,2024-06-08T00:00:00,low
CUS002237,personal,personal_high_value,PL,2026-06-26T00:00:00,low
CUS002238,personal,personal_high_value,DE,2022-01-14T00:00:00,low
CUS002239,personal,personal_standard,CA,2023-03-12T00:00:00,medium
CUS002240,personal,personal_high_value,IE,2025-04-21T00:00:00,medium
CUS002241,business,business_smb,ES,2024-10-25T00:00:00,low
CUS002242,personal,personal_standard,SG,2026-03-18T00:00:00,low
CUS002243,personal,personal_standard,FR,2022-05-06T00:00:00,low
CUS002244,personal,personal_standard,CA,2025-03-09T00:00:00,low
CUS002245,personal,personal_high_value,US,2025-01-15T00:00:00,medium
CUS002246,personal,personal_standard,DE,2025-11-22T00:00:00,medium
CUS002247,personal,personal_standard,US,2026-05-30T00:00:00,medium
CUS002248,personal,personal_standard,PL,2023-08-25T00:00:00,low
CUS002249,personal,personal_standard,NL,2026-03-22T00:00:00,low
CUS002250,business,business_smb,ES,2025-12-14T00:00:00,low
CUS002251,personal,personal_standard,IE,2025-12-28T00:00:00,low
CUS002252,personal,personal_standard,GB,2023-05-07T00:00:00,high
CUS002253,business,business_smb,CA,2024-03-28T00:00:00,low
CUS002254,personal,personal_standard,CA,2023-02-02T00:00:00,low
CUS002255,personal,personal_high_value,BR,2023-12-22T00:00:00,low
CUS002256,personal,personal_standard,SG,2026-03-23T00:00:00,low
CUS002257,personal,personal_standard,US,2023-08-14T00:00:00,low
CUS002258,personal,personal_standard,US,2024-08-29T00:00:00,low
CUS002259,personal,personal_standard,GB,2023-01-21T00:00:00,low
CUS002260,personal,personal_standard,GB,2025-12-25T00:00:00,low
CUS002261,personal,personal_standard,DE,2025-07-10T00:00:00,medium
CUS002262,personal,personal_high_value,DE,2022-07-28T00:00:00,low
CUS002263,personal,personal_standard,PL,2022-10-08T00:00:00,low
CUS002264,personal,personal_standard,GB,2025-12-18T00:00:00,medium
CUS002265,personal,personal_standard,IE,2023-07-24T00:00:00,low
CUS002266,personal,personal_high_value,DE,2023-03-13T00:00:00,medium
CUS002267,personal,personal_standard,DE,2024-12-23T00:00:00,low
CUS002268,personal,personal_standard,ES,2025-05-16T00:00:00,medium
CUS002269,personal,personal_high_value,DE,2025-03-03T00:00:00,low
CUS002270,business,business_smb,BR,2024-12-05T00:00:00,medium
CUS002271,personal,personal_standard,GB,2024-04-27T00:00:00,medium
CUS002272,personal,personal_standard,DE,2026-02-26T00:00:00,high
CUS002273,personal,personal_high_value,CA,2025-03-28T00:00:00,low
CUS002274,personal,personal_high_value,AE,2022-06-27T00:00:00,medium
CUS002275,business,business_smb,ES,2023-02-18T00:00:00,low
CUS002276,personal,personal_standard,DE,2025-05-13T00:00:00,low
CUS002277,personal,personal_standard,ES,2022-01-01T00:00:00,low
CUS002278,business,business_smb,FR,2024-01-07T00:00:00,low
CUS002279,business,business_smb,DE,2024-11-07T00:00:00,low
CUS002280,personal,personal_standard,AE,2024-04-26T00:00:00,low
CUS002281,personal,personal_standard,NL,2025-07-22T00:00:00,low
CUS002282,business,business_smb,DE,2026-03-14T00:00:00,low
CUS002283,business,business_smb,GB,2025-01-21T00:00:00,low
CUS002284,personal,personal_high_value,US,2023-11-19T00:00:00,low
CUS002285,personal,personal_standard,GB,2026-05-03T00:00:00,medium
CUS002286,personal,personal_high_value,DE,2024-03-14T00:00:00,medium
CUS002287,personal,personal_standard,PL,2023-02-02T00:00:00,low
CUS002288,personal,personal_high_value,IE,2025-01-14T00:00:00,low
CUS002289,personal,personal_standard,BR,2025-06-29T00:00:00,medium
CUS002290,personal,personal_standard,ES,2025-07-05T00:00:00,low
CUS002291,personal,personal_standard,IE,2024-05-28T00:00:00,low
CUS002292,personal,personal_standard,FR,2026-01-30T00:00:00,low
CUS002293,personal,personal_standard,CA,2024-01-29T00:00:00,low
CUS002294,personal,personal_standard,US,2025-09-08T00:00:00,low
CUS002295,personal,personal_standard,DE,2026-04-19T00:00:00,medium
CUS002296,personal,personal_standard,US,2025-08-02T00:00:00,low
CUS002297,personal,personal_high_value,PL,2024-07-18T00:00:00,low
CUS002298,business,business_smb,PL,2024-03-22T00:00:00,low
CUS002299,personal,personal_standard,US,2023-07-20T00:00:00,low
CUS002300,personal,personal_standard,GB,2022-07-27T00:00:00,low
CUS002301,personal,personal_high_value,HU,2025-04-04T00:00:00,medium
CUS002302,personal,personal_high_value,DE,2024-12-02T00:00:00,low
CUS002303,personal,personal_standard,PL,2026-01-10T00:00:00,low
CUS002304,business,business_smb,BR,2026-01-18T00:00:00,medium
CUS002305,personal,personal_standard,US,2023-05-09T00:00:00,low
CUS002306,personal,personal_standard,ES,2026-02-09T00:00:00,low
CUS002307,personal,personal_standard,US,2022-06-14T00:00:00,low
CUS002308,personal,personal_standard,GB,2022-06-09T00:00:00,low
CUS002309,business,business_scaleup,FR,2022-01-26T00:00:00,medium
CUS002310,personal,personal_high_value,NL,2025-06-29T00:00:00,low
CUS002311,personal,personal_standard,US,2024-01-27T00:00:00,low
CUS002312,personal,personal_standard,DE,2024-06-08T00:00:00,low
CUS002313,personal,personal_standard,PL,2022-08-24T00:00:00,low
CUS002314,personal,personal_high_value,PL,2023-01-25T00:00:00,medium
CUS002315,personal,personal_standard,CA,2025-12-27T00:00:00,low
CUS002316,personal,personal_standard,AE,2022-05-15T00:00:00,medium
CUS002317,personal,personal_standard,AE,2024-04-18T00:00:00,medium
CUS002318,personal,personal_standard,US,2022-01-11T00:00:00,low
CUS002319,personal,personal_standard,US,2024-04-07T00:00:00,low
CUS002320,personal,personal_standard,HU,2024-03-11T00:00:00,low
CUS002321,personal,personal_standard,SG,2025-10-08T00:00:00,medium
CUS002322,personal,personal_standard,ES,2022-03-30T00:00:00,medium
CUS002323,personal,personal_high_value,US,2023-01-31T00:00:00,high
CUS002324,personal,personal_standard,CA,2022-09-16T00:00:00,low
CUS002325,personal,personal_high_value,GB,2026-06-13T00:00:00,low
CUS002326,personal,personal_standard,BR,2024-03-05T00:00:00,medium
CUS002327,personal,personal_standard,GB,2022-08-05T00:00:00,low
CUS002328,personal,personal_standard,GB,2025-07-05T00:00:00,low
CUS002329,personal,personal_high_value,US,2024-04-06T00:00:00,medium
CUS002330,personal,personal_standard,ES,2023-11-21T00:00:00,low
CUS002331,personal,personal_standard,US,2023-09-02T00:00:00,low
CUS002332,personal,personal_standard,DE,2026-03-10T00:00:00,low
CUS002333,personal,personal_standard,US,2023-04-11T00:00:00,medium
CUS002334,personal,personal_standard,IE,2026-02-02T00:00:00,low
CUS002335,business,business_scaleup,GB,2023-07-03T00:00:00,low
CUS002336,personal,personal_standard,NL,2023-05-13T00:00:00,low
CUS002337,personal,personal_standard,DE,2022-01-17T00:00:00,low
CUS002338,business,business_smb,CA,2023-02-02T00:00:00,low
CUS002339,personal,personal_standard,GB,2026-02-13T00:00:00,low
CUS002340,business,business_smb,GB,2022-07-24T00:00:00,low
CUS002341,personal,personal_standard,GB,2024-02-29T00:00:00,low
CUS002342,personal,personal_standard,NL,2026-04-18T00:00:00,medium
CUS002343,business,business_scaleup,ES,2022-12-26T00:00:00,medium
CUS002344,personal,personal_standard,US,2024-01-14T00:00:00,low
CUS002345,personal,personal_high_value,US,2024-03-16T00:00:00,low
CUS002346,personal,personal_standard,DE,2023-09-04T00:00:00,low
CUS002347,personal,personal_high_value,AE,2022-07-03T00:00:00,medium
CUS002348,personal,personal_standard,ES,2022-01-31T00:00:00,medium
CUS002349,personal,personal_standard,PL,2024-09-14T00:00:00,low
CUS002350,personal,personal_high_value,ES,2023-05-05T00:00:00,medium
CUS002351,personal,personal_standard,ES,2025-04-07T00:00:00,medium
CUS002352,personal,personal_standard,US,2026-05-05T00:00:00,low
CUS002353,personal,personal_standard,FR,2023-05-19T00:00:00,low
CUS002354,personal,personal_high_value,DE,2022-04-24T00:00:00,low
CUS002355,personal,personal_standard,US,2025-01-07T00:00:00,low
CUS002356,personal,personal_standard,DE,2025-10-11T00:00:00,low
CUS002357,personal,personal_standard,GB,2025-11-28T00:00:00,low
CUS002358,personal,personal_standard,GB,2025-06-08T00:00:00,high
CUS002359,personal,personal_standard,GB,2025-06-02T00:00:00,medium
CUS002360,personal,personal_standard,US,2025-09-20T00:00:00,medium
CUS002361,personal,personal_standard,US,2023-05-20T00:00:00,medium
CUS002362,personal,personal_standard,NL,2025-12-24T00:00:00,low
CUS002363,personal,personal_standard,BR,2023-02-12T00:00:00,low
CUS002364,business,business_smb,CA,2022-11-14T00:00:00,low
CUS002365,personal,personal_standard,GB,2024-08-11T00:00:00,low
CUS002366,personal,personal_standard,BR,2024-06-09T00:00:00,medium
CUS002367,business,business_scaleup,US,2022-12-29T00:00:00,medium
CUS002368,personal,personal_standard,DE,2026-02-28T00:00:00,low
CUS002369,personal,personal_standard,DE,2025-02-28T00:00:00,low
CUS002370,personal,personal_standard,DE,2024-07-04T00:00:00,low
CUS002371,personal,personal_standard,DE,2022-07-11T00:00:00,medium
CUS002372,personal,personal_standard,IE,2024-09-10T00:00:00,low
CUS002373,personal,personal_standard,DE,2024-11-19T00:00:00,low
CUS002374,business,business_smb,US,2025-02-12T00:00:00,low
CUS002375,personal,personal_standard,NL,2023-03-26T00:00:00,medium
CUS002376,personal,personal_standard,ES,2022-03-12T00:00:00,low
CUS002377,personal,personal_high_value,ES,2023-08-31T00:00:00,low
CUS002378,personal,personal_standard,NL,2022-07-27T00:00:00,medium
CUS002379,business,business_smb,BR,2026-02-02T00:00:00,low
CUS002380,business,business_smb,ES,2024-10-27T00:00:00,low
CUS002381,personal,personal_high_value,PL,2022-05-01T00:00:00,low
CUS002382,personal,personal_high_value,US,2024-05-22T00:00:00,low
CUS002383,personal,personal_standard,GB,2025-10-27T00:00:00,low
CUS002384,personal,personal_high_value,GB,2026-03-04T00:00:00,low
CUS002385,business,business_smb,PL,2025-05-23T00:00:00,low
CUS002386,business,business_scaleup,PL,2024-10-30T00:00:00,medium
CUS002387,business,business_smb,DE,2023-02-19T00:00:00,low
CUS002388,business,business_scaleup,DE,2024-10-01T00:00:00,medium
CUS002389,personal,personal_standard,GB,2023-04-09T00:00:00,medium
CUS002390,business,business_smb,NL,2023-04-17T00:00:00,low
CUS002391,personal,personal_standard,GB,2024-12-06T00:00:00,low
CUS002392,personal,personal_standard,ES,2024-06-18T00:00:00,low
CUS002393,business,business_smb,GB,2025-08-13T00:00:00,low
CUS002394,personal,personal_standard,BR,2022-05-14T00:00:00,medium
CUS002395,business,business_smb,IE,2024-11-03T00:00:00,low
CUS002396,business,business_smb,FR,2023-07-17T00:00:00,medium
CUS002397,personal,personal_standard,ES,2024-04-29T00:00:00,medium
CUS002398,personal,personal_standard,GB,2022-03-20T00:00:00,medium
CUS002399,business,business_smb,DE,2023-09-26T00:00:00,low
CUS002400,personal,personal_standard,CA,2025-02-16T00:00:00,medium
CUS002401,personal,personal_high_value,BR,2026-03-30T00:00:00,low
CUS002402,personal,personal_standard,GB,2023-11-21T00:00:00,low
CUS002403,personal,personal_standard,IE,2024-12-11T00:00:00,low
CUS002404,personal,personal_standard,ES,2024-12-26T00:00:00,low
CUS002405,personal,personal_standard,ES,2023-12-02T00:00:00,low
CUS002406,business,business_smb,FR,2025-09-05T00:00:00,medium
CUS002407,personal,personal_standard,CA,2024-03-03T00:00:00,medium
CUS002408,personal,personal_standard,NL,2024-08-25T00:00:00,low
CUS002409,personal,personal_standard,GB,2022-01-06T00:00:00,low
CUS002410,personal,personal_high_value,IE,2024-08-08T00:00:00,low
CUS002411,personal,personal_standard,DE,2025-12-05T00:00:00,medium
CUS002412,personal,personal_standard,US,2025-03-21T00:00:00,low
CUS002413,personal,personal_high_value,SG,2024-07-01T00:00:00,medium
CUS002414,business,business_smb,AE,2026-04-20T00:00:00,medium
CUS002415,business,business_smb,IE,2022-05-13T00:00:00,low
CUS002416,personal,personal_standard,FR,2024-02-01T00:00:00,medium
CUS002417,business,business_smb,DE,2026-06-03T00:00:00,low
CUS002418,personal,personal_standard,SG,2026-05-27T00:00:00,medium
CUS002419,personal,personal_standard,GB,2024-02-26T00:00:00,medium
CUS002420,personal,personal_standard,PL,2023-06-09T00:00:00,low
CUS002421,personal,personal_high_value,US,2023-01-27T00:00:00,low
CUS002422,business,business_smb,IE,2023-09-09T00:00:00,low
CUS002423,personal,personal_standard,HU,2025-07-21T00:00:00,medium
CUS002424,personal,personal_standard,US,2026-06-10T00:00:00,low
CUS002425,personal,personal_standard,IE,2024-01-31T00:00:00,low
CUS002426,personal,personal_standard,US,2025-02-20T00:00:00,low
CUS002427,personal,personal_standard,ES,2024-12-01T00:00:00,medium
CUS002428,business,business_smb,PL,2024-08-04T00:00:00,low
CUS002429,personal,personal_standard,IE,2022-03-13T00:00:00,low
CUS002430,personal,personal_standard,US,2024-09-26T00:00:00,low
CUS002431,personal,personal_standard,DE,2023-08-19T00:00:00,medium
CUS002432,personal,personal_standard,PL,2022-02-13T00:00:00,low
CUS002433,personal,personal_standard,US,2024-09-22T00:00:00,low
CUS002434,personal,personal_standard,GB,2023-03-22T00:00:00,low
CUS002435,personal,personal_high_value,BR,2024-10-09T00:00:00,low
CUS002436,personal,personal_high_value,IE,2025-04-26T00:00:00,low
CUS002437,business,business_smb,IE,2022-05-22T00:00:00,medium
CUS002438,personal,personal_standard,GB,2024-06-11T00:00:00,low
CUS002439,personal,personal_standard,GB,2025-01-06T00:00:00,low
CUS002440,business,business_smb,ES,2025-06-05T00:00:00,medium
CUS002441,personal,personal_high_value,DE,2023-08-04T00:00:00,medium
CUS002442,business,business_smb,US,2024-07-31T00:00:00,low
CUS002443,personal,personal_standard,NL,2026-03-17T00:00:00,medium
CUS002444,personal,personal_high_value,DE,2025-10-16T00:00:00,medium
CUS002445,business,business_scaleup,IE,2025-02-25T00:00:00,low
CUS002446,personal,personal_standard,BR,2023-07-17T00:00:00,medium
CUS002447,personal,personal_high_value,BR,2025-01-25T00:00:00,low
CUS002448,business,business_smb,GB,2022-03-16T00:00:00,low
CUS002449,business,business_smb,US,2026-05-21T00:00:00,low
CUS002450,personal,personal_standard,US,2025-04-02T00:00:00,medium
CUS002451,personal,personal_high_value,AE,2024-03-06T00:00:00,low
CUS002452,personal,personal_standard,GB,2022-08-11T00:00:00,low
CUS002453,personal,personal_standard,IE,2026-02-07T00:00:00,low
CUS002454,personal,personal_standard,US,2023-05-16T00:00:00,low
CUS002455,business,business_smb,SG,2023-10-15T00:00:00,low
CUS002456,personal,personal_standard,US,2025-01-23T00:00:00,medium
CUS002457,personal,personal_standard,FR,2024-02-05T00:00:00,low
CUS002458,personal,personal_standard,SG,2026-03-22T00:00:00,low
CUS002459,business,business_smb,US,2025-06-24T00:00:00,low
CUS002460,business,business_smb,ES,2022-08-28T00:00:00,low
CUS002461,personal,personal_standard,US,2022-10-20T00:00:00,low
CUS002462,business,business_smb,GB,2025-03-26T00:00:00,low
CUS002463,business,business_smb,DE,2025-01-07T00:00:00,low
CUS002464,personal,personal_standard,AE,2025-05-24T00:00:00,medium
CUS002465,personal,personal_standard,GB,2022-05-18T00:00:00,medium
CUS002466,personal,personal_high_value,ES,2023-07-02T00:00:00,low
CUS002467,personal,personal_standard,DE,2025-02-22T00:00:00,medium
CUS002468,personal,personal_standard,BR,2025-05-16T00:00:00,medium
CUS002469,personal,personal_standard,GB,2023-09-06T00:00:00,high
CUS002470,personal,personal_standard,ES,2024-10-06T00:00:00,low
CUS002471,personal,personal_standard,GB,2025-10-25T00:00:00,high
CUS002472,personal,personal_standard,CA,2023-04-03T00:00:00,low
CUS002473,personal,personal_standard,GB,2022-11-23T00:00:00,medium
CUS002474,personal,personal_high_value,IE,2022-04-06T00:00:00,medium
CUS002475,personal,personal_standard,GB,2024-03-08T00:00:00,low
CUS002476,personal,personal_standard,GB,2022-11-10T00:00:00,low
CUS002477,personal,personal_standard,HU,2022-04-23T00:00:00,low
CUS002478,personal,personal_standard,ES,2025-09-12T00:00:00,low
CUS002479,personal,personal_standard,GB,2023-09-10T00:00:00,low
CUS002480,business,business_scaleup,SG,2023-02-08T00:00:00,low
CUS002481,personal,personal_standard,IE,2022-05-31T00:00:00,low
CUS002482,business,business_smb,GB,2024-02-28T00:00:00,low
CUS002483,personal,personal_standard,GB,2022-07-24T00:00:00,low
CUS002484,personal,personal_standard,GB,2022-10-22T00:00:00,low
CUS002485,business,business_scaleup,FR,2023-04-09T00:00:00,medium
CUS002486,personal,personal_standard,SG,2022-02-03T00:00:00,medium
CUS002487,personal,personal_standard,GB,2023-11-26T00:00:00,low
CUS002488,personal,personal_standard,PL,2025-12-11T00:00:00,medium
CUS002489,personal,personal_high_value,HU,2023-02-15T00:00:00,medium
CUS002490,personal,personal_standard,US,2025-05-06T00:00:00,low
CUS002491,personal,personal_standard,PL,2022-06-19T00:00:00,medium
CUS002492,personal,personal_high_value,ES,2023-12-13T00:00:00,medium
CUS002493,personal,personal_standard,DE,2024-12-21T00:00:00,low
CUS002494,business,business_smb,IE,2022-02-22T00:00:00,low
CUS002495,personal,personal_standard,US,2024-03-11T00:00:00,low
CUS002496,personal,personal_standard,IE,2024-02-11T00:00:00,low
CUS002497,personal,personal_standard,GB,2024-07-20T00:00:00,low
CUS002498,personal,personal_standard,GB,2023-06-09T00:00:00,low
CUS002499,personal,personal_high_value,DE,2024-06-30T00:00:00,low
CUS002500,personal,personal_standard,CA,2025-12-26T00:00:00,low
CUS002501,personal,personal_standard,ES,2024-05-30T00:00:00,medium
CUS002502,personal,personal_standard,SG,2024-07-04T00:00:00,low
CUS002503,business,business_smb,GB,2022-01-27T00:00:00,medium
CUS002504,business,business_scaleup,DE,2025-10-02T00:00:00,low
CUS002505,personal,personal_standard,ES,2025-06-30T00:00:00,low
CUS002506,personal,personal_standard,ES,2022-11-16T00:00:00,low
CUS002507,personal,personal_standard,GB,2022-07-02T00:00:00,low
CUS002508,personal,personal_high_value,DE,2024-01-29T00:00:00,medium
CUS002509,business,business_smb,AE,2025-04-05T00:00:00,low
CUS002510,personal,personal_standard,CA,2023-06-07T00:00:00,medium
CUS002511,personal,personal_standard,GB,2024-10-06T00:00:00,medium
CUS002512,personal,personal_standard,PL,2025-06-02T00:00:00,low
CUS002513,business,business_smb,GB,2023-11-02T00:00:00,low
CUS002514,business,business_scaleup,PL,2022-07-06T00:00:00,low
CUS002515,personal,personal_standard,DE,2026-03-03T00:00:00,medium
CUS002516,personal,personal_standard,PL,2024-08-21T00:00:00,low
CUS002517,personal,personal_standard,DE,2022-01-08T00:00:00,high
CUS002518,personal,personal_standard,FR,2024-04-19T00:00:00,low
CUS002519,personal,personal_high_value,DE,2025-10-14T00:00:00,low
CUS002520,personal,personal_standard,DE,2026-03-15T00:00:00,low
CUS002521,business,business_smb,US,2024-04-18T00:00:00,medium
CUS002522,personal,personal_high_value,US,2024-08-21T00:00:00,low
CUS002523,personal,personal_standard,US,2024-01-26T00:00:00,medium
CUS002524,personal,personal_standard,US,2023-09-10T00:00:00,low
CUS002525,personal,personal_standard,DE,2022-02-25T00:00:00,low
CUS002526,personal,personal_standard,HU,2025-11-06T00:00:00,medium
CUS002527,personal,personal_high_value,HU,2025-05-20T00:00:00,low
CUS002528,business,business_smb,ES,2023-03-18T00:00:00,medium
CUS002529,personal,personal_high_value,ES,2023-05-01T00:00:00,low
CUS002530,business,business_scaleup,DE,2022-10-24T00:00:00,low
CUS002531,personal,personal_standard,BR,2024-12-29T00:00:00,low
CUS002532,personal,personal_high_value,DE,2025-02-19T00:00:00,low
CUS002533,personal,personal_high_value,US,2022-07-27T00:00:00,low
CUS002534,business,business_scaleup,FR,2024-03-28T00:00:00,low
CUS002535,personal,personal_high_value,ES,2022-03-11T00:00:00,low
CUS002536,business,business_smb,PL,2023-07-31T00:00:00,medium
CUS002537,business,business_scaleup,FR,2025-08-22T00:00:00,low
CUS002538,business,business_smb,FR,2026-03-06T00:00:00,medium
CUS002539,personal,personal_standard,GB,2024-12-15T00:00:00,low
CUS002540,business,business_smb,GB,2022-04-13T00:00:00,low
CUS002541,business,business_scaleup,CA,2022-01-20T00:00:00,low
CUS002542,personal,personal_standard,US,2024-05-06T00:00:00,low
CUS002543,personal,personal_standard,FR,2024-08-25T00:00:00,low
CUS002544,personal,personal_standard,GB,2025-01-26T00:00:00,low
CUS002545,personal,personal_standard,US,2023-03-30T00:00:00,low
CUS002546,personal,personal_standard,ES,2023-10-30T00:00:00,low
CUS002547,personal,personal_standard,BR,2022-12-14T00:00:00,medium
CUS002548,personal,personal_standard,PL,2024-03-17T00:00:00,low
CUS002549,business,business_smb,ES,2023-09-13T00:00:00,low
CUS002550,personal,personal_high_value,DE,2022-07-15T00:00:00,low
CUS002551,personal,personal_standard,IE,2022-12-28T00:00:00,low
CUS002552,personal,personal_standard,BR,2023-10-16T00:00:00,low
CUS002553,personal,personal_standard,DE,2025-01-05T00:00:00,high
CUS002554,personal,personal_high_value,IE,2026-04-11T00:00:00,low
CUS002555,business,business_smb,NL,2025-03-28T00:00:00,low
CUS002556,personal,personal_standard,GB,2023-06-24T00:00:00,low
CUS002557,personal,personal_standard,FR,2022-04-13T00:00:00,low
CUS002558,personal,personal_standard,DE,2025-04-17T00:00:00,medium
CUS002559,personal,personal_standard,DE,2025-03-10T00:00:00,low
CUS002560,personal,personal_standard,BR,2025-09-02T00:00:00,medium
CUS002561,personal,personal_high_value,CA,2025-12-29T00:00:00,low
CUS002562,personal,personal_standard,GB,2023-03-22T00:00:00,low
CUS002563,business,business_smb,US,2022-09-12T00:00:00,low
CUS002564,personal,personal_standard,BR,2023-03-28T00:00:00,low
CUS002565,business,business_scaleup,SG,2026-01-05T00:00:00,low
CUS002566,personal,personal_high_value,HU,2024-10-05T00:00:00,high
CUS002567,business,business_smb,SG,2022-05-23T00:00:00,medium
CUS002568,business,business_smb,IE,2023-08-17T00:00:00,low
CUS002569,business,business_smb,DE,2022-12-01T00:00:00,medium
CUS002570,personal,personal_standard,FR,2025-01-24T00:00:00,low
CUS002571,personal,personal_standard,NL,2023-11-29T00:00:00,low
CUS002572,personal,personal_standard,ES,2026-03-01T00:00:00,low
CUS002573,personal,personal_standard,CA,2023-01-27T00:00:00,low
CUS002574,business,business_scaleup,AE,2023-12-04T00:00:00,low
CUS002575,personal,personal_standard,FR,2022-01-19T00:00:00,low
CUS002576,personal,personal_standard,HU,2023-01-20T00:00:00,medium
CUS002577,personal,personal_standard,GB,2024-07-03T00:00:00,low
CUS002578,personal,personal_standard,IE,2024-04-07T00:00:00,medium
CUS002579,personal,personal_standard,ES,2022-04-15T00:00:00,medium
CUS002580,business,business_smb,GB,2025-01-29T00:00:00,low
CUS002581,business,business_smb,US,2023-04-18T00:00:00,low
CUS002582,personal,personal_standard,PL,2025-04-07T00:00:00,low
CUS002583,personal,personal_high_value,GB,2024-04-29T00:00:00,low
CUS002584,personal,personal_standard,US,2025-12-29T00:00:00,low
CUS002585,personal,personal_high_value,IE,2025-09-27T00:00:00,low
CUS002586,personal,personal_high_value,DE,2026-01-10T00:00:00,low
CUS002587,personal,personal_standard,IE,2023-10-07T00:00:00,medium
CUS002588,personal,personal_standard,GB,2026-05-01T00:00:00,low
CUS002589,personal,personal_standard,GB,2024-09-18T00:00:00,medium
CUS002590,personal,personal_standard,FR,2023-06-07T00:00:00,low
CUS002591,personal,personal_standard,BR,2022-05-24T00:00:00,medium
CUS002592,personal,personal_standard,GB,2022-05-15T00:00:00,low
CUS002593,business,business_smb,BR,2023-03-10T00:00:00,low
CUS002594,personal,personal_standard,GB,2022-05-27T00:00:00,medium
CUS002595,personal,personal_standard,CA,2026-02-04T00:00:00,low
CUS002596,personal,personal_standard,AE,2022-09-17T00:00:00,low
CUS002597,personal,personal_standard,IE,2023-07-31T00:00:00,low
CUS002598,personal,personal_standard,BR,2023-11-21T00:00:00,medium
CUS002599,personal,personal_standard,GB,2025-05-09T00:00:00,low
CUS002600,personal,personal_standard,FR,2025-02-10T00:00:00,low
CUS002601,personal,personal_standard,CA,2024-10-21T00:00:00,low
CUS002602,business,business_smb,US,2022-12-13T00:00:00,medium
CUS002603,personal,personal_standard,US,2025-03-15T00:00:00,medium
CUS002604,personal,personal_standard,GB,2023-06-30T00:00:00,medium
CUS002605,business,business_smb,AE,2025-07-07T00:00:00,medium
CUS002606,personal,personal_high_value,GB,2023-07-19T00:00:00,low
CUS002607,business,business_scaleup,GB,2026-04-13T00:00:00,medium
CUS002608,business,business_smb,BR,2025-07-30T00:00:00,low
CUS002609,personal,personal_standard,DE,2023-10-11T00:00:00,low
CUS002610,personal,personal_standard,CA,2023-12-14T00:00:00,medium
CUS002611,personal,personal_standard,US,2022-01-27T00:00:00,low
CUS002612,personal,personal_standard,GB,2025-09-18T00:00:00,low
CUS002613,business,business_scaleup,SG,2026-04-22T00:00:00,high
CUS002614,personal,personal_standard,DE,2025-04-06T00:00:00,low
CUS002615,personal,personal_standard,BR,2025-11-23T00:00:00,low
CUS002616,personal,personal_standard,US,2025-08-17T00:00:00,low
CUS002617,personal,personal_standard,US,2023-12-10T00:00:00,low
CUS002618,personal,personal_standard,GB,2024-09-02T00:00:00,medium
CUS002619,personal,personal_standard,FR,2025-03-28T00:00:00,low
CUS002620,business,business_smb,US,2025-09-30T00:00:00,low
CUS002621,personal,personal_standard,GB,2026-04-11T00:00:00,low
CUS002622,business,business_smb,PL,2025-09-06T00:00:00,medium
CUS002623,business,business_smb,US,2023-01-03T00:00:00,low
CUS002624,personal,personal_standard,BR,2025-10-01T00:00:00,low
CUS002625,business,business_smb,DE,2023-06-28T00:00:00,low
CUS002626,business,business_smb,GB,2024-02-29T00:00:00,low
CUS002627,personal,personal_high_value,CA,2024-10-14T00:00:00,low
CUS002628,personal,personal_standard,NL,2022-08-16T00:00:00,low
CUS002629,personal,personal_standard,US,2024-01-10T00:00:00,medium
CUS002630,business,business_smb,GB,2024-11-23T00:00:00,low
CUS002631,personal,personal_standard,DE,2022-11-30T00:00:00,low
CUS002632,personal,personal_standard,ES,2025-04-16T00:00:00,low
CUS002633,business,business_scaleup,GB,2026-03-24T00:00:00,medium
CUS002634,business,business_smb,HU,2022-03-03T00:00:00,low
CUS002635,personal,personal_standard,FR,2024-08-21T00:00:00,low
CUS002636,personal,personal_standard,AE,2024-02-07T00:00:00,medium
CUS002637,personal,personal_standard,US,2025-05-08T00:00:00,low
CUS002638,personal,personal_standard,NL,2023-10-03T00:00:00,low
CUS002639,personal,personal_high_value,HU,2024-04-06T00:00:00,low
CUS002640,personal,personal_high_value,GB,2023-10-29T00:00:00,medium
CUS002641,personal,personal_standard,IE,2023-01-05T00:00:00,medium
CUS002642,personal,personal_standard,GB,2023-10-14T00:00:00,low
CUS002643,personal,personal_standard,IE,2022-01-04T00:00:00,medium
CUS002644,personal,personal_standard,DE,2022-04-16T00:00:00,low
CUS002645,business,business_smb,GB,2022-06-23T00:00:00,medium
CUS002646,personal,personal_high_value,GB,2022-03-12T00:00:00,low
CUS002647,personal,personal_standard,SG,2023-10-21T00:00:00,medium
CUS002648,business,business_smb,NL,2025-03-23T00:00:00,medium
CUS002649,personal,personal_high_value,IE,2023-06-06T00:00:00,low
CUS002650,business,business_smb,US,2025-01-01T00:00:00,low
CUS002651,personal,personal_high_value,IE,2025-10-25T00:00:00,medium
CUS002652,personal,personal_standard,SG,2022-05-24T00:00:00,medium
CUS002653,business,business_smb,DE,2023-04-01T00:00:00,low
CUS002654,personal,personal_standard,IE,2023-02-14T00:00:00,low
CUS002655,personal,personal_standard,GB,2022-07-23T00:00:00,high
CUS002656,personal,personal_standard,DE,2023-02-15T00:00:00,medium
CUS002657,personal,personal_standard,US,2025-06-30T00:00:00,medium
CUS002658,personal,personal_standard,PL,2024-06-02T00:00:00,low
CUS002659,personal,personal_standard,IE,2024-07-19T00:00:00,medium
CUS002660,personal,personal_standard,US,2026-03-11T00:00:00,low
CUS002661,business,business_smb,CA,2026-06-23T00:00:00,low
CUS002662,personal,personal_high_value,SG,2024-06-03T00:00:00,medium
CUS002663,personal,personal_standard,DE,2023-07-07T00:00:00,low
CUS002664,personal,personal_standard,BR,2023-09-23T00:00:00,low
CUS002665,personal,personal_standard,GB,2025-07-13T00:00:00,low
CUS002666,personal,personal_standard,US,2025-09-10T00:00:00,low
CUS002667,personal,personal_standard,IE,2023-12-27T00:00:00,low
CUS002668,business,business_smb,CA,2025-06-25T00:00:00,low
CUS002669,business,business_smb,SG,2022-04-03T00:00:00,low
CUS002670,personal,personal_standard,US,2022-05-04T00:00:00,low
CUS002671,personal,personal_standard,IE,2022-07-16T00:00:00,low
CUS002672,personal,personal_standard,GB,2022-06-13T00:00:00,low
CUS002673,business,business_smb,GB,2022-05-26T00:00:00,low
CUS002674,personal,personal_standard,CA,2022-12-22T00:00:00,medium
CUS002675,personal,personal_standard,FR,2022-04-06T00:00:00,low
CUS002676,business,business_scaleup,US,2026-06-03T00:00:00,low
CUS002677,business,business_smb,DE,2025-08-30T00:00:00,medium
CUS002678,personal,personal_standard,IE,2024-03-02T00:00:00,low
CUS002679,personal,personal_high_value,IE,2022-10-06T00:00:00,low
CUS002680,personal,personal_standard,IE,2025-05-02T00:00:00,low
CUS002681,business,business_smb,GB,2022-06-29T00:00:00,low
CUS002682,personal,personal_standard,US,2026-01-11T00:00:00,low
CUS002683,personal,personal_standard,CA,2024-01-28T00:00:00,low
CUS002684,personal,personal_standard,GB,2026-02-03T00:00:00,low
CUS002685,business,business_scaleup,AE,2024-05-18T00:00:00,medium
CUS002686,personal,personal_standard,DE,2024-09-09T00:00:00,low
CUS002687,personal,personal_standard,US,2023-04-21T00:00:00,low
CUS002688,personal,personal_standard,GB,2022-12-12T00:00:00,medium
CUS002689,business,business_smb,ES,2025-08-04T00:00:00,low
CUS002690,personal,personal_standard,HU,2022-03-23T00:00:00,low
CUS002691,business,business_smb,US,2025-08-29T00:00:00,low
CUS002692,personal,personal_standard,PL,2024-08-21T00:00:00,low
CUS002693,business,business_smb,DE,2022-12-05T00:00:00,low
CUS002694,business,business_scaleup,SG,2022-10-20T00:00:00,medium
CUS002695,personal,personal_standard,GB,2022-11-27T00:00:00,low
CUS002696,personal,personal_high_value,ES,2024-12-20T00:00:00,low
CUS002697,personal,personal_standard,DE,2022-09-12T00:00:00,low
CUS002698,personal,personal_high_value,GB,2026-06-23T00:00:00,low
CUS002699,personal,personal_high_value,GB,2023-06-04T00:00:00,low
CUS002700,personal,personal_standard,DE,2025-05-10T00:00:00,low
CUS002701,personal,personal_standard,US,2022-02-03T00:00:00,low
CUS002702,personal,personal_standard,HU,2022-04-14T00:00:00,low
CUS002703,personal,personal_high_value,DE,2023-02-23T00:00:00,low
CUS002704,personal,personal_standard,ES,2022-01-30T00:00:00,low
CUS002705,personal,personal_standard,IE,2024-06-12T00:00:00,medium
CUS002706,personal,personal_standard,ES,2022-04-27T00:00:00,low
CUS002707,personal,personal_high_value,CA,2023-01-30T00:00:00,medium
CUS002708,personal,personal_high_value,NL,2022-12-26T00:00:00,medium
CUS002709,personal,personal_standard,GB,2025-10-03T00:00:00,medium
CUS002710,personal,personal_standard,AE,2024-08-17T00:00:00,low
CUS002711,personal,personal_standard,NL,2022-12-11T00:00:00,low
CUS002712,personal,personal_standard,ES,2023-04-12T00:00:00,medium
CUS002713,personal,personal_high_value,US,2025-12-15T00:00:00,low
CUS002714,personal,personal_standard,US,2024-01-08T00:00:00,low
CUS002715,business,business_smb,NL,2024-11-15T00:00:00,medium
CUS002716,personal,personal_standard,GB,2024-06-13T00:00:00,medium
CUS002717,personal,personal_standard,IE,2023-10-23T00:00:00,low
CUS002718,personal,personal_standard,SG,2023-08-08T00:00:00,medium
CUS002719,personal,personal_standard,IE,2022-10-22T00:00:00,medium
CUS002720,business,business_smb,IE,2025-12-15T00:00:00,high
CUS002721,personal,personal_standard,US,2024-03-26T00:00:00,low
CUS002722,personal,personal_standard,ES,2025-11-16T00:00:00,medium
CUS002723,personal,personal_standard,DE,2026-05-05T00:00:00,low
CUS002724,personal,personal_standard,NL,2026-01-03T00:00:00,low
CUS002725,personal,personal_standard,AE,2023-06-22T00:00:00,medium
CUS002726,business,business_smb,US,2024-07-14T00:00:00,low
CUS002727,personal,personal_high_value,FR,2025-10-08T00:00:00,low
CUS002728,personal,personal_standard,AE,2024-06-30T00:00:00,medium
CUS002729,business,business_smb,BR,2024-02-13T00:00:00,low
CUS002730,business,business_smb,IE,2023-03-31T00:00:00,medium
CUS002731,personal,personal_high_value,FR,2026-05-07T00:00:00,low
CUS002732,personal,personal_high_value,US,2025-05-02T00:00:00,low
CUS002733,personal,personal_standard,CA,2024-12-15T00:00:00,low
CUS002734,personal,personal_standard,DE,2025-07-31T00:00:00,low
CUS002735,personal,personal_high_value,US,2026-03-25T00:00:00,medium
CUS002736,personal,personal_standard,IE,2025-12-31T00:00:00,low
CUS002737,personal,personal_standard,DE,2025-11-25T00:00:00,medium
CUS002738,personal,personal_standard,GB,2025-01-06T00:00:00,low
CUS002739,business,business_smb,CA,2025-07-11T00:00:00,medium
CUS002740,personal,personal_standard,GB,2025-02-26T00:00:00,low
CUS002741,personal,personal_standard,BR,2024-05-04T00:00:00,low
CUS002742,personal,personal_high_value,IE,2024-12-07T00:00:00,low
CUS002743,personal,personal_standard,DE,2026-05-29T00:00:00,low
CUS002744,business,business_smb,GB,2026-02-09T00:00:00,low
CUS002745,personal,personal_standard,GB,2023-11-07T00:00:00,low
CUS002746,personal,personal_standard,CA,2022-03-24T00:00:00,low
CUS002747,personal,personal_high_value,GB,2022-07-30T00:00:00,low
CUS002748,personal,personal_standard,DE,2024-07-13T00:00:00,low
CUS002749,personal,personal_standard,IE,2026-05-27T00:00:00,low
CUS002750,business,business_smb,ES,2024-04-12T00:00:00,low
CUS002751,personal,personal_standard,FR,2022-11-08T00:00:00,low
CUS002752,business,business_smb,GB,2023-09-21T00:00:00,medium
CUS002753,personal,personal_standard,BR,2025-08-12T00:00:00,low
CUS002754,business,business_smb,FR,2024-03-10T00:00:00,low
CUS002755,personal,personal_standard,AE,2022-08-06T00:00:00,medium
CUS002756,personal,personal_standard,BR,2023-07-23T00:00:00,medium
CUS002757,business,business_smb,AE,2023-11-30T00:00:00,low
CUS002758,personal,personal_standard,DE,2025-08-30T00:00:00,low
CUS002759,business,business_smb,ES,2025-04-14T00:00:00,low
CUS002760,personal,personal_standard,US,2024-02-04T00:00:00,low
CUS002761,business,business_smb,ES,2025-08-29T00:00:00,low
CUS002762,personal,personal_standard,GB,2022-06-15T00:00:00,medium
CUS002763,personal,personal_standard,CA,2025-10-22T00:00:00,low
CUS002764,business,business_smb,DE,2026-05-22T00:00:00,low
CUS002765,personal,personal_standard,ES,2025-07-28T00:00:00,medium
CUS002766,business,business_scaleup,US,2022-08-16T00:00:00,low
CUS002767,business,business_smb,NL,2025-07-15T00:00:00,low
CUS002768,business,business_smb,NL,2025-06-27T00:00:00,low
CUS002769,business,business_smb,HU,2024-10-06T00:00:00,low
CUS002770,personal,personal_standard,ES,2022-03-13T00:00:00,low
CUS002771,personal,personal_standard,US,2022-03-31T00:00:00,low
CUS002772,personal,personal_standard,GB,2023-01-10T00:00:00,low
CUS002773,personal,personal_standard,US,2025-01-21T00:00:00,low
CUS002774,business,business_scaleup,DE,2025-12-14T00:00:00,low
CUS002775,personal,personal_standard,US,2026-01-15T00:00:00,low
CUS002776,personal,personal_standard,PL,2022-08-08T00:00:00,low
CUS002777,business,business_smb,GB,2023-07-02T00:00:00,low
CUS002778,business,business_scaleup,HU,2024-08-19T00:00:00,low
CUS002779,business,business_scaleup,GB,2022-03-24T00:00:00,low
CUS002780,personal,personal_high_value,GB,2022-08-12T00:00:00,low
CUS002781,business,business_smb,IE,2023-04-13T00:00:00,low
CUS002782,business,business_smb,DE,2023-04-11T00:00:00,medium
CUS002783,business,business_smb,GB,2025-09-21T00:00:00,low
CUS002784,personal,personal_standard,GB,2025-07-17T00:00:00,low
CUS002785,personal,personal_high_value,GB,2023-11-06T00:00:00,low
CUS002786,personal,personal_high_value,US,2025-08-11T00:00:00,medium
CUS002787,business,business_scaleup,IE,2023-06-28T00:00:00,medium
CUS002788,personal,personal_standard,GB,2022-10-24T00:00:00,medium
CUS002789,business,business_smb,US,2022-05-13T00:00:00,medium
CUS002790,personal,personal_high_value,US,2025-09-18T00:00:00,medium
CUS002791,business,business_smb,DE,2024-06-11T00:00:00,medium
CUS002792,personal,personal_standard,AE,2026-04-04T00:00:00,low
CUS002793,business,business_scaleup,ES,2024-08-23T00:00:00,medium
CUS002794,personal,personal_standard,HU,2022-02-01T00:00:00,medium
CUS002795,personal,personal_standard,ES,2024-08-25T00:00:00,low
CUS002796,personal,personal_high_value,FR,2023-05-07T00:00:00,low
CUS002797,personal,personal_standard,ES,2023-04-15T00:00:00,low
CUS002798,personal,personal_standard,CA,2026-04-16T00:00:00,high
CUS002799,personal,personal_standard,US,2026-06-24T00:00:00,medium
CUS002800,personal,personal_standard,HU,2022-11-25T00:00:00,low
CUS002801,personal,personal_high_value,ES,2023-05-29T00:00:00,low
CUS002802,personal,personal_standard,US,2026-04-16T00:00:00,medium
CUS002803,personal,personal_standard,FR,2024-02-22T00:00:00,medium
CUS002804,personal,personal_standard,US,2024-01-26T00:00:00,medium
CUS002805,personal,personal_standard,GB,2023-01-21T00:00:00,low
CUS002806,business,business_smb,GB,2024-02-01T00:00:00,low
CUS002807,business,business_smb,NL,2024-12-17T00:00:00,low
CUS002808,personal,personal_standard,SG,2025-03-28T00:00:00,low
CUS002809,personal,personal_standard,PL,2022-01-14T00:00:00,low
CUS002810,personal,personal_standard,SG,2024-09-28T00:00:00,medium
CUS002811,personal,personal_standard,IE,2023-05-18T00:00:00,low
CUS002812,business,business_smb,DE,2022-02-05T00:00:00,low
CUS002813,personal,personal_standard,IE,2023-11-22T00:00:00,low
CUS002814,personal,personal_standard,AE,2024-01-19T00:00:00,low
CUS002815,personal,personal_standard,BR,2023-03-12T00:00:00,low
CUS002816,personal,personal_standard,GB,2026-01-27T00:00:00,medium
CUS002817,personal,personal_high_value,GB,2024-12-01T00:00:00,low
CUS002818,personal,personal_standard,US,2025-10-22T00:00:00,low
CUS002819,personal,personal_standard,DE,2022-07-14T00:00:00,medium
CUS002820,personal,personal_standard,FR,2023-04-08T00:00:00,low
CUS002821,personal,personal_standard,IE,2026-03-22T00:00:00,medium
CUS002822,personal,personal_standard,NL,2022-05-11T00:00:00,low
CUS002823,business,business_smb,GB,2022-03-05T00:00:00,medium
CUS002824,business,business_smb,GB,2024-09-21T00:00:00,low
CUS002825,personal,personal_standard,GB,2022-03-10T00:00:00,medium
CUS002826,personal,personal_standard,IE,2024-04-17T00:00:00,low
CUS002827,business,business_smb,GB,2025-09-20T00:00:00,low
CUS002828,personal,personal_standard,IE,2025-02-10T00:00:00,low
CUS002829,personal,personal_high_value,US,2026-01-18T00:00:00,low
CUS002830,personal,personal_standard,IE,2025-08-06T00:00:00,low
CUS002831,personal,personal_standard,ES,2025-07-21T00:00:00,medium
CUS002832,personal,personal_high_value,GB,2023-04-27T00:00:00,low
CUS002833,personal,personal_standard,GB,2026-02-28T00:00:00,low
CUS002834,business,business_smb,IE,2022-05-29T00:00:00,low
CUS002835,personal,personal_standard,DE,2024-11-22T00:00:00,low
CUS002836,personal,personal_standard,ES,2024-04-25T00:00:00,low
CUS002837,personal,personal_high_value,US,2025-02-09T00:00:00,medium
CUS002838,personal,personal_standard,ES,2025-09-29T00:00:00,high
CUS002839,personal,personal_standard,SG,2022-11-27T00:00:00,low
CUS002840,personal,personal_high_value,US,2025-12-09T00:00:00,low
CUS002841,business,business_smb,DE,2023-11-06T00:00:00,low
CUS002842,business,business_smb,US,2024-06-22T00:00:00,low
CUS002843,business,business_smb,BR,2026-01-11T00:00:00,medium
CUS002844,personal,personal_high_value,ES,2022-07-24T00:00:00,low
CUS002845,business,business_scaleup,DE,2022-11-01T00:00:00,medium
CUS002846,personal,personal_standard,US,2025-02-22T00:00:00,low
CUS002847,personal,personal_high_value,DE,2025-05-27T00:00:00,low
CUS002848,business,business_smb,IE,2023-10-09T00:00:00,medium
CUS002849,personal,personal_standard,PL,2025-06-23T00:00:00,medium
CUS002850,personal,personal_standard,CA,2023-04-19T00:00:00,medium
CUS002851,personal,personal_standard,IE,2022-04-17T00:00:00,low
CUS002852,personal,personal_high_value,HU,2022-02-04T00:00:00,low
CUS002853,personal,personal_standard,DE,2022-01-31T00:00:00,low
CUS002854,personal,personal_standard,NL,2023-07-17T00:00:00,low
CUS002855,personal,personal_standard,CA,2023-10-13T00:00:00,low
CUS002856,personal,personal_high_value,GB,2022-12-19T00:00:00,low
CUS002857,business,business_smb,US,2023-10-18T00:00:00,medium
CUS002858,personal,personal_standard,US,2024-01-07T00:00:00,low
CUS002859,personal,personal_standard,PL,2022-03-17T00:00:00,medium
CUS002860,personal,personal_standard,DE,2023-08-25T00:00:00,low
CUS002861,personal,personal_standard,ES,2024-07-15T00:00:00,low
CUS002862,personal,personal_standard,DE,2022-06-01T00:00:00,low
CUS002863,personal,personal_standard,GB,2023-11-13T00:00:00,low
CUS002864,personal,personal_standard,PL,2023-01-20T00:00:00,low
CUS002865,business,business_scaleup,PL,2025-09-03T00:00:00,low
CUS002866,business,business_smb,US,2022-06-25T00:00:00,low
CUS002867,personal,personal_standard,US,2024-07-17T00:00:00,low
CUS002868,personal,personal_high_value,DE,2024-07-24T00:00:00,low
CUS002869,personal,personal_standard,ES,2022-08-09T00:00:00,high
CUS002870,business,business_smb,BR,2023-03-12T00:00:00,low
CUS002871,personal,personal_standard,IE,2023-10-28T00:00:00,low
CUS002872,personal,personal_standard,BR,2025-02-03T00:00:00,low
CUS002873,personal,personal_standard,GB,2025-07-05T00:00:00,low
CUS002874,personal,personal_high_value,GB,2026-03-14T00:00:00,low
CUS002875,business,business_smb,NL,2024-08-27T00:00:00,medium
CUS002876,personal,personal_standard,ES,2024-09-10T00:00:00,medium
CUS002877,personal,personal_standard,IE,2023-08-23T00:00:00,low
CUS002878,business,business_smb,CA,2024-09-26T00:00:00,medium
CUS002879,business,business_smb,NL,2023-05-09T00:00:00,low
CUS002880,personal,personal_standard,DE,2025-06-13T00:00:00,low
CUS002881,personal,personal_standard,GB,2024-10-21T00:00:00,low
CUS002882,personal,personal_standard,IE,2023-11-30T00:00:00,low
CUS002883,personal,personal_standard,US,2024-11-01T00:00:00,low
CUS002884,personal,personal_standard,US,2022-07-13T00:00:00,low
CUS002885,business,business_scaleup,US,2025-03-07T00:00:00,medium
CUS002886,personal,personal_high_value,NL,2024-11-16T00:00:00,low
CUS002887,personal,personal_standard,GB,2024-02-08T00:00:00,low
CUS002888,personal,personal_standard,AE,2026-05-05T00:00:00,medium
CUS002889,personal,personal_standard,IE,2023-02-01T00:00:00,low
CUS002890,business,business_smb,BR,2026-06-06T00:00:00,low
CUS002891,personal,personal_standard,NL,2025-01-08T00:00:00,low
CUS002892,personal,personal_standard,NL,2025-01-22T00:00:00,low
CUS002893,personal,personal_standard,CA,2023-01-02T00:00:00,low
CUS002894,business,business_smb,SG,2026-03-03T00:00:00,low
CUS002895,business,business_scaleup,CA,2023-09-17T00:00:00,low
CUS002896,personal,personal_standard,US,2024-02-21T00:00:00,low
CUS002897,personal,personal_high_value,PL,2023-11-23T00:00:00,low
CUS002898,business,business_smb,BR,2022-04-21T00:00:00,low
CUS002899,personal,personal_standard,SG,2022-04-15T00:00:00,low
CUS002900,personal,personal_standard,AE,2025-08-15T00:00:00,low
CUS002901,personal,personal_standard,AE,2023-09-15T00:00:00,low
CUS002902,personal,personal_standard,HU,2025-05-07T00:00:00,medium
CUS002903,personal,personal_standard,ES,2023-02-10T00:00:00,medium
CUS002904,personal,personal_high_value,CA,2025-08-18T00:00:00,low
CUS002905,personal,personal_standard,SG,2025-04-24T00:00:00,low
CUS002906,business,business_smb,IE,2024-05-27T00:00:00,low
CUS002907,personal,personal_standard,NL,2025-08-20T00:00:00,medium
CUS002908,personal,personal_standard,US,2025-02-11T00:00:00,medium
CUS002909,personal,personal_standard,SG,2022-05-18T00:00:00,low
CUS002910,personal,personal_standard,SG,2025-11-05T00:00:00,low
CUS002911,personal,personal_standard,CA,2022-10-07T00:00:00,low
CUS002912,personal,personal_standard,DE,2026-05-25T00:00:00,medium
CUS002913,personal,personal_standard,GB,2026-05-05T00:00:00,low
CUS002914,personal,personal_standard,ES,2024-07-15T00:00:00,medium
CUS002915,personal,personal_standard,NL,2025-05-14T00:00:00,medium
CUS002916,personal,personal_standard,IE,2022-10-17T00:00:00,low
CUS002917,personal,personal_high_value,BR,2025-05-21T00:00:00,low
CUS002918,personal,personal_high_value,IE,2024-03-11T00:00:00,medium
CUS002919,personal,personal_high_value,HU,2022-01-19T00:00:00,medium
CUS002920,personal,personal_high_value,SG,2022-07-05T00:00:00,medium
CUS002921,personal,personal_standard,US,2024-04-12T00:00:00,low
CUS002922,personal,personal_high_value,ES,2025-02-09T00:00:00,low
CUS002923,personal,personal_standard,GB,2023-01-06T00:00:00,low
CUS002924,personal,personal_standard,DE,2025-10-17T00:00:00,low
CUS002925,personal,personal_standard,FR,2022-09-15T00:00:00,medium
CUS002926,business,business_smb,FR,2025-03-03T00:00:00,medium
CUS002927,personal,personal_standard,IE,2026-04-23T00:00:00,low
CUS002928,personal,personal_standard,IE,2025-11-03T00:00:00,low
CUS002929,personal,personal_high_value,SG,2024-06-21T00:00:00,low
CUS002930,personal,personal_high_value,AE,2023-04-10T00:00:00,medium
CUS002931,personal,personal_high_value,ES,2022-05-20T00:00:00,low
CUS002932,personal,personal_standard,FR,2023-11-27T00:00:00,low
CUS002933,personal,personal_standard,NL,2025-10-28T00:00:00,low
CUS002934,business,business_smb,US,2025-11-12T00:00:00,medium
CUS002935,personal,personal_standard,GB,2023-07-06T00:00:00,low
CUS002936,personal,personal_standard,US,2022-12-10T00:00:00,low
CUS002937,personal,personal_high_value,GB,2024-07-29T00:00:00,low
CUS002938,business,business_smb,IE,2025-06-25T00:00:00,low
CUS002939,personal,personal_high_value,BR,2025-09-08T00:00:00,low
CUS002940,personal,personal_standard,NL,2025-04-16T00:00:00,low
CUS002941,personal,personal_standard,IE,2025-03-03T00:00:00,low
CUS002942,personal,personal_high_value,AE,2022-09-30T00:00:00,low
CUS002943,business,business_scaleup,IE,2023-10-10T00:00:00,medium
CUS002944,personal,personal_standard,IE,2026-04-28T00:00:00,low
CUS002945,personal,personal_standard,US,2024-02-02T00:00:00,low
CUS002946,business,business_smb,SG,2025-01-31T00:00:00,low
CUS002947,business,business_smb,GB,2025-12-07T00:00:00,low
CUS002948,business,business_smb,US,2025-01-08T00:00:00,medium
CUS002949,personal,personal_standard,DE,2024-09-03T00:00:00,medium
CUS002950,personal,personal_standard,PL,2023-01-18T00:00:00,low
CUS002951,personal,personal_standard,FR,2026-04-01T00:00:00,low
CUS002952,business,business_smb,US,2022-12-17T00:00:00,low
CUS002953,personal,personal_standard,BR,2022-12-28T00:00:00,medium
CUS002954,personal,personal_standard,DE,2024-04-02T00:00:00,low
CUS002955,personal,personal_standard,US,2022-04-24T00:00:00,low
CUS002956,business,business_scaleup,PL,2022-12-06T00:00:00,medium
CUS002957,personal,personal_standard,GB,2023-08-08T00:00:00,low
CUS002958,personal,personal_standard,NL,2026-04-08T00:00:00,low
CUS002959,personal,personal_standard,IE,2023-02-04T00:00:00,low
CUS002960,personal,personal_standard,ES,2025-12-28T00:00:00,low
CUS002961,personal,personal_standard,NL,2024-11-05T00:00:00,low
CUS002962,personal,personal_standard,IE,2022-11-07T00:00:00,low
CUS002963,personal,personal_standard,GB,2022-03-26T00:00:00,low
CUS002964,personal,personal_standard,GB,2023-11-25T00:00:00,medium
CUS002965,personal,personal_standard,AE,2025-06-09T00:00:00,low
CUS002966,business,business_smb,DE,2023-01-18T00:00:00,medium
CUS002967,personal,personal_standard,DE,2022-08-21T00:00:00,medium
CUS002968,personal,personal_standard,BR,2025-09-21T00:00:00,low
CUS002969,personal,personal_standard,GB,2025-11-23T00:00:00,low
CUS002970,personal,personal_standard,CA,2023-04-19T00:00:00,low
CUS002971,personal,personal_standard,US,2024-11-05T00:00:00,low
CUS002972,business,business_smb,DE,2025-07-27T00:00:00,low
CUS002973,personal,personal_high_value,BR,2024-01-03T00:00:00,medium
CUS002974,personal,personal_standard,CA,2025-06-17T00:00:00,low
CUS002975,personal,personal_standard,GB,2024-09-19T00:00:00,low
CUS002976,personal,personal_standard,DE,2023-09-21T00:00:00,low
CUS002977,business,business_smb,BR,2023-12-17T00:00:00,high
CUS002978,business,business_smb,GB,2025-04-16T00:00:00,low
CUS002979,personal,personal_high_value,PL,2025-03-29T00:00:00,low
CUS002980,personal,personal_standard,IE,2025-09-10T00:00:00,medium
CUS002981,personal,personal_standard,NL,2023-04-24T00:00:00,low
CUS002982,business,business_smb,AE,2022-07-29T00:00:00,low
CUS002983,business,business_scaleup,GB,2024-01-19T00:00:00,medium
CUS002984,business,business_smb,IE,2025-11-05T00:00:00,medium
CUS002985,business,business_smb,BR,2023-11-07T00:00:00,low
CUS002986,personal,personal_standard,IE,2025-06-14T00:00:00,low
CUS002987,business,business_smb,PL,2025-11-13T00:00:00,low
CUS002988,personal,personal_standard,US,2023-10-23T00:00:00,low
CUS002989,personal,personal_standard,US,2022-05-27T00:00:00,low
CUS002990,personal,personal_standard,PL,2024-05-16T00:00:00,low
CUS002991,personal,personal_standard,CA,2026-05-04T00:00:00,low
CUS002992,business,business_smb,US,2025-06-23T00:00:00,low
CUS002993,personal,personal_high_value,US,2026-02-04T00:00:00,medium
CUS002994,personal,personal_standard,BR,2025-06-29T00:00:00,medium
CUS002995,business,business_smb,US,2024-07-10T00:00:00,medium
CUS002996,personal,personal_standard,GB,2023-11-08T00:00:00,low
CUS002997,business,business_scaleup,ES,2022-05-04T00:00:00,low
CUS002998,personal,personal_high_value,FR,2022-02-24T00:00:00,medium
CUS002999,business,business_smb,FR,2022-12-18T00:00:00,low
CUS003000,personal,personal_high_value,BR,2022-05-21T00:00:00,low
CUS003001,personal,personal_standard,CA,2022-11-29T00:00:00,low
CUS003002,personal,personal_standard,AE,2025-06-02T00:00:00,low
CUS003003,personal,personal_standard,US,2022-08-26T00:00:00,high
CUS003004,personal,personal_standard,ES,2022-04-08T00:00:00,low
CUS003005,business,business_scaleup,US,2026-01-23T00:00:00,low
CUS003006,personal,personal_standard,DE,2025-03-02T00:00:00,low
CUS003007,business,business_smb,US,2023-10-01T00:00:00,medium
CUS003008,personal,personal_standard,GB,2023-03-01T00:00:00,low
CUS003009,personal,personal_standard,IE,2024-06-25T00:00:00,low
CUS003010,personal,personal_standard,AE,2026-03-26T00:00:00,low
CUS003011,personal,personal_standard,PL,2025-03-19T00:00:00,medium
CUS003012,personal,personal_standard,GB,2023-06-17T00:00:00,low
CUS003013,business,business_smb,US,2024-09-18T00:00:00,low
CUS003014,personal,personal_standard,ES,2025-08-01T00:00:00,low
CUS003015,business,business_smb,US,2023-04-25T00:00:00,low
CUS003016,personal,personal_standard,DE,2022-10-13T00:00:00,low
CUS003017,personal,personal_standard,DE,2024-04-10T00:00:00,low
CUS003018,business,business_scaleup,ES,2025-09-25T00:00:00,low
CUS003019,personal,personal_standard,US,2023-08-21T00:00:00,low
CUS003020,personal,personal_high_value,DE,2026-05-10T00:00:00,low
CUS003021,personal,personal_standard,NL,2025-03-29T00:00:00,medium
CUS003022,personal,personal_standard,PL,2024-11-25T00:00:00,low
CUS003023,personal,personal_high_value,FR,2023-11-24T00:00:00,low
CUS003024,business,business_smb,NL,2026-02-17T00:00:00,medium
CUS003025,business,business_smb,US,2025-10-28T00:00:00,low
CUS003026,personal,personal_standard,GB,2024-08-07T00:00:00,low
CUS003027,personal,personal_standard,IE,2025-10-01T00:00:00,low
CUS003028,personal,personal_standard,IE,2024-09-30T00:00:00,low
CUS003029,personal,personal_high_value,AE,2025-06-08T00:00:00,low
CUS003030,personal,personal_standard,GB,2023-01-07T00:00:00,low
CUS003031,personal,personal_high_value,DE,2023-02-15T00:00:00,medium
CUS003032,personal,personal_high_value,IE,2022-01-02T00:00:00,low
CUS003033,personal,personal_standard,PL,2024-09-13T00:00:00,low
CUS003034,personal,personal_high_value,BR,2022-03-16T00:00:00,low
CUS003035,personal,personal_standard,GB,2025-02-17T00:00:00,low
CUS003036,personal,personal_standard,NL,2026-01-17T00:00:00,low
CUS003037,personal,personal_high_value,ES,2022-01-04T00:00:00,medium
CUS003038,personal,personal_standard,GB,2024-03-16T00:00:00,low
CUS003039,personal,personal_standard,US,2022-01-11T00:00:00,medium
CUS003040,personal,personal_standard,GB,2026-04-08T00:00:00,low
CUS003041,personal,personal_standard,ES,2023-10-02T00:00:00,low
CUS003042,personal,personal_high_value,SG,2023-08-10T00:00:00,low
CUS003043,personal,personal_standard,BR,2023-12-02T00:00:00,low
CUS003044,business,business_smb,GB,2026-01-28T00:00:00,low
CUS003045,personal,personal_standard,US,2024-03-28T00:00:00,low
CUS003046,personal,personal_standard,DE,2023-07-12T00:00:00,medium
CUS003047,business,business_smb,US,2023-05-27T00:00:00,low
CUS003048,personal,personal_standard,CA,2024-01-02T00:00:00,medium
CUS003049,personal,personal_standard,ES,2025-07-14T00:00:00,low
CUS003050,personal,personal_standard,ES,2024-01-22T00:00:00,medium
CUS003051,personal,personal_standard,PL,2024-08-03T00:00:00,low
CUS003052,personal,personal_standard,NL,2024-05-29T00:00:00,low
CUS003053,business,business_smb,DE,2023-08-30T00:00:00,low
CUS003054,personal,personal_high_value,US,2022-09-30T00:00:00,low
CUS003055,personal,personal_standard,DE,2023-08-07T00:00:00,medium
CUS003056,personal,personal_standard,US,2025-02-02T00:00:00,low
CUS003057,business,business_smb,DE,2024-07-12T00:00:00,medium
CUS003058,business,business_scaleup,SG,2023-04-09T00:00:00,low
CUS003059,personal,personal_standard,GB,2024-08-22T00:00:00,medium
CUS003060,personal,personal_standard,NL,2022-06-28T00:00:00,low
CUS003061,personal,personal_high_value,GB,2022-04-09T00:00:00,medium
CUS003062,personal,personal_standard,DE,2024-02-28T00:00:00,low
CUS003063,business,business_smb,AE,2022-03-30T00:00:00,low
CUS003064,personal,personal_standard,GB,2023-01-05T00:00:00,low
CUS003065,personal,personal_standard,GB,2025-11-02T00:00:00,low
CUS003066,personal,personal_standard,SG,2024-08-28T00:00:00,low
CUS003067,personal,personal_high_value,GB,2022-09-19T00:00:00,low
CUS003068,personal,personal_standard,ES,2024-07-01T00:00:00,medium
CUS003069,business,business_smb,ES,2023-06-05T00:00:00,low
CUS003070,personal,personal_standard,CA,2024-06-01T00:00:00,low
CUS003071,personal,personal_standard,ES,2022-04-03T00:00:00,medium
CUS003072,business,business_smb,ES,2026-05-27T00:00:00,low
CUS003073,business,business_smb,ES,2022-04-29T00:00:00,low
CUS003074,personal,personal_standard,DE,2024-12-02T00:00:00,low
CUS003075,personal,personal_high_value,US,2024-08-04T00:00:00,medium
CUS003076,personal,personal_standard,DE,2025-01-17T00:00:00,low
CUS003077,personal,personal_standard,DE,2024-11-28T00:00:00,medium
CUS003078,personal,personal_standard,ES,2022-12-20T00:00:00,low
CUS003079,personal,personal_standard,HU,2024-06-11T00:00:00,low
CUS003080,personal,personal_standard,DE,2025-03-25T00:00:00,low
CUS003081,business,business_smb,NL,2024-04-01T00:00:00,low
CUS003082,personal,personal_standard,PL,2022-07-05T00:00:00,medium
CUS003083,personal,personal_standard,SG,2024-06-10T00:00:00,medium
CUS003084,personal,personal_standard,DE,2023-02-23T00:00:00,low
CUS003085,business,business_scaleup,NL,2022-07-29T00:00:00,medium
CUS003086,personal,personal_standard,DE,2023-03-12T00:00:00,medium
CUS003087,business,business_smb,DE,2024-06-18T00:00:00,medium
CUS003088,personal,personal_standard,CA,2023-05-06T00:00:00,low
CUS003089,business,business_scaleup,GB,2023-12-01T00:00:00,low
CUS003090,business,business_smb,ES,2022-11-17T00:00:00,low
CUS003091,personal,personal_standard,GB,2025-02-16T00:00:00,medium
CUS003092,business,business_smb,SG,2024-05-28T00:00:00,low
CUS003093,personal,personal_standard,US,2023-07-21T00:00:00,medium
CUS003094,business,business_scaleup,GB,2025-10-30T00:00:00,low
CUS003095,personal,personal_standard,US,2026-02-01T00:00:00,low
CUS003096,business,business_smb,AE,2025-06-02T00:00:00,medium
CUS003097,business,business_smb,HU,2022-06-10T00:00:00,medium
CUS003098,personal,personal_standard,GB,2025-12-15T00:00:00,medium
CUS003099,personal,personal_standard,DE,2022-09-09T00:00:00,low
CUS003100,personal,personal_standard,ES,2024-12-02T00:00:00,low
CUS003101,business,business_smb,US,2025-12-24T00:00:00,low
CUS003102,business,business_smb,PL,2024-07-28T00:00:00,medium
CUS003103,personal,personal_high_value,ES,2023-08-26T00:00:00,medium
CUS003104,personal,personal_standard,GB,2022-05-13T00:00:00,low
CUS003105,personal,personal_high_value,GB,2023-11-27T00:00:00,low
CUS003106,personal,personal_standard,US,2022-12-09T00:00:00,low
CUS003107,personal,personal_standard,IE,2025-03-18T00:00:00,low
CUS003108,personal,personal_standard,NL,2024-07-19T00:00:00,low
CUS003109,personal,personal_standard,US,2022-02-23T00:00:00,medium
CUS003110,personal,personal_standard,PL,2023-12-24T00:00:00,low
CUS003111,personal,personal_standard,PL,2026-06-22T00:00:00,low
CUS003112,business,business_smb,US,2023-08-31T00:00:00,low
CUS003113,business,business_smb,NL,2025-10-30T00:00:00,low
CUS003114,business,business_smb,US,2022-11-03T00:00:00,low
CUS003115,personal,personal_standard,GB,2025-12-17T00:00:00,medium
CUS003116,personal,personal_standard,IE,2026-02-10T00:00:00,low
CUS003117,personal,personal_standard,DE,2024-04-23T00:00:00,medium
CUS003118,personal,personal_standard,BR,2024-03-20T00:00:00,medium
CUS003119,business,business_smb,US,2025-04-01T00:00:00,low
CUS003120,business,business_smb,CA,2025-02-05T00:00:00,low
CUS003121,personal,personal_standard,DE,2024-04-20T00:00:00,low
CUS003122,personal,personal_standard,DE,2026-05-28T00:00:00,low
CUS003123,personal,personal_standard,AE,2025-09-04T00:00:00,low
CUS003124,personal,personal_standard,PL,2022-06-04T00:00:00,low
CUS003125,personal,personal_high_value,FR,2023-01-04T00:00:00,low
CUS003126,personal,personal_standard,FR,2024-05-15T00:00:00,low
CUS003127,personal,personal_standard,IE,2024-10-23T00:00:00,low
CUS003128,business,business_smb,GB,2024-10-30T00:00:00,low
CUS003129,personal,personal_standard,AE,2025-04-01T00:00:00,low
CUS003130,personal,personal_standard,GB,2025-05-26T00:00:00,low
CUS003131,business,business_smb,GB,2023-09-25T00:00:00,low
CUS003132,personal,personal_standard,PL,2026-03-24T00:00:00,low
CUS003133,personal,personal_standard,BR,2024-06-04T00:00:00,low
CUS003134,personal,personal_standard,PL,2026-06-12T00:00:00,low
CUS003135,personal,personal_high_value,CA,2024-09-16T00:00:00,medium
CUS003136,personal,personal_high_value,NL,2025-08-20T00:00:00,low
CUS003137,personal,personal_standard,DE,2025-09-23T00:00:00,low
CUS003138,personal,personal_standard,DE,2023-08-18T00:00:00,low
CUS003139,personal,personal_standard,IE,2023-10-19T00:00:00,medium
CUS003140,business,business_smb,NL,2025-02-08T00:00:00,medium
CUS003141,business,business_smb,GB,2026-03-06T00:00:00,low
CUS003142,personal,personal_standard,GB,2024-04-10T00:00:00,low
CUS003143,personal,personal_standard,CA,2024-02-11T00:00:00,low
CUS003144,business,business_smb,DE,2023-09-13T00:00:00,low
CUS003145,personal,personal_standard,BR,2025-11-26T00:00:00,low
CUS003146,personal,personal_standard,BR,2022-02-15T00:00:00,low
CUS003147,personal,personal_standard,DE,2025-03-22T00:00:00,medium
CUS003148,personal,personal_standard,FR,2022-12-10T00:00:00,low
CUS003149,personal,personal_standard,FR,2022-07-04T00:00:00,low
CUS003150,personal,personal_high_value,GB,2023-01-15T00:00:00,low
CUS003151,personal,personal_standard,US,2023-04-22T00:00:00,low
CUS003152,personal,personal_standard,IE,2025-03-18T00:00:00,medium
CUS003153,personal,personal_standard,HU,2026-04-13T00:00:00,low
CUS003154,business,business_smb,GB,2024-08-09T00:00:00,medium
CUS003155,personal,personal_standard,DE,2023-01-10T00:00:00,low
CUS003156,personal,personal_standard,US,2024-04-02T00:00:00,low
CUS003157,personal,personal_standard,ES,2026-06-05T00:00:00,medium
CUS003158,personal,personal_standard,ES,2025-07-16T00:00:00,low
CUS003159,personal,personal_high_value,BR,2022-04-01T00:00:00,medium
CUS003160,personal,personal_standard,DE,2025-05-25T00:00:00,low
CUS003161,business,business_smb,US,2023-06-09T00:00:00,medium
CUS003162,personal,personal_standard,FR,2022-09-15T00:00:00,low
CUS003163,personal,personal_high_value,GB,2025-08-24T00:00:00,medium
CUS003164,personal,personal_standard,US,2026-04-04T00:00:00,medium
CUS003165,personal,personal_standard,IE,2023-07-23T00:00:00,low
CUS003166,personal,personal_standard,BR,2025-09-12T00:00:00,low
CUS003167,personal,personal_standard,US,2022-12-01T00:00:00,low
CUS003168,personal,personal_standard,DE,2026-04-29T00:00:00,low
CUS003169,business,business_smb,GB,2026-06-03T00:00:00,low
CUS003170,business,business_smb,DE,2022-04-06T00:00:00,medium
CUS003171,personal,personal_standard,DE,2025-08-13T00:00:00,low
CUS003172,personal,personal_high_value,BR,2023-06-17T00:00:00,low
CUS003173,personal,personal_standard,BR,2024-11-02T00:00:00,low
CUS003174,business,business_smb,FR,2025-10-30T00:00:00,low
CUS003175,business,business_smb,DE,2026-03-29T00:00:00,low
CUS003176,personal,personal_standard,AE,2024-09-28T00:00:00,low
CUS003177,personal,personal_high_value,DE,2023-05-07T00:00:00,low
CUS003178,personal,personal_standard,NL,2024-03-01T00:00:00,low
CUS003179,personal,personal_high_value,CA,2026-06-14T00:00:00,low
CUS003180,business,business_scaleup,IE,2025-01-20T00:00:00,medium
CUS003181,personal,personal_standard,BR,2023-05-03T00:00:00,low
CUS003182,personal,personal_standard,NL,2026-06-19T00:00:00,low
CUS003183,business,business_smb,IE,2024-11-11T00:00:00,low
CUS003184,personal,personal_standard,CA,2025-02-08T00:00:00,low
CUS003185,personal,personal_standard,BR,2025-08-06T00:00:00,low
CUS003186,personal,personal_high_value,GB,2022-04-18T00:00:00,low
CUS003187,personal,personal_standard,DE,2026-04-15T00:00:00,low
CUS003188,personal,personal_standard,CA,2024-08-05T00:00:00,low
CUS003189,business,business_smb,DE,2025-03-22T00:00:00,low
CUS003190,personal,personal_high_value,AE,2025-05-01T00:00:00,low
CUS003191,personal,personal_standard,IE,2026-01-21T00:00:00,low
CUS003192,personal,personal_standard,US,2023-06-23T00:00:00,low
CUS003193,business,business_scaleup,PL,2023-07-17T00:00:00,low
CUS003194,personal,personal_standard,GB,2025-04-22T00:00:00,low
CUS003195,personal,personal_standard,IE,2022-04-17T00:00:00,low
CUS003196,personal,personal_standard,GB,2023-07-17T00:00:00,medium
CUS003197,business,business_smb,ES,2025-11-01T00:00:00,low
CUS003198,personal,personal_high_value,HU,2024-08-18T00:00:00,medium
CUS003199,business,business_scaleup,ES,2024-02-10T00:00:00,low
CUS003200,business,business_smb,US,2022-03-07T00:00:00,medium
CUS003201,personal,personal_standard,NL,2022-06-09T00:00:00,high
CUS003202,personal,personal_standard,IE,2024-02-23T00:00:00,low
CUS003203,personal,personal_standard,SG,2023-12-21T00:00:00,low
CUS003204,personal,personal_standard,FR,2025-11-05T00:00:00,low
CUS003205,business,business_smb,HU,2022-07-23T00:00:00,low
CUS003206,personal,personal_high_value,BR,2023-09-16T00:00:00,low
CUS003207,personal,personal_standard,HU,2024-10-18T00:00:00,low
CUS003208,personal,personal_high_value,HU,2024-09-25T00:00:00,medium
CUS003209,personal,personal_high_value,IE,2024-12-03T00:00:00,medium
CUS003210,business,business_smb,IE,2026-03-30T00:00:00,low
CUS003211,personal,personal_standard,DE,2023-08-24T00:00:00,low
CUS003212,business,business_smb,US,2024-05-11T00:00:00,low
CUS003213,business,business_smb,NL,2026-05-31T00:00:00,low
CUS003214,business,business_smb,DE,2022-07-01T00:00:00,low
CUS003215,personal,personal_standard,GB,2026-05-17T00:00:00,medium
CUS003216,personal,personal_standard,US,2024-09-18T00:00:00,low
CUS003217,personal,personal_standard,BR,2022-04-17T00:00:00,low
CUS003218,personal,personal_standard,GB,2024-06-13T00:00:00,low
CUS003219,business,business_scaleup,GB,2022-05-29T00:00:00,low
CUS003220,personal,personal_high_value,US,2023-08-12T00:00:00,low
CUS003221,personal,personal_standard,IE,2022-08-21T00:00:00,medium
CUS003222,personal,personal_standard,SG,2024-12-06T00:00:00,low
CUS003223,personal,personal_standard,DE,2023-11-16T00:00:00,medium
CUS003224,business,business_smb,HU,2023-01-01T00:00:00,low
CUS003225,business,business_scaleup,NL,2024-03-14T00:00:00,low
CUS003226,personal,personal_standard,US,2023-12-23T00:00:00,low
CUS003227,personal,personal_standard,GB,2025-06-22T00:00:00,low
CUS003228,personal,personal_standard,IE,2024-08-29T00:00:00,low
CUS003229,personal,personal_high_value,HU,2023-07-23T00:00:00,low
CUS003230,business,business_smb,US,2025-09-11T00:00:00,high
CUS003231,business,business_smb,US,2024-07-01T00:00:00,low
CUS003232,personal,personal_standard,GB,2022-10-31T00:00:00,low
CUS003233,business,business_smb,US,2023-08-08T00:00:00,low
CUS003234,personal,personal_high_value,US,2025-06-03T00:00:00,medium
CUS003235,personal,personal_standard,FR,2026-01-21T00:00:00,medium
CUS003236,personal,personal_standard,US,2022-11-07T00:00:00,medium
CUS003237,personal,personal_standard,HU,2026-06-06T00:00:00,low
CUS003238,personal,personal_standard,ES,2026-01-15T00:00:00,low
CUS003239,personal,personal_standard,IE,2024-10-03T00:00:00,medium
CUS003240,personal,personal_standard,IE,2024-06-23T00:00:00,low
CUS003241,personal,personal_standard,GB,2025-07-28T00:00:00,low
CUS003242,personal,personal_high_value,FR,2025-03-20T00:00:00,medium
CUS003243,personal,personal_standard,US,2022-11-21T00:00:00,low
CUS003244,personal,personal_high_value,US,2025-03-29T00:00:00,low
CUS003245,personal,personal_standard,US,2025-06-12T00:00:00,low
CUS003246,business,business_smb,GB,2024-09-03T00:00:00,medium
CUS003247,personal,personal_standard,DE,2024-05-26T00:00:00,low
CUS003248,personal,personal_standard,US,2022-10-01T00:00:00,low
CUS003249,business,business_smb,US,2026-05-17T00:00:00,medium
CUS003250,personal,personal_standard,FR,2023-07-28T00:00:00,low
CUS003251,personal,personal_standard,FR,2022-03-08T00:00:00,medium
CUS003252,personal,personal_high_value,ES,2023-01-16T00:00:00,low
CUS003253,business,business_smb,FR,2026-03-02T00:00:00,low
CUS003254,personal,personal_high_value,DE,2023-04-04T00:00:00,low
CUS003255,personal,personal_high_value,GB,2022-08-29T00:00:00,low
CUS003256,personal,personal_high_value,DE,2023-04-01T00:00:00,low
CUS003257,personal,personal_standard,DE,2025-10-10T00:00:00,low
CUS003258,personal,personal_standard,NL,2023-02-16T00:00:00,low
CUS003259,personal,personal_standard,US,2025-02-20T00:00:00,medium
CUS003260,personal,personal_standard,BR,2025-03-14T00:00:00,low
CUS003261,personal,personal_standard,GB,2023-08-26T00:00:00,low
CUS003262,business,business_scaleup,NL,2022-07-24T00:00:00,medium
CUS003263,personal,personal_standard,ES,2022-06-22T00:00:00,low
CUS003264,personal,personal_standard,AE,2023-01-23T00:00:00,low
CUS003265,personal,personal_standard,US,2024-05-03T00:00:00,low
CUS003266,personal,personal_standard,AE,2023-08-22T00:00:00,medium
CUS003267,personal,personal_standard,SG,2025-07-27T00:00:00,low
CUS003268,personal,personal_high_value,ES,2023-03-12T00:00:00,low
CUS003269,personal,personal_high_value,GB,2022-05-26T00:00:00,medium
CUS003270,personal,personal_standard,DE,2023-12-27T00:00:00,medium
CUS003271,personal,personal_standard,US,2022-12-15T00:00:00,medium
CUS003272,personal,personal_standard,SG,2023-08-20T00:00:00,low
CUS003273,personal,personal_standard,FR,2022-09-08T00:00:00,low
CUS003274,personal,personal_standard,BR,2026-04-13T00:00:00,medium
CUS003275,personal,personal_standard,US,2024-11-22T00:00:00,high
CUS003276,personal,personal_standard,DE,2022-05-16T00:00:00,low
CUS003277,personal,personal_standard,US,2023-08-03T00:00:00,low
CUS003278,personal,personal_high_value,BR,2026-04-03T00:00:00,low
CUS003279,personal,personal_standard,AE,2024-04-18T00:00:00,low
CUS003280,business,business_scaleup,PL,2022-10-26T00:00:00,low
CUS003281,personal,personal_high_value,IE,2022-12-03T00:00:00,low
CUS003282,personal,personal_standard,AE,2025-12-08T00:00:00,low
CUS003283,personal,personal_standard,PL,2025-02-02T00:00:00,low
CUS003284,personal,personal_standard,DE,2026-01-31T00:00:00,low
CUS003285,personal,personal_standard,GB,2024-12-12T00:00:00,low
CUS003286,personal,personal_standard,HU,2025-01-03T00:00:00,low
CUS003287,personal,personal_standard,US,2022-03-22T00:00:00,medium
CUS003288,personal,personal_standard,US,2025-01-12T00:00:00,high
CUS003289,personal,personal_standard,ES,2025-05-20T00:00:00,low
CUS003290,business,business_smb,IE,2024-06-04T00:00:00,low
CUS003291,personal,personal_standard,DE,2023-04-23T00:00:00,low
CUS003292,personal,personal_standard,IE,2025-09-20T00:00:00,low
CUS003293,business,business_smb,DE,2025-02-03T00:00:00,low
CUS003294,personal,personal_standard,SG,2026-03-05T00:00:00,medium
CUS003295,business,business_scaleup,ES,2022-05-31T00:00:00,low
CUS003296,personal,personal_standard,GB,2025-10-04T00:00:00,medium
CUS003297,personal,personal_standard,US,2025-10-14T00:00:00,low
CUS003298,personal,personal_standard,SG,2024-03-18T00:00:00,low
CUS003299,business,business_scaleup,US,2023-02-28T00:00:00,low
CUS003300,personal,personal_standard,US,2024-02-10T00:00:00,medium
CUS003301,personal,personal_standard,GB,2023-01-24T00:00:00,medium
CUS003302,personal,personal_standard,US,2025-02-01T00:00:00,medium
CUS003303,business,business_smb,SG,2022-07-23T00:00:00,low
CUS003304,personal,personal_standard,BR,2024-02-18T00:00:00,low
CUS003305,personal,personal_high_value,GB,2022-09-25T00:00:00,low
CUS003306,personal,personal_standard,ES,2023-11-11T00:00:00,low
CUS003307,personal,personal_standard,CA,2023-05-17T00:00:00,low
CUS003308,personal,personal_standard,GB,2024-03-24T00:00:00,medium
CUS003309,personal,personal_standard,DE,2023-03-09T00:00:00,medium
CUS003310,personal,personal_standard,ES,2024-02-19T00:00:00,low
CUS003311,personal,personal_standard,BR,2023-05-16T00:00:00,low
CUS003312,business,business_scaleup,FR,2025-06-06T00:00:00,low
CUS003313,business,business_smb,GB,2024-03-20T00:00:00,low
CUS003314,business,business_smb,GB,2026-04-08T00:00:00,low
CUS003315,business,business_smb,GB,2023-03-10T00:00:00,low
CUS003316,personal,personal_standard,US,2022-10-11T00:00:00,low
CUS003317,personal,personal_standard,GB,2022-03-04T00:00:00,low
CUS003318,business,business_smb,AE,2025-06-30T00:00:00,low
CUS003319,business,business_scaleup,IE,2025-05-17T00:00:00,low
CUS003320,personal,personal_high_value,US,2024-09-22T00:00:00,low
CUS003321,personal,personal_standard,GB,2023-06-22T00:00:00,low
CUS003322,personal,personal_standard,US,2026-04-15T00:00:00,low
CUS003323,personal,personal_standard,AE,2025-11-03T00:00:00,low
CUS003324,business,business_smb,DE,2023-11-07T00:00:00,low
CUS003325,business,business_scaleup,ES,2023-08-13T00:00:00,low
CUS003326,personal,personal_standard,SG,2022-02-08T00:00:00,low
CUS003327,personal,personal_standard,IE,2025-01-24T00:00:00,low
CUS003328,personal,personal_standard,IE,2024-04-01T00:00:00,medium
CUS003329,personal,personal_standard,US,2023-12-04T00:00:00,low
CUS003330,personal,personal_standard,CA,2024-10-23T00:00:00,low
CUS003331,personal,personal_standard,GB,2022-06-26T00:00:00,low
CUS003332,personal,personal_standard,GB,2024-10-20T00:00:00,low
CUS003333,personal,personal_standard,FR,2023-10-06T00:00:00,low
CUS003334,personal,personal_standard,GB,2025-10-09T00:00:00,medium
CUS003335,personal,personal_high_value,GB,2024-07-09T00:00:00,low
CUS003336,business,business_smb,US,2023-09-16T00:00:00,low
CUS003337,personal,personal_standard,GB,2023-03-22T00:00:00,low
CUS003338,business,business_smb,DE,2026-06-10T00:00:00,low
CUS003339,personal,personal_standard,NL,2022-10-02T00:00:00,low
CUS003340,personal,personal_standard,SG,2024-01-10T00:00:00,low
CUS003341,personal,personal_standard,US,2026-02-02T00:00:00,low
CUS003342,personal,personal_standard,AE,2025-12-18T00:00:00,high
CUS003343,personal,personal_standard,US,2025-11-17T00:00:00,low
CUS003344,personal,personal_standard,GB,2025-03-22T00:00:00,low
CUS003345,personal,personal_standard,US,2025-08-20T00:00:00,low
CUS003346,personal,personal_standard,ES,2022-03-07T00:00:00,medium
CUS003347,business,business_smb,US,2025-05-15T00:00:00,medium
CUS003348,personal,personal_standard,NL,2023-10-18T00:00:00,low
CUS003349,personal,personal_standard,FR,2025-08-02T00:00:00,low
CUS003350,personal,personal_standard,IE,2025-07-18T00:00:00,low
CUS003351,business,business_smb,US,2025-03-03T00:00:00,medium
CUS003352,personal,personal_standard,DE,2022-01-25T00:00:00,low
CUS003353,business,business_smb,GB,2024-01-01T00:00:00,low
CUS003354,personal,personal_standard,SG,2022-03-12T00:00:00,low
CUS003355,personal,personal_standard,FR,2024-08-10T00:00:00,low
CUS003356,personal,personal_standard,ES,2024-08-04T00:00:00,medium
CUS003357,personal,personal_standard,DE,2025-07-05T00:00:00,medium
CUS003358,business,business_smb,SG,2024-09-30T00:00:00,low
CUS003359,personal,personal_high_value,IE,2023-01-17T00:00:00,low
CUS003360,personal,personal_standard,IE,2022-06-05T00:00:00,low
CUS003361,personal,personal_standard,GB,2024-10-19T00:00:00,low
CUS003362,personal,personal_high_value,CA,2026-02-11T00:00:00,low
CUS003363,business,business_smb,ES,2024-05-23T00:00:00,low
CUS003364,personal,personal_standard,SG,2026-04-04T00:00:00,low
CUS003365,personal,personal_standard,DE,2022-09-03T00:00:00,low
CUS003366,personal,personal_standard,DE,2023-06-23T00:00:00,medium
CUS003367,personal,personal_standard,DE,2022-09-16T00:00:00,low
CUS003368,personal,personal_standard,US,2022-11-01T00:00:00,low
CUS003369,personal,personal_standard,NL,2024-03-24T00:00:00,low
CUS003370,personal,personal_standard,BR,2024-04-02T00:00:00,low
CUS003371,personal,personal_standard,ES,2024-06-23T00:00:00,low
CUS003372,business,business_smb,ES,2022-04-01T00:00:00,low
CUS003373,personal,personal_standard,IE,2024-01-07T00:00:00,low
CUS003374,personal,personal_standard,DE,2023-03-12T00:00:00,low
CUS003375,personal,personal_standard,US,2022-12-01T00:00:00,medium
CUS003376,personal,personal_standard,FR,2025-08-26T00:00:00,medium
CUS003377,personal,personal_high_value,GB,2022-04-05T00:00:00,low
CUS003378,personal,personal_standard,NL,2026-02-26T00:00:00,medium
CUS003379,business,business_smb,DE,2025-04-19T00:00:00,low
CUS003380,personal,personal_standard,PL,2022-05-14T00:00:00,medium
CUS003381,personal,personal_standard,FR,2022-05-23T00:00:00,low
CUS003382,personal,personal_standard,DE,2025-07-19T00:00:00,low
CUS003383,business,business_smb,US,2024-10-20T00:00:00,low
CUS003384,personal,personal_standard,CA,2023-01-11T00:00:00,low
CUS003385,business,business_smb,GB,2026-05-21T00:00:00,medium
CUS003386,personal,personal_standard,IE,2023-08-27T00:00:00,low
CUS003387,personal,personal_standard,SG,2024-11-27T00:00:00,low
CUS003388,personal,personal_standard,BR,2022-08-01T00:00:00,low
CUS003389,personal,personal_standard,SG,2023-12-26T00:00:00,low
CUS003390,personal,personal_standard,IE,2025-08-09T00:00:00,medium
CUS003391,personal,personal_standard,CA,2025-08-24T00:00:00,low
CUS003392,personal,personal_standard,BR,2023-04-23T00:00:00,low
CUS003393,personal,personal_standard,IE,2026-02-05T00:00:00,medium
CUS003394,business,business_scaleup,AE,2022-10-03T00:00:00,low
CUS003395,personal,personal_high_value,GB,2025-12-22T00:00:00,medium
CUS003396,personal,personal_standard,US,2024-08-29T00:00:00,medium
CUS003397,personal,personal_high_value,DE,2022-01-09T00:00:00,low
CUS003398,business,business_scaleup,GB,2023-04-20T00:00:00,low
CUS003399,personal,personal_high_value,DE,2023-09-28T00:00:00,low
CUS003400,personal,personal_standard,US,2024-04-24T00:00:00,low
CUS003401,business,business_smb,GB,2022-01-16T00:00:00,low
CUS003402,personal,personal_standard,FR,2025-01-24T00:00:00,low
CUS003403,personal,personal_standard,US,2024-07-30T00:00:00,high
CUS003404,business,business_scaleup,IE,2023-02-27T00:00:00,low
CUS003405,business,business_smb,US,2022-06-20T00:00:00,low
CUS003406,business,business_smb,DE,2023-02-07T00:00:00,medium
CUS003407,business,business_scaleup,ES,2024-10-20T00:00:00,medium
CUS003408,personal,personal_standard,GB,2023-03-11T00:00:00,low
CUS003409,personal,personal_standard,IE,2024-04-17T00:00:00,low
CUS003410,personal,personal_high_value,BR,2022-08-04T00:00:00,medium
CUS003411,personal,personal_standard,IE,2025-06-10T00:00:00,medium
CUS003412,business,business_smb,SG,2024-08-09T00:00:00,medium
CUS003413,personal,personal_standard,DE,2024-02-02T00:00:00,low
CUS003414,personal,personal_high_value,US,2025-09-21T00:00:00,medium
CUS003415,personal,personal_standard,FR,2024-12-09T00:00:00,low
CUS003416,personal,personal_high_value,AE,2024-08-21T00:00:00,low
CUS003417,personal,personal_standard,CA,2023-12-20T00:00:00,low
CUS003418,personal,personal_high_value,US,2023-09-02T00:00:00,low
CUS003419,personal,personal_standard,US,2025-11-29T00:00:00,high
CUS003420,business,business_smb,US,2024-08-13T00:00:00,low
CUS003421,business,business_smb,IE,2023-11-27T00:00:00,low
CUS003422,personal,personal_high_value,CA,2023-08-26T00:00:00,high
CUS003423,personal,personal_standard,US,2026-03-03T00:00:00,low
CUS003424,personal,personal_high_value,AE,2024-07-31T00:00:00,medium
CUS003425,personal,personal_standard,IE,2024-10-06T00:00:00,medium
CUS003426,personal,personal_standard,ES,2022-05-19T00:00:00,medium
CUS003427,personal,personal_standard,DE,2026-02-11T00:00:00,low
CUS003428,personal,personal_standard,IE,2024-03-22T00:00:00,medium
CUS003429,personal,personal_standard,NL,2025-09-09T00:00:00,low
CUS003430,personal,personal_standard,PL,2023-10-10T00:00:00,medium
CUS003431,business,business_scaleup,PL,2023-05-30T00:00:00,low
CUS003432,personal,personal_standard,IE,2025-12-20T00:00:00,low
CUS003433,business,business_smb,US,2022-08-03T00:00:00,low
CUS003434,personal,personal_high_value,GB,2024-10-27T00:00:00,low
CUS003435,personal,personal_high_value,GB,2022-08-28T00:00:00,medium
CUS003436,personal,personal_standard,HU,2024-08-28T00:00:00,low
CUS003437,personal,personal_standard,US,2025-02-14T00:00:00,low
CUS003438,business,business_smb,GB,2022-02-09T00:00:00,low
CUS003439,personal,personal_high_value,ES,2024-04-10T00:00:00,low
CUS003440,business,business_smb,FR,2024-11-01T00:00:00,low
CUS003441,personal,personal_standard,IE,2022-08-03T00:00:00,low
CUS003442,business,business_smb,DE,2026-03-31T00:00:00,medium
CUS003443,business,business_scaleup,AE,2024-04-14T00:00:00,low
CUS003444,business,business_smb,US,2024-09-12T00:00:00,medium
CUS003445,personal,personal_high_value,GB,2024-01-09T00:00:00,medium
CUS003446,business,business_scaleup,US,2026-02-01T00:00:00,low
CUS003447,personal,personal_standard,ES,2022-04-19T00:00:00,medium
CUS003448,personal,personal_standard,BR,2024-12-12T00:00:00,low
CUS003449,business,business_smb,US,2025-06-03T00:00:00,low
CUS003450,personal,personal_standard,DE,2023-03-20T00:00:00,low
CUS003451,personal,personal_standard,IE,2024-12-04T00:00:00,low
CUS003452,personal,personal_standard,BR,2025-01-29T00:00:00,low
CUS003453,personal,personal_standard,BR,2025-03-25T00:00:00,low
CUS003454,business,business_smb,GB,2022-06-21T00:00:00,low
CUS003455,personal,personal_standard,CA,2024-07-04T00:00:00,low
CUS003456,business,business_scaleup,GB,2025-06-19T00:00:00,low
CUS003457,business,business_smb,NL,2025-07-09T00:00:00,low
CUS003458,personal,personal_standard,CA,2023-08-13T00:00:00,medium
CUS003459,business,business_smb,CA,2023-05-26T00:00:00,low
CUS003460,personal,personal_standard,DE,2022-03-23T00:00:00,low
CUS003461,business,business_smb,DE,2022-10-30T00:00:00,low
CUS003462,personal,personal_standard,IE,2025-03-15T00:00:00,low
CUS003463,personal,personal_standard,DE,2023-04-11T00:00:00,medium
CUS003464,business,business_smb,SG,2026-05-22T00:00:00,low
CUS003465,personal,personal_standard,FR,2023-10-25T00:00:00,low
CUS003466,personal,personal_standard,GB,2023-02-06T00:00:00,low
CUS003467,personal,personal_standard,US,2026-03-02T00:00:00,medium
CUS003468,business,business_smb,NL,2023-06-29T00:00:00,low
CUS003469,personal,personal_standard,US,2026-02-20T00:00:00,medium
CUS003470,business,business_smb,CA,2022-12-08T00:00:00,medium
CUS003471,personal,personal_standard,DE,2025-03-04T00:00:00,high
CUS003472,personal,personal_standard,US,2024-11-01T00:00:00,low
CUS003473,personal,personal_standard,US,2023-07-31T00:00:00,low
CUS003474,personal,personal_standard,DE,2026-02-09T00:00:00,medium
CUS003475,personal,personal_standard,DE,2025-02-07T00:00:00,low
CUS003476,personal,personal_standard,CA,2023-03-04T00:00:00,low
CUS003477,personal,personal_standard,PL,2024-01-07T00:00:00,low
CUS003478,personal,personal_standard,BR,2025-06-20T00:00:00,low
CUS003479,personal,personal_standard,ES,2026-06-22T00:00:00,low
CUS003480,business,business_smb,ES,2025-11-15T00:00:00,low
CUS003481,personal,personal_standard,SG,2024-05-02T00:00:00,low
CUS003482,business,business_smb,DE,2022-11-24T00:00:00,low
CUS003483,business,business_smb,ES,2025-06-06T00:00:00,low
CUS003484,personal,personal_standard,ES,2022-10-04T00:00:00,medium
CUS003485,personal,personal_standard,ES,2022-12-15T00:00:00,medium
CUS003486,personal,personal_standard,US,2023-04-26T00:00:00,low
CUS003487,personal,personal_standard,PL,2022-04-03T00:00:00,low
CUS003488,personal,personal_standard,GB,2023-07-11T00:00:00,low
CUS003489,personal,personal_standard,GB,2024-09-05T00:00:00,medium
CUS003490,personal,personal_standard,ES,2025-04-20T00:00:00,low
CUS003491,personal,personal_standard,SG,2025-11-11T00:00:00,high
CUS003492,personal,personal_standard,NL,2024-08-13T00:00:00,medium
CUS003493,business,business_smb,AE,2023-03-11T00:00:00,low
CUS003494,personal,personal_standard,DE,2022-03-31T00:00:00,medium
CUS003495,personal,personal_standard,GB,2025-09-04T00:00:00,high
CUS003496,personal,personal_standard,ES,2022-01-06T00:00:00,low
CUS003497,business,business_scaleup,FR,2022-11-04T00:00:00,low
CUS003498,personal,personal_standard,NL,2023-06-19T00:00:00,low
CUS003499,personal,personal_high_value,IE,2022-04-28T00:00:00,medium
CUS003500,personal,personal_standard,US,2026-01-21T00:00:00,low
