fee_id,transfer_id,list_fee_usd,approved_price_investment_usd,expected_fee_usd,collected_fee_usd,fee_leakage_usd,fee_outcome
FEE0000001,TRF0000001,7.080000,0.000000,7.080000,7.080000,0.000000,as_expected
FEE0000002,TRF0000002,2.780000,0.000000,2.780000,2.780000,0.000000,as_expected
FEE0000003,TRF0000003,20.830000,0.000000,20.830000,20.830000,0.000000,as_expected
FEE0000004,TRF0000004,76.890000,0.000000,76.890000,76.890000,0.000000,as_expected
FEE0000005,TRF0000005,29.460000,0.000000,29.460000,29.460000,0.000000,as_expected
FEE0000006,TRF0000006,231.080000,0.000000,231.080000,231.080000,0.000000,as_expected
FEE0000007,TRF0000007,2.420000,0.000000,2.420000,2.420000,0.000000,as_expected
FEE0000008,TRF0000008,10.510000,1.150000,9.360000,9.360000,0.000000,approved_price_investment
FEE0000009,TRF0000009,1.420000,0.000000,1.420000,1.420000,0.000000,as_expected
FEE0000010,TRF0000010,32.880000,0.000000,32.880000,32.880000,0.000000,as_expected
FEE0000011,TRF0000011,0.720000,0.030000,0.690000,0.690000,0.000000,approved_price_investment
FEE0000012,TRF0000012,1.660000,0.000000,1.660000,1.660000,0.000000,as_expected
FEE0000013,TRF0000013,6.590000,0.000000,6.590000,6.590000,0.000000,as_expected
FEE0000014,TRF0000014,3.720000,0.000000,3.720000,3.720000,0.000000,as_expected
FEE0000015,TRF0000015,34.320000,0.000000,34.320000,34.320000,0.000000,as_expected
FEE0000016,TRF0000016,2.560000,0.000000,2.560000,2.560000,0.000000,as_expected
FEE0000017,TRF0000017,1.150000,0.000000,1.150000,1.150000,0.000000,as_expected
FEE0000018,TRF0000018,1.770000,0.000000,1.770000,1.770000,0.000000,as_expected
FEE0000019,TRF0000019,2.990000,0.000000,2.990000,2.990000,0.000000,as_expected
FEE0000020,TRF0000020,3.700000,0.000000,3.700000,3.700000,0.000000,as_expected
FEE0000021,TRF0000021,119.300000,10.410000,108.890000,108.890000,0.000000,approved_price_investment
FEE0000022,TRF0000022,6.180000,0.000000,6.180000,6.180000,0.000000,as_expected
FEE0000023,TRF0000023,10.480000,0.000000,10.480000,10.480000,0.000000,as_expected
FEE0000024,TRF0000024,2.360000,0.000000,2.360000,2.360000,0.000000,as_expected
FEE0000025,TRF0000025,10.260000,0.000000,10.260000,10.260000,0.000000,as_expected
FEE0000026,TRF0000026,2.280000,0.000000,2.280000,2.280000,0.000000,as_expected
FEE0000027,TRF0000027,3.810000,0.260000,3.550000,3.550000,0.000000,approved_price_investment
FEE0000028,TRF0000028,53.930000,5.950000,47.980000,47.980000,0.000000,approved_price_investment
FEE0000029,TRF0000029,2.600000,0.000000,2.600000,2.600000,0.000000,as_expected
FEE0000030,TRF0000030,11.260000,0.000000,11.260000,11.260000,0.000000,as_expected
FEE0000031,TRF0000031,2.790000,0.240000,2.550000,2.550000,0.000000,approved_price_investment
FEE0000032,TRF0000032,5.230000,0.000000,5.230000,5.230000,0.000000,as_expected
FEE0000033,TRF0000033,2.450000,0.000000,2.450000,2.450000,0.000000,as_expected
FEE0000034,TRF0000034,1.580000,0.000000,1.580000,1.580000,0.000000,as_expected
FEE0000035,TRF0000035,3.490000,0.000000,3.490000,3.490000,0.000000,as_expected
FEE0000036,TRF0000036,9.140000,0.000000,9.140000,9.140000,0.000000,as_expected
FEE0000037,TRF0000037,15.040000,0.000000,15.040000,15.040000,0.000000,as_expected
FEE0000038,TRF0000038,3.460000,0.000000,3.460000,3.460000,0.000000,as_expected
FEE0000039,TRF0000039,1.440000,0.100000,1.340000,1.340000,0.000000,approved_price_investment
FEE0000040,TRF0000040,6.810000,0.000000,6.810000,6.810000,0.000000,as_expected
FEE0000041,TRF0000042,5.320000,0.000000,5.320000,5.320000,0.000000,as_expected
FEE0000042,TRF0000043,13.960000,0.000000,13.960000,8.860000,5.100000,unexpected_shortfall
FEE0000043,TRF0000044,5.940000,0.000000,5.940000,5.940000,0.000000,as_expected
FEE0000044,TRF0000045,11.470000,0.000000,11.470000,11.470000,0.000000,as_expected
FEE0000045,TRF0000046,1.870000,0.000000,1.870000,1.870000,0.000000,as_expected
FEE0000046,TRF0000047,2.700000,0.000000,2.700000,2.700000,0.000000,as_expected
FEE0000047,TRF0000048,2.810000,0.000000,2.810000,2.810000,0.000000,as_expected
FEE0000048,TRF0000049,2.250000,0.000000,2.250000,2.250000,0.000000,as_expected
FEE0000049,TRF0000050,0.910000,0.000000,0.910000,0.910000,0.000000,as_expected
FEE0000050,TRF0000051,13.260000,0.000000,13.260000,13.260000,0.000000,as_expected
FEE0000051,TRF0000052,253.180000,0.000000,253.180000,253.180000,0.000000,as_expected
FEE0000052,TRF0000053,14.210000,0.000000,14.210000,14.210000,0.000000,as_expected
FEE0000053,TRF0000054,7.380000,0.000000,7.380000,7.380000,0.000000,as_expected
FEE0000054,TRF0000055,8.260000,0.000000,8.260000,8.260000,0.000000,as_expected
FEE0000055,TRF0000056,13.750000,0.000000,13.750000,13.750000,0.000000,as_expected
FEE0000056,TRF0000057,3.030000,0.000000,3.030000,3.030000,0.000000,as_expected
FEE0000057,TRF0000058,596.700000,0.000000,596.700000,596.700000,0.000000,as_expected
FEE0000058,TRF0000059,8.410000,0.000000,8.410000,8.410000,0.000000,as_expected
FEE0000059,TRF0000060,3.450000,0.000000,3.450000,3.450000,0.000000,as_expected
FEE0000060,TRF0000061,40.850000,0.000000,40.850000,40.850000,0.000000,as_expected
FEE0000061,TRF0000062,19.240000,0.000000,19.240000,19.240000,0.000000,as_expected
FEE0000062,TRF0000063,6.580000,0.000000,6.580000,6.580000,0.000000,as_expected
FEE0000063,TRF0000064,2.600000,0.000000,2.600000,2.600000,0.000000,as_expected
FEE0000064,TRF0000065,3.650000,0.000000,3.650000,3.650000,0.000000,as_expected
FEE0000065,TRF0000066,3.540000,0.000000,3.540000,3.540000,0.000000,as_expected
FEE0000066,TRF0000067,5.890000,0.000000,5.890000,5.890000,0.000000,as_expected
FEE0000067,TRF0000068,3.200000,0.000000,3.200000,3.200000,0.000000,as_expected
FEE0000068,TRF0000069,76.560000,0.000000,76.560000,76.560000,0.000000,as_expected
FEE0000069,TRF0000070,2.010000,0.000000,2.010000,2.010000,0.000000,as_expected
FEE0000070,TRF0000071,53.380000,0.000000,53.380000,33.490000,19.890000,unexpected_shortfall
FEE0000071,TRF0000072,15.030000,0.000000,15.030000,15.030000,0.000000,as_expected
FEE0000072,TRF0000073,2.540000,0.000000,2.540000,2.540000,0.000000,as_expected
FEE0000073,TRF0000074,4.410000,0.000000,4.410000,4.410000,0.000000,as_expected
FEE0000074,TRF0000075,1.360000,0.000000,1.360000,1.360000,0.000000,as_expected
FEE0000075,TRF0000076,2.850000,0.250000,2.600000,2.600000,0.000000,approved_price_investment
FEE0000076,TRF0000077,4.080000,0.000000,4.080000,4.080000,0.000000,as_expected
FEE0000077,TRF0000078,12.190000,0.000000,12.190000,12.190000,0.000000,as_expected
FEE0000078,TRF0000079,8.170000,0.000000,8.170000,8.170000,0.000000,as_expected
FEE0000079,TRF0000080,16.910000,0.000000,16.910000,16.910000,0.000000,as_expected
FEE0000080,TRF0000081,3.490000,0.000000,3.490000,3.490000,0.000000,as_expected
FEE0000081,TRF0000082,17.360000,0.000000,17.360000,17.360000,0.000000,as_expected
FEE0000082,TRF0000083,250.050000,0.000000,250.050000,250.050000,0.000000,as_expected
FEE0000083,TRF0000084,11.550000,0.000000,11.550000,11.550000,0.000000,as_expected
FEE0000084,TRF0000085,1.430000,0.000000,1.430000,1.430000,0.000000,as_expected
FEE0000085,TRF0000086,23.450000,0.000000,23.450000,23.450000,0.000000,as_expected
FEE0000086,TRF0000087,0.870000,0.040000,0.830000,0.830000,0.000000,approved_price_investment
FEE0000087,TRF0000088,14.300000,0.000000,14.300000,14.300000,0.000000,as_expected
FEE0000088,TRF0000089,6.810000,0.000000,6.810000,6.810000,0.000000,as_expected
FEE0000089,TRF0000090,23.940000,0.000000,23.940000,23.940000,0.000000,as_expected
FEE0000090,TRF0000091,4.370000,0.000000,4.370000,4.370000,0.000000,as_expected
FEE0000091,TRF0000092,16.930000,0.000000,16.930000,16.930000,0.000000,as_expected
FEE0000092,TRF0000093,2.930000,0.000000,2.930000,2.930000,0.000000,as_expected
FEE0000093,TRF0000094,16.310000,0.000000,16.310000,16.310000,0.000000,as_expected
FEE0000094,TRF0000095,4.770000,0.000000,4.770000,4.770000,0.000000,as_expected
FEE0000095,TRF0000096,1.670000,0.000000,1.670000,1.670000,0.000000,as_expected
FEE0000096,TRF0000097,5.470000,0.000000,5.470000,5.470000,0.000000,as_expected
FEE0000097,TRF0000098,6.740000,0.000000,6.740000,6.740000,0.000000,as_expected
FEE0000098,TRF0000099,2.400000,0.200000,2.200000,2.200000,0.000000,approved_price_investment
FEE0000099,TRF0000100,14.480000,0.000000,14.480000,14.480000,0.000000,as_expected
FEE0000100,TRF0000101,13.890000,0.000000,13.890000,13.890000,0.000000,as_expected
FEE0000101,TRF0000102,14.220000,0.000000,14.220000,14.220000,0.000000,as_expected
FEE0000102,TRF0000103,7.550000,0.000000,7.550000,7.550000,0.000000,as_expected
FEE0000103,TRF0000104,94.570000,0.000000,94.570000,94.570000,0.000000,as_expected
FEE0000104,TRF0000105,67.210000,0.000000,67.210000,67.210000,0.000000,as_expected
FEE0000105,TRF0000106,21.580000,0.000000,21.580000,21.580000,0.000000,as_expected
FEE0000106,TRF0000107,10.660000,0.000000,10.660000,10.660000,0.000000,as_expected
FEE0000107,TRF0000108,1.700000,0.000000,1.700000,1.700000,0.000000,as_expected
FEE0000108,TRF0000109,16.400000,0.000000,16.400000,16.400000,0.000000,as_expected
FEE0000109,TRF0000110,33.500000,0.000000,33.500000,33.500000,0.000000,as_expected
FEE0000110,TRF0000111,12.200000,0.000000,12.200000,12.200000,0.000000,as_expected
FEE0000111,TRF0000112,9.870000,0.000000,9.870000,9.870000,0.000000,as_expected
FEE0000112,TRF0000113,5.210000,0.000000,5.210000,5.210000,0.000000,as_expected
FEE0000113,TRF0000114,10.960000,0.000000,10.960000,10.960000,0.000000,as_expected
FEE0000114,TRF0000115,3.100000,0.000000,3.100000,3.100000,0.000000,as_expected
FEE0000115,TRF0000116,2.310000,0.140000,2.170000,2.170000,0.000000,approved_price_investment
FEE0000116,TRF0000117,3.150000,0.000000,3.150000,3.150000,0.000000,as_expected
FEE0000117,TRF0000118,2.730000,0.000000,2.730000,2.730000,0.000000,as_expected
FEE0000118,TRF0000119,6.970000,0.000000,6.970000,6.970000,0.000000,as_expected
FEE0000119,TRF0000120,84.460000,0.000000,84.460000,84.460000,0.000000,as_expected
FEE0000120,TRF0000121,4.440000,0.000000,4.440000,4.440000,0.000000,as_expected
FEE0000121,TRF0000122,2.290000,0.000000,2.290000,2.290000,0.000000,as_expected
FEE0000122,TRF0000123,37.850000,0.000000,37.850000,37.850000,0.000000,as_expected
FEE0000123,TRF0000124,1.660000,0.000000,1.660000,1.660000,0.000000,as_expected
FEE0000124,TRF0000125,6.190000,0.000000,6.190000,6.190000,0.000000,as_expected
FEE0000125,TRF0000126,14.330000,1.580000,12.750000,12.750000,0.000000,approved_price_investment
FEE0000126,TRF0000127,1.550000,0.000000,1.550000,1.550000,0.000000,as_expected
FEE0000127,TRF0000128,3.060000,0.000000,3.060000,3.060000,0.000000,as_expected
FEE0000128,TRF0000129,10.880000,0.000000,10.880000,10.880000,0.000000,as_expected
FEE0000129,TRF0000130,12.070000,0.000000,12.070000,12.070000,0.000000,as_expected
FEE0000130,TRF0000131,24.830000,0.000000,24.830000,24.830000,0.000000,as_expected
FEE0000131,TRF0000132,6.570000,0.000000,6.570000,6.570000,0.000000,as_expected
FEE0000132,TRF0000133,1.990000,0.000000,1.990000,1.990000,0.000000,as_expected
FEE0000133,TRF0000134,12.620000,0.000000,12.620000,12.620000,0.000000,as_expected
FEE0000134,TRF0000135,3.890000,0.000000,3.890000,3.890000,0.000000,as_expected
FEE0000135,TRF0000136,6.400000,0.000000,6.400000,6.400000,0.000000,as_expected
FEE0000136,TRF0000137,3.770000,0.000000,3.770000,3.770000,0.000000,as_expected
FEE0000137,TRF0000138,12.340000,0.000000,12.340000,12.340000,0.000000,as_expected
FEE0000138,TRF0000139,2.670000,0.000000,2.670000,2.670000,0.000000,as_expected
FEE0000139,TRF0000140,2.140000,0.000000,2.140000,2.140000,0.000000,as_expected
FEE0000140,TRF0000141,30.180000,0.000000,30.180000,30.180000,0.000000,as_expected
FEE0000141,TRF0000142,2.610000,0.000000,2.610000,2.610000,0.000000,as_expected
FEE0000142,TRF0000143,3.030000,0.000000,3.030000,3.030000,0.000000,as_expected
FEE0000143,TRF0000144,1.580000,0.000000,1.580000,1.580000,0.000000,as_expected
FEE0000144,TRF0000145,5.490000,0.000000,5.490000,5.490000,0.000000,as_expected
FEE0000145,TRF0000146,2.660000,0.000000,2.660000,2.660000,0.000000,as_expected
FEE0000146,TRF0000147,2.620000,0.000000,2.620000,2.620000,0.000000,as_expected
FEE0000147,TRF0000148,7.150000,0.000000,7.150000,7.150000,0.000000,as_expected
FEE0000148,TRF0000149,3.630000,0.000000,3.630000,3.630000,0.000000,as_expected
FEE0000149,TRF0000150,1.650000,0.000000,1.650000,1.650000,0.000000,as_expected
FEE0000150,TRF0000151,88.860000,0.000000,88.860000,88.860000,0.000000,as_expected
FEE0000151,TRF0000152,4.700000,0.000000,4.700000,4.700000,0.000000,as_expected
FEE0000152,TRF0000153,2.100000,0.000000,2.100000,2.100000,0.000000,as_expected
FEE0000153,TRF0000154,138.980000,0.000000,138.980000,138.980000,0.000000,as_expected
FEE0000154,TRF0000155,1.870000,0.000000,1.870000,1.870000,0.000000,as_expected
FEE0000155,TRF0000156,14.910000,0.000000,14.910000,14.910000,0.000000,as_expected
FEE0000156,TRF0000157,37.530000,0.000000,37.530000,37.530000,0.000000,as_expected
FEE0000157,TRF0000158,2.490000,0.000000,2.490000,2.490000,0.000000,as_expected
FEE0000158,TRF0000159,3.290000,0.000000,3.290000,3.290000,0.000000,as_expected
FEE0000159,TRF0000160,150.030000,0.000000,150.030000,150.030000,0.000000,as_expected
FEE0000160,TRF0000161,1.400000,0.000000,1.400000,1.400000,0.000000,as_expected
FEE0000161,TRF0000163,9.330000,0.000000,9.330000,9.330000,0.000000,as_expected
FEE0000162,TRF0000164,43.800000,0.000000,43.800000,43.800000,0.000000,as_expected
FEE0000163,TRF0000165,1.380000,0.000000,1.380000,1.380000,0.000000,as_expected
FEE0000164,TRF0000167,3.620000,0.000000,3.620000,3.620000,0.000000,as_expected
FEE0000165,TRF0000168,2.280000,0.190000,2.090000,2.090000,0.000000,approved_price_investment
FEE0000166,TRF0000169,18.880000,0.000000,18.880000,18.880000,0.000000,as_expected
FEE0000167,TRF0000170,2.590000,0.000000,2.590000,2.590000,0.000000,as_expected
FEE0000168,TRF0000171,29.540000,0.000000,29.540000,29.540000,0.000000,as_expected
FEE0000169,TRF0000172,11.990000,0.000000,11.990000,11.990000,0.000000,as_expected
FEE0000170,TRF0000173,60.820000,0.000000,60.820000,60.820000,0.000000,as_expected
FEE0000171,TRF0000174,16.220000,0.000000,16.220000,16.220000,0.000000,as_expected
FEE0000172,TRF0000175,1.650000,0.000000,1.650000,1.650000,0.000000,as_expected
FEE0000173,TRF0000176,6.960000,0.000000,6.960000,6.960000,0.000000,as_expected
FEE0000174,TRF0000177,9.760000,0.000000,9.760000,9.760000,0.000000,as_expected
FEE0000175,TRF0000178,3.860000,0.000000,3.860000,3.860000,0.000000,as_expected
FEE0000176,TRF0000179,63.650000,0.000000,63.650000,63.650000,0.000000,as_expected
FEE0000177,TRF0000180,10.270000,0.000000,10.270000,10.270000,0.000000,as_expected
FEE0000178,TRF0000181,25.800000,0.000000,25.800000,25.800000,0.000000,as_expected
FEE0000179,TRF0000182,1.750000,0.000000,1.750000,1.750000,0.000000,as_expected
FEE0000180,TRF0000183,59.740000,5.190000,54.550000,54.550000,0.000000,approved_price_investment
FEE0000181,TRF0000184,11.390000,0.000000,11.390000,11.390000,0.000000,as_expected
FEE0000182,TRF0000185,5.580000,0.000000,5.580000,5.580000,0.000000,as_expected
FEE0000183,TRF0000186,4.740000,0.000000,4.740000,4.740000,0.000000,as_expected
FEE0000184,TRF0000187,0.920000,0.000000,0.920000,0.920000,0.000000,as_expected
FEE0000185,TRF0000188,18.310000,0.000000,18.310000,18.310000,0.000000,as_expected
FEE0000186,TRF0000189,16.680000,0.000000,16.680000,16.680000,0.000000,as_expected
FEE0000187,TRF0000190,43.880000,0.000000,43.880000,43.880000,0.000000,as_expected
FEE0000188,TRF0000191,4.040000,0.280000,3.760000,3.760000,0.000000,approved_price_investment
FEE0000189,TRF0000192,4.960000,0.000000,4.960000,4.960000,0.000000,as_expected
FEE0000190,TRF0000193,1.070000,0.000000,1.070000,1.070000,0.000000,as_expected
FEE0000191,TRF0000194,3.160000,0.000000,3.160000,3.160000,0.000000,as_expected
FEE0000192,TRF0000195,28.900000,0.000000,28.900000,28.900000,0.000000,as_expected
FEE0000193,TRF0000196,42.670000,0.000000,42.670000,42.670000,0.000000,as_expected
FEE0000194,TRF0000197,96.150000,0.000000,96.150000,96.150000,0.000000,as_expected
FEE0000195,TRF0000198,75.730000,0.000000,75.730000,47.460000,28.270000,unexpected_shortfall
FEE0000196,TRF0000199,11.030000,0.000000,11.030000,11.030000,0.000000,as_expected
FEE0000197,TRF0000200,3.430000,0.000000,3.430000,3.430000,0.000000,as_expected
FEE0000198,TRF0000201,37.440000,0.000000,37.440000,37.440000,0.000000,as_expected
FEE0000199,TRF0000202,5.610000,0.000000,5.610000,5.610000,0.000000,as_expected
FEE0000200,TRF0000203,2.000000,0.000000,2.000000,2.000000,0.000000,as_expected
FEE0000201,TRF0000204,58.070000,0.000000,58.070000,58.070000,0.000000,as_expected
FEE0000202,TRF0000205,5.360000,0.000000,5.360000,5.360000,0.000000,as_expected
FEE0000203,TRF0000206,23.430000,0.000000,23.430000,23.430000,0.000000,as_expected
FEE0000204,TRF0000207,28.640000,0.000000,28.640000,28.640000,0.000000,as_expected
FEE0000205,TRF0000208,67.110000,0.000000,67.110000,42.080000,25.030000,unexpected_shortfall
FEE0000206,TRF0000209,46.690000,0.000000,46.690000,46.690000,0.000000,as_expected
FEE0000207,TRF0000210,1.850000,0.000000,1.850000,1.850000,0.000000,as_expected
FEE0000208,TRF0000211,12.450000,0.000000,12.450000,12.450000,0.000000,as_expected
FEE0000209,TRF0000212,78.470000,0.000000,78.470000,78.470000,0.000000,as_expected
FEE0000210,TRF0000213,359.380000,0.000000,359.380000,359.380000,0.000000,as_expected
FEE0000211,TRF0000214,88.970000,0.000000,88.970000,88.970000,0.000000,as_expected
FEE0000212,TRF0000215,76.600000,0.000000,76.600000,76.600000,0.000000,as_expected
FEE0000213,TRF0000216,44.360000,0.000000,44.360000,44.360000,0.000000,as_expected
FEE0000214,TRF0000217,2.330000,0.000000,2.330000,2.330000,0.000000,as_expected
FEE0000215,TRF0000218,6.840000,0.000000,6.840000,6.840000,0.000000,as_expected
FEE0000216,TRF0000219,30.650000,0.000000,30.650000,30.650000,0.000000,as_expected
FEE0000217,TRF0000220,18.240000,0.000000,18.240000,18.240000,0.000000,as_expected
FEE0000218,TRF0000221,41.370000,4.660000,36.710000,36.710000,0.000000,approved_price_investment
FEE0000219,TRF0000222,2.240000,0.000000,2.240000,2.240000,0.000000,as_expected
FEE0000220,TRF0000223,25.260000,0.000000,25.260000,25.260000,0.000000,as_expected
FEE0000221,TRF0000224,8.710000,0.000000,8.710000,8.710000,0.000000,as_expected
FEE0000222,TRF0000225,3.680000,0.000000,3.680000,3.680000,0.000000,as_expected
FEE0000223,TRF0000226,4.720000,0.000000,4.720000,4.720000,0.000000,as_expected
FEE0000224,TRF0000227,20.360000,1.700000,18.660000,18.660000,0.000000,approved_price_investment
FEE0000225,TRF0000228,3.480000,0.000000,3.480000,3.480000,0.000000,as_expected
FEE0000226,TRF0000229,35.210000,0.000000,35.210000,35.210000,0.000000,as_expected
FEE0000227,TRF0000230,19.780000,0.000000,19.780000,19.780000,0.000000,as_expected
FEE0000228,TRF0000231,1.920000,0.000000,1.920000,1.920000,0.000000,as_expected
FEE0000229,TRF0000232,8.640000,0.000000,8.640000,8.640000,0.000000,as_expected
FEE0000230,TRF0000233,24.620000,0.000000,24.620000,24.620000,0.000000,as_expected
FEE0000231,TRF0000234,5.640000,0.000000,5.640000,5.640000,0.000000,as_expected
FEE0000232,TRF0000235,4.520000,0.000000,4.520000,4.520000,0.000000,as_expected
FEE0000233,TRF0000236,162.700000,0.000000,162.700000,162.700000,0.000000,as_expected
FEE0000234,TRF0000237,3.750000,0.000000,3.750000,3.750000,0.000000,as_expected
FEE0000235,TRF0000238,2.120000,0.000000,2.120000,2.120000,0.000000,as_expected
FEE0000236,TRF0000239,45.850000,0.000000,45.850000,45.850000,0.000000,as_expected
FEE0000237,TRF0000240,12.270000,0.000000,12.270000,12.270000,0.000000,as_expected
FEE0000238,TRF0000241,373.510000,0.000000,373.510000,373.510000,0.000000,as_expected
FEE0000239,TRF0000242,1.080000,0.000000,1.080000,1.080000,0.000000,as_expected
FEE0000240,TRF0000243,1.820000,0.000000,1.820000,1.820000,0.000000,as_expected
FEE0000241,TRF0000244,29.400000,0.000000,29.400000,18.510000,10.890000,unexpected_shortfall
FEE0000242,TRF0000245,54.400000,0.000000,54.400000,34.130000,20.270000,unexpected_shortfall
FEE0000243,TRF0000246,4.490000,0.000000,4.490000,4.490000,0.000000,as_expected
FEE0000244,TRF0000247,7.940000,0.000000,7.940000,7.940000,0.000000,as_expected
FEE0000245,TRF0000248,2.270000,0.000000,2.270000,2.270000,0.000000,as_expected
FEE0000246,TRF0000249,23.670000,0.000000,23.670000,23.670000,0.000000,as_expected
FEE0000247,TRF0000250,2.690000,0.000000,2.690000,2.690000,0.000000,as_expected
FEE0000248,TRF0000251,10.860000,0.000000,10.860000,10.860000,0.000000,as_expected
FEE0000249,TRF0000252,16.590000,0.000000,16.590000,16.590000,0.000000,as_expected
FEE0000250,TRF0000253,5.700000,0.000000,5.700000,5.700000,0.000000,as_expected
FEE0000251,TRF0000254,85.690000,0.000000,85.690000,85.690000,0.000000,as_expected
FEE0000252,TRF0000255,1.520000,0.000000,1.520000,1.520000,0.000000,as_expected
FEE0000253,TRF0000256,2.520000,0.000000,2.520000,2.520000,0.000000,as_expected
FEE0000254,TRF0000257,7.230000,0.000000,7.230000,7.230000,0.000000,as_expected
FEE0000255,TRF0000258,1.580000,0.000000,1.580000,1.580000,0.000000,as_expected
FEE0000256,TRF0000259,3.290000,0.000000,3.290000,3.290000,0.000000,as_expected
FEE0000257,TRF0000260,38.960000,0.000000,38.960000,24.480000,14.480000,unexpected_shortfall
FEE0000258,TRF0000261,4.480000,0.000000,4.480000,4.480000,0.000000,as_expected
FEE0000259,TRF0000262,1.430000,0.000000,1.430000,1.430000,0.000000,as_expected
FEE0000260,TRF0000263,1.470000,0.000000,1.470000,1.470000,0.000000,as_expected
FEE0000261,TRF0000264,31.000000,0.000000,31.000000,31.000000,0.000000,as_expected
FEE0000262,TRF0000265,1.920000,0.000000,1.920000,1.920000,0.000000,as_expected
FEE0000263,TRF0000266,4.180000,0.390000,3.790000,3.790000,0.000000,approved_price_investment
FEE0000264,TRF0000267,14.540000,0.000000,14.540000,14.540000,0.000000,as_expected
FEE0000265,TRF0000268,83.910000,10.440000,73.470000,73.470000,0.000000,approved_price_investment
FEE0000266,TRF0000269,4.790000,0.000000,4.790000,4.790000,0.000000,as_expected
FEE0000267,TRF0000270,1.760000,0.000000,1.760000,1.760000,0.000000,as_expected
FEE0000268,TRF0000271,5.090000,0.000000,5.090000,5.090000,0.000000,as_expected
FEE0000269,TRF0000272,59.520000,0.000000,59.520000,59.520000,0.000000,as_expected
FEE0000270,TRF0000273,7.840000,0.000000,7.840000,7.840000,0.000000,as_expected
FEE0000271,TRF0000274,11.480000,0.000000,11.480000,11.480000,0.000000,as_expected
FEE0000272,TRF0000275,62.010000,5.800000,56.210000,56.210000,0.000000,approved_price_investment
FEE0000273,TRF0000276,1.270000,0.000000,1.270000,1.270000,0.000000,as_expected
FEE0000274,TRF0000277,1.800000,0.000000,1.800000,1.800000,0.000000,as_expected
FEE0000275,TRF0000278,1.010000,0.000000,1.010000,1.010000,0.000000,as_expected
FEE0000276,TRF0000279,2.610000,0.000000,2.610000,2.610000,0.000000,as_expected
FEE0000277,TRF0000280,8.210000,0.000000,8.210000,8.210000,0.000000,as_expected
FEE0000278,TRF0000281,3.110000,0.000000,3.110000,3.110000,0.000000,as_expected
FEE0000279,TRF0000282,4.240000,0.000000,4.240000,4.240000,0.000000,as_expected
FEE0000280,TRF0000283,53.040000,0.000000,53.040000,53.040000,0.000000,as_expected
FEE0000281,TRF0000284,4.740000,0.000000,4.740000,4.740000,0.000000,as_expected
FEE0000282,TRF0000285,110.720000,0.000000,110.720000,69.330000,41.390000,unexpected_shortfall
FEE0000283,TRF0000286,16.630000,0.000000,16.630000,16.630000,0.000000,as_expected
FEE0000284,TRF0000287,3.320000,0.000000,3.320000,3.320000,0.000000,as_expected
FEE0000285,TRF0000288,3.180000,0.000000,3.180000,3.180000,0.000000,as_expected
FEE0000286,TRF0000289,3.910000,0.000000,3.910000,3.910000,0.000000,as_expected
FEE0000287,TRF0000290,1.580000,0.000000,1.580000,1.580000,0.000000,as_expected
FEE0000288,TRF0000291,474.320000,0.000000,474.320000,474.320000,0.000000,as_expected
FEE0000289,TRF0000292,11.850000,0.000000,11.850000,11.850000,0.000000,as_expected
FEE0000290,TRF0000293,11.800000,0.000000,11.800000,11.800000,0.000000,as_expected
FEE0000291,TRF0000294,3.550000,0.000000,3.550000,3.550000,0.000000,as_expected
FEE0000292,TRF0000295,1.830000,0.140000,1.690000,1.690000,0.000000,approved_price_investment
FEE0000293,TRF0000296,2.080000,0.000000,2.080000,2.080000,0.000000,as_expected
FEE0000294,TRF0000297,1.700000,0.000000,1.700000,1.700000,0.000000,as_expected
FEE0000295,TRF0000298,61.340000,0.000000,61.340000,61.340000,0.000000,as_expected
FEE0000296,TRF0000299,5.950000,0.000000,5.950000,5.950000,0.000000,as_expected
FEE0000297,TRF0000300,7.190000,0.000000,7.190000,7.190000,0.000000,as_expected
FEE0000298,TRF0000301,1.630000,0.000000,1.630000,1.630000,0.000000,as_expected
FEE0000299,TRF0000302,4.290000,0.000000,4.290000,4.290000,0.000000,as_expected
FEE0000300,TRF0000303,2.490000,0.000000,2.490000,2.490000,0.000000,as_expected
FEE0000301,TRF0000304,4.050000,0.000000,4.050000,4.050000,0.000000,as_expected
FEE0000302,TRF0000305,32.520000,0.000000,32.520000,32.520000,0.000000,as_expected
FEE0000303,TRF0000307,4.990000,0.000000,4.990000,4.990000,0.000000,as_expected
FEE0000304,TRF0000308,62.150000,0.000000,62.150000,62.150000,0.000000,as_expected
FEE0000305,TRF0000309,2.670000,0.000000,2.670000,2.670000,0.000000,as_expected
FEE0000306,TRF0000310,4.560000,0.000000,4.560000,4.560000,0.000000,as_expected
FEE0000307,TRF0000311,23.460000,0.000000,23.460000,23.460000,0.000000,as_expected
FEE0000308,TRF0000312,10.240000,0.000000,10.240000,10.240000,0.000000,as_expected
FEE0000309,TRF0000313,2.340000,0.000000,2.340000,2.340000,0.000000,as_expected
FEE0000310,TRF0000314,4.050000,0.000000,4.050000,4.050000,0.000000,as_expected
FEE0000311,TRF0000315,7.920000,0.000000,7.920000,7.920000,0.000000,as_expected
FEE0000312,TRF0000317,1.040000,0.000000,1.040000,1.040000,0.000000,as_expected
FEE0000313,TRF0000318,3.040000,0.000000,3.040000,3.040000,0.000000,as_expected
FEE0000314,TRF0000319,1.920000,0.000000,1.920000,1.920000,0.000000,as_expected
FEE0000315,TRF0000320,0.960000,0.000000,0.960000,0.960000,0.000000,as_expected
FEE0000316,TRF0000321,3.110000,0.000000,3.110000,3.110000,0.000000,as_expected
FEE0000317,TRF0000322,24.360000,0.000000,24.360000,24.360000,0.000000,as_expected
FEE0000318,TRF0000323,4.050000,0.000000,4.050000,4.050000,0.000000,as_expected
FEE0000319,TRF0000324,19.270000,0.000000,19.270000,19.270000,0.000000,as_expected
FEE0000320,TRF0000325,11.330000,1.240000,10.090000,10.090000,0.000000,approved_price_investment
FEE0000321,TRF0000326,5.380000,0.000000,5.380000,5.380000,0.000000,as_expected
FEE0000322,TRF0000327,2.220000,0.180000,2.040000,2.040000,0.000000,approved_price_investment
FEE0000323,TRF0000328,33.000000,0.000000,33.000000,33.000000,0.000000,as_expected
FEE0000324,TRF0000329,11.470000,0.000000,11.470000,11.470000,0.000000,as_expected
FEE0000325,TRF0000330,141.810000,0.000000,141.810000,141.810000,0.000000,as_expected
FEE0000326,TRF0000331,3.040000,0.000000,3.040000,3.040000,0.000000,as_expected
FEE0000327,TRF0000332,2.600000,0.160000,2.440000,2.440000,0.000000,approved_price_investment
FEE0000328,TRF0000333,28.020000,0.000000,28.020000,28.020000,0.000000,as_expected
FEE0000329,TRF0000334,5.790000,0.000000,5.790000,5.790000,0.000000,as_expected
FEE0000330,TRF0000335,14.530000,0.000000,14.530000,14.530000,0.000000,as_expected
FEE0000331,TRF0000336,2.060000,0.000000,2.060000,2.060000,0.000000,as_expected
FEE0000332,TRF0000337,2.070000,0.120000,1.950000,1.950000,0.000000,approved_price_investment
FEE0000333,TRF0000338,46.900000,0.000000,46.900000,46.900000,0.000000,as_expected
FEE0000334,TRF0000339,30.100000,0.000000,30.100000,30.100000,0.000000,as_expected
FEE0000335,TRF0000340,3.890000,0.000000,3.890000,3.890000,0.000000,as_expected
FEE0000336,TRF0000341,26.900000,0.000000,26.900000,26.900000,0.000000,as_expected
FEE0000337,TRF0000342,6.670000,0.000000,6.670000,6.670000,0.000000,as_expected
FEE0000338,TRF0000343,45.600000,0.000000,45.600000,45.600000,0.000000,as_expected
FEE0000339,TRF0000344,4.790000,0.000000,4.790000,4.790000,0.000000,as_expected
FEE0000340,TRF0000345,24.420000,0.000000,24.420000,24.420000,0.000000,as_expected
FEE0000341,TRF0000346,24.610000,2.690000,21.920000,21.920000,0.000000,approved_price_investment
FEE0000342,TRF0000348,49.520000,0.000000,49.520000,31.080000,18.440000,unexpected_shortfall
FEE0000343,TRF0000349,5.610000,0.000000,5.610000,5.610000,0.000000,as_expected
FEE0000344,TRF0000350,132.600000,0.000000,132.600000,132.600000,0.000000,as_expected
FEE0000345,TRF0000351,31.790000,0.000000,31.790000,31.790000,0.000000,as_expected
FEE0000346,TRF0000352,3.120000,0.000000,3.120000,3.120000,0.000000,as_expected
FEE0000347,TRF0000353,4.330000,0.000000,4.330000,4.330000,0.000000,as_expected
FEE0000348,TRF0000354,7.140000,0.000000,7.140000,7.140000,0.000000,as_expected
FEE0000349,TRF0000355,9.230000,0.000000,9.230000,9.230000,0.000000,as_expected
FEE0000350,TRF0000356,4.360000,0.000000,4.360000,4.360000,0.000000,as_expected
FEE0000351,TRF0000357,11.720000,0.000000,11.720000,11.720000,0.000000,as_expected
FEE0000352,TRF0000358,1.960000,0.000000,1.960000,1.960000,0.000000,as_expected
FEE0000353,TRF0000359,2.890000,0.000000,2.890000,2.890000,0.000000,as_expected
FEE0000354,TRF0000360,31.450000,3.450000,28.000000,28.000000,0.000000,approved_price_investment
FEE0000355,TRF0000361,5.390000,0.000000,5.390000,5.390000,0.000000,as_expected
FEE0000356,TRF0000362,4.130000,0.000000,4.130000,4.130000,0.000000,as_expected
FEE0000357,TRF0000363,2.560000,0.000000,2.560000,2.560000,0.000000,as_expected
FEE0000358,TRF0000364,9.140000,0.000000,9.140000,9.140000,0.000000,as_expected
FEE0000359,TRF0000365,226.080000,28.220000,197.860000,197.860000,0.000000,approved_price_investment
FEE0000360,TRF0000366,4.890000,0.460000,4.430000,4.430000,0.000000,approved_price_investment
FEE0000361,TRF0000367,59.290000,0.000000,59.290000,37.190000,22.100000,unexpected_shortfall
FEE0000362,TRF0000368,21.590000,0.000000,21.590000,21.590000,0.000000,as_expected
FEE0000363,TRF0000369,27.320000,0.000000,27.320000,27.320000,0.000000,as_expected
FEE0000364,TRF0000370,2.650000,0.160000,2.490000,2.490000,0.000000,approved_price_investment
FEE0000365,TRF0000371,1.350000,0.000000,1.350000,1.350000,0.000000,as_expected
FEE0000366,TRF0000372,332.310000,0.000000,332.310000,332.310000,0.000000,as_expected
FEE0000367,TRF0000373,2.750000,0.000000,2.750000,2.750000,0.000000,as_expected
FEE0000368,TRF0000374,18.380000,0.000000,18.380000,11.620000,6.760000,unexpected_shortfall
FEE0000369,TRF0000375,2.600000,0.000000,2.600000,2.600000,0.000000,as_expected
FEE0000370,TRF0000376,10.090000,0.000000,10.090000,10.090000,0.000000,as_expected
FEE0000371,TRF0000377,2.090000,0.000000,2.090000,2.090000,0.000000,as_expected
FEE0000372,TRF0000378,100.350000,0.000000,100.350000,100.350000,0.000000,as_expected
FEE0000373,TRF0000379,4.860000,0.000000,4.860000,4.860000,0.000000,as_expected
FEE0000374,TRF0000380,39.920000,0.000000,39.920000,39.920000,0.000000,as_expected
FEE0000375,TRF0000381,8.890000,0.000000,8.890000,8.890000,0.000000,as_expected
FEE0000376,TRF0000382,15.680000,0.000000,15.680000,15.680000,0.000000,as_expected
FEE0000377,TRF0000383,68.470000,0.000000,68.470000,68.470000,0.000000,as_expected
FEE0000378,TRF0000384,2.250000,0.000000,2.250000,2.250000,0.000000,as_expected
FEE0000379,TRF0000385,117.950000,10.290000,107.660000,107.660000,0.000000,approved_price_investment
FEE0000380,TRF0000387,89.400000,0.000000,89.400000,89.400000,0.000000,as_expected
FEE0000381,TRF0000388,8.180000,0.000000,8.180000,8.180000,0.000000,as_expected
FEE0000382,TRF0000389,2.060000,0.000000,2.060000,2.060000,0.000000,as_expected
FEE0000383,TRF0000390,3.510000,0.230000,3.280000,3.280000,0.000000,approved_price_investment
FEE0000384,TRF0000391,1.580000,0.000000,1.580000,1.580000,0.000000,as_expected
FEE0000385,TRF0000392,11.050000,0.000000,11.050000,11.050000,0.000000,as_expected
FEE0000386,TRF0000393,26.490000,0.000000,26.490000,26.490000,0.000000,as_expected
FEE0000387,TRF0000394,41.030000,0.000000,41.030000,41.030000,0.000000,as_expected
FEE0000388,TRF0000395,14.080000,0.000000,14.080000,14.080000,0.000000,as_expected
FEE0000389,TRF0000396,4.740000,0.450000,4.290000,4.290000,0.000000,approved_price_investment
FEE0000390,TRF0000397,5.990000,0.000000,5.990000,5.990000,0.000000,as_expected
FEE0000391,TRF0000398,8.230000,0.000000,8.230000,8.230000,0.000000,as_expected
FEE0000392,TRF0000399,3.490000,0.000000,3.490000,3.490000,0.000000,as_expected
FEE0000393,TRF0000400,8.210000,0.000000,8.210000,8.210000,0.000000,as_expected
FEE0000394,TRF0000401,28.610000,0.000000,28.610000,28.610000,0.000000,as_expected
FEE0000395,TRF0000402,2.950000,0.000000,2.950000,2.950000,0.000000,as_expected
FEE0000396,TRF0000403,7.320000,0.000000,7.320000,7.320000,0.000000,as_expected
FEE0000397,TRF0000404,2.110000,0.000000,2.110000,2.110000,0.000000,as_expected
FEE0000398,TRF0000405,2.000000,0.000000,2.000000,2.000000,0.000000,as_expected
FEE0000399,TRF0000406,10.050000,0.000000,10.050000,10.050000,0.000000,as_expected
FEE0000400,TRF0000407,2.370000,0.000000,2.370000,2.370000,0.000000,as_expected
FEE0000401,TRF0000408,7.030000,0.000000,7.030000,7.030000,0.000000,as_expected
FEE0000402,TRF0000409,1.510000,0.000000,1.510000,1.510000,0.000000,as_expected
FEE0000403,TRF0000410,2.350000,0.000000,2.350000,2.350000,0.000000,as_expected
FEE0000404,TRF0000411,9.330000,0.000000,9.330000,9.330000,0.000000,as_expected
FEE0000405,TRF0000412,6.980000,0.000000,6.980000,6.980000,0.000000,as_expected
FEE0000406,TRF0000413,7.780000,0.000000,7.780000,7.780000,0.000000,as_expected
FEE0000407,TRF0000414,1.560000,0.000000,1.560000,1.560000,0.000000,as_expected
FEE0000408,TRF0000415,3.320000,0.000000,3.320000,3.320000,0.000000,as_expected
FEE0000409,TRF0000416,2.080000,0.000000,2.080000,2.080000,0.000000,as_expected
FEE0000410,TRF0000417,6.720000,0.000000,6.720000,6.720000,0.000000,as_expected
FEE0000411,TRF0000418,2.730000,0.000000,2.730000,2.730000,0.000000,as_expected
FEE0000412,TRF0000419,1.690000,0.000000,1.690000,1.690000,0.000000,as_expected
FEE0000413,TRF0000420,0.910000,0.000000,0.910000,0.910000,0.000000,as_expected
FEE0000414,TRF0000421,7.610000,0.000000,7.610000,7.610000,0.000000,as_expected
FEE0000415,TRF0000422,10.960000,0.000000,10.960000,10.960000,0.000000,as_expected
FEE0000416,TRF0000423,3.090000,0.000000,3.090000,3.090000,0.000000,as_expected
FEE0000417,TRF0000424,44.960000,0.000000,44.960000,44.960000,0.000000,as_expected
FEE0000418,TRF0000425,1.870000,0.000000,1.870000,1.870000,0.000000,as_expected
FEE0000419,TRF0000426,4.490000,0.000000,4.490000,4.490000,0.000000,as_expected
FEE0000420,TRF0000427,5.690000,0.000000,5.690000,5.690000,0.000000,as_expected
FEE0000421,TRF0000428,3.040000,0.000000,3.040000,3.040000,0.000000,as_expected
FEE0000422,TRF0000429,1.700000,0.000000,1.700000,1.700000,0.000000,as_expected
FEE0000423,TRF0000430,2.410000,0.000000,2.410000,2.410000,0.000000,as_expected
FEE0000424,TRF0000431,1.530000,0.000000,1.530000,1.530000,0.000000,as_expected
FEE0000425,TRF0000432,0.910000,0.000000,0.910000,0.910000,0.000000,as_expected
FEE0000426,TRF0000433,14.270000,1.540000,12.730000,12.730000,0.000000,approved_price_investment
FEE0000427,TRF0000434,13.200000,0.000000,13.200000,13.200000,0.000000,as_expected
FEE0000428,TRF0000435,255.100000,0.000000,255.100000,255.100000,0.000000,as_expected
FEE0000429,TRF0000436,2.740000,0.000000,2.740000,2.740000,0.000000,as_expected
FEE0000430,TRF0000437,3.390000,0.000000,3.390000,3.390000,0.000000,as_expected
FEE0000431,TRF0000438,10.160000,0.000000,10.160000,10.160000,0.000000,as_expected
FEE0000432,TRF0000439,9.530000,0.000000,9.530000,9.530000,0.000000,as_expected
FEE0000433,TRF0000440,15.490000,0.000000,15.490000,15.490000,0.000000,as_expected
FEE0000434,TRF0000441,3.800000,0.000000,3.800000,3.800000,0.000000,as_expected
FEE0000435,TRF0000442,7.270000,0.000000,7.270000,7.270000,0.000000,as_expected
FEE0000436,TRF0000443,3.710000,0.000000,3.710000,3.710000,0.000000,as_expected
FEE0000437,TRF0000444,5.200000,0.530000,4.670000,4.670000,0.000000,approved_price_investment
FEE0000438,TRF0000445,12.330000,0.000000,12.330000,12.330000,0.000000,as_expected
FEE0000439,TRF0000446,9.820000,0.000000,9.820000,9.820000,0.000000,as_expected
FEE0000440,TRF0000447,5.820000,0.000000,5.820000,5.820000,0.000000,as_expected
FEE0000441,TRF0000448,2.250000,0.000000,2.250000,2.250000,0.000000,as_expected
FEE0000442,TRF0000449,3.530000,0.000000,3.530000,3.530000,0.000000,as_expected
FEE0000443,TRF0000450,36.690000,0.000000,36.690000,36.690000,0.000000,as_expected
FEE0000444,TRF0000451,2.770000,0.000000,2.770000,2.770000,0.000000,as_expected
FEE0000445,TRF0000452,7.840000,0.000000,7.840000,7.840000,0.000000,as_expected
FEE0000446,TRF0000453,1.800000,0.000000,1.800000,1.800000,0.000000,as_expected
FEE0000447,TRF0000454,9.310000,0.000000,9.310000,9.310000,0.000000,as_expected
FEE0000448,TRF0000455,10.110000,0.000000,10.110000,10.110000,0.000000,as_expected
FEE0000449,TRF0000456,2.290000,0.000000,2.290000,2.290000,0.000000,as_expected
FEE0000450,TRF0000457,25.070000,0.000000,25.070000,25.070000,0.000000,as_expected
FEE0000451,TRF0000458,107.720000,0.000000,107.720000,107.720000,0.000000,as_expected
FEE0000452,TRF0000459,1.910000,0.000000,1.910000,1.910000,0.000000,as_expected
FEE0000453,TRF0000460,329.760000,0.000000,329.760000,329.760000,0.000000,as_expected
FEE0000454,TRF0000461,3.670000,0.000000,3.670000,3.670000,0.000000,as_expected
FEE0000455,TRF0000462,2.180000,0.000000,2.180000,2.180000,0.000000,as_expected
FEE0000456,TRF0000463,62.830000,0.000000,62.830000,62.830000,0.000000,as_expected
FEE0000457,TRF0000464,1.740000,0.130000,1.610000,1.610000,0.000000,approved_price_investment
FEE0000458,TRF0000465,4.810000,0.000000,4.810000,4.810000,0.000000,as_expected
FEE0000459,TRF0000466,3.640000,0.000000,3.640000,3.640000,0.000000,as_expected
FEE0000460,TRF0000467,36.150000,0.000000,36.150000,36.150000,0.000000,as_expected
FEE0000461,TRF0000468,15.520000,0.000000,15.520000,15.520000,0.000000,as_expected
FEE0000462,TRF0000469,18.220000,0.000000,18.220000,18.220000,0.000000,as_expected
FEE0000463,TRF0000470,1.210000,0.000000,1.210000,1.210000,0.000000,as_expected
FEE0000464,TRF0000471,2.390000,0.000000,2.390000,2.390000,0.000000,as_expected
FEE0000465,TRF0000472,2.400000,0.000000,2.400000,2.400000,0.000000,as_expected
FEE0000466,TRF0000473,4.480000,0.000000,4.480000,4.480000,0.000000,as_expected
FEE0000467,TRF0000474,4.260000,0.000000,4.260000,4.260000,0.000000,as_expected
FEE0000468,TRF0000475,2.490000,0.000000,2.490000,2.490000,0.000000,as_expected
FEE0000469,TRF0000476,9.090000,0.000000,9.090000,9.090000,0.000000,as_expected
FEE0000470,TRF0000477,8.350000,0.000000,8.350000,8.350000,0.000000,as_expected
FEE0000471,TRF0000478,3.650000,0.000000,3.650000,3.650000,0.000000,as_expected
FEE0000472,TRF0000479,3.080000,0.200000,2.880000,2.880000,0.000000,approved_price_investment
FEE0000473,TRF0000480,2.130000,0.000000,2.130000,2.130000,0.000000,as_expected
FEE0000474,TRF0000481,5.170000,0.000000,5.170000,5.170000,0.000000,as_expected
FEE0000475,TRF0000482,40.560000,0.000000,40.560000,40.560000,0.000000,as_expected
FEE0000476,TRF0000483,65.620000,0.000000,65.620000,65.620000,0.000000,as_expected
FEE0000477,TRF0000484,3.100000,0.000000,3.100000,3.100000,0.000000,as_expected
FEE0000478,TRF0000485,756.410000,0.000000,756.410000,756.410000,0.000000,as_expected
FEE0000479,TRF0000486,3.320000,0.220000,3.100000,3.100000,0.000000,approved_price_investment
FEE0000480,TRF0000487,26.750000,0.000000,26.750000,26.750000,0.000000,as_expected
FEE0000481,TRF0000488,3.270000,0.000000,3.270000,3.270000,0.000000,as_expected
FEE0000482,TRF0000489,231.830000,0.000000,231.830000,231.830000,0.000000,as_expected
FEE0000483,TRF0000490,3.370000,0.000000,3.370000,3.370000,0.000000,as_expected
FEE0000484,TRF0000491,1.430000,0.000000,1.430000,1.430000,0.000000,as_expected
FEE0000485,TRF0000492,1.680000,0.000000,1.680000,1.680000,0.000000,as_expected
FEE0000486,TRF0000493,3.190000,0.000000,3.190000,3.190000,0.000000,as_expected
FEE0000487,TRF0000494,2.820000,0.000000,2.820000,2.820000,0.000000,as_expected
FEE0000488,TRF0000495,6.840000,0.000000,6.840000,6.840000,0.000000,as_expected
FEE0000489,TRF0000496,3.690000,0.000000,3.690000,3.690000,0.000000,as_expected
FEE0000490,TRF0000497,1.400000,0.000000,1.400000,1.400000,0.000000,as_expected
FEE0000491,TRF0000498,2.840000,0.000000,2.840000,2.840000,0.000000,as_expected
FEE0000492,TRF0000499,12.810000,0.000000,12.810000,12.810000,0.000000,as_expected
FEE0000493,TRF0000500,6.050000,0.000000,6.050000,6.050000,0.000000,as_expected
FEE0000494,TRF0000501,22.240000,0.000000,22.240000,22.240000,0.000000,as_expected
FEE0000495,TRF0000502,8.790000,0.000000,8.790000,8.790000,0.000000,as_expected
FEE0000496,TRF0000503,4.260000,0.000000,4.260000,4.260000,0.000000,as_expected
FEE0000497,TRF0000504,34.310000,0.000000,34.310000,34.310000,0.000000,as_expected
FEE0000498,TRF0000505,5.500000,0.000000,5.500000,5.500000,0.000000,as_expected
FEE0000499,TRF0000506,60.310000,0.000000,60.310000,60.310000,0.000000,as_expected
FEE0000500,TRF0000507,7.330000,0.000000,7.330000,7.330000,0.000000,as_expected
FEE0000501,TRF0000508,4.160000,0.000000,4.160000,4.160000,0.000000,as_expected
FEE0000502,TRF0000509,39.340000,0.000000,39.340000,39.340000,0.000000,as_expected
FEE0000503,TRF0000510,19.720000,0.000000,19.720000,19.720000,0.000000,as_expected
FEE0000504,TRF0000511,1.740000,0.000000,1.740000,1.740000,0.000000,as_expected
FEE0000505,TRF0000512,6.950000,0.000000,6.950000,6.950000,0.000000,as_expected
FEE0000506,TRF0000513,9.770000,0.000000,9.770000,6.240000,3.530000,unexpected_shortfall
FEE0000507,TRF0000514,3.160000,0.000000,3.160000,3.160000,0.000000,as_expected
FEE0000508,TRF0000515,4.140000,0.000000,4.140000,4.140000,0.000000,as_expected
FEE0000509,TRF0000516,17.130000,0.000000,17.130000,17.130000,0.000000,as_expected
FEE0000510,TRF0000517,15.940000,0.000000,15.940000,15.940000,0.000000,as_expected
FEE0000511,TRF0000518,10.070000,0.000000,10.070000,10.070000,0.000000,as_expected
FEE0000512,TRF0000519,4.220000,0.000000,4.220000,4.220000,0.000000,as_expected
FEE0000513,TRF0000520,11.980000,0.000000,11.980000,11.980000,0.000000,as_expected
FEE0000514,TRF0000521,1.520000,0.000000,1.520000,1.520000,0.000000,as_expected
FEE0000515,TRF0000522,11.530000,0.000000,11.530000,11.530000,0.000000,as_expected
FEE0000516,TRF0000523,2.060000,0.000000,2.060000,2.060000,0.000000,as_expected
FEE0000517,TRF0000524,3.850000,0.000000,3.850000,3.850000,0.000000,as_expected
FEE0000518,TRF0000525,11.440000,0.000000,11.440000,7.280000,4.160000,unexpected_shortfall
FEE0000519,TRF0000526,3.460000,0.000000,3.460000,3.460000,0.000000,as_expected
FEE0000520,TRF0000527,4.920000,0.500000,4.420000,4.420000,0.000000,approved_price_investment
FEE0000521,TRF0000528,9.170000,0.000000,9.170000,9.170000,0.000000,as_expected
FEE0000522,TRF0000529,13.830000,0.000000,13.830000,13.830000,0.000000,as_expected
FEE0000523,TRF0000530,3.490000,0.000000,3.490000,3.490000,0.000000,as_expected
FEE0000524,TRF0000531,12.170000,0.000000,12.170000,12.170000,0.000000,as_expected
FEE0000525,TRF0000532,50.050000,0.000000,50.050000,50.050000,0.000000,as_expected
FEE0000526,TRF0000533,10.350000,0.000000,10.350000,10.350000,0.000000,as_expected
FEE0000527,TRF0000534,17.090000,1.850000,15.240000,15.240000,0.000000,approved_price_investment
FEE0000528,TRF0000535,5.770000,0.000000,5.770000,5.770000,0.000000,as_expected
FEE0000529,TRF0000536,6.550000,0.000000,6.550000,6.550000,0.000000,as_expected
FEE0000530,TRF0000537,18.490000,0.000000,18.490000,18.490000,0.000000,as_expected
FEE0000531,TRF0000538,1.990000,0.000000,1.990000,1.990000,0.000000,as_expected
FEE0000532,TRF0000539,3.700000,0.000000,3.700000,3.700000,0.000000,as_expected
FEE0000533,TRF0000540,12.600000,0.000000,12.600000,12.600000,0.000000,as_expected
FEE0000534,TRF0000541,1.330000,0.000000,1.330000,1.330000,0.000000,as_expected
FEE0000535,TRF0000542,1.950000,0.000000,1.950000,1.950000,0.000000,as_expected
FEE0000536,TRF0000543,1.320000,0.000000,1.320000,1.320000,0.000000,as_expected
FEE0000537,TRF0000544,2.860000,0.000000,2.860000,2.860000,0.000000,as_expected
FEE0000538,TRF0000545,0.840000,0.000000,0.840000,0.840000,0.000000,as_expected
FEE0000539,TRF0000546,4.230000,0.000000,4.230000,4.230000,0.000000,as_expected
FEE0000540,TRF0000547,3.240000,0.000000,3.240000,3.240000,0.000000,as_expected
FEE0000541,TRF0000548,1031.150000,0.000000,1031.150000,1031.150000,0.000000,as_expected
FEE0000542,TRF0000549,6.430000,0.000000,6.430000,6.430000,0.000000,as_expected
FEE0000543,TRF0000550,8.420000,0.000000,8.420000,8.420000,0.000000,as_expected
FEE0000544,TRF0000551,5.990000,0.000000,5.990000,5.990000,0.000000,as_expected
FEE0000545,TRF0000552,3.380000,0.000000,3.380000,3.380000,0.000000,as_expected
FEE0000546,TRF0000553,45.720000,0.000000,45.720000,45.720000,0.000000,as_expected
FEE0000547,TRF0000554,4.080000,0.000000,4.080000,4.080000,0.000000,as_expected
FEE0000548,TRF0000555,1.860000,0.000000,1.860000,1.860000,0.000000,as_expected
FEE0000549,TRF0000556,18.040000,0.000000,18.040000,18.040000,0.000000,as_expected
FEE0000550,TRF0000557,24.420000,0.000000,24.420000,24.420000,0.000000,as_expected
FEE0000551,TRF0000558,116.610000,0.000000,116.610000,116.610000,0.000000,as_expected
FEE0000552,TRF0000559,1.800000,0.000000,1.800000,1.800000,0.000000,as_expected
FEE0000553,TRF0000560,0.890000,0.000000,0.890000,0.890000,0.000000,as_expected
FEE0000554,TRF0000561,401.010000,0.000000,401.010000,401.010000,0.000000,as_expected
FEE0000555,TRF0000562,14.580000,1.580000,13.000000,13.000000,0.000000,approved_price_investment
FEE0000556,TRF0000563,2.560000,0.000000,2.560000,2.560000,0.000000,as_expected
FEE0000557,TRF0000564,7.810000,0.000000,7.810000,7.810000,0.000000,as_expected
FEE0000558,TRF0000565,4.450000,0.000000,4.450000,4.450000,0.000000,as_expected
FEE0000559,TRF0000566,7.020000,0.000000,7.020000,7.020000,0.000000,as_expected
FEE0000560,TRF0000567,1.540000,0.000000,1.540000,1.540000,0.000000,as_expected
FEE0000561,TRF0000568,2.520000,0.000000,2.520000,2.520000,0.000000,as_expected
FEE0000562,TRF0000569,9.370000,0.000000,9.370000,9.370000,0.000000,as_expected
FEE0000563,TRF0000570,23.490000,0.000000,23.490000,23.490000,0.000000,as_expected
FEE0000564,TRF0000571,205.370000,0.000000,205.370000,205.370000,0.000000,as_expected
FEE0000565,TRF0000572,3.250000,0.000000,3.250000,3.250000,0.000000,as_expected
FEE0000566,TRF0000573,127.480000,15.890000,111.590000,111.590000,0.000000,approved_price_investment
FEE0000567,TRF0000574,4.200000,0.290000,3.910000,3.910000,0.000000,approved_price_investment
FEE0000568,TRF0000575,23.090000,0.000000,23.090000,23.090000,0.000000,as_expected
FEE0000569,TRF0000576,6.650000,0.000000,6.650000,6.650000,0.000000,as_expected
FEE0000570,TRF0000577,28.710000,0.000000,28.710000,28.710000,0.000000,as_expected
FEE0000571,TRF0000578,3.320000,0.000000,3.320000,3.320000,0.000000,as_expected
FEE0000572,TRF0000579,1.750000,0.000000,1.750000,1.750000,0.000000,as_expected
FEE0000573,TRF0000580,96.340000,0.000000,96.340000,60.340000,36.000000,unexpected_shortfall
FEE0000574,TRF0000581,20.920000,0.000000,20.920000,20.920000,0.000000,as_expected
FEE0000575,TRF0000582,2.910000,0.000000,2.910000,2.910000,0.000000,as_expected
FEE0000576,TRF0000583,34.280000,0.000000,34.280000,34.280000,0.000000,as_expected
FEE0000577,TRF0000584,7.440000,0.000000,7.440000,7.440000,0.000000,as_expected
FEE0000578,TRF0000585,8.240000,0.000000,8.240000,8.240000,0.000000,as_expected
FEE0000579,TRF0000586,155.640000,0.000000,155.640000,155.640000,0.000000,as_expected
FEE0000580,TRF0000587,1.690000,0.000000,1.690000,1.690000,0.000000,as_expected
FEE0000581,TRF0000588,60.430000,0.000000,60.430000,60.430000,0.000000,as_expected
FEE0000582,TRF0000589,1.510000,0.000000,1.510000,1.510000,0.000000,as_expected
FEE0000583,TRF0000590,15.260000,0.000000,15.260000,15.260000,0.000000,as_expected
FEE0000584,TRF0000591,6.240000,0.000000,6.240000,6.240000,0.000000,as_expected
FEE0000585,TRF0000592,5.230000,0.000000,5.230000,5.230000,0.000000,as_expected
FEE0000586,TRF0000593,3.120000,0.000000,3.120000,3.120000,0.000000,as_expected
FEE0000587,TRF0000594,57.220000,0.000000,57.220000,57.220000,0.000000,as_expected
FEE0000588,TRF0000595,28.930000,0.000000,28.930000,28.930000,0.000000,as_expected
FEE0000589,TRF0000596,5.420000,0.000000,5.420000,5.420000,0.000000,as_expected
FEE0000590,TRF0000597,4.720000,0.000000,4.720000,4.720000,0.000000,as_expected
FEE0000591,TRF0000598,2.510000,0.000000,2.510000,2.510000,0.000000,as_expected
FEE0000592,TRF0000599,9.360000,0.710000,8.650000,8.650000,0.000000,approved_price_investment
FEE0000593,TRF0000600,2.420000,0.000000,2.420000,2.420000,0.000000,as_expected
FEE0000594,TRF0000601,44.380000,0.000000,44.380000,44.380000,0.000000,as_expected
FEE0000595,TRF0000602,1.730000,0.000000,1.730000,1.730000,0.000000,as_expected
FEE0000596,TRF0000603,5.210000,0.500000,4.710000,4.710000,0.000000,approved_price_investment
FEE0000597,TRF0000604,8.500000,0.000000,8.500000,8.500000,0.000000,as_expected
FEE0000598,TRF0000605,25.860000,0.000000,25.860000,25.860000,0.000000,as_expected
FEE0000599,TRF0000606,2.570000,0.000000,2.570000,2.570000,0.000000,as_expected
FEE0000600,TRF0000607,14.100000,0.000000,14.100000,14.100000,0.000000,as_expected
FEE0000601,TRF0000608,8.830000,0.000000,8.830000,8.830000,0.000000,as_expected
FEE0000602,TRF0000609,7.830000,0.000000,7.830000,7.830000,0.000000,as_expected
FEE0000603,TRF0000610,2.580000,0.000000,2.580000,2.580000,0.000000,as_expected
FEE0000604,TRF0000611,5.400000,0.390000,5.010000,5.010000,0.000000,approved_price_investment
FEE0000605,TRF0000612,69.700000,0.000000,69.700000,69.700000,0.000000,as_expected
FEE0000606,TRF0000613,35.460000,0.000000,35.460000,35.460000,0.000000,as_expected
FEE0000607,TRF0000614,32.500000,0.000000,32.500000,32.500000,0.000000,as_expected
FEE0000608,TRF0000615,2.290000,0.190000,2.100000,2.100000,0.000000,approved_price_investment
FEE0000609,TRF0000616,29.590000,0.000000,29.590000,29.590000,0.000000,as_expected
FEE0000610,TRF0000617,1.920000,0.000000,1.920000,1.920000,0.000000,as_expected
FEE0000611,TRF0000618,136.930000,0.000000,136.930000,136.930000,0.000000,as_expected
FEE0000612,TRF0000619,1.740000,0.000000,1.740000,1.740000,0.000000,as_expected
FEE0000613,TRF0000620,81.960000,0.000000,81.960000,81.960000,0.000000,as_expected
FEE0000614,TRF0000622,20.990000,0.000000,20.990000,20.990000,0.000000,as_expected
FEE0000615,TRF0000623,7.650000,0.000000,7.650000,7.650000,0.000000,as_expected
FEE0000616,TRF0000624,5.310000,0.000000,5.310000,5.310000,0.000000,as_expected
FEE0000617,TRF0000625,60.420000,0.000000,60.420000,60.420000,0.000000,as_expected
FEE0000618,TRF0000626,2.170000,0.000000,2.170000,2.170000,0.000000,as_expected
FEE0000619,TRF0000627,1.610000,0.000000,1.610000,1.610000,0.000000,as_expected
FEE0000620,TRF0000628,5.110000,0.000000,5.110000,5.110000,0.000000,as_expected
FEE0000621,TRF0000629,86.790000,0.000000,86.790000,86.790000,0.000000,as_expected
FEE0000622,TRF0000630,1.360000,0.000000,1.360000,1.360000,0.000000,as_expected
FEE0000623,TRF0000631,1.830000,0.000000,1.830000,1.830000,0.000000,as_expected
FEE0000624,TRF0000632,3.100000,0.000000,3.100000,3.100000,0.000000,as_expected
FEE0000625,TRF0000633,13.310000,0.000000,13.310000,13.310000,0.000000,as_expected
FEE0000626,TRF0000634,2.270000,0.000000,2.270000,2.270000,0.000000,as_expected
FEE0000627,TRF0000635,29.400000,3.220000,26.180000,26.180000,0.000000,approved_price_investment
FEE0000628,TRF0000636,4.520000,0.000000,4.520000,4.520000,0.000000,as_expected
FEE0000629,TRF0000637,3.220000,0.000000,3.220000,3.220000,0.000000,as_expected
FEE0000630,TRF0000638,4.560000,0.000000,4.560000,4.560000,0.000000,as_expected
FEE0000631,TRF0000639,2.700000,0.000000,2.700000,2.700000,0.000000,as_expected
FEE0000632,TRF0000640,2.250000,0.000000,2.250000,2.250000,0.000000,as_expected
FEE0000633,TRF0000641,14.590000,0.000000,14.590000,14.590000,0.000000,as_expected
FEE0000634,TRF0000642,2.200000,0.000000,2.200000,2.200000,0.000000,as_expected
FEE0000635,TRF0000643,61.830000,0.000000,61.830000,61.830000,0.000000,as_expected
FEE0000636,TRF0000644,3.220000,0.000000,3.220000,3.220000,0.000000,as_expected
FEE0000637,TRF0000645,7.540000,0.000000,7.540000,7.540000,0.000000,as_expected
FEE0000638,TRF0000646,2.710000,0.000000,2.710000,2.710000,0.000000,as_expected
FEE0000639,TRF0000647,2.000000,0.000000,2.000000,2.000000,0.000000,as_expected
FEE0000640,TRF0000648,1.390000,0.000000,1.390000,1.390000,0.000000,as_expected
FEE0000641,TRF0000649,7.370000,0.000000,7.370000,7.370000,0.000000,as_expected
FEE0000642,TRF0000650,4.000000,0.000000,4.000000,4.000000,0.000000,as_expected
FEE0000643,TRF0000651,3.820000,0.000000,3.820000,3.820000,0.000000,as_expected
FEE0000644,TRF0000652,231.730000,0.000000,231.730000,231.730000,0.000000,as_expected
FEE0000645,TRF0000653,1.600000,0.000000,1.600000,1.600000,0.000000,as_expected
FEE0000646,TRF0000654,148.040000,0.000000,148.040000,148.040000,0.000000,as_expected
FEE0000647,TRF0000655,192.870000,0.000000,192.870000,192.870000,0.000000,as_expected
FEE0000648,TRF0000656,29.520000,0.000000,29.520000,29.520000,0.000000,as_expected
FEE0000649,TRF0000657,5.010000,0.000000,5.010000,5.010000,0.000000,as_expected
FEE0000650,TRF0000658,101.020000,0.000000,101.020000,101.020000,0.000000,as_expected
FEE0000651,TRF0000659,1.710000,0.000000,1.710000,1.710000,0.000000,as_expected
FEE0000652,TRF0000660,1.910000,0.000000,1.910000,1.910000,0.000000,as_expected
FEE0000653,TRF0000661,83.720000,10.420000,73.300000,73.300000,0.000000,approved_price_investment
FEE0000654,TRF0000662,1.630000,0.000000,1.630000,1.630000,0.000000,as_expected
FEE0000655,TRF0000663,4.900000,0.000000,4.900000,4.900000,0.000000,as_expected
FEE0000656,TRF0000664,43.920000,0.000000,43.920000,43.920000,0.000000,as_expected
FEE0000657,TRF0000665,2.360000,0.000000,2.360000,2.360000,0.000000,as_expected
FEE0000658,TRF0000666,86.550000,0.000000,86.550000,86.550000,0.000000,as_expected
FEE0000659,TRF0000667,7.620000,0.000000,7.620000,7.620000,0.000000,as_expected
FEE0000660,TRF0000668,1.930000,0.000000,1.930000,1.930000,0.000000,as_expected
FEE0000661,TRF0000669,36.750000,0.000000,36.750000,36.750000,0.000000,as_expected
FEE0000662,TRF0000671,18.720000,1.480000,17.240000,17.240000,0.000000,approved_price_investment
FEE0000663,TRF0000672,1.750000,0.000000,1.750000,1.750000,0.000000,as_expected
FEE0000664,TRF0000673,2.360000,0.000000,2.360000,2.360000,0.000000,as_expected
FEE0000665,TRF0000674,3.880000,0.000000,3.880000,3.880000,0.000000,as_expected
FEE0000666,TRF0000675,1.990000,0.000000,1.990000,1.990000,0.000000,as_expected
FEE0000667,TRF0000676,119.520000,0.000000,119.520000,119.520000,0.000000,as_expected
FEE0000668,TRF0000677,4.730000,0.330000,4.400000,4.400000,0.000000,approved_price_investment
FEE0000669,TRF0000678,1.870000,0.000000,1.870000,1.870000,0.000000,as_expected
FEE0000670,TRF0000679,12.810000,0.000000,12.810000,12.810000,0.000000,as_expected
FEE0000671,TRF0000680,107.630000,0.000000,107.630000,107.630000,0.000000,as_expected
FEE0000672,TRF0000681,24.250000,0.000000,24.250000,24.250000,0.000000,as_expected
FEE0000673,TRF0000682,76.040000,0.000000,76.040000,76.040000,0.000000,as_expected
FEE0000674,TRF0000683,11.820000,0.000000,11.820000,11.820000,0.000000,as_expected
FEE0000675,TRF0000684,1250.500000,0.000000,1250.500000,1250.500000,0.000000,as_expected
FEE0000676,TRF0000686,1.220000,0.000000,1.220000,1.220000,0.000000,as_expected
FEE0000677,TRF0000687,2.790000,0.000000,2.790000,2.790000,0.000000,as_expected
FEE0000678,TRF0000688,16.240000,0.000000,16.240000,16.240000,0.000000,as_expected
FEE0000679,TRF0000689,53.450000,0.000000,53.450000,53.450000,0.000000,as_expected
FEE0000680,TRF0000690,65.990000,0.000000,65.990000,65.990000,0.000000,as_expected
FEE0000681,TRF0000691,1.340000,0.000000,1.340000,1.340000,0.000000,as_expected
FEE0000682,TRF0000692,16.760000,0.000000,16.760000,16.760000,0.000000,as_expected
FEE0000683,TRF0000693,2.000000,0.000000,2.000000,2.000000,0.000000,as_expected
FEE0000684,TRF0000694,3.710000,0.000000,3.710000,3.710000,0.000000,as_expected
FEE0000685,TRF0000695,1.640000,0.000000,1.640000,1.640000,0.000000,as_expected
FEE0000686,TRF0000696,22.300000,0.000000,22.300000,22.300000,0.000000,as_expected
FEE0000687,TRF0000697,2.370000,0.140000,2.230000,2.230000,0.000000,approved_price_investment
FEE0000688,TRF0000698,1.430000,0.000000,1.430000,1.430000,0.000000,as_expected
FEE0000689,TRF0000699,3.690000,0.250000,3.440000,3.440000,0.000000,approved_price_investment
FEE0000690,TRF0000700,37.810000,0.000000,37.810000,37.810000,0.000000,as_expected
FEE0000691,TRF0000701,12.490000,0.000000,12.490000,12.490000,0.000000,as_expected
FEE0000692,TRF0000702,2.450000,0.000000,2.450000,2.450000,0.000000,as_expected
FEE0000693,TRF0000703,95.470000,0.000000,95.470000,59.800000,35.670000,unexpected_shortfall
FEE0000694,TRF0000704,7.760000,0.000000,7.760000,7.760000,0.000000,as_expected
FEE0000695,TRF0000705,28.160000,0.000000,28.160000,28.160000,0.000000,as_expected
FEE0000696,TRF0000706,3.830000,0.000000,3.830000,3.830000,0.000000,as_expected
FEE0000697,TRF0000707,38.150000,0.000000,38.150000,38.150000,0.000000,as_expected
FEE0000698,TRF0000708,14.890000,0.000000,14.890000,14.890000,0.000000,as_expected
FEE0000699,TRF0000709,3.950000,0.000000,3.950000,3.950000,0.000000,as_expected
FEE0000700,TRF0000710,111.600000,0.000000,111.600000,111.600000,0.000000,as_expected
FEE0000701,TRF0000711,18.230000,0.000000,18.230000,18.230000,0.000000,as_expected
FEE0000702,TRF0000712,3.080000,0.000000,3.080000,3.080000,0.000000,as_expected
FEE0000703,TRF0000713,15.050000,0.000000,15.050000,15.050000,0.000000,as_expected
FEE0000704,TRF0000714,2.400000,0.000000,2.400000,2.400000,0.000000,as_expected
FEE0000705,TRF0000715,3.660000,0.000000,3.660000,3.660000,0.000000,as_expected
FEE0000706,TRF0000716,3.970000,0.000000,3.970000,3.970000,0.000000,as_expected
FEE0000707,TRF0000717,2.020000,0.000000,2.020000,2.020000,0.000000,as_expected
FEE0000708,TRF0000718,3.710000,0.000000,3.710000,3.710000,0.000000,as_expected
FEE0000709,TRF0000719,25.510000,0.000000,25.510000,25.510000,0.000000,as_expected
FEE0000710,TRF0000720,6.000000,0.000000,6.000000,6.000000,0.000000,as_expected
FEE0000711,TRF0000721,1.780000,0.000000,1.780000,1.780000,0.000000,as_expected
FEE0000712,TRF0000722,83.880000,0.000000,83.880000,83.880000,0.000000,as_expected
FEE0000713,TRF0000723,6.360000,0.000000,6.360000,6.360000,0.000000,as_expected
FEE0000714,TRF0000724,2.760000,0.000000,2.760000,2.760000,0.000000,as_expected
FEE0000715,TRF0000725,36.760000,0.000000,36.760000,36.760000,0.000000,as_expected
FEE0000716,TRF0000726,1.630000,0.000000,1.630000,1.630000,0.000000,as_expected
FEE0000717,TRF0000727,3.700000,0.340000,3.360000,3.360000,0.000000,approved_price_investment
FEE0000718,TRF0000728,11.490000,0.000000,11.490000,11.490000,0.000000,as_expected
FEE0000719,TRF0000729,5.400000,0.000000,5.400000,5.400000,0.000000,as_expected
FEE0000720,TRF0000730,3.380000,0.000000,3.380000,3.380000,0.000000,as_expected
FEE0000721,TRF0000731,4.550000,0.000000,4.550000,4.550000,0.000000,as_expected
FEE0000722,TRF0000732,0.640000,0.000000,0.640000,0.640000,0.000000,as_expected
FEE0000723,TRF0000733,17.140000,0.000000,17.140000,17.140000,0.000000,as_expected
FEE0000724,TRF0000734,10.340000,0.000000,10.340000,10.340000,0.000000,as_expected
FEE0000725,TRF0000735,7.750000,0.000000,7.750000,7.750000,0.000000,as_expected
FEE0000726,TRF0000736,3.150000,0.280000,2.870000,2.870000,0.000000,approved_price_investment
FEE0000727,TRF0000737,5.910000,0.000000,5.910000,5.910000,0.000000,as_expected
FEE0000728,TRF0000738,224.610000,0.000000,224.610000,224.610000,0.000000,as_expected
FEE0000729,TRF0000739,14.610000,0.000000,14.610000,14.610000,0.000000,as_expected
FEE0000730,TRF0000740,3.090000,0.000000,3.090000,3.090000,0.000000,as_expected
FEE0000731,TRF0000741,2.150000,0.000000,2.150000,2.150000,0.000000,as_expected
FEE0000732,TRF0000742,24.530000,0.000000,24.530000,24.530000,0.000000,as_expected
FEE0000733,TRF0000743,68.920000,0.000000,68.920000,68.920000,0.000000,as_expected
FEE0000734,TRF0000744,2.890000,0.000000,2.890000,2.890000,0.000000,as_expected
FEE0000735,TRF0000745,29.820000,0.000000,29.820000,29.820000,0.000000,as_expected
FEE0000736,TRF0000746,6.350000,0.000000,6.350000,6.350000,0.000000,as_expected
FEE0000737,TRF0000747,133.430000,0.000000,133.430000,133.430000,0.000000,as_expected
FEE0000738,TRF0000748,2.980000,0.000000,2.980000,2.980000,0.000000,as_expected
FEE0000739,TRF0000749,7.470000,0.000000,7.470000,7.470000,0.000000,as_expected
FEE0000740,TRF0000750,3.410000,0.000000,3.410000,3.410000,0.000000,as_expected
FEE0000741,TRF0000751,65.080000,7.350000,57.730000,57.730000,0.000000,approved_price_investment
FEE0000742,TRF0000752,4.280000,0.000000,4.280000,4.280000,0.000000,as_expected
FEE0000743,TRF0000753,96.830000,0.000000,96.830000,96.830000,0.000000,as_expected
FEE0000744,TRF0000754,4.190000,0.000000,4.190000,4.190000,0.000000,as_expected
FEE0000745,TRF0000755,56.340000,0.000000,56.340000,56.340000,0.000000,as_expected
FEE0000746,TRF0000756,49.470000,0.000000,49.470000,49.470000,0.000000,as_expected
FEE0000747,TRF0000757,4.830000,0.000000,4.830000,4.830000,0.000000,as_expected
FEE0000748,TRF0000758,20.240000,0.000000,20.240000,20.240000,0.000000,as_expected
FEE0000749,TRF0000759,4.710000,0.000000,4.710000,4.710000,0.000000,as_expected
FEE0000750,TRF0000760,14.790000,0.000000,14.790000,14.790000,0.000000,as_expected
FEE0000751,TRF0000761,5.020000,0.000000,5.020000,5.020000,0.000000,as_expected
FEE0000752,TRF0000762,8.990000,0.000000,8.990000,8.990000,0.000000,as_expected
FEE0000753,TRF0000763,230.390000,28.750000,201.640000,201.640000,0.000000,approved_price_investment
FEE0000754,TRF0000764,2.620000,0.000000,2.620000,2.620000,0.000000,as_expected
FEE0000755,TRF0000765,22.060000,0.000000,22.060000,22.060000,0.000000,as_expected
FEE0000756,TRF0000766,5.600000,0.000000,5.600000,5.600000,0.000000,as_expected
FEE0000757,TRF0000767,54.190000,0.000000,54.190000,54.190000,0.000000,as_expected
FEE0000758,TRF0000768,7.060000,0.000000,7.060000,7.060000,0.000000,as_expected
FEE0000759,TRF0000769,2.790000,0.000000,2.790000,2.790000,0.000000,as_expected
FEE0000760,TRF0000770,46.100000,0.000000,46.100000,46.100000,0.000000,as_expected
FEE0000761,TRF0000772,4.280000,0.000000,4.280000,4.280000,0.000000,as_expected
FEE0000762,TRF0000773,41.150000,0.000000,41.150000,41.150000,0.000000,as_expected
FEE0000763,TRF0000774,18.560000,0.000000,18.560000,18.560000,0.000000,as_expected
FEE0000764,TRF0000775,101.060000,0.000000,101.060000,63.290000,37.770000,unexpected_shortfall
FEE0000765,TRF0000776,0.990000,0.000000,0.990000,0.990000,0.000000,as_expected
FEE0000766,TRF0000777,4.510000,0.000000,4.510000,4.510000,0.000000,as_expected
FEE0000767,TRF0000778,9.780000,0.000000,9.780000,9.780000,0.000000,as_expected
FEE0000768,TRF0000779,227.250000,0.000000,227.250000,227.250000,0.000000,as_expected
FEE0000769,TRF0000780,6.420000,0.000000,6.420000,6.420000,0.000000,as_expected
FEE0000770,TRF0000781,1.060000,0.000000,1.060000,1.060000,0.000000,as_expected
FEE0000771,TRF0000782,11.540000,0.000000,11.540000,11.540000,0.000000,as_expected
FEE0000772,TRF0000783,1.410000,0.000000,1.410000,1.410000,0.000000,as_expected
FEE0000773,TRF0000784,4.550000,0.000000,4.550000,4.550000,0.000000,as_expected
FEE0000774,TRF0000785,20.710000,0.000000,20.710000,20.710000,0.000000,as_expected
FEE0000775,TRF0000786,1.970000,0.110000,1.860000,1.860000,0.000000,approved_price_investment
FEE0000776,TRF0000787,3.300000,0.000000,3.300000,3.300000,0.000000,as_expected
FEE0000777,TRF0000788,1.850000,0.000000,1.850000,1.850000,0.000000,as_expected
FEE0000778,TRF0000789,4.910000,0.000000,4.910000,4.910000,0.000000,as_expected
FEE0000779,TRF0000790,3.320000,0.000000,3.320000,3.320000,0.000000,as_expected
FEE0000780,TRF0000791,26.970000,0.000000,26.970000,26.970000,0.000000,as_expected
FEE0000781,TRF0000792,13.700000,0.000000,13.700000,13.700000,0.000000,as_expected
FEE0000782,TRF0000793,2.230000,0.000000,2.230000,2.230000,0.000000,as_expected
FEE0000783,TRF0000794,2.940000,0.000000,2.940000,2.940000,0.000000,as_expected
FEE0000784,TRF0000795,1.670000,0.000000,1.670000,1.670000,0.000000,as_expected
FEE0000785,TRF0000796,2.070000,0.000000,2.070000,2.070000,0.000000,as_expected
FEE0000786,TRF0000797,1.900000,0.000000,1.900000,1.900000,0.000000,as_expected
FEE0000787,TRF0000798,9.170000,0.000000,9.170000,9.170000,0.000000,as_expected
FEE0000788,TRF0000799,3.640000,0.000000,3.640000,3.640000,0.000000,as_expected
FEE0000789,TRF0000800,27.880000,0.000000,27.880000,27.880000,0.000000,as_expected
FEE0000790,TRF0000801,49.830000,0.000000,49.830000,49.830000,0.000000,as_expected
FEE0000791,TRF0000802,5.630000,0.000000,5.630000,5.630000,0.000000,as_expected
FEE0000792,TRF0000803,29.710000,3.330000,26.380000,26.380000,0.000000,approved_price_investment
FEE0000793,TRF0000804,2.230000,0.000000,2.230000,2.230000,0.000000,as_expected
FEE0000794,TRF0000805,318.090000,0.000000,318.090000,318.090000,0.000000,as_expected
FEE0000795,TRF0000806,3.510000,0.000000,3.510000,3.510000,0.000000,as_expected
FEE0000796,TRF0000807,13.620000,0.000000,13.620000,13.620000,0.000000,as_expected
FEE0000797,TRF0000808,3.420000,0.000000,3.420000,3.420000,0.000000,as_expected
FEE0000798,TRF0000809,3.920000,0.000000,3.920000,3.920000,0.000000,as_expected
FEE0000799,TRF0000810,5.070000,0.360000,4.710000,4.710000,0.000000,approved_price_investment
FEE0000800,TRF0000811,4.380000,0.000000,4.380000,4.380000,0.000000,as_expected
FEE0000801,TRF0000812,3.670000,0.000000,3.670000,3.670000,0.000000,as_expected
FEE0000802,TRF0000813,31.920000,0.000000,31.920000,31.920000,0.000000,as_expected
FEE0000803,TRF0000814,3.060000,0.000000,3.060000,3.060000,0.000000,as_expected
FEE0000804,TRF0000815,53.840000,0.000000,53.840000,53.840000,0.000000,as_expected
FEE0000805,TRF0000816,3.690000,0.000000,3.690000,3.690000,0.000000,as_expected
FEE0000806,TRF0000817,60.050000,0.000000,60.050000,37.660000,22.390000,unexpected_shortfall
FEE0000807,TRF0000818,7.270000,0.000000,7.270000,7.270000,0.000000,as_expected
FEE0000808,TRF0000819,304.210000,0.000000,304.210000,304.210000,0.000000,as_expected
FEE0000809,TRF0000820,18.780000,0.000000,18.780000,18.780000,0.000000,as_expected
FEE0000810,TRF0000821,3.570000,0.000000,3.570000,3.570000,0.000000,as_expected
FEE0000811,TRF0000822,154.480000,0.000000,154.480000,154.480000,0.000000,as_expected
FEE0000812,TRF0000823,43.070000,0.000000,43.070000,43.070000,0.000000,as_expected
FEE0000813,TRF0000824,4.700000,0.330000,4.370000,4.370000,0.000000,approved_price_investment
FEE0000814,TRF0000825,1.860000,0.000000,1.860000,1.860000,0.000000,as_expected
FEE0000815,TRF0000826,8.740000,0.000000,8.740000,8.740000,0.000000,as_expected
FEE0000816,TRF0000827,103.760000,0.000000,103.760000,64.980000,38.780000,unexpected_shortfall
FEE0000817,TRF0000828,6.800000,0.000000,6.800000,6.800000,0.000000,as_expected
FEE0000818,TRF0000829,52.930000,0.000000,52.930000,52.930000,0.000000,as_expected
FEE0000819,TRF0000830,13.730000,0.000000,13.730000,13.730000,0.000000,as_expected
FEE0000820,TRF0000831,2.000000,0.000000,2.000000,2.000000,0.000000,as_expected
FEE0000821,TRF0000832,36.950000,0.000000,36.950000,36.950000,0.000000,as_expected
FEE0000822,TRF0000833,1.950000,0.000000,1.950000,1.950000,0.000000,as_expected
FEE0000823,TRF0000834,2.640000,0.000000,2.640000,2.640000,0.000000,as_expected
FEE0000824,TRF0000835,4.300000,0.430000,3.870000,3.870000,0.000000,approved_price_investment
FEE0000825,TRF0000836,1.900000,0.150000,1.750000,1.750000,0.000000,approved_price_investment
FEE0000826,TRF0000837,13.610000,0.000000,13.610000,13.610000,0.000000,as_expected
FEE0000827,TRF0000838,37.440000,0.000000,37.440000,37.440000,0.000000,as_expected
FEE0000828,TRF0000839,2.630000,0.000000,2.630000,2.630000,0.000000,as_expected
FEE0000829,TRF0000840,5.470000,0.000000,5.470000,5.470000,0.000000,as_expected
FEE0000830,TRF0000841,11.130000,0.000000,11.130000,11.130000,0.000000,as_expected
FEE0000831,TRF0000842,145.750000,0.000000,145.750000,145.750000,0.000000,as_expected
FEE0000832,TRF0000843,2.850000,0.000000,2.850000,2.850000,0.000000,as_expected
FEE0000833,TRF0000844,54.580000,0.000000,54.580000,54.580000,0.000000,as_expected
FEE0000834,TRF0000845,14.330000,0.000000,14.330000,14.330000,0.000000,as_expected
FEE0000835,TRF0000846,18.450000,0.000000,18.450000,18.450000,0.000000,as_expected
FEE0000836,TRF0000847,37.730000,0.000000,37.730000,37.730000,0.000000,as_expected
FEE0000837,TRF0000848,5.840000,0.000000,5.840000,5.840000,0.000000,as_expected
FEE0000838,TRF0000849,1.620000,0.000000,1.620000,1.620000,0.000000,as_expected
FEE0000839,TRF0000850,19.420000,0.000000,19.420000,19.420000,0.000000,as_expected
FEE0000840,TRF0000851,3.610000,0.000000,3.610000,3.610000,0.000000,as_expected
FEE0000841,TRF0000852,30.410000,0.000000,30.410000,30.410000,0.000000,as_expected
FEE0000842,TRF0000853,13.090000,0.000000,13.090000,13.090000,0.000000,as_expected
FEE0000843,TRF0000854,42.060000,0.000000,42.060000,42.060000,0.000000,as_expected
FEE0000844,TRF0000855,23.290000,0.000000,23.290000,23.290000,0.000000,as_expected
FEE0000845,TRF0000856,29.120000,0.000000,29.120000,29.120000,0.000000,as_expected
FEE0000846,TRF0000857,397.200000,0.000000,397.200000,397.200000,0.000000,as_expected
FEE0000847,TRF0000858,4.950000,0.470000,4.480000,4.480000,0.000000,approved_price_investment
FEE0000848,TRF0000859,6.580000,0.000000,6.580000,6.580000,0.000000,as_expected
FEE0000849,TRF0000860,24.660000,0.000000,24.660000,24.660000,0.000000,as_expected
FEE0000850,TRF0000861,7.830000,0.000000,7.830000,7.830000,0.000000,as_expected
FEE0000851,TRF0000862,133.110000,0.000000,133.110000,133.110000,0.000000,as_expected
FEE0000852,TRF0000863,106.540000,0.000000,106.540000,106.540000,0.000000,as_expected
FEE0000853,TRF0000864,6.980000,0.000000,6.980000,6.980000,0.000000,as_expected
FEE0000854,TRF0000865,27.180000,0.000000,27.180000,27.180000,0.000000,as_expected
FEE0000855,TRF0000866,192.320000,21.810000,170.510000,170.510000,0.000000,approved_price_investment
FEE0000856,TRF0000867,19.610000,0.000000,19.610000,19.610000,0.000000,as_expected
FEE0000857,TRF0000868,2.910000,0.000000,2.910000,2.910000,0.000000,as_expected
FEE0000858,TRF0000869,47.510000,0.000000,47.510000,29.830000,17.680000,unexpected_shortfall
FEE0000859,TRF0000870,116.000000,0.000000,116.000000,116.000000,0.000000,as_expected
FEE0000860,TRF0000871,1.150000,0.000000,1.150000,1.150000,0.000000,as_expected
FEE0000861,TRF0000872,20.790000,0.000000,20.790000,20.790000,0.000000,as_expected
FEE0000862,TRF0000873,4.640000,0.000000,4.640000,4.640000,0.000000,as_expected
FEE0000863,TRF0000874,121.290000,0.000000,121.290000,121.290000,0.000000,as_expected
FEE0000864,TRF0000876,9.160000,0.910000,8.250000,8.250000,0.000000,approved_price_investment
FEE0000865,TRF0000877,6.450000,0.000000,6.450000,6.450000,0.000000,as_expected
FEE0000866,TRF0000878,10.100000,0.000000,10.100000,10.100000,0.000000,as_expected
FEE0000867,TRF0000879,1.520000,0.000000,1.520000,1.520000,0.000000,as_expected
FEE0000868,TRF0000880,33.110000,0.000000,33.110000,33.110000,0.000000,as_expected
FEE0000869,TRF0000881,15.710000,1.590000,14.120000,14.120000,0.000000,approved_price_investment
FEE0000870,TRF0000882,10.770000,0.000000,10.770000,10.770000,0.000000,as_expected
FEE0000871,TRF0000883,4.400000,0.000000,4.400000,4.400000,0.000000,as_expected
FEE0000872,TRF0000884,4.960000,0.000000,4.960000,4.960000,0.000000,as_expected
FEE0000873,TRF0000885,3.740000,0.250000,3.490000,3.490000,0.000000,approved_price_investment
FEE0000874,TRF0000886,2.240000,0.000000,2.240000,2.240000,0.000000,as_expected
FEE0000875,TRF0000887,41.190000,0.000000,41.190000,41.190000,0.000000,as_expected
FEE0000876,TRF0000888,9.450000,0.000000,9.450000,9.450000,0.000000,as_expected
FEE0000877,TRF0000889,18.380000,0.000000,18.380000,18.380000,0.000000,as_expected
FEE0000878,TRF0000890,3.670000,0.250000,3.420000,3.420000,0.000000,approved_price_investment
FEE0000879,TRF0000891,80.310000,0.000000,80.310000,80.310000,0.000000,as_expected
FEE0000880,TRF0000892,1.890000,0.000000,1.890000,1.890000,0.000000,as_expected
FEE0000881,TRF0000893,4.820000,0.340000,4.480000,4.480000,0.000000,approved_price_investment
FEE0000882,TRF0000894,2.540000,0.000000,2.540000,2.540000,0.000000,as_expected
FEE0000883,TRF0000895,2.190000,0.000000,2.190000,2.190000,0.000000,as_expected
FEE0000884,TRF0000896,173.780000,15.190000,158.590000,158.590000,0.000000,approved_price_investment
FEE0000885,TRF0000897,12.080000,0.000000,12.080000,12.080000,0.000000,as_expected
FEE0000886,TRF0000898,90.410000,0.000000,90.410000,90.410000,0.000000,as_expected
FEE0000887,TRF0000899,8.980000,0.000000,8.980000,8.980000,0.000000,as_expected
FEE0000888,TRF0000900,15.210000,0.000000,15.210000,15.210000,0.000000,as_expected
FEE0000889,TRF0000901,4.780000,0.000000,4.780000,4.780000,0.000000,as_expected
FEE0000890,TRF0000902,3.090000,0.000000,3.090000,3.090000,0.000000,as_expected
FEE0000891,TRF0000903,2.250000,0.000000,2.250000,2.250000,0.000000,as_expected
FEE0000892,TRF0000904,3.110000,0.000000,3.110000,3.110000,0.000000,as_expected
FEE0000893,TRF0000905,4.310000,0.000000,4.310000,4.310000,0.000000,as_expected
FEE0000894,TRF0000906,4.580000,0.000000,4.580000,4.580000,0.000000,as_expected
FEE0000895,TRF0000907,4.190000,0.000000,4.190000,4.190000,0.000000,as_expected
FEE0000896,TRF0000908,1.710000,0.000000,1.710000,1.710000,0.000000,as_expected
FEE0000897,TRF0000909,54.850000,0.000000,54.850000,54.850000,0.000000,as_expected
FEE0000898,TRF0000910,50.560000,0.000000,50.560000,50.560000,0.000000,as_expected
FEE0000899,TRF0000911,2.990000,0.000000,2.990000,2.990000,0.000000,as_expected
FEE0000900,TRF0000912,3.170000,0.280000,2.890000,2.890000,0.000000,approved_price_investment
FEE0000901,TRF0000913,6.850000,0.000000,6.850000,6.850000,0.000000,as_expected
FEE0000902,TRF0000914,55.640000,0.000000,55.640000,55.640000,0.000000,as_expected
FEE0000903,TRF0000915,29.280000,0.000000,29.280000,29.280000,0.000000,as_expected
FEE0000904,TRF0000916,22.420000,1.880000,20.540000,20.540000,0.000000,approved_price_investment
FEE0000905,TRF0000917,106.470000,0.000000,106.470000,106.470000,0.000000,as_expected
FEE0000906,TRF0000918,2.230000,0.000000,2.230000,2.230000,0.000000,as_expected
FEE0000907,TRF0000919,54.950000,0.000000,54.950000,54.950000,0.000000,as_expected
FEE0000908,TRF0000920,32.600000,0.000000,32.600000,32.600000,0.000000,as_expected
FEE0000909,TRF0000921,10.360000,0.000000,10.360000,10.360000,0.000000,as_expected
FEE0000910,TRF0000922,1.960000,0.000000,1.960000,1.960000,0.000000,as_expected
FEE0000911,TRF0000923,6.430000,0.470000,5.960000,5.960000,0.000000,approved_price_investment
FEE0000912,TRF0000924,73.340000,0.000000,73.340000,73.340000,0.000000,as_expected
FEE0000913,TRF0000925,42.690000,0.000000,42.690000,42.690000,0.000000,as_expected
FEE0000914,TRF0000926,2.070000,0.000000,2.070000,2.070000,0.000000,as_expected
FEE0000915,TRF0000927,6.200000,0.000000,6.200000,6.200000,0.000000,as_expected
FEE0000916,TRF0000928,4.400000,0.000000,4.400000,4.400000,0.000000,as_expected
FEE0000917,TRF0000929,2.120000,0.000000,2.120000,2.120000,0.000000,as_expected
FEE0000918,TRF0000930,6.890000,0.000000,6.890000,6.890000,0.000000,as_expected
FEE0000919,TRF0000931,5.220000,0.000000,5.220000,5.220000,0.000000,as_expected
FEE0000920,TRF0000932,7.920000,0.000000,7.920000,7.920000,0.000000,as_expected
FEE0000921,TRF0000933,3.540000,0.000000,3.540000,3.540000,0.000000,as_expected
FEE0000922,TRF0000934,5.330000,0.000000,5.330000,5.330000,0.000000,as_expected
FEE0000923,TRF0000935,11.890000,0.000000,11.890000,11.890000,0.000000,as_expected
FEE0000924,TRF0000936,3.180000,0.000000,3.180000,3.180000,0.000000,as_expected
FEE0000925,TRF0000937,25.960000,0.000000,25.960000,25.960000,0.000000,as_expected
FEE0000926,TRF0000938,2.290000,0.000000,2.290000,2.290000,0.000000,as_expected
FEE0000927,TRF0000939,16.010000,0.000000,16.010000,16.010000,0.000000,as_expected
FEE0000928,TRF0000940,145.050000,0.000000,145.050000,145.050000,0.000000,as_expected
FEE0000929,TRF0000941,3.380000,0.000000,3.380000,3.380000,0.000000,as_expected
FEE0000930,TRF0000942,229.250000,0.000000,229.250000,229.250000,0.000000,as_expected
FEE0000931,TRF0000943,1.640000,0.000000,1.640000,1.640000,0.000000,as_expected
FEE0000932,TRF0000944,2.420000,0.000000,2.420000,2.420000,0.000000,as_expected
FEE0000933,TRF0000945,2.730000,0.000000,2.730000,2.730000,0.000000,as_expected
FEE0000934,TRF0000946,1.570000,0.000000,1.570000,1.570000,0.000000,as_expected
FEE0000935,TRF0000947,4.960000,0.000000,4.960000,4.960000,0.000000,as_expected
FEE0000936,TRF0000948,3.490000,0.000000,3.490000,3.490000,0.000000,as_expected
FEE0000937,TRF0000949,61.070000,0.000000,61.070000,61.070000,0.000000,as_expected
FEE0000938,TRF0000950,8.080000,0.000000,8.080000,8.080000,0.000000,as_expected
FEE0000939,TRF0000951,7.620000,0.000000,7.620000,4.900000,2.720000,unexpected_shortfall
FEE0000940,TRF0000952,7.090000,0.000000,7.090000,7.090000,0.000000,as_expected
FEE0000941,TRF0000953,17.000000,0.000000,17.000000,10.760000,6.240000,unexpected_shortfall
FEE0000942,TRF0000954,8.460000,0.000000,8.460000,8.460000,0.000000,as_expected
FEE0000943,TRF0000955,316.990000,0.000000,316.990000,316.990000,0.000000,as_expected
FEE0000944,TRF0000956,1.420000,0.000000,1.420000,1.420000,0.000000,as_expected
FEE0000945,TRF0000957,48.280000,0.000000,48.280000,30.310000,17.970000,unexpected_shortfall
FEE0000946,TRF0000958,2.540000,0.000000,2.540000,2.540000,0.000000,as_expected
FEE0000947,TRF0000959,7.480000,0.000000,7.480000,7.480000,0.000000,as_expected
FEE0000948,TRF0000960,5.860000,0.000000,5.860000,5.860000,0.000000,as_expected
FEE0000949,TRF0000961,197.260000,0.000000,197.260000,123.420000,73.840000,unexpected_shortfall
FEE0000950,TRF0000962,5.880000,0.000000,5.880000,5.880000,0.000000,as_expected
FEE0000951,TRF0000963,108.420000,0.000000,108.420000,108.420000,0.000000,as_expected
FEE0000952,TRF0000964,4.160000,0.000000,4.160000,4.160000,0.000000,as_expected
FEE0000953,TRF0000965,21.570000,0.000000,21.570000,21.570000,0.000000,as_expected
FEE0000954,TRF0000966,18.020000,0.000000,18.020000,18.020000,0.000000,as_expected
FEE0000955,TRF0000967,11.650000,0.000000,11.650000,11.650000,0.000000,as_expected
FEE0000956,TRF0000968,1.400000,0.000000,1.400000,1.400000,0.000000,as_expected
FEE0000957,TRF0000969,10.370000,0.000000,10.370000,10.370000,0.000000,as_expected
FEE0000958,TRF0000970,70.940000,0.000000,70.940000,70.940000,0.000000,as_expected
FEE0000959,TRF0000971,2.310000,0.000000,2.310000,2.310000,0.000000,as_expected
FEE0000960,TRF0000972,56.670000,0.000000,56.670000,56.670000,0.000000,as_expected
FEE0000961,TRF0000973,18.560000,0.000000,18.560000,11.730000,6.830000,unexpected_shortfall
FEE0000962,TRF0000975,3.700000,0.000000,3.700000,3.700000,0.000000,as_expected
FEE0000963,TRF0000976,4.670000,0.000000,4.670000,4.670000,0.000000,as_expected
FEE0000964,TRF0000977,2.120000,0.000000,2.120000,2.120000,0.000000,as_expected
FEE0000965,TRF0000978,171.160000,0.000000,171.160000,171.160000,0.000000,as_expected
FEE0000966,TRF0000979,10.350000,0.000000,10.350000,10.350000,0.000000,as_expected
FEE0000967,TRF0000980,1.950000,0.000000,1.950000,1.950000,0.000000,as_expected
FEE0000968,TRF0000981,6.910000,0.000000,6.910000,6.910000,0.000000,as_expected
FEE0000969,TRF0000982,4.760000,0.000000,4.760000,4.760000,0.000000,as_expected
FEE0000970,TRF0000983,1.590000,0.000000,1.590000,1.590000,0.000000,as_expected
FEE0000971,TRF0000984,1.490000,0.000000,1.490000,1.490000,0.000000,as_expected
FEE0000972,TRF0000985,2.920000,0.000000,2.920000,2.920000,0.000000,as_expected
FEE0000973,TRF0000986,1.210000,0.000000,1.210000,1.210000,0.000000,as_expected
FEE0000974,TRF0000987,9.460000,0.000000,9.460000,9.460000,0.000000,as_expected
FEE0000975,TRF0000988,86.320000,0.000000,86.320000,86.320000,0.000000,as_expected
FEE0000976,TRF0000989,2.750000,0.000000,2.750000,2.750000,0.000000,as_expected
FEE0000977,TRF0000990,12.370000,0.000000,12.370000,12.370000,0.000000,as_expected
FEE0000978,TRF0000991,32.190000,0.000000,32.190000,32.190000,0.000000,as_expected
FEE0000979,TRF0000992,7.080000,0.000000,7.080000,7.080000,0.000000,as_expected
FEE0000980,TRF0000993,7.260000,0.000000,7.260000,7.260000,0.000000,as_expected
FEE0000981,TRF0000995,3.670000,0.000000,3.670000,3.670000,0.000000,as_expected
FEE0000982,TRF0000996,7.320000,0.000000,7.320000,7.320000,0.000000,as_expected
FEE0000983,TRF0000997,6.740000,0.000000,6.740000,6.740000,0.000000,as_expected
FEE0000984,TRF0000998,5.360000,0.000000,5.360000,5.360000,0.000000,as_expected
FEE0000985,TRF0000999,7.180000,0.000000,7.180000,7.180000,0.000000,as_expected
FEE0000986,TRF0001000,60.620000,0.000000,60.620000,60.620000,0.000000,as_expected
FEE0000987,TRF0001001,41.220000,0.000000,41.220000,41.220000,0.000000,as_expected
FEE0000988,TRF0001002,19.790000,0.000000,19.790000,19.790000,0.000000,as_expected
FEE0000989,TRF0001003,4.800000,0.000000,4.800000,4.800000,0.000000,as_expected
FEE0000990,TRF0001004,72.830000,0.000000,72.830000,72.830000,0.000000,as_expected
FEE0000991,TRF0001005,4.750000,0.000000,4.750000,4.750000,0.000000,as_expected
FEE0000992,TRF0001006,4.460000,0.000000,4.460000,4.460000,0.000000,as_expected
FEE0000993,TRF0001007,53.650000,0.000000,53.650000,53.650000,0.000000,as_expected
FEE0000994,TRF0001008,113.540000,0.000000,113.540000,113.540000,0.000000,as_expected
FEE0000995,TRF0001009,3.320000,0.000000,3.320000,3.320000,0.000000,as_expected
FEE0000996,TRF0001010,73.790000,0.000000,73.790000,73.790000,0.000000,as_expected
FEE0000997,TRF0001011,2.540000,0.000000,2.540000,2.540000,0.000000,as_expected
FEE0000998,TRF0001012,19.380000,0.000000,19.380000,12.240000,7.140000,unexpected_shortfall
FEE0000999,TRF0001013,2.530000,0.000000,2.530000,2.530000,0.000000,as_expected
FEE0001000,TRF0001014,8.140000,0.000000,8.140000,8.140000,0.000000,as_expected
FEE0001001,TRF0001015,4.990000,0.000000,4.990000,4.990000,0.000000,as_expected
FEE0001002,TRF0001016,1.360000,0.000000,1.360000,1.360000,0.000000,as_expected
FEE0001003,TRF0001017,3.330000,0.000000,3.330000,3.330000,0.000000,as_expected
FEE0001004,TRF0001018,7.540000,0.000000,7.540000,7.540000,0.000000,as_expected
FEE0001005,TRF0001019,1.510000,0.000000,1.510000,1.510000,0.000000,as_expected
FEE0001006,TRF0001020,9.220000,0.000000,9.220000,9.220000,0.000000,as_expected
FEE0001007,TRF0001021,9.460000,0.000000,9.460000,9.460000,0.000000,as_expected
FEE0001008,TRF0001022,18.170000,0.000000,18.170000,18.170000,0.000000,as_expected
FEE0001009,TRF0001023,23.760000,0.000000,23.760000,23.760000,0.000000,as_expected
FEE0001010,TRF0001024,1.740000,0.000000,1.740000,1.740000,0.000000,as_expected
FEE0001011,TRF0001025,3.310000,0.220000,3.090000,3.090000,0.000000,approved_price_investment
FEE0001012,TRF0001026,70.980000,0.000000,70.980000,70.980000,0.000000,as_expected
FEE0001013,TRF0001027,27.670000,0.000000,27.670000,27.670000,0.000000,as_expected
FEE0001014,TRF0001028,8.040000,0.000000,8.040000,8.040000,0.000000,as_expected
FEE0001015,TRF0001029,13.210000,0.000000,13.210000,13.210000,0.000000,as_expected
FEE0001016,TRF0001030,61.400000,0.000000,61.400000,61.400000,0.000000,as_expected
FEE0001017,TRF0001031,6.170000,0.000000,6.170000,6.170000,0.000000,as_expected
FEE0001018,TRF0001032,34.150000,0.000000,34.150000,34.150000,0.000000,as_expected
FEE0001019,TRF0001033,75.560000,0.000000,75.560000,75.560000,0.000000,as_expected
FEE0001020,TRF0001034,35.420000,0.000000,35.420000,35.420000,0.000000,as_expected
FEE0001021,TRF0001035,3.330000,0.000000,3.330000,3.330000,0.000000,as_expected
FEE0001022,TRF0001036,50.320000,0.000000,50.320000,50.320000,0.000000,as_expected
FEE0001023,TRF0001037,4.780000,0.000000,4.780000,4.780000,0.000000,as_expected
FEE0001024,TRF0001038,12.610000,0.000000,12.610000,12.610000,0.000000,as_expected
FEE0001025,TRF0001039,3.580000,0.000000,3.580000,3.580000,0.000000,as_expected
FEE0001026,TRF0001040,17.630000,0.000000,17.630000,17.630000,0.000000,as_expected
FEE0001027,TRF0001041,3.210000,0.000000,3.210000,3.210000,0.000000,as_expected
FEE0001028,TRF0001042,4.710000,0.000000,4.710000,4.710000,0.000000,as_expected
FEE0001029,TRF0001043,2.050000,0.000000,2.050000,2.050000,0.000000,as_expected
FEE0001030,TRF0001044,4.730000,0.000000,4.730000,4.730000,0.000000,as_expected
FEE0001031,TRF0001045,4.450000,0.000000,4.450000,4.450000,0.000000,as_expected
FEE0001032,TRF0001046,4.580000,0.000000,4.580000,4.580000,0.000000,as_expected
FEE0001033,TRF0001047,52.140000,0.000000,52.140000,52.140000,0.000000,as_expected
FEE0001034,TRF0001048,7.360000,0.000000,7.360000,7.360000,0.000000,as_expected
FEE0001035,TRF0001049,3.750000,0.000000,3.750000,3.750000,0.000000,as_expected
FEE0001036,TRF0001050,11.120000,0.000000,11.120000,11.120000,0.000000,as_expected
FEE0001037,TRF0001051,17.090000,0.000000,17.090000,17.090000,0.000000,as_expected
FEE0001038,TRF0001052,17.390000,0.000000,17.390000,17.390000,0.000000,as_expected
FEE0001039,TRF0001053,4.180000,0.000000,4.180000,4.180000,0.000000,as_expected
FEE0001040,TRF0001054,5.910000,0.000000,5.910000,5.910000,0.000000,as_expected
FEE0001041,TRF0001055,3.110000,0.000000,3.110000,3.110000,0.000000,as_expected
FEE0001042,TRF0001056,30.560000,0.000000,30.560000,30.560000,0.000000,as_expected
FEE0001043,TRF0001057,0.910000,0.000000,0.910000,0.910000,0.000000,as_expected
FEE0001044,TRF0001058,1.870000,0.150000,1.720000,1.720000,0.000000,approved_price_investment
FEE0001045,TRF0001059,29.500000,0.000000,29.500000,18.570000,10.930000,unexpected_shortfall
FEE0001046,TRF0001060,16.270000,0.000000,16.270000,16.270000,0.000000,as_expected
FEE0001047,TRF0001061,3.990000,0.000000,3.990000,3.990000,0.000000,as_expected
FEE0001048,TRF0001062,1.850000,0.000000,1.850000,1.850000,0.000000,as_expected
FEE0001049,TRF0001063,17.900000,0.000000,17.900000,17.900000,0.000000,as_expected
FEE0001050,TRF0001065,27.820000,0.000000,27.820000,27.820000,0.000000,as_expected
FEE0001051,TRF0001066,2.750000,0.000000,2.750000,2.750000,0.000000,as_expected
FEE0001052,TRF0001067,8.160000,0.000000,8.160000,8.160000,0.000000,as_expected
FEE0001053,TRF0001068,2.130000,0.000000,2.130000,2.130000,0.000000,as_expected
FEE0001054,TRF0001069,3.200000,0.000000,3.200000,3.200000,0.000000,as_expected
FEE0001055,TRF0001070,4.600000,0.000000,4.600000,4.600000,0.000000,as_expected
FEE0001056,TRF0001071,26.410000,0.000000,26.410000,26.410000,0.000000,as_expected
FEE0001057,TRF0001072,3.680000,0.000000,3.680000,3.680000,0.000000,as_expected
FEE0001058,TRF0001073,2.310000,0.000000,2.310000,2.310000,0.000000,as_expected
FEE0001059,TRF0001074,3.760000,0.260000,3.500000,3.500000,0.000000,approved_price_investment
FEE0001060,TRF0001075,2.630000,0.000000,2.630000,2.630000,0.000000,as_expected
FEE0001061,TRF0001076,212.500000,0.000000,212.500000,132.940000,79.560000,unexpected_shortfall
FEE0001062,TRF0001077,33.670000,0.000000,33.670000,33.670000,0.000000,as_expected
FEE0001063,TRF0001078,7.200000,0.540000,6.660000,6.660000,0.000000,approved_price_investment
FEE0001064,TRF0001079,38.460000,0.000000,38.460000,24.170000,14.290000,unexpected_shortfall
FEE0001065,TRF0001080,195.380000,0.000000,195.380000,195.380000,0.000000,as_expected
FEE0001066,TRF0001081,9.210000,0.000000,9.210000,9.210000,0.000000,as_expected
FEE0001067,TRF0001082,2.910000,0.000000,2.910000,2.910000,0.000000,as_expected
FEE0001068,TRF0001083,4.170000,0.000000,4.170000,4.170000,0.000000,as_expected
FEE0001069,TRF0001084,4.000000,0.000000,4.000000,4.000000,0.000000,as_expected
FEE0001070,TRF0001085,1.340000,0.000000,1.340000,1.340000,0.000000,as_expected
FEE0001071,TRF0001086,5.640000,0.000000,5.640000,5.640000,0.000000,as_expected
FEE0001072,TRF0001087,13.140000,0.000000,13.140000,13.140000,0.000000,as_expected
FEE0001073,TRF0001088,36.850000,0.000000,36.850000,36.850000,0.000000,as_expected
FEE0001074,TRF0001089,4.460000,0.000000,4.460000,4.460000,0.000000,as_expected
FEE0001075,TRF0001090,11.100000,0.000000,11.100000,11.100000,0.000000,as_expected
FEE0001076,TRF0001091,3.850000,0.000000,3.850000,3.850000,0.000000,as_expected
FEE0001077,TRF0001092,3.520000,0.000000,3.520000,3.520000,0.000000,as_expected
FEE0001078,TRF0001093,8.390000,0.000000,8.390000,8.390000,0.000000,as_expected
FEE0001079,TRF0001094,5.140000,0.000000,5.140000,5.140000,0.000000,as_expected
FEE0001080,TRF0001095,14.300000,0.000000,14.300000,14.300000,0.000000,as_expected
FEE0001081,TRF0001096,2.510000,0.000000,2.510000,2.510000,0.000000,as_expected
FEE0001082,TRF0001097,5.110000,0.000000,5.110000,5.110000,0.000000,as_expected
FEE0001083,TRF0001098,12.290000,0.000000,12.290000,12.290000,0.000000,as_expected
FEE0001084,TRF0001099,31.360000,0.000000,31.360000,31.360000,0.000000,as_expected
FEE0001085,TRF0001100,8.890000,0.000000,8.890000,8.890000,0.000000,as_expected
FEE0001086,TRF0001101,5.320000,0.000000,5.320000,5.320000,0.000000,as_expected
FEE0001087,TRF0001102,114.160000,0.000000,114.160000,114.160000,0.000000,as_expected
FEE0001088,TRF0001103,3.770000,0.000000,3.770000,3.770000,0.000000,as_expected
FEE0001089,TRF0001104,14.860000,0.000000,14.860000,14.860000,0.000000,as_expected
FEE0001090,TRF0001105,8.260000,0.000000,8.260000,8.260000,0.000000,as_expected
FEE0001091,TRF0001106,3.870000,0.000000,3.870000,3.870000,0.000000,as_expected
FEE0001092,TRF0001107,52.430000,0.000000,52.430000,52.430000,0.000000,as_expected
FEE0001093,TRF0001108,437.880000,0.000000,437.880000,437.880000,0.000000,as_expected
FEE0001094,TRF0001109,7.830000,0.000000,7.830000,7.830000,0.000000,as_expected
FEE0001095,TRF0001110,9.720000,1.040000,8.680000,8.680000,0.000000,approved_price_investment
FEE0001096,TRF0001111,4.550000,0.000000,4.550000,4.550000,0.000000,as_expected
FEE0001097,TRF0001112,5.100000,0.360000,4.740000,4.740000,0.000000,approved_price_investment
FEE0001098,TRF0001114,1.250000,0.000000,1.250000,1.250000,0.000000,as_expected
FEE0001099,TRF0001115,4.990000,0.000000,4.990000,4.990000,0.000000,as_expected
FEE0001100,TRF0001116,36.320000,0.000000,36.320000,36.320000,0.000000,as_expected
FEE0001101,TRF0001117,1.140000,0.000000,1.140000,1.140000,0.000000,as_expected
FEE0001102,TRF0001118,17.230000,0.000000,17.230000,17.230000,0.000000,as_expected
FEE0001103,TRF0001119,2.720000,0.000000,2.720000,2.720000,0.000000,as_expected
FEE0001104,TRF0001120,3.580000,0.000000,3.580000,3.580000,0.000000,as_expected
FEE0001105,TRF0001121,110.630000,0.000000,110.630000,110.630000,0.000000,as_expected
FEE0001106,TRF0001122,9.140000,0.000000,9.140000,9.140000,0.000000,as_expected
FEE0001107,TRF0001123,1.470000,0.000000,1.470000,1.470000,0.000000,as_expected
FEE0001108,TRF0001124,4.350000,0.000000,4.350000,4.350000,0.000000,as_expected
FEE0001109,TRF0001125,244.390000,0.000000,244.390000,244.390000,0.000000,as_expected
FEE0001110,TRF0001126,3.210000,0.000000,3.210000,3.210000,0.000000,as_expected
FEE0001111,TRF0001127,5.260000,0.000000,5.260000,5.260000,0.000000,as_expected
FEE0001112,TRF0001128,30.410000,0.000000,30.410000,30.410000,0.000000,as_expected
FEE0001113,TRF0001129,0.760000,0.000000,0.760000,0.760000,0.000000,as_expected
FEE0001114,TRF0001130,2.080000,0.000000,2.080000,2.080000,0.000000,as_expected
FEE0001115,TRF0001131,93.130000,0.000000,93.130000,93.130000,0.000000,as_expected
FEE0001116,TRF0001132,35.070000,0.000000,35.070000,35.070000,0.000000,as_expected
FEE0001117,TRF0001133,16.820000,0.000000,16.820000,16.820000,0.000000,as_expected
FEE0001118,TRF0001134,5.480000,0.000000,5.480000,5.480000,0.000000,as_expected
FEE0001119,TRF0001135,14.040000,0.000000,14.040000,14.040000,0.000000,as_expected
FEE0001120,TRF0001136,4.200000,0.000000,4.200000,4.200000,0.000000,as_expected
FEE0001121,TRF0001137,2.780000,0.000000,2.780000,2.780000,0.000000,as_expected
FEE0001122,TRF0001138,65.530000,0.000000,65.530000,65.530000,0.000000,as_expected
FEE0001123,TRF0001139,38.180000,0.000000,38.180000,38.180000,0.000000,as_expected
FEE0001124,TRF0001140,4.750000,0.000000,4.750000,4.750000,0.000000,as_expected
FEE0001125,TRF0001141,10.510000,0.810000,9.700000,9.700000,0.000000,approved_price_investment
FEE0001126,TRF0001142,3.460000,0.000000,3.460000,3.460000,0.000000,as_expected
FEE0001127,TRF0001143,17.570000,0.000000,17.570000,17.570000,0.000000,as_expected
FEE0001128,TRF0001144,17.990000,0.000000,17.990000,17.990000,0.000000,as_expected
FEE0001129,TRF0001145,5.520000,0.000000,5.520000,5.520000,0.000000,as_expected
FEE0001130,TRF0001146,4.630000,0.000000,4.630000,4.630000,0.000000,as_expected
FEE0001131,TRF0001147,5.830000,0.000000,5.830000,5.830000,0.000000,as_expected
FEE0001132,TRF0001148,11.560000,0.000000,11.560000,11.560000,0.000000,as_expected
FEE0001133,TRF0001149,8.310000,0.000000,8.310000,8.310000,0.000000,as_expected
FEE0001134,TRF0001150,14.260000,0.000000,14.260000,14.260000,0.000000,as_expected
FEE0001135,TRF0001151,10.780000,0.000000,10.780000,10.780000,0.000000,as_expected
FEE0001136,TRF0001152,21.820000,0.000000,21.820000,21.820000,0.000000,as_expected
FEE0001137,TRF0001153,512.340000,0.000000,512.340000,512.340000,0.000000,as_expected
FEE0001138,TRF0001154,230.170000,0.000000,230.170000,230.170000,0.000000,as_expected
FEE0001139,TRF0001155,79.080000,0.000000,79.080000,79.080000,0.000000,as_expected
FEE0001140,TRF0001156,6.270000,0.000000,6.270000,6.270000,0.000000,as_expected
FEE0001141,TRF0001157,7.960000,0.000000,7.960000,7.960000,0.000000,as_expected
FEE0001142,TRF0001158,76.790000,0.000000,76.790000,76.790000,0.000000,as_expected
FEE0001143,TRF0001159,9.550000,0.000000,9.550000,6.100000,3.450000,unexpected_shortfall
FEE0001144,TRF0001160,3.140000,0.000000,3.140000,3.140000,0.000000,as_expected
FEE0001145,TRF0001161,9.100000,0.000000,9.100000,9.100000,0.000000,as_expected
FEE0001146,TRF0001162,66.540000,7.350000,59.190000,59.190000,0.000000,approved_price_investment
FEE0001147,TRF0001163,86.990000,0.000000,86.990000,86.990000,0.000000,as_expected
FEE0001148,TRF0001164,6.500000,0.000000,6.500000,6.500000,0.000000,as_expected
FEE0001149,TRF0001165,6.470000,0.000000,6.470000,6.470000,0.000000,as_expected
FEE0001150,TRF0001166,2.130000,0.000000,2.130000,2.130000,0.000000,as_expected
FEE0001151,TRF0001167,5.470000,0.000000,5.470000,5.470000,0.000000,as_expected
FEE0001152,TRF0001168,21.670000,0.000000,21.670000,21.670000,0.000000,as_expected
FEE0001153,TRF0001169,3.000000,0.000000,3.000000,3.000000,0.000000,as_expected
FEE0001154,TRF0001170,7.510000,0.000000,7.510000,7.510000,0.000000,as_expected
FEE0001155,TRF0001171,5.110000,0.000000,5.110000,5.110000,0.000000,as_expected
FEE0001156,TRF0001172,27.100000,0.000000,27.100000,27.100000,0.000000,as_expected
FEE0001157,TRF0001173,4.730000,0.000000,4.730000,4.730000,0.000000,as_expected
FEE0001158,TRF0001174,1.890000,0.000000,1.890000,1.890000,0.000000,as_expected
FEE0001159,TRF0001175,1.640000,0.120000,1.520000,1.520000,0.000000,approved_price_investment
FEE0001160,TRF0001176,3.980000,0.000000,3.980000,3.980000,0.000000,as_expected
FEE0001161,TRF0001177,2.340000,0.000000,2.340000,2.340000,0.000000,as_expected
FEE0001162,TRF0001178,1.510000,0.000000,1.510000,1.510000,0.000000,as_expected
FEE0001163,TRF0001179,1.680000,0.000000,1.680000,1.680000,0.000000,as_expected
FEE0001164,TRF0001180,5.560000,0.000000,5.560000,5.560000,0.000000,as_expected
FEE0001165,TRF0001181,13.960000,0.000000,13.960000,13.960000,0.000000,as_expected
FEE0001166,TRF0001182,0.990000,0.000000,0.990000,0.990000,0.000000,as_expected
FEE0001167,TRF0001183,1.580000,0.000000,1.580000,1.580000,0.000000,as_expected
FEE0001168,TRF0001184,0.820000,0.000000,0.820000,0.820000,0.000000,as_expected
FEE0001169,TRF0001185,69.470000,0.000000,69.470000,69.470000,0.000000,as_expected
FEE0001170,TRF0001186,137.200000,0.000000,137.200000,85.880000,51.320000,unexpected_shortfall
FEE0001171,TRF0001187,3.290000,0.000000,3.290000,3.290000,0.000000,as_expected
FEE0001172,TRF0001188,57.060000,0.000000,57.060000,57.060000,0.000000,as_expected
FEE0001173,TRF0001189,6.750000,0.000000,6.750000,6.750000,0.000000,as_expected
FEE0001174,TRF0001191,13.710000,0.000000,13.710000,13.710000,0.000000,as_expected
FEE0001175,TRF0001192,3.050000,0.000000,3.050000,3.050000,0.000000,as_expected
FEE0001176,TRF0001193,1.680000,0.000000,1.680000,1.680000,0.000000,as_expected
FEE0001177,TRF0001194,109.950000,0.000000,109.950000,109.950000,0.000000,as_expected
FEE0001178,TRF0001195,2.430000,0.000000,2.430000,2.430000,0.000000,as_expected
FEE0001179,TRF0001196,2.930000,0.000000,2.930000,2.930000,0.000000,as_expected
FEE0001180,TRF0001197,8.670000,0.000000,8.670000,8.670000,0.000000,as_expected
FEE0001181,TRF0001198,3.110000,0.000000,3.110000,3.110000,0.000000,as_expected
FEE0001182,TRF0001199,3.180000,0.000000,3.180000,3.180000,0.000000,as_expected
FEE0001183,TRF0001200,93.700000,0.000000,93.700000,93.700000,0.000000,as_expected
FEE0001184,TRF0001201,8.590000,0.000000,8.590000,8.590000,0.000000,as_expected
FEE0001185,TRF0001202,5.170000,0.000000,5.170000,5.170000,0.000000,as_expected
FEE0001186,TRF0001203,2.940000,0.000000,2.940000,2.940000,0.000000,as_expected
FEE0001187,TRF0001204,4.840000,0.000000,4.840000,4.840000,0.000000,as_expected
FEE0001188,TRF0001205,2.200000,0.000000,2.200000,2.200000,0.000000,as_expected
FEE0001189,TRF0001206,76.440000,0.000000,76.440000,76.440000,0.000000,as_expected
FEE0001190,TRF0001207,4.820000,0.340000,4.480000,4.480000,0.000000,approved_price_investment
FEE0001191,TRF0001208,24.260000,0.000000,24.260000,24.260000,0.000000,as_expected
FEE0001192,TRF0001209,7.100000,0.000000,7.100000,7.100000,0.000000,as_expected
FEE0001193,TRF0001210,2.860000,0.180000,2.680000,2.680000,0.000000,approved_price_investment
FEE0001194,TRF0001211,1.470000,0.000000,1.470000,1.470000,0.000000,as_expected
FEE0001195,TRF0001212,280.250000,0.000000,280.250000,175.290000,104.960000,unexpected_shortfall
FEE0001196,TRF0001213,8.000000,0.000000,8.000000,8.000000,0.000000,as_expected
FEE0001197,TRF0001214,14.990000,0.000000,14.990000,14.990000,0.000000,as_expected
FEE0001198,TRF0001215,3.350000,0.000000,3.350000,3.350000,0.000000,as_expected
FEE0001199,TRF0001217,30.030000,0.000000,30.030000,30.030000,0.000000,as_expected
FEE0001200,TRF0001218,20.580000,0.000000,20.580000,20.580000,0.000000,as_expected
FEE0001201,TRF0001219,1.810000,0.000000,1.810000,1.810000,0.000000,as_expected
FEE0001202,TRF0001220,5.940000,0.000000,5.940000,5.940000,0.000000,as_expected
FEE0001203,TRF0001221,9.870000,1.080000,8.790000,8.790000,0.000000,approved_price_investment
FEE0001204,TRF0001222,7.600000,0.000000,7.600000,7.600000,0.000000,as_expected
FEE0001205,TRF0001223,10.630000,0.000000,10.630000,10.630000,0.000000,as_expected
FEE0001206,TRF0001224,22.050000,0.000000,22.050000,22.050000,0.000000,as_expected
FEE0001207,TRF0001225,4.220000,0.000000,4.220000,4.220000,0.000000,as_expected
FEE0001208,TRF0001226,127.540000,0.000000,127.540000,127.540000,0.000000,as_expected
FEE0001209,TRF0001227,1.890000,0.000000,1.890000,1.890000,0.000000,as_expected
FEE0001210,TRF0001228,3.340000,0.000000,3.340000,3.340000,0.000000,as_expected
FEE0001211,TRF0001229,31.190000,0.000000,31.190000,31.190000,0.000000,as_expected
FEE0001212,TRF0001230,4.060000,0.000000,4.060000,4.060000,0.000000,as_expected
FEE0001213,TRF0001231,2.680000,0.000000,2.680000,2.680000,0.000000,as_expected
FEE0001214,TRF0001232,3.450000,0.000000,3.450000,3.450000,0.000000,as_expected
FEE0001215,TRF0001233,2.140000,0.000000,2.140000,2.140000,0.000000,as_expected
FEE0001216,TRF0001234,16.270000,0.000000,16.270000,16.270000,0.000000,as_expected
FEE0001217,TRF0001235,4.570000,0.000000,4.570000,4.570000,0.000000,as_expected
FEE0001218,TRF0001236,5.820000,0.000000,5.820000,5.820000,0.000000,as_expected
FEE0001219,TRF0001237,29.530000,0.000000,29.530000,29.530000,0.000000,as_expected
FEE0001220,TRF0001238,5.360000,0.000000,5.360000,5.360000,0.000000,as_expected
FEE0001221,TRF0001239,21.250000,0.000000,21.250000,21.250000,0.000000,as_expected
FEE0001222,TRF0001240,153.880000,0.000000,153.880000,153.880000,0.000000,as_expected
FEE0001223,TRF0001241,157.350000,0.000000,157.350000,157.350000,0.000000,as_expected
FEE0001224,TRF0001242,3.450000,0.000000,3.450000,3.450000,0.000000,as_expected
FEE0001225,TRF0001243,3.700000,0.000000,3.700000,3.700000,0.000000,as_expected
FEE0001226,TRF0001244,2.490000,0.000000,2.490000,2.490000,0.000000,as_expected
FEE0001227,TRF0001245,4.270000,0.000000,4.270000,4.270000,0.000000,as_expected
FEE0001228,TRF0001246,3.050000,0.000000,3.050000,3.050000,0.000000,as_expected
FEE0001229,TRF0001247,11.740000,0.000000,11.740000,11.740000,0.000000,as_expected
FEE0001230,TRF0001248,28.880000,0.000000,28.880000,28.880000,0.000000,as_expected
FEE0001231,TRF0001249,2.740000,0.000000,2.740000,2.740000,0.000000,as_expected
FEE0001232,TRF0001250,7.850000,0.000000,7.850000,7.850000,0.000000,as_expected
FEE0001233,TRF0001251,1.450000,0.000000,1.450000,1.450000,0.000000,as_expected
FEE0001234,TRF0001252,1.550000,0.000000,1.550000,1.550000,0.000000,as_expected
FEE0001235,TRF0001253,8.150000,0.000000,8.150000,8.150000,0.000000,as_expected
FEE0001236,TRF0001254,29.650000,0.000000,29.650000,29.650000,0.000000,as_expected
FEE0001237,TRF0001255,4.710000,0.000000,4.710000,4.710000,0.000000,as_expected
FEE0001238,TRF0001256,2.550000,0.000000,2.550000,2.550000,0.000000,as_expected
FEE0001239,TRF0001258,7.630000,0.000000,7.630000,7.630000,0.000000,as_expected
FEE0001240,TRF0001259,3.400000,0.000000,3.400000,3.400000,0.000000,as_expected
FEE0001241,TRF0001260,3.120000,0.000000,3.120000,3.120000,0.000000,as_expected
FEE0001242,TRF0001261,6.940000,0.550000,6.390000,6.390000,0.000000,approved_price_investment
FEE0001243,TRF0001262,4.970000,0.000000,4.970000,4.970000,0.000000,as_expected
FEE0001244,TRF0001263,114.920000,0.000000,114.920000,114.920000,0.000000,as_expected
FEE0001245,TRF0001264,2.590000,0.000000,2.590000,2.590000,0.000000,as_expected
FEE0001246,TRF0001265,1.820000,0.000000,1.820000,1.820000,0.000000,as_expected
FEE0001247,TRF0001266,2.250000,0.000000,2.250000,2.250000,0.000000,as_expected
FEE0001248,TRF0001267,4.200000,0.000000,4.200000,4.200000,0.000000,as_expected
FEE0001249,TRF0001268,9.700000,0.000000,9.700000,9.700000,0.000000,as_expected
FEE0001250,TRF0001269,10.900000,0.000000,10.900000,10.900000,0.000000,as_expected
FEE0001251,TRF0001270,1.830000,0.000000,1.830000,1.830000,0.000000,as_expected
FEE0001252,TRF0001271,22.250000,0.000000,22.250000,22.250000,0.000000,as_expected
FEE0001253,TRF0001272,144.600000,0.000000,144.600000,144.600000,0.000000,as_expected
FEE0001254,TRF0001273,5.140000,0.370000,4.770000,4.770000,0.000000,approved_price_investment
FEE0001255,TRF0001274,1.440000,0.000000,1.440000,1.440000,0.000000,as_expected
FEE0001256,TRF0001275,1.570000,0.080000,1.490000,1.490000,0.000000,approved_price_investment
FEE0001257,TRF0001276,14.360000,0.000000,14.360000,14.360000,0.000000,as_expected
FEE0001258,TRF0001277,5.280000,0.000000,5.280000,5.280000,0.000000,as_expected
FEE0001259,TRF0001278,1.680000,0.130000,1.550000,1.550000,0.000000,approved_price_investment
FEE0001260,TRF0001279,5.350000,0.000000,5.350000,5.350000,0.000000,as_expected
FEE0001261,TRF0001280,2.410000,0.000000,2.410000,2.410000,0.000000,as_expected
FEE0001262,TRF0001281,4.790000,0.000000,4.790000,4.790000,0.000000,as_expected
FEE0001263,TRF0001282,4.240000,0.000000,4.240000,4.240000,0.000000,as_expected
FEE0001264,TRF0001283,4.970000,0.000000,4.970000,4.970000,0.000000,as_expected
FEE0001265,TRF0001284,29.410000,0.000000,29.410000,29.410000,0.000000,as_expected
FEE0001266,TRF0001285,48.040000,0.000000,48.040000,48.040000,0.000000,as_expected
FEE0001267,TRF0001286,2.520000,0.000000,2.520000,2.520000,0.000000,as_expected
FEE0001268,TRF0001287,242.610000,0.000000,242.610000,242.610000,0.000000,as_expected
FEE0001269,TRF0001288,2.120000,0.000000,2.120000,2.120000,0.000000,as_expected
FEE0001270,TRF0001289,218.910000,0.000000,218.910000,218.910000,0.000000,as_expected
FEE0001271,TRF0001290,9.420000,0.000000,9.420000,9.420000,0.000000,as_expected
FEE0001272,TRF0001291,79.230000,0.000000,79.230000,79.230000,0.000000,as_expected
FEE0001273,TRF0001292,9.520000,0.000000,9.520000,9.520000,0.000000,as_expected
FEE0001274,TRF0001293,36.240000,0.000000,36.240000,36.240000,0.000000,as_expected
FEE0001275,TRF0001294,24.810000,2.090000,22.720000,22.720000,0.000000,approved_price_investment
FEE0001276,TRF0001295,21.980000,0.000000,21.980000,21.980000,0.000000,as_expected
FEE0001277,TRF0001296,35.320000,0.000000,35.320000,35.320000,0.000000,as_expected
FEE0001278,TRF0001297,10.180000,0.780000,9.400000,9.400000,0.000000,approved_price_investment
FEE0001279,TRF0001298,0.880000,0.000000,0.880000,0.880000,0.000000,as_expected
FEE0001280,TRF0001299,18.160000,0.000000,18.160000,18.160000,0.000000,as_expected
FEE0001281,TRF0001300,0.830000,0.000000,0.830000,0.830000,0.000000,as_expected
FEE0001282,TRF0001301,3.620000,0.330000,3.290000,3.290000,0.000000,approved_price_investment
FEE0001283,TRF0001302,6.110000,0.000000,6.110000,6.110000,0.000000,as_expected
FEE0001284,TRF0001303,2.020000,0.000000,2.020000,2.020000,0.000000,as_expected
FEE0001285,TRF0001304,2.520000,0.000000,2.520000,2.520000,0.000000,as_expected
FEE0001286,TRF0001305,2.010000,0.000000,2.010000,2.010000,0.000000,as_expected
FEE0001287,TRF0001306,2.330000,0.000000,2.330000,2.330000,0.000000,as_expected
FEE0001288,TRF0001307,2.380000,0.000000,2.380000,2.380000,0.000000,as_expected
FEE0001289,TRF0001308,6.580000,0.000000,6.580000,6.580000,0.000000,as_expected
FEE0001290,TRF0001309,1.540000,0.000000,1.540000,1.540000,0.000000,as_expected
FEE0001291,TRF0001310,4.940000,0.000000,4.940000,4.940000,0.000000,as_expected
FEE0001292,TRF0001311,37.640000,0.000000,37.640000,37.640000,0.000000,as_expected
FEE0001293,TRF0001312,2.300000,0.000000,2.300000,2.300000,0.000000,as_expected
FEE0001294,TRF0001313,142.360000,0.000000,142.360000,142.360000,0.000000,as_expected
FEE0001295,TRF0001314,47.470000,0.000000,47.470000,47.470000,0.000000,as_expected
FEE0001296,TRF0001315,1.300000,0.000000,1.300000,1.300000,0.000000,as_expected
FEE0001297,TRF0001317,1.880000,0.000000,1.880000,1.880000,0.000000,as_expected
FEE0001298,TRF0001318,94.600000,0.000000,94.600000,94.600000,0.000000,as_expected
FEE0001299,TRF0001319,6.760000,0.000000,6.760000,6.760000,0.000000,as_expected
FEE0001300,TRF0001320,2.400000,0.000000,2.400000,2.400000,0.000000,as_expected
FEE0001301,TRF0001321,45.770000,0.000000,45.770000,45.770000,0.000000,as_expected
FEE0001302,TRF0001322,4.620000,0.000000,4.620000,4.620000,0.000000,as_expected
FEE0001303,TRF0001323,5.490000,0.000000,5.490000,5.490000,0.000000,as_expected
FEE0001304,TRF0001324,2.620000,0.000000,2.620000,2.620000,0.000000,as_expected
FEE0001305,TRF0001325,1.790000,0.140000,1.650000,1.650000,0.000000,approved_price_investment
FEE0001306,TRF0001326,19.520000,0.000000,19.520000,19.520000,0.000000,as_expected
FEE0001307,TRF0001327,61.760000,0.000000,61.760000,38.730000,23.030000,unexpected_shortfall
FEE0001308,TRF0001328,13.040000,1.440000,11.600000,11.600000,0.000000,approved_price_investment
FEE0001309,TRF0001329,19.140000,0.000000,19.140000,19.140000,0.000000,as_expected
FEE0001310,TRF0001330,6.300000,0.000000,6.300000,6.300000,0.000000,as_expected
FEE0001311,TRF0001331,2.360000,0.000000,2.360000,2.360000,0.000000,as_expected
FEE0001312,TRF0001333,0.780000,0.000000,0.780000,0.780000,0.000000,as_expected
FEE0001313,TRF0001334,21.600000,0.000000,21.600000,21.600000,0.000000,as_expected
FEE0001314,TRF0001335,5.640000,0.000000,5.640000,5.640000,0.000000,as_expected
FEE0001315,TRF0001337,1.250000,0.000000,1.250000,1.250000,0.000000,as_expected
FEE0001316,TRF0001338,3.690000,0.000000,3.690000,3.690000,0.000000,as_expected
FEE0001317,TRF0001339,1.610000,0.000000,1.610000,1.610000,0.000000,as_expected
FEE0001318,TRF0001340,28.170000,0.000000,28.170000,28.170000,0.000000,as_expected
FEE0001319,TRF0001341,7.930000,0.000000,7.930000,7.930000,0.000000,as_expected
FEE0001320,TRF0001342,3.840000,0.000000,3.840000,3.840000,0.000000,as_expected
FEE0001321,TRF0001343,4.010000,0.000000,4.010000,4.010000,0.000000,as_expected
FEE0001322,TRF0001344,6.970000,0.000000,6.970000,6.970000,0.000000,as_expected
FEE0001323,TRF0001345,14.050000,0.000000,14.050000,8.910000,5.140000,unexpected_shortfall
FEE0001324,TRF0001346,17.430000,0.000000,17.430000,11.030000,6.400000,unexpected_shortfall
FEE0001325,TRF0001347,2.630000,0.160000,2.470000,2.470000,0.000000,approved_price_investment
FEE0001326,TRF0001348,54.210000,0.000000,54.210000,54.210000,0.000000,as_expected
FEE0001327,TRF0001349,1.840000,0.000000,1.840000,1.840000,0.000000,as_expected
FEE0001328,TRF0001350,2.190000,0.000000,2.190000,2.190000,0.000000,as_expected
FEE0001329,TRF0001351,6.370000,0.000000,6.370000,6.370000,0.000000,as_expected
FEE0001330,TRF0001352,28.240000,0.000000,28.240000,28.240000,0.000000,as_expected
FEE0001331,TRF0001353,61.600000,0.000000,61.600000,61.600000,0.000000,as_expected
FEE0001332,TRF0001354,1.290000,0.000000,1.290000,1.290000,0.000000,as_expected
FEE0001333,TRF0001355,3.710000,0.000000,3.710000,3.710000,0.000000,as_expected
FEE0001334,TRF0001356,2.980000,0.000000,2.980000,2.980000,0.000000,as_expected
FEE0001335,TRF0001357,108.020000,0.000000,108.020000,108.020000,0.000000,as_expected
FEE0001336,TRF0001358,2.490000,0.000000,2.490000,2.490000,0.000000,as_expected
FEE0001337,TRF0001359,6.200000,0.000000,6.200000,6.200000,0.000000,as_expected
FEE0001338,TRF0001360,9.150000,0.000000,9.150000,9.150000,0.000000,as_expected
FEE0001339,TRF0001362,5.310000,0.000000,5.310000,5.310000,0.000000,as_expected
FEE0001340,TRF0001363,4.060000,0.000000,4.060000,4.060000,0.000000,as_expected
FEE0001341,TRF0001364,8.490000,0.000000,8.490000,8.490000,0.000000,as_expected
FEE0001342,TRF0001365,2.380000,0.000000,2.380000,2.380000,0.000000,as_expected
FEE0001343,TRF0001367,1.520000,0.000000,1.520000,1.520000,0.000000,as_expected
FEE0001344,TRF0001368,2.150000,0.000000,2.150000,2.150000,0.000000,as_expected
FEE0001345,TRF0001369,21.940000,0.000000,21.940000,21.940000,0.000000,as_expected
FEE0001346,TRF0001370,2.120000,0.000000,2.120000,2.120000,0.000000,as_expected
FEE0001347,TRF0001371,9.980000,0.000000,9.980000,9.980000,0.000000,as_expected
FEE0001348,TRF0001372,3.310000,0.000000,3.310000,3.310000,0.000000,as_expected
FEE0001349,TRF0001373,43.750000,0.000000,43.750000,43.750000,0.000000,as_expected
FEE0001350,TRF0001374,100.750000,0.000000,100.750000,100.750000,0.000000,as_expected
FEE0001351,TRF0001375,6.630000,0.000000,6.630000,6.630000,0.000000,as_expected
FEE0001352,TRF0001376,88.850000,0.000000,88.850000,88.850000,0.000000,as_expected
FEE0001353,TRF0001377,50.400000,0.000000,50.400000,50.400000,0.000000,as_expected
FEE0001354,TRF0001378,3.580000,0.000000,3.580000,3.580000,0.000000,as_expected
FEE0001355,TRF0001379,61.440000,0.000000,61.440000,61.440000,0.000000,as_expected
FEE0001356,TRF0001380,7.240000,0.000000,7.240000,7.240000,0.000000,as_expected
FEE0001357,TRF0001381,4.180000,0.000000,4.180000,4.180000,0.000000,as_expected
FEE0001358,TRF0001382,4.440000,0.000000,4.440000,4.440000,0.000000,as_expected
FEE0001359,TRF0001383,29.900000,0.000000,29.900000,29.900000,0.000000,as_expected
FEE0001360,TRF0001384,1.740000,0.000000,1.740000,1.740000,0.000000,as_expected
FEE0001361,TRF0001385,21.920000,0.000000,21.920000,21.920000,0.000000,as_expected
FEE0001362,TRF0001386,26.760000,0.000000,26.760000,26.760000,0.000000,as_expected
FEE0001363,TRF0001387,27.640000,2.330000,25.310000,25.310000,0.000000,approved_price_investment
FEE0001364,TRF0001388,6.770000,0.000000,6.770000,6.770000,0.000000,as_expected
FEE0001365,TRF0001389,26.860000,0.000000,26.860000,26.860000,0.000000,as_expected
FEE0001366,TRF0001390,1.380000,0.000000,1.380000,1.380000,0.000000,as_expected
FEE0001367,TRF0001391,1.510000,0.000000,1.510000,1.510000,0.000000,as_expected
FEE0001368,TRF0001392,6.720000,0.000000,6.720000,6.720000,0.000000,as_expected
FEE0001369,TRF0001393,1.250000,0.000000,1.250000,1.250000,0.000000,as_expected
FEE0001370,TRF0001394,1.880000,0.000000,1.880000,1.880000,0.000000,as_expected
FEE0001371,TRF0001395,22.490000,0.000000,22.490000,22.490000,0.000000,as_expected
FEE0001372,TRF0001396,8.200000,0.000000,8.200000,8.200000,0.000000,as_expected
FEE0001373,TRF0001397,12.620000,0.000000,12.620000,12.620000,0.000000,as_expected
FEE0001374,TRF0001398,2.830000,0.000000,2.830000,2.830000,0.000000,as_expected
FEE0001375,TRF0001399,4.030000,0.000000,4.030000,4.030000,0.000000,as_expected
FEE0001376,TRF0001400,3.280000,0.000000,3.280000,3.280000,0.000000,as_expected
FEE0001377,TRF0001401,18.410000,0.000000,18.410000,18.410000,0.000000,as_expected
FEE0001378,TRF0001402,2.170000,0.000000,2.170000,2.170000,0.000000,as_expected
FEE0001379,TRF0001403,4.090000,0.380000,3.710000,3.710000,0.000000,approved_price_investment
FEE0001380,TRF0001404,124.490000,10.870000,113.620000,113.620000,0.000000,approved_price_investment
FEE0001381,TRF0001405,0.970000,0.000000,0.970000,0.970000,0.000000,as_expected
FEE0001382,TRF0001406,1.560000,0.000000,1.560000,1.560000,0.000000,as_expected
FEE0001383,TRF0001407,24.230000,0.000000,24.230000,24.230000,0.000000,as_expected
FEE0001384,TRF0001408,2.700000,0.000000,2.700000,2.700000,0.000000,as_expected
FEE0001385,TRF0001409,7.630000,0.000000,7.630000,7.630000,0.000000,as_expected
FEE0001386,TRF0001410,4.030000,0.000000,4.030000,4.030000,0.000000,as_expected
FEE0001387,TRF0001411,31.600000,0.000000,31.600000,31.600000,0.000000,as_expected
FEE0001388,TRF0001412,40.010000,0.000000,40.010000,40.010000,0.000000,as_expected
FEE0001389,TRF0001413,4.800000,0.450000,4.350000,4.350000,0.000000,approved_price_investment
FEE0001390,TRF0001414,6.380000,0.000000,6.380000,6.380000,0.000000,as_expected
FEE0001391,TRF0001415,2.100000,0.000000,2.100000,2.100000,0.000000,as_expected
FEE0001392,TRF0001416,4.190000,0.000000,4.190000,4.190000,0.000000,as_expected
FEE0001393,TRF0001417,4.400000,0.000000,4.400000,4.400000,0.000000,as_expected
FEE0001394,TRF0001418,3.390000,0.000000,3.390000,3.390000,0.000000,as_expected
FEE0001395,TRF0001419,1.590000,0.080000,1.510000,1.510000,0.000000,approved_price_investment
FEE0001396,TRF0001420,5.250000,0.000000,5.250000,5.250000,0.000000,as_expected
FEE0001397,TRF0001421,1.890000,0.000000,1.890000,1.890000,0.000000,as_expected
FEE0001398,TRF0001422,36.450000,0.000000,36.450000,36.450000,0.000000,as_expected
FEE0001399,TRF0001423,22.260000,0.000000,22.260000,22.260000,0.000000,as_expected
FEE0001400,TRF0001424,8.150000,0.000000,8.150000,8.150000,0.000000,as_expected
FEE0001401,TRF0001425,5.330000,0.000000,5.330000,5.330000,0.000000,as_expected
FEE0001402,TRF0001426,1.810000,0.140000,1.670000,1.670000,0.000000,approved_price_investment
FEE0001403,TRF0001427,2.980000,0.000000,2.980000,2.980000,0.000000,as_expected
FEE0001404,TRF0001428,67.190000,0.000000,67.190000,67.190000,0.000000,as_expected
FEE0001405,TRF0001429,11.150000,0.000000,11.150000,11.150000,0.000000,as_expected
FEE0001406,TRF0001430,11.140000,0.000000,11.140000,11.140000,0.000000,as_expected
FEE0001407,TRF0001431,188.260000,0.000000,188.260000,188.260000,0.000000,as_expected
FEE0001408,TRF0001432,2.120000,0.000000,2.120000,2.120000,0.000000,as_expected
FEE0001409,TRF0001433,13.900000,0.000000,13.900000,13.900000,0.000000,as_expected
FEE0001410,TRF0001434,13.900000,0.000000,13.900000,13.900000,0.000000,as_expected
FEE0001411,TRF0001435,14.300000,0.000000,14.300000,14.300000,0.000000,as_expected
FEE0001412,TRF0001436,5.910000,0.000000,5.910000,5.910000,0.000000,as_expected
FEE0001413,TRF0001437,4.660000,0.000000,4.660000,4.660000,0.000000,as_expected
FEE0001414,TRF0001438,7.300000,0.000000,7.300000,7.300000,0.000000,as_expected
FEE0001415,TRF0001439,10.080000,0.000000,10.080000,10.080000,0.000000,as_expected
FEE0001416,TRF0001440,201.570000,0.000000,201.570000,201.570000,0.000000,as_expected
FEE0001417,TRF0001441,21.870000,0.000000,21.870000,21.870000,0.000000,as_expected
FEE0001418,TRF0001442,3.700000,0.000000,3.700000,3.700000,0.000000,as_expected
FEE0001419,TRF0001443,17.520000,0.000000,17.520000,17.520000,0.000000,as_expected
FEE0001420,TRF0001444,34.000000,0.000000,34.000000,34.000000,0.000000,as_expected
FEE0001421,TRF0001445,66.160000,0.000000,66.160000,66.160000,0.000000,as_expected
FEE0001422,TRF0001446,8.510000,0.000000,8.510000,8.510000,0.000000,as_expected
FEE0001423,TRF0001447,2.910000,0.000000,2.910000,2.910000,0.000000,as_expected
FEE0001424,TRF0001448,17.310000,0.000000,17.310000,17.310000,0.000000,as_expected
FEE0001425,TRF0001449,1.980000,0.000000,1.980000,1.980000,0.000000,as_expected
FEE0001426,TRF0001450,16.990000,0.000000,16.990000,16.990000,0.000000,as_expected
FEE0001427,TRF0001451,12.640000,0.000000,12.640000,12.640000,0.000000,as_expected
FEE0001428,TRF0001452,3.920000,0.360000,3.560000,3.560000,0.000000,approved_price_investment
FEE0001429,TRF0001453,398.700000,0.000000,398.700000,398.700000,0.000000,as_expected
FEE0001430,TRF0001454,2.600000,0.000000,2.600000,2.600000,0.000000,as_expected
FEE0001431,TRF0001455,2.640000,0.000000,2.640000,2.640000,0.000000,as_expected
FEE0001432,TRF0001456,1.960000,0.000000,1.960000,1.960000,0.000000,as_expected
FEE0001433,TRF0001457,3.240000,0.000000,3.240000,3.240000,0.000000,as_expected
FEE0001434,TRF0001458,1.570000,0.000000,1.570000,1.570000,0.000000,as_expected
FEE0001435,TRF0001459,10.110000,0.000000,10.110000,10.110000,0.000000,as_expected
FEE0001436,TRF0001460,5.790000,0.000000,5.790000,5.790000,0.000000,as_expected
FEE0001437,TRF0001461,12.360000,0.000000,12.360000,12.360000,0.000000,as_expected
FEE0001438,TRF0001462,2.630000,0.000000,2.630000,2.630000,0.000000,as_expected
FEE0001439,TRF0001463,24.440000,0.000000,24.440000,24.440000,0.000000,as_expected
FEE0001440,TRF0001464,53.490000,0.000000,53.490000,53.490000,0.000000,as_expected
FEE0001441,TRF0001465,7.220000,0.000000,7.220000,7.220000,0.000000,as_expected
FEE0001442,TRF0001466,3.000000,0.000000,3.000000,3.000000,0.000000,as_expected
FEE0001443,TRF0001467,131.340000,0.000000,131.340000,131.340000,0.000000,as_expected
FEE0001444,TRF0001468,2.580000,0.000000,2.580000,2.580000,0.000000,as_expected
FEE0001445,TRF0001469,3.330000,0.000000,3.330000,3.330000,0.000000,as_expected
FEE0001446,TRF0001470,6.880000,0.000000,6.880000,6.880000,0.000000,as_expected
FEE0001447,TRF0001471,92.020000,0.000000,92.020000,92.020000,0.000000,as_expected
FEE0001448,TRF0001472,90.000000,0.000000,90.000000,90.000000,0.000000,as_expected
FEE0001449,TRF0001473,2.720000,0.000000,2.720000,2.720000,0.000000,as_expected
FEE0001450,TRF0001474,40.800000,0.000000,40.800000,40.800000,0.000000,as_expected
FEE0001451,TRF0001475,5.310000,0.000000,5.310000,5.310000,0.000000,as_expected
FEE0001452,TRF0001476,17.670000,0.000000,17.670000,17.670000,0.000000,as_expected
FEE0001453,TRF0001477,1.900000,0.000000,1.900000,1.900000,0.000000,as_expected
FEE0001454,TRF0001478,54.390000,4.720000,49.670000,49.670000,0.000000,approved_price_investment
FEE0001455,TRF0001479,2.030000,0.000000,2.030000,2.030000,0.000000,as_expected
FEE0001456,TRF0001480,22.330000,0.000000,22.330000,14.090000,8.240000,unexpected_shortfall
FEE0001457,TRF0001481,152.560000,0.000000,152.560000,152.560000,0.000000,as_expected
FEE0001458,TRF0001482,214.650000,0.000000,214.650000,214.650000,0.000000,as_expected
FEE0001459,TRF0001483,2.040000,0.000000,2.040000,2.040000,0.000000,as_expected
FEE0001460,TRF0001484,24.880000,0.000000,24.880000,24.880000,0.000000,as_expected
FEE0001461,TRF0001485,33.590000,0.000000,33.590000,33.590000,0.000000,as_expected
FEE0001462,TRF0001486,3.430000,0.000000,3.430000,3.430000,0.000000,as_expected
FEE0001463,TRF0001487,7.040000,0.000000,7.040000,7.040000,0.000000,as_expected
FEE0001464,TRF0001488,2.440000,0.000000,2.440000,2.440000,0.000000,as_expected
FEE0001465,TRF0001489,7.540000,0.000000,7.540000,7.540000,0.000000,as_expected
FEE0001466,TRF0001490,6.260000,0.000000,6.260000,6.260000,0.000000,as_expected
FEE0001467,TRF0001491,10.270000,0.000000,10.270000,10.270000,0.000000,as_expected
FEE0001468,TRF0001492,2.210000,0.000000,2.210000,2.210000,0.000000,as_expected
FEE0001469,TRF0001493,157.350000,0.000000,157.350000,98.470000,58.880000,unexpected_shortfall
FEE0001470,TRF0001494,11.800000,0.000000,11.800000,11.800000,0.000000,as_expected
FEE0001471,TRF0001495,20.640000,0.000000,20.640000,20.640000,0.000000,as_expected
FEE0001472,TRF0001496,83.120000,0.000000,83.120000,83.120000,0.000000,as_expected
FEE0001473,TRF0001497,13.440000,0.000000,13.440000,13.440000,0.000000,as_expected
FEE0001474,TRF0001498,11.940000,0.930000,11.010000,11.010000,0.000000,approved_price_investment
FEE0001475,TRF0001499,3.280000,0.000000,3.280000,3.280000,0.000000,as_expected
FEE0001476,TRF0001500,2.330000,0.000000,2.330000,2.330000,0.000000,as_expected
FEE0001477,TRF0001501,2.610000,0.000000,2.610000,2.610000,0.000000,as_expected
FEE0001478,TRF0001502,6.270000,0.000000,6.270000,6.270000,0.000000,as_expected
FEE0001479,TRF0001503,11.710000,0.000000,11.710000,11.710000,0.000000,as_expected
FEE0001480,TRF0001504,2.430000,0.000000,2.430000,2.430000,0.000000,as_expected
FEE0001481,TRF0001505,2.520000,0.000000,2.520000,2.520000,0.000000,as_expected
FEE0001482,TRF0001506,1.900000,0.000000,1.900000,1.900000,0.000000,as_expected
FEE0001483,TRF0001507,75.240000,0.000000,75.240000,75.240000,0.000000,as_expected
FEE0001484,TRF0001508,13.080000,0.000000,13.080000,13.080000,0.000000,as_expected
FEE0001485,TRF0001509,1.340000,0.000000,1.340000,1.340000,0.000000,as_expected
FEE0001486,TRF0001510,2.660000,0.000000,2.660000,2.660000,0.000000,as_expected
FEE0001487,TRF0001511,1.960000,0.000000,1.960000,1.960000,0.000000,as_expected
FEE0001488,TRF0001513,8.330000,0.000000,8.330000,8.330000,0.000000,as_expected
FEE0001489,TRF0001514,64.630000,0.000000,64.630000,64.630000,0.000000,as_expected
FEE0001490,TRF0001515,7.560000,0.000000,7.560000,7.560000,0.000000,as_expected
FEE0001491,TRF0001516,10.340000,0.000000,10.340000,10.340000,0.000000,as_expected
FEE0001492,TRF0001517,4.300000,0.300000,4.000000,4.000000,0.000000,approved_price_investment
FEE0001493,TRF0001518,3.430000,0.000000,3.430000,3.430000,0.000000,as_expected
FEE0001494,TRF0001519,2.790000,0.000000,2.790000,2.790000,0.000000,as_expected
FEE0001495,TRF0001520,13.070000,0.000000,13.070000,13.070000,0.000000,as_expected
FEE0001496,TRF0001521,2.760000,0.000000,2.760000,2.760000,0.000000,as_expected
FEE0001497,TRF0001522,9.270000,0.000000,9.270000,9.270000,0.000000,as_expected
FEE0001498,TRF0001523,4.690000,0.000000,4.690000,4.690000,0.000000,as_expected
FEE0001499,TRF0001524,1.810000,0.000000,1.810000,1.810000,0.000000,as_expected
FEE0001500,TRF0001525,6.860000,0.000000,6.860000,6.860000,0.000000,as_expected
FEE0001501,TRF0001526,47.890000,0.000000,47.890000,47.890000,0.000000,as_expected
FEE0001502,TRF0001527,1.570000,0.000000,1.570000,1.570000,0.000000,as_expected
FEE0001503,TRF0001528,12.970000,0.000000,12.970000,12.970000,0.000000,as_expected
FEE0001504,TRF0001529,2.510000,0.000000,2.510000,2.510000,0.000000,as_expected
FEE0001505,TRF0001530,42.310000,3.660000,38.650000,38.650000,0.000000,approved_price_investment
FEE0001506,TRF0001531,12.930000,0.000000,12.930000,12.930000,0.000000,as_expected
FEE0001507,TRF0001532,2.050000,0.000000,2.050000,2.050000,0.000000,as_expected
FEE0001508,TRF0001533,2.200000,0.000000,2.200000,2.200000,0.000000,as_expected
FEE0001509,TRF0001534,1.400000,0.000000,1.400000,1.400000,0.000000,as_expected
FEE0001510,TRF0001535,3.850000,0.000000,3.850000,3.850000,0.000000,as_expected
FEE0001511,TRF0001536,37.340000,0.000000,37.340000,37.340000,0.000000,as_expected
FEE0001512,TRF0001537,54.550000,0.000000,54.550000,54.550000,0.000000,as_expected
FEE0001513,TRF0001538,7.610000,0.000000,7.610000,7.610000,0.000000,as_expected
FEE0001514,TRF0001539,261.170000,0.000000,261.170000,261.170000,0.000000,as_expected
FEE0001515,TRF0001540,3.030000,0.000000,3.030000,3.030000,0.000000,as_expected
FEE0001516,TRF0001541,1.300000,0.000000,1.300000,1.300000,0.000000,as_expected
FEE0001517,TRF0001542,0.970000,0.050000,0.920000,0.920000,0.000000,approved_price_investment
FEE0001518,TRF0001543,49.390000,0.000000,49.390000,49.390000,0.000000,as_expected
FEE0001519,TRF0001544,22.390000,0.000000,22.390000,22.390000,0.000000,as_expected
FEE0001520,TRF0001545,3.990000,0.000000,3.990000,3.990000,0.000000,as_expected
FEE0001521,TRF0001546,2.240000,0.000000,2.240000,2.240000,0.000000,as_expected
FEE0001522,TRF0001547,8.410000,0.000000,8.410000,8.410000,0.000000,as_expected
FEE0001523,TRF0001548,8.820000,0.000000,8.820000,8.820000,0.000000,as_expected
FEE0001524,TRF0001549,5.040000,0.000000,5.040000,5.040000,0.000000,as_expected
FEE0001525,TRF0001550,1.940000,0.160000,1.780000,1.780000,0.000000,approved_price_investment
FEE0001526,TRF0001551,16.500000,0.000000,16.500000,16.500000,0.000000,as_expected
FEE0001527,TRF0001552,57.890000,0.000000,57.890000,57.890000,0.000000,as_expected
FEE0001528,TRF0001553,61.740000,0.000000,61.740000,38.720000,23.020000,unexpected_shortfall
FEE0001529,TRF0001554,3.510000,0.000000,3.510000,3.510000,0.000000,as_expected
FEE0001530,TRF0001555,37.450000,0.000000,37.450000,37.450000,0.000000,as_expected
FEE0001531,TRF0001556,6.970000,0.000000,6.970000,6.970000,0.000000,as_expected
FEE0001532,TRF0001557,3.550000,0.000000,3.550000,3.550000,0.000000,as_expected
FEE0001533,TRF0001558,1.450000,0.000000,1.450000,1.450000,0.000000,as_expected
FEE0001534,TRF0001559,2.780000,0.000000,2.780000,2.780000,0.000000,as_expected
FEE0001535,TRF0001560,6.670000,0.000000,6.670000,6.670000,0.000000,as_expected
FEE0001536,TRF0001561,30.110000,0.000000,30.110000,30.110000,0.000000,as_expected
FEE0001537,TRF0001562,5.270000,0.000000,5.270000,5.270000,0.000000,as_expected
FEE0001538,TRF0001563,7.540000,0.000000,7.540000,7.540000,0.000000,as_expected
FEE0001539,TRF0001564,5.040000,0.000000,5.040000,5.040000,0.000000,as_expected
FEE0001540,TRF0001565,7.830000,0.000000,7.830000,7.830000,0.000000,as_expected
FEE0001541,TRF0001566,3.360000,0.000000,3.360000,3.360000,0.000000,as_expected
FEE0001542,TRF0001567,3.490000,0.000000,3.490000,3.490000,0.000000,as_expected
FEE0001543,TRF0001568,19.670000,0.000000,19.670000,19.670000,0.000000,as_expected
FEE0001544,TRF0001569,216.300000,0.000000,216.300000,216.300000,0.000000,as_expected
FEE0001545,TRF0001570,2.090000,0.000000,2.090000,2.090000,0.000000,as_expected
FEE0001546,TRF0001571,13.380000,0.000000,13.380000,13.380000,0.000000,as_expected
FEE0001547,TRF0001572,6.240000,0.000000,6.240000,6.240000,0.000000,as_expected
FEE0001548,TRF0001573,39.530000,0.000000,39.530000,39.530000,0.000000,as_expected
FEE0001549,TRF0001574,17.980000,0.000000,17.980000,11.370000,6.610000,unexpected_shortfall
FEE0001550,TRF0001575,1.690000,0.000000,1.690000,1.690000,0.000000,as_expected
FEE0001551,TRF0001576,22.620000,0.000000,22.620000,22.620000,0.000000,as_expected
FEE0001552,TRF0001577,4.530000,0.000000,4.530000,4.530000,0.000000,as_expected
FEE0001553,TRF0001578,0.750000,0.000000,0.750000,0.750000,0.000000,as_expected
FEE0001554,TRF0001579,11.050000,0.000000,11.050000,11.050000,0.000000,as_expected
FEE0001555,TRF0001580,4.810000,0.000000,4.810000,4.810000,0.000000,as_expected
FEE0001556,TRF0001581,1.350000,0.000000,1.350000,1.350000,0.000000,as_expected
FEE0001557,TRF0001582,19.310000,0.000000,19.310000,19.310000,0.000000,as_expected
FEE0001558,TRF0001583,5.460000,0.000000,5.460000,5.460000,0.000000,as_expected
FEE0001559,TRF0001584,1.960000,0.000000,1.960000,1.960000,0.000000,as_expected
FEE0001560,TRF0001585,18.250000,1.550000,16.700000,16.700000,0.000000,approved_price_investment
FEE0001561,TRF0001586,1.090000,0.000000,1.090000,1.090000,0.000000,as_expected
FEE0001562,TRF0001587,9.700000,0.000000,9.700000,9.700000,0.000000,as_expected
FEE0001563,TRF0001588,6.400000,0.470000,5.930000,5.930000,0.000000,approved_price_investment
FEE0001564,TRF0001589,54.540000,0.000000,54.540000,54.540000,0.000000,as_expected
FEE0001565,TRF0001590,10.470000,0.000000,10.470000,10.470000,0.000000,as_expected
FEE0001566,TRF0001591,41.730000,0.000000,41.730000,41.730000,0.000000,as_expected
FEE0001567,TRF0001592,3.980000,0.270000,3.710000,3.710000,0.000000,approved_price_investment
FEE0001568,TRF0001593,35.650000,0.000000,35.650000,35.650000,0.000000,as_expected
FEE0001569,TRF0001594,11.300000,0.000000,11.300000,11.300000,0.000000,as_expected
FEE0001570,TRF0001595,1.910000,0.000000,1.910000,1.910000,0.000000,as_expected
FEE0001571,TRF0001596,14.330000,0.000000,14.330000,14.330000,0.000000,as_expected
FEE0001572,TRF0001597,5.880000,0.000000,5.880000,5.880000,0.000000,as_expected
FEE0001573,TRF0001598,52.500000,0.000000,52.500000,52.500000,0.000000,as_expected
FEE0001574,TRF0001599,64.880000,0.000000,64.880000,64.880000,0.000000,as_expected
FEE0001575,TRF0001600,27.210000,0.000000,27.210000,27.210000,0.000000,as_expected
FEE0001576,TRF0001601,4.170000,0.000000,4.170000,4.170000,0.000000,as_expected
FEE0001577,TRF0001602,6.490000,0.000000,6.490000,6.490000,0.000000,as_expected
FEE0001578,TRF0001603,3.510000,0.000000,3.510000,3.510000,0.000000,as_expected
FEE0001579,TRF0001604,2.890000,0.000000,2.890000,2.890000,0.000000,as_expected
FEE0001580,TRF0001605,1.100000,0.000000,1.100000,1.100000,0.000000,as_expected
FEE0001581,TRF0001606,2.100000,0.000000,2.100000,2.100000,0.000000,as_expected
FEE0001582,TRF0001607,1.380000,0.000000,1.380000,1.380000,0.000000,as_expected
FEE0001583,TRF0001608,59.050000,0.000000,59.050000,59.050000,0.000000,as_expected
FEE0001584,TRF0001609,4.920000,0.000000,4.920000,4.920000,0.000000,as_expected
FEE0001585,TRF0001610,1.350000,0.000000,1.350000,1.350000,0.000000,as_expected
FEE0001586,TRF0001611,153.900000,0.000000,153.900000,153.900000,0.000000,as_expected
FEE0001587,TRF0001612,8.840000,0.000000,8.840000,8.840000,0.000000,as_expected
FEE0001588,TRF0001613,1.280000,0.000000,1.280000,1.280000,0.000000,as_expected
FEE0001589,TRF0001614,44.630000,0.000000,44.630000,44.630000,0.000000,as_expected
FEE0001590,TRF0001615,5.390000,0.000000,5.390000,5.390000,0.000000,as_expected
FEE0001591,TRF0001616,22.780000,0.000000,22.780000,14.370000,8.410000,unexpected_shortfall
FEE0001592,TRF0001617,2.820000,0.000000,2.820000,2.820000,0.000000,as_expected
FEE0001593,TRF0001618,1.480000,0.000000,1.480000,1.480000,0.000000,as_expected
FEE0001594,TRF0001619,67.120000,0.000000,67.120000,67.120000,0.000000,as_expected
FEE0001595,TRF0001620,12.440000,0.000000,12.440000,12.440000,0.000000,as_expected
FEE0001596,TRF0001621,3.770000,0.000000,3.770000,3.770000,0.000000,as_expected
FEE0001597,TRF0001622,6.840000,0.000000,6.840000,6.840000,0.000000,as_expected
FEE0001598,TRF0001623,2.190000,0.000000,2.190000,2.190000,0.000000,as_expected
FEE0001599,TRF0001624,2.080000,0.000000,2.080000,2.080000,0.000000,as_expected
FEE0001600,TRF0001625,21.480000,0.000000,21.480000,13.560000,7.920000,unexpected_shortfall
FEE0001601,TRF0001626,14.380000,0.000000,14.380000,9.120000,5.260000,unexpected_shortfall
FEE0001602,TRF0001627,37.050000,0.000000,37.050000,37.050000,0.000000,as_expected
FEE0001603,TRF0001628,3.820000,0.390000,3.430000,3.430000,0.000000,approved_price_investment
FEE0001604,TRF0001629,111.620000,0.000000,111.620000,111.620000,0.000000,as_expected
FEE0001605,TRF0001630,1.830000,0.000000,1.830000,1.830000,0.000000,as_expected
FEE0001606,TRF0001631,70.540000,0.000000,70.540000,70.540000,0.000000,as_expected
FEE0001607,TRF0001632,3.570000,0.000000,3.570000,3.570000,0.000000,as_expected
FEE0001608,TRF0001633,1.690000,0.000000,1.690000,1.690000,0.000000,as_expected
FEE0001609,TRF0001634,2.840000,0.000000,2.840000,2.840000,0.000000,as_expected
FEE0001610,TRF0001635,3.450000,0.000000,3.450000,3.450000,0.000000,as_expected
FEE0001611,TRF0001636,6.170000,0.000000,6.170000,6.170000,0.000000,as_expected
FEE0001612,TRF0001637,22.430000,0.000000,22.430000,22.430000,0.000000,as_expected
FEE0001613,TRF0001638,1.510000,0.000000,1.510000,1.510000,0.000000,as_expected
FEE0001614,TRF0001639,1.040000,0.000000,1.040000,1.040000,0.000000,as_expected
FEE0001615,TRF0001640,81.670000,0.000000,81.670000,81.670000,0.000000,as_expected
FEE0001616,TRF0001641,68.220000,0.000000,68.220000,68.220000,0.000000,as_expected
FEE0001617,TRF0001642,3.260000,0.000000,3.260000,3.260000,0.000000,as_expected
FEE0001618,TRF0001643,7.560000,0.000000,7.560000,7.560000,0.000000,as_expected
FEE0001619,TRF0001644,54.380000,0.000000,54.380000,54.380000,0.000000,as_expected
FEE0001620,TRF0001645,27.930000,0.000000,27.930000,27.930000,0.000000,as_expected
FEE0001621,TRF0001646,4.500000,0.000000,4.500000,4.500000,0.000000,as_expected
FEE0001622,TRF0001647,2.280000,0.000000,2.280000,2.280000,0.000000,as_expected
FEE0001623,TRF0001648,253.990000,0.000000,253.990000,253.990000,0.000000,as_expected
FEE0001624,TRF0001649,2.060000,0.000000,2.060000,2.060000,0.000000,as_expected
FEE0001625,TRF0001650,36.750000,4.130000,32.620000,32.620000,0.000000,approved_price_investment
FEE0001626,TRF0001651,390.120000,0.000000,390.120000,390.120000,0.000000,as_expected
FEE0001627,TRF0001652,4.680000,0.000000,4.680000,4.680000,0.000000,as_expected
FEE0001628,TRF0001653,128.130000,0.000000,128.130000,128.130000,0.000000,as_expected
FEE0001629,TRF0001654,3.150000,0.000000,3.150000,3.150000,0.000000,as_expected
FEE0001630,TRF0001655,996.420000,0.000000,996.420000,996.420000,0.000000,as_expected
FEE0001631,TRF0001656,51.530000,0.000000,51.530000,51.530000,0.000000,as_expected
FEE0001632,TRF0001657,4.190000,0.000000,4.190000,4.190000,0.000000,as_expected
FEE0001633,TRF0001658,5.730000,0.000000,5.730000,5.730000,0.000000,as_expected
FEE0001634,TRF0001659,87.130000,0.000000,87.130000,87.130000,0.000000,as_expected
FEE0001635,TRF0001660,6.650000,0.000000,6.650000,6.650000,0.000000,as_expected
FEE0001636,TRF0001661,59.000000,0.000000,59.000000,59.000000,0.000000,as_expected
FEE0001637,TRF0001662,9.520000,0.000000,9.520000,9.520000,0.000000,as_expected
FEE0001638,TRF0001663,19.700000,0.000000,19.700000,19.700000,0.000000,as_expected
FEE0001639,TRF0001664,12.100000,0.000000,12.100000,12.100000,0.000000,as_expected
FEE0001640,TRF0001665,5.270000,0.000000,5.270000,5.270000,0.000000,as_expected
FEE0001641,TRF0001666,75.290000,0.000000,75.290000,75.290000,0.000000,as_expected
FEE0001642,TRF0001667,18.110000,0.000000,18.110000,18.110000,0.000000,as_expected
FEE0001643,TRF0001668,6.190000,0.000000,6.190000,6.190000,0.000000,as_expected
FEE0001644,TRF0001669,153.380000,0.000000,153.380000,153.380000,0.000000,as_expected
FEE0001645,TRF0001670,82.020000,0.000000,82.020000,82.020000,0.000000,as_expected
FEE0001646,TRF0001671,3.510000,0.000000,3.510000,3.510000,0.000000,as_expected
FEE0001647,TRF0001672,108.920000,0.000000,108.920000,68.210000,40.710000,unexpected_shortfall
FEE0001648,TRF0001673,6.690000,0.000000,6.690000,6.690000,0.000000,as_expected
FEE0001649,TRF0001674,3.520000,0.000000,3.520000,3.520000,0.000000,as_expected
FEE0001650,TRF0001675,7.410000,0.000000,7.410000,7.410000,0.000000,as_expected
FEE0001651,TRF0001676,3.220000,0.000000,3.220000,3.220000,0.000000,as_expected
FEE0001652,TRF0001677,253.990000,0.000000,253.990000,253.990000,0.000000,as_expected
FEE0001653,TRF0001678,39.070000,0.000000,39.070000,39.070000,0.000000,as_expected
FEE0001654,TRF0001679,138.050000,0.000000,138.050000,138.050000,0.000000,as_expected
FEE0001655,TRF0001680,16.740000,0.000000,16.740000,10.590000,6.150000,unexpected_shortfall
FEE0001656,TRF0001681,18.630000,0.000000,18.630000,18.630000,0.000000,as_expected
FEE0001657,TRF0001682,5.720000,0.000000,5.720000,5.720000,0.000000,as_expected
FEE0001658,TRF0001683,191.620000,0.000000,191.620000,191.620000,0.000000,as_expected
FEE0001659,TRF0001684,10.440000,0.000000,10.440000,10.440000,0.000000,as_expected
FEE0001660,TRF0001685,224.430000,0.000000,224.430000,224.430000,0.000000,as_expected
FEE0001661,TRF0001686,10.340000,0.000000,10.340000,10.340000,0.000000,as_expected
FEE0001662,TRF0001687,48.330000,0.000000,48.330000,48.330000,0.000000,as_expected
FEE0001663,TRF0001688,7.390000,0.550000,6.840000,6.840000,0.000000,approved_price_investment
FEE0001664,TRF0001689,0.870000,0.000000,0.870000,0.870000,0.000000,as_expected
FEE0001665,TRF0001690,1.740000,0.000000,1.740000,1.740000,0.000000,as_expected
FEE0001666,TRF0001691,4.310000,0.000000,4.310000,4.310000,0.000000,as_expected
FEE0001667,TRF0001692,13.500000,0.000000,13.500000,13.500000,0.000000,as_expected
FEE0001668,TRF0001693,355.920000,0.000000,355.920000,355.920000,0.000000,as_expected
FEE0001669,TRF0001694,21.660000,0.000000,21.660000,21.660000,0.000000,as_expected
FEE0001670,TRF0001695,3.500000,0.000000,3.500000,3.500000,0.000000,as_expected
FEE0001671,TRF0001696,1.240000,0.000000,1.240000,1.240000,0.000000,as_expected
FEE0001672,TRF0001697,42.310000,0.000000,42.310000,42.310000,0.000000,as_expected
FEE0001673,TRF0001698,3.250000,0.000000,3.250000,3.250000,0.000000,as_expected
FEE0001674,TRF0001699,15.790000,0.000000,15.790000,15.790000,0.000000,as_expected
FEE0001675,TRF0001700,2.730000,0.170000,2.560000,2.560000,0.000000,approved_price_investment
FEE0001676,TRF0001701,22.140000,0.000000,22.140000,22.140000,0.000000,as_expected
FEE0001677,TRF0001702,20.650000,0.000000,20.650000,20.650000,0.000000,as_expected
FEE0001678,TRF0001703,6.170000,0.000000,6.170000,6.170000,0.000000,as_expected
FEE0001679,TRF0001704,5.700000,0.000000,5.700000,5.700000,0.000000,as_expected
FEE0001680,TRF0001705,19.520000,0.000000,19.520000,19.520000,0.000000,as_expected
FEE0001681,TRF0001706,3.080000,0.000000,3.080000,3.080000,0.000000,as_expected
FEE0001682,TRF0001707,11.210000,0.000000,11.210000,11.210000,0.000000,as_expected
FEE0001683,TRF0001708,15.550000,0.000000,15.550000,15.550000,0.000000,as_expected
FEE0001684,TRF0001709,22.980000,0.000000,22.980000,22.980000,0.000000,as_expected
FEE0001685,TRF0001710,3.700000,0.000000,3.700000,3.700000,0.000000,as_expected
FEE0001686,TRF0001711,9.180000,0.700000,8.480000,8.480000,0.000000,approved_price_investment
FEE0001687,TRF0001712,34.370000,0.000000,34.370000,34.370000,0.000000,as_expected
FEE0001688,TRF0001713,60.170000,0.000000,60.170000,60.170000,0.000000,as_expected
FEE0001689,TRF0001714,5.120000,0.000000,5.120000,5.120000,0.000000,as_expected
FEE0001690,TRF0001715,2.510000,0.150000,2.360000,2.360000,0.000000,approved_price_investment
FEE0001691,TRF0001716,63.220000,0.000000,63.220000,63.220000,0.000000,as_expected
FEE0001692,TRF0001717,1.740000,0.000000,1.740000,1.740000,0.000000,as_expected
FEE0001693,TRF0001718,15.540000,0.000000,15.540000,15.540000,0.000000,as_expected
FEE0001694,TRF0001719,1.750000,0.000000,1.750000,1.750000,0.000000,as_expected
FEE0001695,TRF0001720,3.050000,0.000000,3.050000,3.050000,0.000000,as_expected
FEE0001696,TRF0001721,62.680000,0.000000,62.680000,62.680000,0.000000,as_expected
FEE0001697,TRF0001722,1.570000,0.000000,1.570000,1.570000,0.000000,as_expected
FEE0001698,TRF0001723,1.480000,0.000000,1.480000,1.480000,0.000000,as_expected
FEE0001699,TRF0001724,8.480000,0.000000,8.480000,8.480000,0.000000,as_expected
FEE0001700,TRF0001725,25.290000,0.000000,25.290000,25.290000,0.000000,as_expected
FEE0001701,TRF0001726,43.120000,0.000000,43.120000,43.120000,0.000000,as_expected
FEE0001702,TRF0001727,1.650000,0.000000,1.650000,1.650000,0.000000,as_expected
FEE0001703,TRF0001728,2.530000,0.000000,2.530000,2.530000,0.000000,as_expected
FEE0001704,TRF0001729,1.080000,0.000000,1.080000,1.080000,0.000000,as_expected
FEE0001705,TRF0001730,1.510000,0.000000,1.510000,1.510000,0.000000,as_expected
FEE0001706,TRF0001731,11.510000,0.000000,11.510000,11.510000,0.000000,as_expected
FEE0001707,TRF0001732,18.110000,0.000000,18.110000,18.110000,0.000000,as_expected
FEE0001708,TRF0001733,1.350000,0.000000,1.350000,1.350000,0.000000,as_expected
FEE0001709,TRF0001734,1.400000,0.000000,1.400000,1.400000,0.000000,as_expected
FEE0001710,TRF0001735,16.090000,0.000000,16.090000,16.090000,0.000000,as_expected
FEE0001711,TRF0001736,80.420000,0.000000,80.420000,80.420000,0.000000,as_expected
FEE0001712,TRF0001737,51.630000,0.000000,51.630000,32.400000,19.230000,unexpected_shortfall
FEE0001713,TRF0001738,2.160000,0.000000,2.160000,2.160000,0.000000,as_expected
FEE0001714,TRF0001739,4.180000,0.000000,4.180000,4.180000,0.000000,as_expected
FEE0001715,TRF0001740,4.620000,0.430000,4.190000,4.190000,0.000000,approved_price_investment
FEE0001716,TRF0001741,8.080000,0.000000,8.080000,8.080000,0.000000,as_expected
FEE0001717,TRF0001742,19.840000,0.000000,19.840000,19.840000,0.000000,as_expected
FEE0001718,TRF0001743,92.500000,0.000000,92.500000,92.500000,0.000000,as_expected
FEE0001719,TRF0001744,5.630000,0.000000,5.630000,5.630000,0.000000,as_expected
FEE0001720,TRF0001745,3.230000,0.000000,3.230000,3.230000,0.000000,as_expected
FEE0001721,TRF0001746,1.910000,0.000000,1.910000,1.910000,0.000000,as_expected
FEE0001722,TRF0001747,2.650000,0.000000,2.650000,2.650000,0.000000,as_expected
FEE0001723,TRF0001748,5.480000,0.000000,5.480000,5.480000,0.000000,as_expected
FEE0001724,TRF0001750,21.070000,0.000000,21.070000,21.070000,0.000000,as_expected
FEE0001725,TRF0001751,3.210000,0.000000,3.210000,3.210000,0.000000,as_expected
FEE0001726,TRF0001752,72.340000,0.000000,72.340000,72.340000,0.000000,as_expected
FEE0001727,TRF0001753,2.280000,0.000000,2.280000,2.280000,0.000000,as_expected
FEE0001728,TRF0001754,5.020000,0.000000,5.020000,5.020000,0.000000,as_expected
FEE0001729,TRF0001755,2.400000,0.000000,2.400000,2.400000,0.000000,as_expected
FEE0001730,TRF0001756,2.810000,0.000000,2.810000,2.810000,0.000000,as_expected
FEE0001731,TRF0001757,32.700000,0.000000,32.700000,32.700000,0.000000,as_expected
FEE0001732,TRF0001758,3.480000,0.000000,3.480000,3.480000,0.000000,as_expected
FEE0001733,TRF0001759,1.910000,0.000000,1.910000,1.910000,0.000000,as_expected
FEE0001734,TRF0001760,2.050000,0.000000,2.050000,2.050000,0.000000,as_expected
FEE0001735,TRF0001761,4.710000,0.000000,4.710000,4.710000,0.000000,as_expected
FEE0001736,TRF0001762,2.990000,0.260000,2.730000,2.730000,0.000000,approved_price_investment
FEE0001737,TRF0001763,8.880000,0.000000,8.880000,8.880000,0.000000,as_expected
FEE0001738,TRF0001764,5.360000,0.000000,5.360000,5.360000,0.000000,as_expected
FEE0001739,TRF0001765,9.580000,0.000000,9.580000,9.580000,0.000000,as_expected
FEE0001740,TRF0001766,4.320000,0.000000,4.320000,4.320000,0.000000,as_expected
FEE0001741,TRF0001767,1.980000,0.000000,1.980000,1.980000,0.000000,as_expected
FEE0001742,TRF0001768,10.900000,0.000000,10.900000,10.900000,0.000000,as_expected
FEE0001743,TRF0001769,6.760000,0.000000,6.760000,6.760000,0.000000,as_expected
FEE0001744,TRF0001770,1.180000,0.000000,1.180000,1.180000,0.000000,as_expected
FEE0001745,TRF0001771,1.690000,0.000000,1.690000,1.690000,0.000000,as_expected
FEE0001746,TRF0001772,2.570000,0.000000,2.570000,2.570000,0.000000,as_expected
FEE0001747,TRF0001773,2.760000,0.000000,2.760000,2.760000,0.000000,as_expected
FEE0001748,TRF0001774,5.170000,0.000000,5.170000,5.170000,0.000000,as_expected
FEE0001749,TRF0001775,105.790000,0.000000,105.790000,105.790000,0.000000,as_expected
FEE0001750,TRF0001776,8.300000,0.000000,8.300000,8.300000,0.000000,as_expected
FEE0001751,TRF0001777,239.910000,0.000000,239.910000,239.910000,0.000000,as_expected
FEE0001752,TRF0001778,186.840000,0.000000,186.840000,186.840000,0.000000,as_expected
FEE0001753,TRF0001779,87.850000,0.000000,87.850000,87.850000,0.000000,as_expected
FEE0001754,TRF0001780,28.540000,0.000000,28.540000,28.540000,0.000000,as_expected
FEE0001755,TRF0001781,2.740000,0.000000,2.740000,2.740000,0.000000,as_expected
FEE0001756,TRF0001782,27.420000,0.000000,27.420000,27.420000,0.000000,as_expected
FEE0001757,TRF0001783,127.630000,0.000000,127.630000,79.900000,47.730000,unexpected_shortfall
FEE0001758,TRF0001784,9.340000,0.000000,9.340000,9.340000,0.000000,as_expected
FEE0001759,TRF0001785,6.460000,0.000000,6.460000,6.460000,0.000000,as_expected
FEE0001760,TRF0001786,3.270000,0.000000,3.270000,3.270000,0.000000,as_expected
FEE0001761,TRF0001787,60.340000,0.000000,60.340000,60.340000,0.000000,as_expected
FEE0001762,TRF0001788,5.360000,0.000000,5.360000,5.360000,0.000000,as_expected
FEE0001763,TRF0001789,2.490000,0.000000,2.490000,2.490000,0.000000,as_expected
FEE0001764,TRF0001790,2.910000,0.000000,2.910000,2.910000,0.000000,as_expected
FEE0001765,TRF0001791,2.190000,0.000000,2.190000,2.190000,0.000000,as_expected
FEE0001766,TRF0001792,131.860000,0.000000,131.860000,131.860000,0.000000,as_expected
FEE0001767,TRF0001793,5.800000,0.000000,5.800000,5.800000,0.000000,as_expected
FEE0001768,TRF0001794,190.760000,0.000000,190.760000,190.760000,0.000000,as_expected
FEE0001769,TRF0001795,1.190000,0.000000,1.190000,1.190000,0.000000,as_expected
FEE0001770,TRF0001796,38.670000,4.790000,33.880000,33.880000,0.000000,approved_price_investment
FEE0001771,TRF0001797,49.790000,0.000000,49.790000,49.790000,0.000000,as_expected
FEE0001772,TRF0001798,1.060000,0.000000,1.060000,1.060000,0.000000,as_expected
FEE0001773,TRF0001799,1.420000,0.000000,1.420000,1.420000,0.000000,as_expected
FEE0001774,TRF0001800,8.230000,0.000000,8.230000,8.230000,0.000000,as_expected
FEE0001775,TRF0001801,25.740000,0.000000,25.740000,25.740000,0.000000,as_expected
FEE0001776,TRF0001802,5.890000,0.000000,5.890000,5.890000,0.000000,as_expected
FEE0001777,TRF0001803,3.990000,0.000000,3.990000,3.990000,0.000000,as_expected
FEE0001778,TRF0001804,2.760000,0.000000,2.760000,2.760000,0.000000,as_expected
FEE0001779,TRF0001805,34.840000,0.000000,34.840000,34.840000,0.000000,as_expected
FEE0001780,TRF0001806,20.760000,0.000000,20.760000,20.760000,0.000000,as_expected
FEE0001781,TRF0001807,1.160000,0.000000,1.160000,1.160000,0.000000,as_expected
FEE0001782,TRF0001808,1.200000,0.000000,1.200000,1.200000,0.000000,as_expected
FEE0001783,TRF0001809,47.290000,0.000000,47.290000,47.290000,0.000000,as_expected
FEE0001784,TRF0001810,3.280000,0.000000,3.280000,3.280000,0.000000,as_expected
FEE0001785,TRF0001811,8.830000,0.000000,8.830000,8.830000,0.000000,as_expected
FEE0001786,TRF0001812,1.410000,0.000000,1.410000,1.410000,0.000000,as_expected
FEE0001787,TRF0001813,33.920000,0.000000,33.920000,33.920000,0.000000,as_expected
FEE0001788,TRF0001814,1.950000,0.000000,1.950000,1.950000,0.000000,as_expected
FEE0001789,TRF0001815,16.250000,0.000000,16.250000,16.250000,0.000000,as_expected
FEE0001790,TRF0001816,1.420000,0.000000,1.420000,1.420000,0.000000,as_expected
FEE0001791,TRF0001817,23.210000,0.000000,23.210000,23.210000,0.000000,as_expected
FEE0001792,TRF0001818,1.910000,0.000000,1.910000,1.910000,0.000000,as_expected
FEE0001793,TRF0001819,121.040000,0.000000,121.040000,121.040000,0.000000,as_expected
FEE0001794,TRF0001820,1.080000,0.000000,1.080000,1.080000,0.000000,as_expected
FEE0001795,TRF0001821,1.000000,0.000000,1.000000,1.000000,0.000000,as_expected
FEE0001796,TRF0001822,2.170000,0.000000,2.170000,2.170000,0.000000,as_expected
FEE0001797,TRF0001823,7.460000,0.000000,7.460000,7.460000,0.000000,as_expected
FEE0001798,TRF0001824,4.990000,0.000000,4.990000,4.990000,0.000000,as_expected
FEE0001799,TRF0001825,23.940000,0.000000,23.940000,23.940000,0.000000,as_expected
FEE0001800,TRF0001826,20.720000,2.260000,18.460000,18.460000,0.000000,approved_price_investment
FEE0001801,TRF0001827,4.370000,0.000000,4.370000,4.370000,0.000000,as_expected
FEE0001802,TRF0001828,27.300000,2.990000,24.310000,24.310000,0.000000,approved_price_investment
FEE0001803,TRF0001829,12.100000,0.000000,12.100000,12.100000,0.000000,as_expected
FEE0001804,TRF0001830,2.440000,0.000000,2.440000,2.440000,0.000000,as_expected
FEE0001805,TRF0001831,1.980000,0.000000,1.980000,1.980000,0.000000,as_expected
FEE0001806,TRF0001832,50.980000,0.000000,50.980000,50.980000,0.000000,as_expected
FEE0001807,TRF0001833,9.760000,0.000000,9.760000,9.760000,0.000000,as_expected
FEE0001808,TRF0001834,8.710000,0.000000,8.710000,8.710000,0.000000,as_expected
FEE0001809,TRF0001835,64.300000,0.000000,64.300000,64.300000,0.000000,as_expected
FEE0001810,TRF0001836,2.150000,0.000000,2.150000,2.150000,0.000000,as_expected
FEE0001811,TRF0001838,4.200000,0.000000,4.200000,4.200000,0.000000,as_expected
FEE0001812,TRF0001839,5.320000,0.000000,5.320000,5.320000,0.000000,as_expected
FEE0001813,TRF0001840,1.220000,0.000000,1.220000,1.220000,0.000000,as_expected
FEE0001814,TRF0001841,71.560000,0.000000,71.560000,71.560000,0.000000,as_expected
FEE0001815,TRF0001842,20.630000,0.000000,20.630000,13.030000,7.600000,unexpected_shortfall
FEE0001816,TRF0001843,9.120000,0.000000,9.120000,9.120000,0.000000,as_expected
FEE0001817,TRF0001844,2.150000,0.000000,2.150000,2.150000,0.000000,as_expected
FEE0001818,TRF0001845,14.290000,0.000000,14.290000,14.290000,0.000000,as_expected
FEE0001819,TRF0001846,8.220000,0.000000,8.220000,8.220000,0.000000,as_expected
FEE0001820,TRF0001847,23.000000,0.000000,23.000000,23.000000,0.000000,as_expected
FEE0001821,TRF0001848,3.420000,0.000000,3.420000,3.420000,0.000000,as_expected
FEE0001822,TRF0001849,19.490000,0.000000,19.490000,19.490000,0.000000,as_expected
FEE0001823,TRF0001850,5.570000,0.000000,5.570000,5.570000,0.000000,as_expected
FEE0001824,TRF0001851,1.460000,0.000000,1.460000,1.460000,0.000000,as_expected
FEE0001825,TRF0001852,2.880000,0.000000,2.880000,2.880000,0.000000,as_expected
FEE0001826,TRF0001853,147.810000,0.000000,147.810000,147.810000,0.000000,as_expected
FEE0001827,TRF0001854,36.110000,0.000000,36.110000,36.110000,0.000000,as_expected
FEE0001828,TRF0001855,7.550000,0.000000,7.550000,7.550000,0.000000,as_expected
FEE0001829,TRF0001856,2.750000,0.000000,2.750000,2.750000,0.000000,as_expected
FEE0001830,TRF0001857,1.660000,0.000000,1.660000,1.660000,0.000000,as_expected
FEE0001831,TRF0001858,19.370000,0.000000,19.370000,19.370000,0.000000,as_expected
FEE0001832,TRF0001859,10.670000,0.000000,10.670000,10.670000,0.000000,as_expected
FEE0001833,TRF0001860,188.020000,0.000000,188.020000,188.020000,0.000000,as_expected
FEE0001834,TRF0001861,5.050000,0.000000,5.050000,5.050000,0.000000,as_expected
FEE0001835,TRF0001862,15.500000,0.000000,15.500000,15.500000,0.000000,as_expected
FEE0001836,TRF0001863,27.930000,0.000000,27.930000,27.930000,0.000000,as_expected
FEE0001837,TRF0001864,2.980000,0.190000,2.790000,2.790000,0.000000,approved_price_investment
FEE0001838,TRF0001865,18.800000,0.000000,18.800000,18.800000,0.000000,as_expected
FEE0001839,TRF0001866,3.730000,0.000000,3.730000,3.730000,0.000000,as_expected
FEE0001840,TRF0001867,91.900000,0.000000,91.900000,91.900000,0.000000,as_expected
FEE0001841,TRF0001868,13.600000,0.000000,13.600000,13.600000,0.000000,as_expected
FEE0001842,TRF0001869,4.610000,0.000000,4.610000,4.610000,0.000000,as_expected
FEE0001843,TRF0001870,9.910000,0.000000,9.910000,9.910000,0.000000,as_expected
FEE0001844,TRF0001871,299.350000,0.000000,299.350000,187.220000,112.130000,unexpected_shortfall
FEE0001845,TRF0001872,32.690000,0.000000,32.690000,20.560000,12.130000,unexpected_shortfall
FEE0001846,TRF0001873,2.670000,0.000000,2.670000,2.670000,0.000000,as_expected
FEE0001847,TRF0001874,5.640000,0.000000,5.640000,3.660000,1.980000,unexpected_shortfall
FEE0001848,TRF0001875,1.820000,0.000000,1.820000,1.820000,0.000000,as_expected
FEE0001849,TRF0001876,36.020000,0.000000,36.020000,36.020000,0.000000,as_expected
FEE0001850,TRF0001877,1.890000,0.000000,1.890000,1.890000,0.000000,as_expected
FEE0001851,TRF0001878,1.290000,0.000000,1.290000,1.290000,0.000000,as_expected
FEE0001852,TRF0001879,10.350000,0.000000,10.350000,10.350000,0.000000,as_expected
FEE0001853,TRF0001880,5.520000,0.000000,5.520000,5.520000,0.000000,as_expected
FEE0001854,TRF0001881,115.780000,0.000000,115.780000,115.780000,0.000000,as_expected
FEE0001855,TRF0001882,8.760000,0.000000,8.760000,8.760000,0.000000,as_expected
FEE0001856,TRF0001883,1.380000,0.000000,1.380000,1.380000,0.000000,as_expected
FEE0001857,TRF0001884,4.750000,0.000000,4.750000,4.750000,0.000000,as_expected
FEE0001858,TRF0001885,1.140000,0.000000,1.140000,1.140000,0.000000,as_expected
FEE0001859,TRF0001886,7.850000,0.000000,7.850000,7.850000,0.000000,as_expected
FEE0001860,TRF0001887,1.630000,0.000000,1.630000,1.630000,0.000000,as_expected
FEE0001861,TRF0001888,9.320000,0.000000,9.320000,9.320000,0.000000,as_expected
FEE0001862,TRF0001889,25.600000,0.000000,25.600000,25.600000,0.000000,as_expected
FEE0001863,TRF0001890,6.720000,0.000000,6.720000,6.720000,0.000000,as_expected
FEE0001864,TRF0001891,32.620000,0.000000,32.620000,32.620000,0.000000,as_expected
FEE0001865,TRF0001892,1.210000,0.000000,1.210000,1.210000,0.000000,as_expected
FEE0001866,TRF0001893,48.750000,5.370000,43.380000,43.380000,0.000000,approved_price_investment
FEE0001867,TRF0001894,2.840000,0.250000,2.590000,2.590000,0.000000,approved_price_investment
FEE0001868,TRF0001895,1.170000,0.000000,1.170000,1.170000,0.000000,as_expected
FEE0001869,TRF0001896,4.280000,0.000000,4.280000,4.280000,0.000000,as_expected
FEE0001870,TRF0001897,104.450000,0.000000,104.450000,104.450000,0.000000,as_expected
FEE0001871,TRF0001898,4.130000,0.000000,4.130000,4.130000,0.000000,as_expected
FEE0001872,TRF0001899,3.090000,0.000000,3.090000,3.090000,0.000000,as_expected
FEE0001873,TRF0001900,6.500000,0.000000,6.500000,6.500000,0.000000,as_expected
FEE0001874,TRF0001901,0.800000,0.000000,0.800000,0.800000,0.000000,as_expected
FEE0001875,TRF0001902,4.040000,0.000000,4.040000,4.040000,0.000000,as_expected
FEE0001876,TRF0001903,1.380000,0.000000,1.380000,1.380000,0.000000,as_expected
FEE0001877,TRF0001904,21.930000,0.000000,21.930000,21.930000,0.000000,as_expected
FEE0001878,TRF0001906,14.560000,0.000000,14.560000,14.560000,0.000000,as_expected
FEE0001879,TRF0001907,6.740000,0.000000,6.740000,6.740000,0.000000,as_expected
FEE0001880,TRF0001908,7.330000,0.000000,7.330000,7.330000,0.000000,as_expected
FEE0001881,TRF0001909,2.220000,0.000000,2.220000,2.220000,0.000000,as_expected
FEE0001882,TRF0001910,41.340000,4.650000,36.690000,36.690000,0.000000,approved_price_investment
FEE0001883,TRF0001911,2.510000,0.000000,2.510000,2.510000,0.000000,as_expected
FEE0001884,TRF0001912,1.860000,0.000000,1.860000,1.860000,0.000000,as_expected
FEE0001885,TRF0001913,21.600000,0.000000,21.600000,21.600000,0.000000,as_expected
FEE0001886,TRF0001914,12.540000,0.000000,12.540000,12.540000,0.000000,as_expected
FEE0001887,TRF0001915,5.520000,0.000000,5.520000,5.520000,0.000000,as_expected
FEE0001888,TRF0001916,3.910000,0.000000,3.910000,3.910000,0.000000,as_expected
FEE0001889,TRF0001917,17.710000,0.000000,17.710000,17.710000,0.000000,as_expected
FEE0001890,TRF0001918,3.850000,0.380000,3.470000,3.470000,0.000000,approved_price_investment
FEE0001891,TRF0001919,21.930000,0.000000,21.930000,21.930000,0.000000,as_expected
FEE0001892,TRF0001920,1.870000,0.000000,1.870000,1.870000,0.000000,as_expected
FEE0001893,TRF0001921,2.630000,0.230000,2.400000,2.400000,0.000000,approved_price_investment
FEE0001894,TRF0001922,3.750000,0.000000,3.750000,3.750000,0.000000,as_expected
FEE0001895,TRF0001923,5.140000,0.000000,5.140000,5.140000,0.000000,as_expected
FEE0001896,TRF0001924,5.310000,0.000000,5.310000,5.310000,0.000000,as_expected
FEE0001897,TRF0001925,4.390000,0.000000,4.390000,4.390000,0.000000,as_expected
FEE0001898,TRF0001927,2.060000,0.000000,2.060000,2.060000,0.000000,as_expected
FEE0001899,TRF0001928,1.730000,0.000000,1.730000,1.730000,0.000000,as_expected
FEE0001900,TRF0001929,1.290000,0.000000,1.290000,1.290000,0.000000,as_expected
FEE0001901,TRF0001930,7.080000,0.000000,7.080000,7.080000,0.000000,as_expected
FEE0001902,TRF0001932,2.970000,0.000000,2.970000,2.970000,0.000000,as_expected
FEE0001903,TRF0001933,42.940000,0.000000,42.940000,42.940000,0.000000,as_expected
FEE0001904,TRF0001934,71.320000,0.000000,71.320000,71.320000,0.000000,as_expected
FEE0001905,TRF0001935,211.530000,0.000000,211.530000,132.340000,79.190000,unexpected_shortfall
FEE0001906,TRF0001936,23.370000,0.000000,23.370000,23.370000,0.000000,as_expected
FEE0001907,TRF0001937,3.910000,0.000000,3.910000,3.910000,0.000000,as_expected
FEE0001908,TRF0001938,4.490000,0.000000,4.490000,4.490000,0.000000,as_expected
FEE0001909,TRF0001939,1.030000,0.000000,1.030000,1.030000,0.000000,as_expected
FEE0001910,TRF0001940,19.110000,0.000000,19.110000,19.110000,0.000000,as_expected
FEE0001911,TRF0001941,2.450000,0.000000,2.450000,2.450000,0.000000,as_expected
FEE0001912,TRF0001942,13.790000,1.490000,12.300000,12.300000,0.000000,approved_price_investment
FEE0001913,TRF0001943,5.900000,0.000000,5.900000,5.900000,0.000000,as_expected
FEE0001914,TRF0001944,2.700000,0.000000,2.700000,2.700000,0.000000,as_expected
FEE0001915,TRF0001946,1.930000,0.000000,1.930000,1.930000,0.000000,as_expected
FEE0001916,TRF0001947,88.780000,0.000000,88.780000,88.780000,0.000000,as_expected
FEE0001917,TRF0001948,11.020000,0.000000,11.020000,11.020000,0.000000,as_expected
FEE0001918,TRF0001949,51.370000,0.000000,51.370000,51.370000,0.000000,as_expected
FEE0001919,TRF0001950,2.960000,0.000000,2.960000,2.960000,0.000000,as_expected
FEE0001920,TRF0001951,4.020000,0.000000,4.020000,4.020000,0.000000,as_expected
FEE0001921,TRF0001952,78.020000,0.000000,78.020000,78.020000,0.000000,as_expected
FEE0001922,TRF0001953,2.230000,0.000000,2.230000,2.230000,0.000000,as_expected
FEE0001923,TRF0001954,4.130000,0.000000,4.130000,4.130000,0.000000,as_expected
FEE0001924,TRF0001955,18.160000,0.000000,18.160000,18.160000,0.000000,as_expected
FEE0001925,TRF0001956,17.830000,0.000000,17.830000,17.830000,0.000000,as_expected
FEE0001926,TRF0001957,5.500000,0.000000,5.500000,5.500000,0.000000,as_expected
FEE0001927,TRF0001958,12.250000,0.000000,12.250000,12.250000,0.000000,as_expected
FEE0001928,TRF0001959,2.070000,0.000000,2.070000,2.070000,0.000000,as_expected
FEE0001929,TRF0001960,3.350000,0.000000,3.350000,3.350000,0.000000,as_expected
FEE0001930,TRF0001961,3.060000,0.000000,3.060000,3.060000,0.000000,as_expected
FEE0001931,TRF0001962,1.340000,0.000000,1.340000,1.340000,0.000000,as_expected
FEE0001932,TRF0001963,4.350000,0.000000,4.350000,4.350000,0.000000,as_expected
FEE0001933,TRF0001964,2.200000,0.000000,2.200000,2.200000,0.000000,as_expected
FEE0001934,TRF0001965,5.590000,0.000000,5.590000,5.590000,0.000000,as_expected
FEE0001935,TRF0001966,27.120000,0.000000,27.120000,27.120000,0.000000,as_expected
FEE0001936,TRF0001967,4.390000,0.000000,4.390000,4.390000,0.000000,as_expected
FEE0001937,TRF0001968,3.110000,0.000000,3.110000,3.110000,0.000000,as_expected
FEE0001938,TRF0001969,2.950000,0.000000,2.950000,2.950000,0.000000,as_expected
FEE0001939,TRF0001970,7.470000,0.000000,7.470000,7.470000,0.000000,as_expected
FEE0001940,TRF0001971,1.930000,0.000000,1.930000,1.930000,0.000000,as_expected
FEE0001941,TRF0001972,47.160000,0.000000,47.160000,47.160000,0.000000,as_expected
FEE0001942,TRF0001973,74.220000,0.000000,74.220000,74.220000,0.000000,as_expected
FEE0001943,TRF0001974,3.900000,0.000000,3.900000,3.900000,0.000000,as_expected
FEE0001944,TRF0001975,17.230000,0.000000,17.230000,17.230000,0.000000,as_expected
FEE0001945,TRF0001976,22.520000,0.000000,22.520000,22.520000,0.000000,as_expected
FEE0001946,TRF0001977,20.890000,0.000000,20.890000,20.890000,0.000000,as_expected
FEE0001947,TRF0001978,5.850000,0.000000,5.850000,5.850000,0.000000,as_expected
FEE0001948,TRF0001979,613.590000,0.000000,613.590000,613.590000,0.000000,as_expected
FEE0001949,TRF0001980,10.120000,1.010000,9.110000,9.110000,0.000000,approved_price_investment
FEE0001950,TRF0001981,1.220000,0.000000,1.220000,1.220000,0.000000,as_expected
FEE0001951,TRF0001982,1.990000,0.000000,1.990000,1.990000,0.000000,as_expected
FEE0001952,TRF0001983,2.300000,0.000000,2.300000,2.300000,0.000000,as_expected
FEE0001953,TRF0001984,13.850000,1.530000,12.320000,12.320000,0.000000,approved_price_investment
FEE0001954,TRF0001985,0.850000,0.000000,0.850000,0.850000,0.000000,as_expected
FEE0001955,TRF0001986,44.680000,3.800000,40.880000,40.880000,0.000000,approved_price_investment
FEE0001956,TRF0001987,3.930000,0.000000,3.930000,3.930000,0.000000,as_expected
FEE0001957,TRF0001988,41.270000,0.000000,41.270000,41.270000,0.000000,as_expected
FEE0001958,TRF0001989,2.510000,0.000000,2.510000,2.510000,0.000000,as_expected
FEE0001959,TRF0001990,9.780000,0.000000,9.780000,9.780000,0.000000,as_expected
FEE0001960,TRF0001991,5.080000,0.000000,5.080000,5.080000,0.000000,as_expected
FEE0001961,TRF0001992,12.250000,0.000000,12.250000,12.250000,0.000000,as_expected
FEE0001962,TRF0001993,1.970000,0.000000,1.970000,1.970000,0.000000,as_expected
FEE0001963,TRF0001994,29.620000,0.000000,29.620000,29.620000,0.000000,as_expected
FEE0001964,TRF0001995,1.720000,0.000000,1.720000,1.720000,0.000000,as_expected
FEE0001965,TRF0001996,15.090000,0.000000,15.090000,15.090000,0.000000,as_expected
FEE0001966,TRF0001997,1.760000,0.000000,1.760000,1.760000,0.000000,as_expected
FEE0001967,TRF0001998,21.550000,0.000000,21.550000,21.550000,0.000000,as_expected
FEE0001968,TRF0001999,30.000000,0.000000,30.000000,30.000000,0.000000,as_expected
FEE0001969,TRF0002000,2.190000,0.000000,2.190000,2.190000,0.000000,as_expected
FEE0001970,TRF0002001,21.640000,0.000000,21.640000,21.640000,0.000000,as_expected
FEE0001971,TRF0002002,1.260000,0.000000,1.260000,1.260000,0.000000,as_expected
FEE0001972,TRF0002003,5.590000,0.000000,5.590000,5.590000,0.000000,as_expected
FEE0001973,TRF0002005,2.620000,0.000000,2.620000,2.620000,0.000000,as_expected
FEE0001974,TRF0002006,15.750000,0.000000,15.750000,15.750000,0.000000,as_expected
FEE0001975,TRF0002007,6.230000,0.000000,6.230000,6.230000,0.000000,as_expected
FEE0001976,TRF0002008,6.360000,0.000000,6.360000,6.360000,0.000000,as_expected
FEE0001977,TRF0002009,7.330000,0.000000,7.330000,7.330000,0.000000,as_expected
FEE0001978,TRF0002010,19.020000,0.000000,19.020000,19.020000,0.000000,as_expected
FEE0001979,TRF0002011,5.060000,0.000000,5.060000,5.060000,0.000000,as_expected
FEE0001980,TRF0002012,4.000000,0.000000,4.000000,4.000000,0.000000,as_expected
FEE0001981,TRF0002013,7.660000,0.000000,7.660000,7.660000,0.000000,as_expected
FEE0001982,TRF0002015,5.970000,0.000000,5.970000,5.970000,0.000000,as_expected
FEE0001983,TRF0002016,1.460000,0.000000,1.460000,1.460000,0.000000,as_expected
FEE0001984,TRF0002017,77.040000,0.000000,77.040000,77.040000,0.000000,as_expected
FEE0001985,TRF0002018,2.270000,0.000000,2.270000,2.270000,0.000000,as_expected
FEE0001986,TRF0002019,4.110000,0.000000,4.110000,4.110000,0.000000,as_expected
FEE0001987,TRF0002020,20.340000,0.000000,20.340000,20.340000,0.000000,as_expected
FEE0001988,TRF0002021,2.510000,0.000000,2.510000,2.510000,0.000000,as_expected
FEE0001989,TRF0002022,2.320000,0.000000,2.320000,2.320000,0.000000,as_expected
FEE0001990,TRF0002023,59.720000,0.000000,59.720000,59.720000,0.000000,as_expected
FEE0001991,TRF0002024,10.490000,0.000000,10.490000,10.490000,0.000000,as_expected
FEE0001992,TRF0002025,8.570000,0.000000,8.570000,8.570000,0.000000,as_expected
FEE0001993,TRF0002026,4.630000,0.000000,4.630000,4.630000,0.000000,as_expected
FEE0001994,TRF0002027,37.410000,0.000000,37.410000,37.410000,0.000000,as_expected
FEE0001995,TRF0002028,2.340000,0.200000,2.140000,2.140000,0.000000,approved_price_investment
FEE0001996,TRF0002029,1.990000,0.000000,1.990000,1.990000,0.000000,as_expected
FEE0001997,TRF0002030,13.420000,0.000000,13.420000,13.420000,0.000000,as_expected
FEE0001998,TRF0002031,57.460000,0.000000,57.460000,57.460000,0.000000,as_expected
FEE0001999,TRF0002032,4.740000,0.000000,4.740000,4.740000,0.000000,as_expected
FEE0002000,TRF0002033,27.660000,0.000000,27.660000,27.660000,0.000000,as_expected
FEE0002001,TRF0002034,1.370000,0.000000,1.370000,1.370000,0.000000,as_expected
FEE0002002,TRF0002035,39.640000,0.000000,39.640000,39.640000,0.000000,as_expected
FEE0002003,TRF0002036,3.480000,0.000000,3.480000,3.480000,0.000000,as_expected
FEE0002004,TRF0002037,33.490000,0.000000,33.490000,33.490000,0.000000,as_expected
FEE0002005,TRF0002038,0.660000,0.000000,0.660000,0.660000,0.000000,as_expected
FEE0002006,TRF0002039,6.990000,0.000000,6.990000,6.990000,0.000000,as_expected
FEE0002007,TRF0002040,2.720000,0.000000,2.720000,2.720000,0.000000,as_expected
FEE0002008,TRF0002041,5.140000,0.000000,5.140000,5.140000,0.000000,as_expected
FEE0002009,TRF0002042,3.640000,0.000000,3.640000,3.640000,0.000000,as_expected
FEE0002010,TRF0002043,1.580000,0.000000,1.580000,1.580000,0.000000,as_expected
FEE0002011,TRF0002044,8.840000,0.000000,8.840000,8.840000,0.000000,as_expected
FEE0002012,TRF0002045,2.750000,0.000000,2.750000,2.750000,0.000000,as_expected
FEE0002013,TRF0002046,2.110000,0.000000,2.110000,2.110000,0.000000,as_expected
FEE0002014,TRF0002047,2.100000,0.000000,2.100000,2.100000,0.000000,as_expected
FEE0002015,TRF0002048,3.090000,0.000000,3.090000,3.090000,0.000000,as_expected
FEE0002016,TRF0002049,1.210000,0.000000,1.210000,1.210000,0.000000,as_expected
FEE0002017,TRF0002050,4.920000,0.000000,4.920000,4.920000,0.000000,as_expected
FEE0002018,TRF0002051,47.630000,0.000000,47.630000,47.630000,0.000000,as_expected
FEE0002019,TRF0002052,5.300000,0.000000,5.300000,5.300000,0.000000,as_expected
FEE0002020,TRF0002053,2.340000,0.000000,2.340000,2.340000,0.000000,as_expected
FEE0002021,TRF0002054,2.710000,0.000000,2.710000,2.710000,0.000000,as_expected
FEE0002022,TRF0002055,122.930000,0.000000,122.930000,122.930000,0.000000,as_expected
FEE0002023,TRF0002056,59.020000,0.000000,59.020000,59.020000,0.000000,as_expected
FEE0002024,TRF0002057,1.490000,0.000000,1.490000,1.490000,0.000000,as_expected
FEE0002025,TRF0002058,5.950000,0.000000,5.950000,5.950000,0.000000,as_expected
FEE0002026,TRF0002059,5.300000,0.000000,5.300000,5.300000,0.000000,as_expected
FEE0002027,TRF0002060,5.530000,0.000000,5.530000,5.530000,0.000000,as_expected
FEE0002028,TRF0002061,12.600000,0.000000,12.600000,12.600000,0.000000,as_expected
FEE0002029,TRF0002062,3.540000,0.000000,3.540000,3.540000,0.000000,as_expected
FEE0002030,TRF0002063,14.410000,0.000000,14.410000,14.410000,0.000000,as_expected
FEE0002031,TRF0002064,10.370000,0.000000,10.370000,10.370000,0.000000,as_expected
FEE0002032,TRF0002065,7.700000,0.000000,7.700000,7.700000,0.000000,as_expected
FEE0002033,TRF0002066,1.500000,0.000000,1.500000,1.500000,0.000000,as_expected
FEE0002034,TRF0002067,2.110000,0.000000,2.110000,2.110000,0.000000,as_expected
FEE0002035,TRF0002068,1.680000,0.000000,1.680000,1.680000,0.000000,as_expected
FEE0002036,TRF0002069,9.040000,0.000000,9.040000,9.040000,0.000000,as_expected
FEE0002037,TRF0002070,4.820000,0.000000,4.820000,4.820000,0.000000,as_expected
FEE0002038,TRF0002071,18.450000,0.000000,18.450000,18.450000,0.000000,as_expected
FEE0002039,TRF0002072,2.110000,0.000000,2.110000,2.110000,0.000000,as_expected
FEE0002040,TRF0002073,6.220000,0.000000,6.220000,6.220000,0.000000,as_expected
FEE0002041,TRF0002074,7.020000,0.000000,7.020000,7.020000,0.000000,as_expected
FEE0002042,TRF0002075,47.110000,0.000000,47.110000,47.110000,0.000000,as_expected
FEE0002043,TRF0002076,96.990000,0.000000,96.990000,96.990000,0.000000,as_expected
FEE0002044,TRF0002077,9.090000,0.000000,9.090000,9.090000,0.000000,as_expected
FEE0002045,TRF0002078,2.110000,0.000000,2.110000,2.110000,0.000000,as_expected
FEE0002046,TRF0002079,110.130000,0.000000,110.130000,110.130000,0.000000,as_expected
FEE0002047,TRF0002080,32.750000,0.000000,32.750000,32.750000,0.000000,as_expected
FEE0002048,TRF0002081,32.570000,0.000000,32.570000,32.570000,0.000000,as_expected
FEE0002049,TRF0002082,3.330000,0.000000,3.330000,3.330000,0.000000,as_expected
FEE0002050,TRF0002083,3.490000,0.000000,3.490000,3.490000,0.000000,as_expected
FEE0002051,TRF0002084,285.540000,35.650000,249.890000,249.890000,0.000000,approved_price_investment
FEE0002052,TRF0002085,1.250000,0.000000,1.250000,1.250000,0.000000,as_expected
FEE0002053,TRF0002086,7.450000,0.590000,6.860000,6.860000,0.000000,approved_price_investment
FEE0002054,TRF0002087,22.280000,0.000000,22.280000,22.280000,0.000000,as_expected
FEE0002055,TRF0002088,103.490000,0.000000,103.490000,103.490000,0.000000,as_expected
FEE0002056,TRF0002089,11.380000,0.000000,11.380000,11.380000,0.000000,as_expected
FEE0002057,TRF0002090,22.360000,0.000000,22.360000,22.360000,0.000000,as_expected
FEE0002058,TRF0002091,9.570000,0.000000,9.570000,9.570000,0.000000,as_expected
FEE0002059,TRF0002092,6.750000,0.000000,6.750000,6.750000,0.000000,as_expected
FEE0002060,TRF0002093,83.450000,0.000000,83.450000,83.450000,0.000000,as_expected
FEE0002061,TRF0002094,3.870000,0.000000,3.870000,3.870000,0.000000,as_expected
FEE0002062,TRF0002095,2.720000,0.000000,2.720000,2.720000,0.000000,as_expected
FEE0002063,TRF0002096,33.820000,3.710000,30.110000,30.110000,0.000000,approved_price_investment
FEE0002064,TRF0002097,67.440000,0.000000,67.440000,67.440000,0.000000,as_expected
FEE0002065,TRF0002098,5.330000,0.000000,5.330000,5.330000,0.000000,as_expected
FEE0002066,TRF0002099,18.830000,0.000000,18.830000,18.830000,0.000000,as_expected
FEE0002067,TRF0002100,47.430000,0.000000,47.430000,47.430000,0.000000,as_expected
FEE0002068,TRF0002101,2.450000,0.000000,2.450000,2.450000,0.000000,as_expected
FEE0002069,TRF0002102,3.500000,0.000000,3.500000,3.500000,0.000000,as_expected
FEE0002070,TRF0002103,44.690000,5.030000,39.660000,39.660000,0.000000,approved_price_investment
FEE0002071,TRF0002104,1.730000,0.000000,1.730000,1.730000,0.000000,as_expected
FEE0002072,TRF0002105,88.220000,9.980000,78.240000,78.240000,0.000000,approved_price_investment
FEE0002073,TRF0002106,1.390000,0.000000,1.390000,1.390000,0.000000,as_expected
FEE0002074,TRF0002107,3.970000,0.000000,3.970000,3.970000,0.000000,as_expected
FEE0002075,TRF0002108,21.450000,0.000000,21.450000,21.450000,0.000000,as_expected
FEE0002076,TRF0002109,18.280000,0.000000,18.280000,18.280000,0.000000,as_expected
FEE0002077,TRF0002110,2.510000,0.000000,2.510000,2.510000,0.000000,as_expected
FEE0002078,TRF0002111,1.400000,0.000000,1.400000,1.400000,0.000000,as_expected
FEE0002079,TRF0002112,6.190000,0.000000,6.190000,6.190000,0.000000,as_expected
FEE0002080,TRF0002113,8.040000,0.000000,8.040000,8.040000,0.000000,as_expected
FEE0002081,TRF0002114,2.690000,0.000000,2.690000,2.690000,0.000000,as_expected
FEE0002082,TRF0002115,0.660000,0.000000,0.660000,0.660000,0.000000,as_expected
FEE0002083,TRF0002116,1.880000,0.000000,1.880000,1.880000,0.000000,as_expected
FEE0002084,TRF0002117,199.510000,0.000000,199.510000,199.510000,0.000000,as_expected
FEE0002085,TRF0002118,1.450000,0.000000,1.450000,1.450000,0.000000,as_expected
FEE0002086,TRF0002119,2.880000,0.000000,2.880000,2.880000,0.000000,as_expected
FEE0002087,TRF0002120,7.630000,0.750000,6.880000,6.880000,0.000000,approved_price_investment
FEE0002088,TRF0002121,0.700000,0.000000,0.700000,0.700000,0.000000,as_expected
FEE0002089,TRF0002122,5.520000,0.000000,5.520000,5.520000,0.000000,as_expected
FEE0002090,TRF0002123,4.140000,0.000000,4.140000,4.140000,0.000000,as_expected
FEE0002091,TRF0002124,39.590000,0.000000,39.590000,39.590000,0.000000,as_expected
FEE0002092,TRF0002125,2.140000,0.000000,2.140000,2.140000,0.000000,as_expected
FEE0002093,TRF0002126,5.160000,0.000000,5.160000,5.160000,0.000000,as_expected
FEE0002094,TRF0002127,6.360000,0.000000,6.360000,6.360000,0.000000,as_expected
FEE0002095,TRF0002128,1.500000,0.000000,1.500000,1.500000,0.000000,as_expected
FEE0002096,TRF0002129,7.180000,0.000000,7.180000,7.180000,0.000000,as_expected
FEE0002097,TRF0002130,2.390000,0.000000,2.390000,2.390000,0.000000,as_expected
FEE0002098,TRF0002131,92.210000,0.000000,92.210000,92.210000,0.000000,as_expected
FEE0002099,TRF0002132,2.510000,0.000000,2.510000,2.510000,0.000000,as_expected
FEE0002100,TRF0002133,31.260000,0.000000,31.260000,31.260000,0.000000,as_expected
FEE0002101,TRF0002134,55.100000,0.000000,55.100000,55.100000,0.000000,as_expected
FEE0002102,TRF0002135,5.090000,0.000000,5.090000,5.090000,0.000000,as_expected
FEE0002103,TRF0002136,223.840000,0.000000,223.840000,223.840000,0.000000,as_expected
FEE0002104,TRF0002137,6.910000,0.000000,6.910000,6.910000,0.000000,as_expected
FEE0002105,TRF0002138,1.110000,0.000000,1.110000,1.110000,0.000000,as_expected
FEE0002106,TRF0002139,1.100000,0.000000,1.100000,1.100000,0.000000,as_expected
FEE0002107,TRF0002140,41.680000,0.000000,41.680000,41.680000,0.000000,as_expected
FEE0002108,TRF0002141,7.330000,0.000000,7.330000,7.330000,0.000000,as_expected
FEE0002109,TRF0002142,1.410000,0.000000,1.410000,1.410000,0.000000,as_expected
FEE0002110,TRF0002143,9.030000,0.000000,9.030000,9.030000,0.000000,as_expected
FEE0002111,TRF0002144,3.190000,0.000000,3.190000,3.190000,0.000000,as_expected
FEE0002112,TRF0002145,17.480000,0.000000,17.480000,17.480000,0.000000,as_expected
FEE0002113,TRF0002146,1.870000,0.000000,1.870000,1.870000,0.000000,as_expected
FEE0002114,TRF0002148,3.350000,0.000000,3.350000,3.350000,0.000000,as_expected
FEE0002115,TRF0002149,16.190000,0.000000,16.190000,16.190000,0.000000,as_expected
FEE0002116,TRF0002150,145.520000,0.000000,145.520000,145.520000,0.000000,as_expected
FEE0002117,TRF0002151,21.720000,0.000000,21.720000,21.720000,0.000000,as_expected
FEE0002118,TRF0002152,13.320000,0.000000,13.320000,13.320000,0.000000,as_expected
FEE0002119,TRF0002153,7.700000,0.580000,7.120000,7.120000,0.000000,approved_price_investment
FEE0002120,TRF0002154,10.020000,0.000000,10.020000,10.020000,0.000000,as_expected
FEE0002121,TRF0002155,4.280000,0.000000,4.280000,4.280000,0.000000,as_expected
FEE0002122,TRF0002156,1.830000,0.000000,1.830000,1.830000,0.000000,as_expected
FEE0002123,TRF0002157,3.460000,0.000000,3.460000,3.460000,0.000000,as_expected
FEE0002124,TRF0002158,6.130000,0.000000,6.130000,6.130000,0.000000,as_expected
FEE0002125,TRF0002159,5.890000,0.000000,5.890000,5.890000,0.000000,as_expected
FEE0002126,TRF0002160,25.000000,0.000000,25.000000,25.000000,0.000000,as_expected
FEE0002127,TRF0002161,79.650000,0.000000,79.650000,79.650000,0.000000,as_expected
FEE0002128,TRF0002162,4.080000,0.000000,4.080000,4.080000,0.000000,as_expected
FEE0002129,TRF0002164,13.100000,0.000000,13.100000,13.100000,0.000000,as_expected
FEE0002130,TRF0002165,165.800000,0.000000,165.800000,165.800000,0.000000,as_expected
FEE0002131,TRF0002166,21.080000,0.000000,21.080000,21.080000,0.000000,as_expected
FEE0002132,TRF0002167,14.360000,0.000000,14.360000,14.360000,0.000000,as_expected
FEE0002133,TRF0002168,2.620000,0.000000,2.620000,2.620000,0.000000,as_expected
FEE0002134,TRF0002169,4.390000,0.310000,4.080000,4.080000,0.000000,approved_price_investment
FEE0002135,TRF0002170,4.390000,0.000000,4.390000,4.390000,0.000000,as_expected
FEE0002136,TRF0002171,3.120000,0.000000,3.120000,3.120000,0.000000,as_expected
FEE0002137,TRF0002172,5.400000,0.000000,5.400000,5.400000,0.000000,as_expected
FEE0002138,TRF0002173,7.220000,0.000000,7.220000,7.220000,0.000000,as_expected
FEE0002139,TRF0002174,75.830000,0.000000,75.830000,75.830000,0.000000,as_expected
FEE0002140,TRF0002175,7.050000,0.000000,7.050000,7.050000,0.000000,as_expected
FEE0002141,TRF0002176,28.410000,0.000000,28.410000,28.410000,0.000000,as_expected
FEE0002142,TRF0002177,1.300000,0.000000,1.300000,1.300000,0.000000,as_expected
FEE0002143,TRF0002178,8.670000,0.000000,8.670000,8.670000,0.000000,as_expected
FEE0002144,TRF0002179,5.460000,0.000000,5.460000,5.460000,0.000000,as_expected
FEE0002145,TRF0002180,3.090000,0.000000,3.090000,3.090000,0.000000,as_expected
FEE0002146,TRF0002181,6.160000,0.000000,6.160000,6.160000,0.000000,as_expected
FEE0002147,TRF0002182,55.910000,6.940000,48.970000,48.970000,0.000000,approved_price_investment
FEE0002148,TRF0002183,1.200000,0.000000,1.200000,1.200000,0.000000,as_expected
FEE0002149,TRF0002184,12.420000,0.000000,12.420000,12.420000,0.000000,as_expected
FEE0002150,TRF0002185,31.720000,0.000000,31.720000,31.720000,0.000000,as_expected
FEE0002151,TRF0002186,10.050000,1.070000,8.980000,8.980000,0.000000,approved_price_investment
FEE0002152,TRF0002187,39.470000,0.000000,39.470000,24.800000,14.670000,unexpected_shortfall
FEE0002153,TRF0002188,25.400000,0.000000,25.400000,25.400000,0.000000,as_expected
FEE0002154,TRF0002189,2.090000,0.000000,2.090000,2.090000,0.000000,as_expected
FEE0002155,TRF0002190,338.330000,0.000000,338.330000,338.330000,0.000000,as_expected
FEE0002156,TRF0002191,6.310000,0.000000,6.310000,6.310000,0.000000,as_expected
FEE0002157,TRF0002192,47.550000,0.000000,47.550000,47.550000,0.000000,as_expected
FEE0002158,TRF0002193,3.870000,0.000000,3.870000,3.870000,0.000000,as_expected
FEE0002159,TRF0002194,1.740000,0.000000,1.740000,1.740000,0.000000,as_expected
FEE0002160,TRF0002195,1.880000,0.000000,1.880000,1.880000,0.000000,as_expected
FEE0002161,TRF0002196,33.130000,0.000000,33.130000,33.130000,0.000000,as_expected
FEE0002162,TRF0002197,2.530000,0.000000,2.530000,2.530000,0.000000,as_expected
FEE0002163,TRF0002198,58.390000,0.000000,58.390000,58.390000,0.000000,as_expected
FEE0002164,TRF0002199,3.190000,0.000000,3.190000,3.190000,0.000000,as_expected
FEE0002165,TRF0002200,3.160000,0.000000,3.160000,3.160000,0.000000,as_expected
FEE0002166,TRF0002201,1.700000,0.000000,1.700000,1.700000,0.000000,as_expected
FEE0002167,TRF0002202,15.220000,0.000000,15.220000,15.220000,0.000000,as_expected
FEE0002168,TRF0002203,18.100000,0.000000,18.100000,18.100000,0.000000,as_expected
FEE0002169,TRF0002204,164.740000,0.000000,164.740000,164.740000,0.000000,as_expected
FEE0002170,TRF0002205,38.770000,0.000000,38.770000,38.770000,0.000000,as_expected
FEE0002171,TRF0002206,1.500000,0.000000,1.500000,1.500000,0.000000,as_expected
FEE0002172,TRF0002207,2.430000,0.210000,2.220000,2.220000,0.000000,approved_price_investment
FEE0002173,TRF0002208,1.050000,0.000000,1.050000,1.050000,0.000000,as_expected
FEE0002174,TRF0002209,1.870000,0.000000,1.870000,1.870000,0.000000,as_expected
FEE0002175,TRF0002210,1.720000,0.000000,1.720000,1.720000,0.000000,as_expected
FEE0002176,TRF0002211,17.500000,0.000000,17.500000,17.500000,0.000000,as_expected
FEE0002177,TRF0002212,17.180000,0.000000,17.180000,17.180000,0.000000,as_expected
FEE0002178,TRF0002213,1.740000,0.000000,1.740000,1.740000,0.000000,as_expected
FEE0002179,TRF0002214,5.240000,0.000000,5.240000,5.240000,0.000000,as_expected
FEE0002180,TRF0002215,8.010000,0.000000,8.010000,8.010000,0.000000,as_expected
FEE0002181,TRF0002216,5.600000,0.000000,5.600000,5.600000,0.000000,as_expected
FEE0002182,TRF0002217,4.000000,0.000000,4.000000,4.000000,0.000000,as_expected
FEE0002183,TRF0002218,201.820000,0.000000,201.820000,201.820000,0.000000,as_expected
FEE0002184,TRF0002219,7.540000,0.000000,7.540000,7.540000,0.000000,as_expected
FEE0002185,TRF0002220,3.750000,0.000000,3.750000,3.750000,0.000000,as_expected
FEE0002186,TRF0002221,75.850000,0.000000,75.850000,75.850000,0.000000,as_expected
FEE0002187,TRF0002222,4.400000,0.000000,4.400000,4.400000,0.000000,as_expected
FEE0002188,TRF0002223,1.310000,0.000000,1.310000,1.310000,0.000000,as_expected
FEE0002189,TRF0002224,3.510000,0.000000,3.510000,3.510000,0.000000,as_expected
FEE0002190,TRF0002225,47.340000,0.000000,47.340000,47.340000,0.000000,as_expected
FEE0002191,TRF0002226,5.140000,0.000000,5.140000,5.140000,0.000000,as_expected
FEE0002192,TRF0002227,4.080000,0.000000,4.080000,4.080000,0.000000,as_expected
FEE0002193,TRF0002228,1.320000,0.000000,1.320000,1.320000,0.000000,as_expected
FEE0002194,TRF0002229,3.660000,0.000000,3.660000,3.660000,0.000000,as_expected
FEE0002195,TRF0002231,3.470000,0.000000,3.470000,3.470000,0.000000,as_expected
FEE0002196,TRF0002232,67.230000,0.000000,67.230000,67.230000,0.000000,as_expected
FEE0002197,TRF0002233,3.610000,0.240000,3.370000,3.370000,0.000000,approved_price_investment
FEE0002198,TRF0002234,2.130000,0.120000,2.010000,2.010000,0.000000,approved_price_investment
FEE0002199,TRF0002235,6.860000,0.000000,6.860000,6.860000,0.000000,as_expected
FEE0002200,TRF0002236,7.480000,0.000000,7.480000,7.480000,0.000000,as_expected
FEE0002201,TRF0002237,24.860000,0.000000,24.860000,24.860000,0.000000,as_expected
FEE0002202,TRF0002238,2.580000,0.000000,2.580000,2.580000,0.000000,as_expected
FEE0002203,TRF0002239,18.820000,0.000000,18.820000,18.820000,0.000000,as_expected
FEE0002204,TRF0002240,1.930000,0.000000,1.930000,1.930000,0.000000,as_expected
FEE0002205,TRF0002241,4.520000,0.320000,4.200000,4.200000,0.000000,approved_price_investment
FEE0002206,TRF0002242,2.260000,0.000000,2.260000,2.260000,0.000000,as_expected
FEE0002207,TRF0002243,6.990000,0.000000,6.990000,6.990000,0.000000,as_expected
FEE0002208,TRF0002244,5.150000,0.000000,5.150000,5.150000,0.000000,as_expected
FEE0002209,TRF0002245,28.190000,0.000000,28.190000,28.190000,0.000000,as_expected
FEE0002210,TRF0002246,2.870000,0.000000,2.870000,2.870000,0.000000,as_expected
FEE0002211,TRF0002247,4.730000,0.000000,4.730000,4.730000,0.000000,as_expected
FEE0002212,TRF0002248,64.470000,0.000000,64.470000,40.420000,24.050000,unexpected_shortfall
FEE0002213,TRF0002249,3.370000,0.000000,3.370000,3.370000,0.000000,as_expected
FEE0002214,TRF0002250,3.630000,0.000000,3.630000,3.630000,0.000000,as_expected
FEE0002215,TRF0002251,20.000000,0.000000,20.000000,20.000000,0.000000,as_expected
FEE0002216,TRF0002252,3.250000,0.000000,3.250000,3.250000,0.000000,as_expected
FEE0002217,TRF0002253,100.210000,0.000000,100.210000,100.210000,0.000000,as_expected
FEE0002218,TRF0002254,5.580000,0.000000,5.580000,5.580000,0.000000,as_expected
FEE0002219,TRF0002255,8.580000,0.000000,8.580000,8.580000,0.000000,as_expected
FEE0002220,TRF0002256,3.240000,0.000000,3.240000,3.240000,0.000000,as_expected
FEE0002221,TRF0002257,1.350000,0.000000,1.350000,1.350000,0.000000,as_expected
FEE0002222,TRF0002258,6.180000,0.000000,6.180000,6.180000,0.000000,as_expected
FEE0002223,TRF0002259,3.860000,0.000000,3.860000,3.860000,0.000000,as_expected
FEE0002224,TRF0002260,1.590000,0.120000,1.470000,1.470000,0.000000,approved_price_investment
FEE0002225,TRF0002261,1.640000,0.000000,1.640000,1.640000,0.000000,as_expected
FEE0002226,TRF0002262,1.630000,0.000000,1.630000,1.630000,0.000000,as_expected
FEE0002227,TRF0002263,18.100000,0.000000,18.100000,18.100000,0.000000,as_expected
FEE0002228,TRF0002264,15.050000,0.000000,15.050000,15.050000,0.000000,as_expected
FEE0002229,TRF0002265,22.460000,0.000000,22.460000,22.460000,0.000000,as_expected
FEE0002230,TRF0002266,10.490000,0.000000,10.490000,10.490000,0.000000,as_expected
FEE0002231,TRF0002267,2.120000,0.000000,2.120000,2.120000,0.000000,as_expected
FEE0002232,TRF0002268,13.180000,0.000000,13.180000,13.180000,0.000000,as_expected
FEE0002233,TRF0002269,6.730000,0.000000,6.730000,6.730000,0.000000,as_expected
FEE0002234,TRF0002270,4.770000,0.000000,4.770000,4.770000,0.000000,as_expected
FEE0002235,TRF0002271,8.830000,0.000000,8.830000,8.830000,0.000000,as_expected
FEE0002236,TRF0002272,3.610000,0.000000,3.610000,3.610000,0.000000,as_expected
FEE0002237,TRF0002273,1.930000,0.000000,1.930000,1.930000,0.000000,as_expected
FEE0002238,TRF0002274,9.520000,0.000000,9.520000,9.520000,0.000000,as_expected
FEE0002239,TRF0002275,1.450000,0.000000,1.450000,1.450000,0.000000,as_expected
FEE0002240,TRF0002276,42.430000,0.000000,42.430000,42.430000,0.000000,as_expected
FEE0002241,TRF0002277,23.190000,0.000000,23.190000,23.190000,0.000000,as_expected
FEE0002242,TRF0002278,1.820000,0.000000,1.820000,1.820000,0.000000,as_expected
FEE0002243,TRF0002279,3.210000,0.000000,3.210000,3.210000,0.000000,as_expected
FEE0002244,TRF0002280,92.520000,0.000000,92.520000,92.520000,0.000000,as_expected
FEE0002245,TRF0002281,29.490000,0.000000,29.490000,29.490000,0.000000,as_expected
FEE0002246,TRF0002282,46.390000,0.000000,46.390000,46.390000,0.000000,as_expected
FEE0002247,TRF0002283,50.160000,0.000000,50.160000,50.160000,0.000000,as_expected
FEE0002248,TRF0002284,4.290000,0.000000,4.290000,4.290000,0.000000,as_expected
FEE0002249,TRF0002285,114.780000,0.000000,114.780000,71.870000,42.910000,unexpected_shortfall
FEE0002250,TRF0002286,5.860000,0.000000,5.860000,5.860000,0.000000,as_expected
FEE0002251,TRF0002287,2.980000,0.000000,2.980000,2.980000,0.000000,as_expected
FEE0002252,TRF0002288,2.260000,0.000000,2.260000,2.260000,0.000000,as_expected
FEE0002253,TRF0002289,1.720000,0.000000,1.720000,1.720000,0.000000,as_expected
FEE0002254,TRF0002290,11.730000,0.000000,11.730000,11.730000,0.000000,as_expected
FEE0002255,TRF0002291,2.440000,0.000000,2.440000,2.440000,0.000000,as_expected
FEE0002256,TRF0002292,2.590000,0.000000,2.590000,2.590000,0.000000,as_expected
FEE0002257,TRF0002293,44.510000,0.000000,44.510000,44.510000,0.000000,as_expected
FEE0002258,TRF0002294,5.500000,0.000000,5.500000,5.500000,0.000000,as_expected
FEE0002259,TRF0002295,3.380000,0.000000,3.380000,3.380000,0.000000,as_expected
FEE0002260,TRF0002296,427.300000,0.000000,427.300000,427.300000,0.000000,as_expected
FEE0002261,TRF0002297,6.020000,0.000000,6.020000,6.020000,0.000000,as_expected
FEE0002262,TRF0002298,24.010000,0.000000,24.010000,24.010000,0.000000,as_expected
FEE0002263,TRF0002299,1.670000,0.000000,1.670000,1.670000,0.000000,as_expected
FEE0002264,TRF0002300,4.320000,0.000000,4.320000,4.320000,0.000000,as_expected
FEE0002265,TRF0002301,2.760000,0.000000,2.760000,2.760000,0.000000,as_expected
FEE0002266,TRF0002302,22.910000,0.000000,22.910000,22.910000,0.000000,as_expected
FEE0002267,TRF0002303,3.190000,0.000000,3.190000,3.190000,0.000000,as_expected
FEE0002268,TRF0002304,9.690000,0.000000,9.690000,9.690000,0.000000,as_expected
FEE0002269,TRF0002305,95.980000,0.000000,95.980000,95.980000,0.000000,as_expected
FEE0002270,TRF0002306,1.900000,0.000000,1.900000,1.900000,0.000000,as_expected
FEE0002271,TRF0002307,6.900000,0.000000,6.900000,6.900000,0.000000,as_expected
FEE0002272,TRF0002308,5.800000,0.000000,5.800000,5.800000,0.000000,as_expected
FEE0002273,TRF0002309,7.010000,0.000000,7.010000,7.010000,0.000000,as_expected
FEE0002274,TRF0002310,4.090000,0.380000,3.710000,3.710000,0.000000,approved_price_investment
FEE0002275,TRF0002311,5.120000,0.000000,5.120000,5.120000,0.000000,as_expected
FEE0002276,TRF0002312,2.490000,0.000000,2.490000,2.490000,0.000000,as_expected
FEE0002277,TRF0002313,216.880000,0.000000,216.880000,216.880000,0.000000,as_expected
FEE0002278,TRF0002314,3.650000,0.000000,3.650000,3.650000,0.000000,as_expected
FEE0002279,TRF0002315,1.540000,0.000000,1.540000,1.540000,0.000000,as_expected
FEE0002280,TRF0002316,12.970000,0.000000,12.970000,12.970000,0.000000,as_expected
FEE0002281,TRF0002317,5.410000,0.000000,5.410000,5.410000,0.000000,as_expected
FEE0002282,TRF0002318,82.220000,0.000000,82.220000,82.220000,0.000000,as_expected
FEE0002283,TRF0002319,10.020000,0.000000,10.020000,10.020000,0.000000,as_expected
FEE0002284,TRF0002320,18.190000,0.000000,18.190000,18.190000,0.000000,as_expected
FEE0002285,TRF0002321,3.760000,0.000000,3.760000,3.760000,0.000000,as_expected
FEE0002286,TRF0002322,7.100000,0.000000,7.100000,7.100000,0.000000,as_expected
FEE0002287,TRF0002323,3.040000,0.000000,3.040000,3.040000,0.000000,as_expected
FEE0002288,TRF0002324,3.470000,0.000000,3.470000,3.470000,0.000000,as_expected
FEE0002289,TRF0002325,8.480000,0.000000,8.480000,8.480000,0.000000,as_expected
FEE0002290,TRF0002326,10.990000,0.000000,10.990000,10.990000,0.000000,as_expected
FEE0002291,TRF0002327,14.900000,0.000000,14.900000,14.900000,0.000000,as_expected
FEE0002292,TRF0002328,14.110000,0.000000,14.110000,14.110000,0.000000,as_expected
FEE0002293,TRF0002329,2.210000,0.000000,2.210000,2.210000,0.000000,as_expected
FEE0002294,TRF0002330,20.020000,0.000000,20.020000,20.020000,0.000000,as_expected
FEE0002295,TRF0002331,9.830000,0.000000,9.830000,9.830000,0.000000,as_expected
FEE0002296,TRF0002332,64.680000,0.000000,64.680000,64.680000,0.000000,as_expected
FEE0002297,TRF0002333,2.910000,0.000000,2.910000,2.910000,0.000000,as_expected
FEE0002298,TRF0002334,3.290000,0.220000,3.070000,3.070000,0.000000,approved_price_investment
FEE0002299,TRF0002335,1.690000,0.000000,1.690000,1.690000,0.000000,as_expected
FEE0002300,TRF0002336,30.690000,0.000000,30.690000,30.690000,0.000000,as_expected
FEE0002301,TRF0002337,1.100000,0.000000,1.100000,1.100000,0.000000,as_expected
FEE0002302,TRF0002338,98.260000,0.000000,98.260000,98.260000,0.000000,as_expected
FEE0002303,TRF0002339,1.870000,0.000000,1.870000,1.870000,0.000000,as_expected
FEE0002304,TRF0002340,4.850000,0.000000,4.850000,4.850000,0.000000,as_expected
FEE0002305,TRF0002341,8.850000,0.000000,8.850000,8.850000,0.000000,as_expected
FEE0002306,TRF0002342,31.710000,0.000000,31.710000,31.710000,0.000000,as_expected
FEE0002307,TRF0002343,8.920000,0.000000,8.920000,8.920000,0.000000,as_expected
FEE0002308,TRF0002344,1.700000,0.000000,1.700000,1.700000,0.000000,as_expected
FEE0002309,TRF0002345,711.910000,0.000000,711.910000,711.910000,0.000000,as_expected
FEE0002310,TRF0002346,1.840000,0.000000,1.840000,1.840000,0.000000,as_expected
FEE0002311,TRF0002347,1.450000,0.000000,1.450000,1.450000,0.000000,as_expected
FEE0002312,TRF0002348,4.170000,0.390000,3.780000,3.780000,0.000000,approved_price_investment
FEE0002313,TRF0002349,4.410000,0.000000,4.410000,4.410000,0.000000,as_expected
FEE0002314,TRF0002350,47.010000,0.000000,47.010000,47.010000,0.000000,as_expected
FEE0002315,TRF0002351,4.010000,0.000000,4.010000,4.010000,0.000000,as_expected
FEE0002316,TRF0002352,32.390000,0.000000,32.390000,32.390000,0.000000,as_expected
FEE0002317,TRF0002353,51.330000,0.000000,51.330000,51.330000,0.000000,as_expected
FEE0002318,TRF0002354,30.640000,0.000000,30.640000,30.640000,0.000000,as_expected
FEE0002319,TRF0002355,12.700000,0.000000,12.700000,12.700000,0.000000,as_expected
FEE0002320,TRF0002356,8.470000,0.000000,8.470000,8.470000,0.000000,as_expected
FEE0002321,TRF0002357,5.520000,0.000000,5.520000,5.520000,0.000000,as_expected
FEE0002322,TRF0002358,2.660000,0.000000,2.660000,2.660000,0.000000,as_expected
FEE0002323,TRF0002359,9.300000,0.000000,9.300000,9.300000,0.000000,as_expected
FEE0002324,TRF0002360,58.240000,0.000000,58.240000,58.240000,0.000000,as_expected
FEE0002325,TRF0002361,1.480000,0.000000,1.480000,1.480000,0.000000,as_expected
FEE0002326,TRF0002362,12.670000,0.000000,12.670000,12.670000,0.000000,as_expected
FEE0002327,TRF0002363,3.210000,0.210000,3.000000,3.000000,0.000000,approved_price_investment
FEE0002328,TRF0002364,4.090000,0.000000,4.090000,4.090000,0.000000,as_expected
FEE0002329,TRF0002365,276.050000,0.000000,276.050000,276.050000,0.000000,as_expected
FEE0002330,TRF0002366,4.450000,0.450000,4.000000,4.000000,0.000000,approved_price_investment
FEE0002331,TRF0002367,8.130000,0.000000,8.130000,8.130000,0.000000,as_expected
FEE0002332,TRF0002368,5.830000,0.000000,5.830000,5.830000,0.000000,as_expected
FEE0002333,TRF0002369,1.960000,0.000000,1.960000,1.960000,0.000000,as_expected
FEE0002334,TRF0002370,1.430000,0.000000,1.430000,1.430000,0.000000,as_expected
FEE0002335,TRF0002371,37.960000,0.000000,37.960000,37.960000,0.000000,as_expected
FEE0002336,TRF0002372,33.390000,0.000000,33.390000,33.390000,0.000000,as_expected
FEE0002337,TRF0002373,13.500000,0.000000,13.500000,13.500000,0.000000,as_expected
FEE0002338,TRF0002374,2.930000,0.000000,2.930000,2.930000,0.000000,as_expected
FEE0002339,TRF0002375,1.750000,0.000000,1.750000,1.750000,0.000000,as_expected
FEE0002340,TRF0002376,87.010000,0.000000,87.010000,87.010000,0.000000,as_expected
FEE0002341,TRF0002377,9.350000,0.000000,9.350000,9.350000,0.000000,as_expected
FEE0002342,TRF0002378,14.710000,0.000000,14.710000,14.710000,0.000000,as_expected
FEE0002343,TRF0002379,2.460000,0.000000,2.460000,2.460000,0.000000,as_expected
FEE0002344,TRF0002380,3.750000,0.000000,3.750000,3.750000,0.000000,as_expected
FEE0002345,TRF0002381,3.360000,0.000000,3.360000,3.360000,0.000000,as_expected
FEE0002346,TRF0002382,2.780000,0.000000,2.780000,2.780000,0.000000,as_expected
FEE0002347,TRF0002383,5.820000,0.000000,5.820000,5.820000,0.000000,as_expected
FEE0002348,TRF0002384,46.320000,0.000000,46.320000,46.320000,0.000000,as_expected
FEE0002349,TRF0002385,19.570000,0.000000,19.570000,19.570000,0.000000,as_expected
FEE0002350,TRF0002386,3.030000,0.000000,3.030000,3.030000,0.000000,as_expected
FEE0002351,TRF0002387,48.270000,0.000000,48.270000,48.270000,0.000000,as_expected
FEE0002352,TRF0002388,5.340000,0.410000,4.930000,4.930000,0.000000,approved_price_investment
FEE0002353,TRF0002389,2.740000,0.000000,2.740000,2.740000,0.000000,as_expected
FEE0002354,TRF0002390,5.100000,0.000000,5.100000,5.100000,0.000000,as_expected
FEE0002355,TRF0002391,3.550000,0.000000,3.550000,3.550000,0.000000,as_expected
FEE0002356,TRF0002392,11.790000,0.000000,11.790000,11.790000,0.000000,as_expected
FEE0002357,TRF0002393,9.800000,0.000000,9.800000,9.800000,0.000000,as_expected
FEE0002358,TRF0002394,10.680000,0.000000,10.680000,10.680000,0.000000,as_expected
FEE0002359,TRF0002395,16.650000,0.000000,16.650000,16.650000,0.000000,as_expected
FEE0002360,TRF0002396,16.540000,0.000000,16.540000,16.540000,0.000000,as_expected
FEE0002361,TRF0002397,2.110000,0.000000,2.110000,2.110000,0.000000,as_expected
FEE0002362,TRF0002398,1.870000,0.000000,1.870000,1.870000,0.000000,as_expected
FEE0002363,TRF0002399,50.910000,0.000000,50.910000,50.910000,0.000000,as_expected
FEE0002364,TRF0002400,50.730000,0.000000,50.730000,50.730000,0.000000,as_expected
FEE0002365,TRF0002401,6.210000,0.000000,6.210000,6.210000,0.000000,as_expected
FEE0002366,TRF0002402,5.720000,0.000000,5.720000,5.720000,0.000000,as_expected
FEE0002367,TRF0002403,4.380000,0.000000,4.380000,4.380000,0.000000,as_expected
FEE0002368,TRF0002404,7.750000,0.000000,7.750000,7.750000,0.000000,as_expected
FEE0002369,TRF0002405,3.140000,0.000000,3.140000,3.140000,0.000000,as_expected
FEE0002370,TRF0002406,5.550000,0.000000,5.550000,5.550000,0.000000,as_expected
FEE0002371,TRF0002407,7.490000,0.000000,7.490000,7.490000,0.000000,as_expected
FEE0002372,TRF0002408,7.030000,0.000000,7.030000,7.030000,0.000000,as_expected
FEE0002373,TRF0002409,25.930000,0.000000,25.930000,25.930000,0.000000,as_expected
FEE0002374,TRF0002410,11.150000,0.000000,11.150000,11.150000,0.000000,as_expected
FEE0002375,TRF0002411,31.840000,0.000000,31.840000,31.840000,0.000000,as_expected
FEE0002376,TRF0002412,1.690000,0.000000,1.690000,1.690000,0.000000,as_expected
FEE0002377,TRF0002413,3.140000,0.000000,3.140000,3.140000,0.000000,as_expected
FEE0002378,TRF0002414,2.030000,0.000000,2.030000,2.030000,0.000000,as_expected
FEE0002379,TRF0002415,4.800000,0.000000,4.800000,4.800000,0.000000,as_expected
FEE0002380,TRF0002416,3.280000,0.000000,3.280000,3.280000,0.000000,as_expected
FEE0002381,TRF0002417,2.000000,0.000000,2.000000,2.000000,0.000000,as_expected
FEE0002382,TRF0002418,10.040000,0.000000,10.040000,10.040000,0.000000,as_expected
FEE0002383,TRF0002419,312.380000,0.000000,312.380000,312.380000,0.000000,as_expected
FEE0002384,TRF0002420,38.510000,3.580000,34.930000,34.930000,0.000000,approved_price_investment
FEE0002385,TRF0002421,1.050000,0.000000,1.050000,1.050000,0.000000,as_expected
FEE0002386,TRF0002422,22.000000,0.000000,22.000000,22.000000,0.000000,as_expected
FEE0002387,TRF0002423,4.930000,0.470000,4.460000,4.460000,0.000000,approved_price_investment
FEE0002388,TRF0002424,1.280000,0.000000,1.280000,1.280000,0.000000,as_expected
FEE0002389,TRF0002425,9.510000,0.000000,9.510000,9.510000,0.000000,as_expected
FEE0002390,TRF0002426,4.910000,0.000000,4.910000,4.910000,0.000000,as_expected
FEE0002391,TRF0002427,14.490000,0.000000,14.490000,14.490000,0.000000,as_expected
FEE0002392,TRF0002428,3.070000,0.000000,3.070000,3.070000,0.000000,as_expected
FEE0002393,TRF0002429,4.150000,0.000000,4.150000,4.150000,0.000000,as_expected
FEE0002394,TRF0002430,4.740000,0.000000,4.740000,4.740000,0.000000,as_expected
FEE0002395,TRF0002431,5.160000,0.000000,5.160000,5.160000,0.000000,as_expected
FEE0002396,TRF0002432,87.540000,0.000000,87.540000,87.540000,0.000000,as_expected
FEE0002397,TRF0002433,61.770000,0.000000,61.770000,61.770000,0.000000,as_expected
FEE0002398,TRF0002434,5.680000,0.000000,5.680000,5.680000,0.000000,as_expected
FEE0002399,TRF0002435,21.220000,2.160000,19.060000,19.060000,0.000000,approved_price_investment
FEE0002400,TRF0002436,14.650000,0.000000,14.650000,14.650000,0.000000,as_expected
FEE0002401,TRF0002437,1.570000,0.000000,1.570000,1.570000,0.000000,as_expected
FEE0002402,TRF0002438,4.570000,0.000000,4.570000,4.570000,0.000000,as_expected
FEE0002403,TRF0002439,4.100000,0.000000,4.100000,4.100000,0.000000,as_expected
FEE0002404,TRF0002440,2.180000,0.000000,2.180000,2.180000,0.000000,as_expected
FEE0002405,TRF0002441,4.680000,0.000000,4.680000,4.680000,0.000000,as_expected
FEE0002406,TRF0002442,7.260000,0.000000,7.260000,7.260000,0.000000,as_expected
FEE0002407,TRF0002443,8.190000,0.000000,8.190000,8.190000,0.000000,as_expected
FEE0002408,TRF0002444,7.270000,0.000000,7.270000,7.270000,0.000000,as_expected
FEE0002409,TRF0002445,2.880000,0.000000,2.880000,2.880000,0.000000,as_expected
FEE0002410,TRF0002446,4.290000,0.000000,4.290000,4.290000,0.000000,as_expected
FEE0002411,TRF0002447,4.360000,0.000000,4.360000,4.360000,0.000000,as_expected
FEE0002412,TRF0002449,5.960000,0.000000,5.960000,5.960000,0.000000,as_expected
FEE0002413,TRF0002450,59.200000,0.000000,59.200000,59.200000,0.000000,as_expected
FEE0002414,TRF0002451,6.110000,0.000000,6.110000,6.110000,0.000000,as_expected
FEE0002415,TRF0002452,1.160000,0.000000,1.160000,1.160000,0.000000,as_expected
FEE0002416,TRF0002453,12.410000,0.000000,12.410000,12.410000,0.000000,as_expected
FEE0002417,TRF0002454,58.170000,0.000000,58.170000,58.170000,0.000000,as_expected
FEE0002418,TRF0002455,3.900000,0.000000,3.900000,3.900000,0.000000,as_expected
FEE0002419,TRF0002456,6.210000,0.000000,6.210000,6.210000,0.000000,as_expected
FEE0002420,TRF0002457,2.530000,0.000000,2.530000,2.530000,0.000000,as_expected
FEE0002421,TRF0002458,44.530000,0.000000,44.530000,44.530000,0.000000,as_expected
FEE0002422,TRF0002459,5.700000,0.000000,5.700000,5.700000,0.000000,as_expected
FEE0002423,TRF0002460,29.340000,0.000000,29.340000,29.340000,0.000000,as_expected
FEE0002424,TRF0002461,10.940000,0.000000,10.940000,10.940000,0.000000,as_expected
FEE0002425,TRF0002462,3.320000,0.000000,3.320000,3.320000,0.000000,as_expected
FEE0002426,TRF0002463,7.580000,0.000000,7.580000,7.580000,0.000000,as_expected
FEE0002427,TRF0002464,46.090000,0.000000,46.090000,46.090000,0.000000,as_expected
FEE0002428,TRF0002465,11.370000,0.000000,11.370000,11.370000,0.000000,as_expected
FEE0002429,TRF0002466,55.070000,0.000000,55.070000,55.070000,0.000000,as_expected
FEE0002430,TRF0002467,47.130000,0.000000,47.130000,47.130000,0.000000,as_expected
FEE0002431,TRF0002468,1.710000,0.000000,1.710000,1.710000,0.000000,as_expected
FEE0002432,TRF0002469,117.770000,0.000000,117.770000,117.770000,0.000000,as_expected
FEE0002433,TRF0002470,4.240000,0.000000,4.240000,4.240000,0.000000,as_expected
FEE0002434,TRF0002471,2.440000,0.000000,2.440000,2.440000,0.000000,as_expected
FEE0002435,TRF0002472,5.500000,0.000000,5.500000,5.500000,0.000000,as_expected
FEE0002436,TRF0002473,13.170000,0.000000,13.170000,13.170000,0.000000,as_expected
FEE0002437,TRF0002474,78.010000,0.000000,78.010000,78.010000,0.000000,as_expected
FEE0002438,TRF0002475,1.720000,0.000000,1.720000,1.720000,0.000000,as_expected
FEE0002439,TRF0002476,8.010000,0.000000,8.010000,8.010000,0.000000,as_expected
FEE0002440,TRF0002477,135.700000,0.000000,135.700000,135.700000,0.000000,as_expected
FEE0002441,TRF0002478,3.370000,0.300000,3.070000,3.070000,0.000000,approved_price_investment
FEE0002442,TRF0002479,11.120000,0.000000,11.120000,11.120000,0.000000,as_expected
FEE0002443,TRF0002480,5.160000,0.000000,5.160000,5.160000,0.000000,as_expected
FEE0002444,TRF0002481,14.600000,0.000000,14.600000,14.600000,0.000000,as_expected
FEE0002445,TRF0002482,1.120000,0.000000,1.120000,1.120000,0.000000,as_expected
FEE0002446,TRF0002483,7.840000,0.000000,7.840000,7.840000,0.000000,as_expected
FEE0002447,TRF0002484,43.740000,0.000000,43.740000,43.740000,0.000000,as_expected
FEE0002448,TRF0002485,2.390000,0.000000,2.390000,2.390000,0.000000,as_expected
FEE0002449,TRF0002486,7.620000,0.000000,7.620000,7.620000,0.000000,as_expected
FEE0002450,TRF0002487,15.650000,0.000000,15.650000,15.650000,0.000000,as_expected
FEE0002451,TRF0002488,32.470000,0.000000,32.470000,32.470000,0.000000,as_expected
FEE0002452,TRF0002489,117.140000,0.000000,117.140000,117.140000,0.000000,as_expected
FEE0002453,TRF0002490,3.260000,0.000000,3.260000,3.260000,0.000000,as_expected
FEE0002454,TRF0002491,9.370000,0.000000,9.370000,9.370000,0.000000,as_expected
FEE0002455,TRF0002492,116.330000,0.000000,116.330000,116.330000,0.000000,as_expected
FEE0002456,TRF0002493,12.630000,0.000000,12.630000,12.630000,0.000000,as_expected
FEE0002457,TRF0002494,2.060000,0.000000,2.060000,2.060000,0.000000,as_expected
FEE0002458,TRF0002495,34.170000,0.000000,34.170000,34.170000,0.000000,as_expected
FEE0002459,TRF0002496,13.830000,0.000000,13.830000,13.830000,0.000000,as_expected
FEE0002460,TRF0002497,5.680000,0.000000,5.680000,5.680000,0.000000,as_expected
FEE0002461,TRF0002498,2.640000,0.000000,2.640000,1.780000,0.860000,unexpected_shortfall
FEE0002462,TRF0002499,8.590000,0.000000,8.590000,8.590000,0.000000,as_expected
FEE0002463,TRF0002500,4.070000,0.000000,4.070000,4.070000,0.000000,as_expected
FEE0002464,TRF0002501,9.730000,0.000000,9.730000,9.730000,0.000000,as_expected
FEE0002465,TRF0002502,14.450000,0.000000,14.450000,14.450000,0.000000,as_expected
FEE0002466,TRF0002503,27.610000,0.000000,27.610000,27.610000,0.000000,as_expected
FEE0002467,TRF0002504,7.820000,0.000000,7.820000,7.820000,0.000000,as_expected
FEE0002468,TRF0002505,93.290000,0.000000,93.290000,93.290000,0.000000,as_expected
FEE0002469,TRF0002506,1.090000,0.000000,1.090000,1.090000,0.000000,as_expected
FEE0002470,TRF0002508,174.700000,0.000000,174.700000,174.700000,0.000000,as_expected
FEE0002471,TRF0002509,2.860000,0.000000,2.860000,2.860000,0.000000,as_expected
FEE0002472,TRF0002510,42.040000,0.000000,42.040000,42.040000,0.000000,as_expected
FEE0002473,TRF0002511,39.550000,0.000000,39.550000,39.550000,0.000000,as_expected
FEE0002474,TRF0002512,5.550000,0.000000,5.550000,5.550000,0.000000,as_expected
FEE0002475,TRF0002513,2.260000,0.000000,2.260000,2.260000,0.000000,as_expected
FEE0002476,TRF0002514,2.570000,0.000000,2.570000,2.570000,0.000000,as_expected
FEE0002477,TRF0002515,4.400000,0.000000,4.400000,4.400000,0.000000,as_expected
FEE0002478,TRF0002516,140.820000,0.000000,140.820000,140.820000,0.000000,as_expected
FEE0002479,TRF0002517,32.560000,0.000000,32.560000,32.560000,0.000000,as_expected
FEE0002480,TRF0002518,11.660000,0.000000,11.660000,11.660000,0.000000,as_expected
FEE0002481,TRF0002519,3.830000,0.000000,3.830000,3.830000,0.000000,as_expected
FEE0002482,TRF0002520,4.680000,0.000000,4.680000,4.680000,0.000000,as_expected
FEE0002483,TRF0002521,0.700000,0.000000,0.700000,0.700000,0.000000,as_expected
FEE0002484,TRF0002522,3.410000,0.000000,3.410000,3.410000,0.000000,as_expected
FEE0002485,TRF0002523,2.790000,0.000000,2.790000,2.790000,0.000000,as_expected
FEE0002486,TRF0002524,9.740000,0.000000,9.740000,9.740000,0.000000,as_expected
FEE0002487,TRF0002525,2.440000,0.000000,2.440000,2.440000,0.000000,as_expected
FEE0002488,TRF0002526,5.260000,0.000000,5.260000,5.260000,0.000000,as_expected
FEE0002489,TRF0002527,19.230000,0.000000,19.230000,19.230000,0.000000,as_expected
FEE0002490,TRF0002528,9.500000,0.000000,9.500000,9.500000,0.000000,as_expected
FEE0002491,TRF0002529,8.330000,0.000000,8.330000,8.330000,0.000000,as_expected
FEE0002492,TRF0002530,3.740000,0.000000,3.740000,3.740000,0.000000,as_expected
FEE0002493,TRF0002531,6.430000,0.000000,6.430000,6.430000,0.000000,as_expected
FEE0002494,TRF0002532,1.000000,0.000000,1.000000,1.000000,0.000000,as_expected
FEE0002495,TRF0002533,183.850000,0.000000,183.850000,183.850000,0.000000,as_expected
FEE0002496,TRF0002534,23.910000,0.000000,23.910000,23.910000,0.000000,as_expected
FEE0002497,TRF0002535,1.490000,0.000000,1.490000,1.490000,0.000000,as_expected
FEE0002498,TRF0002536,1.470000,0.000000,1.470000,1.470000,0.000000,as_expected
FEE0002499,TRF0002537,1.720000,0.130000,1.590000,1.590000,0.000000,approved_price_investment
FEE0002500,TRF0002538,13.020000,0.000000,13.020000,13.020000,0.000000,as_expected
FEE0002501,TRF0002539,4.300000,0.000000,4.300000,4.300000,0.000000,as_expected
FEE0002502,TRF0002540,3.290000,0.000000,3.290000,3.290000,0.000000,as_expected
FEE0002503,TRF0002541,23.380000,0.000000,23.380000,23.380000,0.000000,as_expected
FEE0002504,TRF0002542,21.760000,0.000000,21.760000,21.760000,0.000000,as_expected
FEE0002505,TRF0002543,4.340000,0.000000,4.340000,4.340000,0.000000,as_expected
FEE0002506,TRF0002544,4.260000,0.000000,4.260000,4.260000,0.000000,as_expected
FEE0002507,TRF0002545,4.610000,0.000000,4.610000,4.610000,0.000000,as_expected
FEE0002508,TRF0002546,4.240000,0.000000,4.240000,4.240000,0.000000,as_expected
FEE0002509,TRF0002547,5.790000,0.000000,5.790000,5.790000,0.000000,as_expected
FEE0002510,TRF0002548,16.070000,0.000000,16.070000,16.070000,0.000000,as_expected
FEE0002511,TRF0002549,2.590000,0.000000,2.590000,2.590000,0.000000,as_expected
FEE0002512,TRF0002550,2.250000,0.000000,2.250000,2.250000,0.000000,as_expected
FEE0002513,TRF0002551,72.650000,0.000000,72.650000,72.650000,0.000000,as_expected
FEE0002514,TRF0002552,6.090000,0.000000,6.090000,6.090000,0.000000,as_expected
FEE0002515,TRF0002553,97.920000,0.000000,97.920000,97.920000,0.000000,as_expected
FEE0002516,TRF0002554,6.400000,0.000000,6.400000,6.400000,0.000000,as_expected
FEE0002517,TRF0002555,58.970000,0.000000,58.970000,58.970000,0.000000,as_expected
FEE0002518,TRF0002556,18.750000,0.000000,18.750000,18.750000,0.000000,as_expected
FEE0002519,TRF0002557,0.740000,0.000000,0.740000,0.740000,0.000000,as_expected
FEE0002520,TRF0002558,10.960000,0.000000,10.960000,10.960000,0.000000,as_expected
FEE0002521,TRF0002559,3.030000,0.000000,3.030000,3.030000,0.000000,as_expected
FEE0002522,TRF0002560,12.640000,0.000000,12.640000,12.640000,0.000000,as_expected
FEE0002523,TRF0002561,1.450000,0.000000,1.450000,1.450000,0.000000,as_expected
FEE0002524,TRF0002562,3.580000,0.000000,3.580000,3.580000,0.000000,as_expected
FEE0002525,TRF0002563,4.960000,0.000000,4.960000,4.960000,0.000000,as_expected
FEE0002526,TRF0002564,5.310000,0.000000,5.310000,5.310000,0.000000,as_expected
FEE0002527,TRF0002565,2.230000,0.000000,2.230000,2.230000,0.000000,as_expected
FEE0002528,TRF0002566,8.580000,0.000000,8.580000,8.580000,0.000000,as_expected
FEE0002529,TRF0002567,4.570000,0.000000,4.570000,4.570000,0.000000,as_expected
FEE0002530,TRF0002568,3.540000,0.000000,3.540000,3.540000,0.000000,as_expected
FEE0002531,TRF0002569,4.180000,0.000000,4.180000,4.180000,0.000000,as_expected
FEE0002532,TRF0002570,10.380000,0.000000,10.380000,10.380000,0.000000,as_expected
FEE0002533,TRF0002571,2.240000,0.000000,2.240000,2.240000,0.000000,as_expected
FEE0002534,TRF0002572,9.880000,0.000000,9.880000,9.880000,0.000000,as_expected
FEE0002535,TRF0002573,2.960000,0.000000,2.960000,2.960000,0.000000,as_expected
FEE0002536,TRF0002574,17.680000,0.000000,17.680000,17.680000,0.000000,as_expected
FEE0002537,TRF0002575,59.430000,0.000000,59.430000,59.430000,0.000000,as_expected
FEE0002538,TRF0002576,7.340000,0.000000,7.340000,7.340000,0.000000,as_expected
FEE0002539,TRF0002577,49.690000,4.310000,45.380000,45.380000,0.000000,approved_price_investment
FEE0002540,TRF0002578,2.380000,0.000000,2.380000,2.380000,0.000000,as_expected
FEE0002541,TRF0002579,39.450000,0.000000,39.450000,39.450000,0.000000,as_expected
FEE0002542,TRF0002580,11.370000,0.000000,11.370000,11.370000,0.000000,as_expected
FEE0002543,TRF0002581,5.330000,0.000000,5.330000,5.330000,0.000000,as_expected
FEE0002544,TRF0002582,2.370000,0.000000,2.370000,2.370000,0.000000,as_expected
FEE0002545,TRF0002583,16.350000,0.000000,16.350000,16.350000,0.000000,as_expected
FEE0002546,TRF0002584,5.510000,0.000000,5.510000,5.510000,0.000000,as_expected
FEE0002547,TRF0002587,4.230000,0.000000,4.230000,4.230000,0.000000,as_expected
FEE0002548,TRF0002588,2.420000,0.000000,2.420000,2.420000,0.000000,as_expected
FEE0002549,TRF0002589,1.990000,0.000000,1.990000,1.990000,0.000000,as_expected
FEE0002550,TRF0002590,4.330000,0.000000,4.330000,4.330000,0.000000,as_expected
FEE0002551,TRF0002591,1.840000,0.000000,1.840000,1.840000,0.000000,as_expected
FEE0002552,TRF0002592,4.770000,0.000000,4.770000,4.770000,0.000000,as_expected
FEE0002553,TRF0002593,1.270000,0.000000,1.270000,1.270000,0.000000,as_expected
FEE0002554,TRF0002594,3.770000,0.000000,3.770000,3.770000,0.000000,as_expected
FEE0002555,TRF0002595,69.700000,0.000000,69.700000,69.700000,0.000000,as_expected
FEE0002556,TRF0002596,3.130000,0.000000,3.130000,3.130000,0.000000,as_expected
FEE0002557,TRF0002597,22.260000,0.000000,22.260000,22.260000,0.000000,as_expected
FEE0002558,TRF0002598,84.870000,0.000000,84.870000,84.870000,0.000000,as_expected
FEE0002559,TRF0002599,28.640000,0.000000,28.640000,28.640000,0.000000,as_expected
FEE0002560,TRF0002600,149.310000,0.000000,149.310000,149.310000,0.000000,as_expected
FEE0002561,TRF0002601,1.930000,0.000000,1.930000,1.930000,0.000000,as_expected
FEE0002562,TRF0002602,40.450000,3.440000,37.010000,37.010000,0.000000,approved_price_investment
FEE0002563,TRF0002603,1.620000,0.000000,1.620000,1.620000,0.000000,as_expected
FEE0002564,TRF0002604,4.120000,0.000000,4.120000,4.120000,0.000000,as_expected
FEE0002565,TRF0002605,5.330000,0.000000,5.330000,5.330000,0.000000,as_expected
FEE0002566,TRF0002606,2.650000,0.000000,2.650000,2.650000,0.000000,as_expected
FEE0002567,TRF0002607,1.860000,0.000000,1.860000,1.860000,0.000000,as_expected
FEE0002568,TRF0002608,3.830000,0.000000,3.830000,3.830000,0.000000,as_expected
FEE0002569,TRF0002609,2.680000,0.000000,2.680000,2.680000,0.000000,as_expected
FEE0002570,TRF0002610,3.470000,0.000000,3.470000,3.470000,0.000000,as_expected
FEE0002571,TRF0002611,4.950000,0.000000,4.950000,4.950000,0.000000,as_expected
FEE0002572,TRF0002612,2.590000,0.000000,2.590000,2.590000,0.000000,as_expected
FEE0002573,TRF0002613,60.630000,0.000000,60.630000,60.630000,0.000000,as_expected
FEE0002574,TRF0002614,3.140000,0.000000,3.140000,3.140000,0.000000,as_expected
FEE0002575,TRF0002615,2.140000,0.000000,2.140000,2.140000,0.000000,as_expected
FEE0002576,TRF0002616,83.610000,0.000000,83.610000,83.610000,0.000000,as_expected
FEE0002577,TRF0002618,133.790000,0.000000,133.790000,133.790000,0.000000,as_expected
FEE0002578,TRF0002619,20.890000,2.330000,18.560000,18.560000,0.000000,approved_price_investment
FEE0002579,TRF0002620,6.230000,0.000000,6.230000,6.230000,0.000000,as_expected
FEE0002580,TRF0002621,4.440000,0.000000,4.440000,4.440000,0.000000,as_expected
FEE0002581,TRF0002622,3.320000,0.220000,3.100000,3.100000,0.000000,approved_price_investment
FEE0002582,TRF0002623,3.620000,0.000000,3.620000,3.620000,0.000000,as_expected
FEE0002583,TRF0002624,8.420000,0.000000,8.420000,8.420000,0.000000,as_expected
FEE0002584,TRF0002625,13.370000,0.000000,13.370000,13.370000,0.000000,as_expected
FEE0002585,TRF0002626,28.210000,0.000000,28.210000,28.210000,0.000000,as_expected
FEE0002586,TRF0002627,2.320000,0.000000,2.320000,2.320000,0.000000,as_expected
FEE0002587,TRF0002628,3.190000,0.000000,3.190000,3.190000,0.000000,as_expected
FEE0002588,TRF0002629,16.950000,0.000000,16.950000,16.950000,0.000000,as_expected
FEE0002589,TRF0002630,1.400000,0.000000,1.400000,1.400000,0.000000,as_expected
FEE0002590,TRF0002631,2.470000,0.000000,2.470000,2.470000,0.000000,as_expected
FEE0002591,TRF0002632,3.690000,0.000000,3.690000,3.690000,0.000000,as_expected
FEE0002592,TRF0002633,5.210000,0.000000,5.210000,5.210000,0.000000,as_expected
FEE0002593,TRF0002634,4.760000,0.000000,4.760000,4.760000,0.000000,as_expected
FEE0002594,TRF0002635,6.960000,0.000000,6.960000,6.960000,0.000000,as_expected
FEE0002595,TRF0002636,44.090000,0.000000,44.090000,44.090000,0.000000,as_expected
FEE0002596,TRF0002637,1.510000,0.000000,1.510000,1.510000,0.000000,as_expected
FEE0002597,TRF0002638,153.190000,0.000000,153.190000,153.190000,0.000000,as_expected
FEE0002598,TRF0002639,2.170000,0.000000,2.170000,2.170000,0.000000,as_expected
FEE0002599,TRF0002640,0.770000,0.000000,0.770000,0.770000,0.000000,as_expected
FEE0002600,TRF0002641,6.500000,0.000000,6.500000,6.500000,0.000000,as_expected
FEE0002601,TRF0002642,92.080000,0.000000,92.080000,92.080000,0.000000,as_expected
FEE0002602,TRF0002643,78.120000,0.000000,78.120000,78.120000,0.000000,as_expected
FEE0002603,TRF0002644,37.710000,0.000000,37.710000,37.710000,0.000000,as_expected
FEE0002604,TRF0002645,24.590000,0.000000,24.590000,24.590000,0.000000,as_expected
FEE0002605,TRF0002646,4.990000,0.000000,4.990000,4.990000,0.000000,as_expected
FEE0002606,TRF0002647,1.610000,0.000000,1.610000,1.610000,0.000000,as_expected
FEE0002607,TRF0002648,3.990000,0.000000,3.990000,3.990000,0.000000,as_expected
FEE0002608,TRF0002649,1.620000,0.000000,1.620000,1.620000,0.000000,as_expected
FEE0002609,TRF0002650,13.650000,0.000000,13.650000,13.650000,0.000000,as_expected
FEE0002610,TRF0002651,6.350000,0.000000,6.350000,6.350000,0.000000,as_expected
FEE0002611,TRF0002652,1.730000,0.000000,1.730000,1.730000,0.000000,as_expected
FEE0002612,TRF0002653,79.420000,0.000000,79.420000,79.420000,0.000000,as_expected
FEE0002613,TRF0002654,15.950000,0.000000,15.950000,15.950000,0.000000,as_expected
FEE0002614,TRF0002655,24.770000,0.000000,24.770000,24.770000,0.000000,as_expected
FEE0002615,TRF0002656,4.370000,0.000000,4.370000,4.370000,0.000000,as_expected
FEE0002616,TRF0002657,79.670000,0.000000,79.670000,79.670000,0.000000,as_expected
FEE0002617,TRF0002658,2.150000,0.000000,2.150000,2.150000,0.000000,as_expected
FEE0002618,TRF0002659,2.420000,0.000000,2.420000,2.420000,0.000000,as_expected
FEE0002619,TRF0002660,337.060000,0.000000,337.060000,337.060000,0.000000,as_expected
FEE0002620,TRF0002661,3.200000,0.000000,3.200000,3.200000,0.000000,as_expected
FEE0002621,TRF0002662,2.080000,0.000000,2.080000,2.080000,0.000000,as_expected
FEE0002622,TRF0002663,133.340000,0.000000,133.340000,133.340000,0.000000,as_expected
FEE0002623,TRF0002664,127.790000,0.000000,127.790000,80.000000,47.790000,unexpected_shortfall
FEE0002624,TRF0002665,2.220000,0.000000,2.220000,2.220000,0.000000,as_expected
FEE0002625,TRF0002666,16.410000,0.000000,16.410000,16.410000,0.000000,as_expected
FEE0002626,TRF0002667,14.380000,0.000000,14.380000,14.380000,0.000000,as_expected
FEE0002627,TRF0002668,8.160000,0.000000,8.160000,8.160000,0.000000,as_expected
FEE0002628,TRF0002669,11.180000,0.000000,11.180000,11.180000,0.000000,as_expected
FEE0002629,TRF0002670,2.160000,0.000000,2.160000,2.160000,0.000000,as_expected
FEE0002630,TRF0002671,185.070000,0.000000,185.070000,185.070000,0.000000,as_expected
FEE0002631,TRF0002672,7.520000,0.000000,7.520000,7.520000,0.000000,as_expected
FEE0002632,TRF0002673,61.170000,0.000000,61.170000,61.170000,0.000000,as_expected
FEE0002633,TRF0002674,3.330000,0.000000,3.330000,3.330000,0.000000,as_expected
FEE0002634,TRF0002675,3.640000,0.330000,3.310000,3.310000,0.000000,approved_price_investment
FEE0002635,TRF0002676,13.120000,0.000000,13.120000,13.120000,0.000000,as_expected
FEE0002636,TRF0002677,3.850000,0.260000,3.590000,3.590000,0.000000,approved_price_investment
FEE0002637,TRF0002678,4.750000,0.000000,4.750000,4.750000,0.000000,as_expected
FEE0002638,TRF0002679,5.910000,0.000000,5.910000,5.910000,0.000000,as_expected
FEE0002639,TRF0002680,1.600000,0.000000,1.600000,1.600000,0.000000,as_expected
FEE0002640,TRF0002681,3.400000,0.000000,3.400000,3.400000,0.000000,as_expected
FEE0002641,TRF0002682,2.330000,0.000000,2.330000,2.330000,0.000000,as_expected
FEE0002642,TRF0002683,94.890000,0.000000,94.890000,94.890000,0.000000,as_expected
FEE0002643,TRF0002684,7.430000,0.780000,6.650000,6.650000,0.000000,approved_price_investment
FEE0002644,TRF0002685,56.400000,0.000000,56.400000,56.400000,0.000000,as_expected
FEE0002645,TRF0002686,105.610000,0.000000,105.610000,105.610000,0.000000,as_expected
FEE0002646,TRF0002687,4.610000,0.480000,4.130000,4.130000,0.000000,approved_price_investment
FEE0002647,TRF0002688,64.910000,0.000000,64.910000,64.910000,0.000000,as_expected
FEE0002648,TRF0002689,3.150000,0.000000,3.150000,3.150000,0.000000,as_expected
FEE0002649,TRF0002690,4.980000,0.000000,4.980000,4.980000,0.000000,as_expected
FEE0002650,TRF0002691,11.930000,0.000000,11.930000,11.930000,0.000000,as_expected
FEE0002651,TRF0002692,3.940000,0.000000,3.940000,3.940000,0.000000,as_expected
FEE0002652,TRF0002693,2.200000,0.000000,2.200000,2.200000,0.000000,as_expected
FEE0002653,TRF0002694,36.320000,0.000000,36.320000,36.320000,0.000000,as_expected
FEE0002654,TRF0002695,2.160000,0.000000,2.160000,2.160000,0.000000,as_expected
FEE0002655,TRF0002696,3.370000,0.000000,3.370000,3.370000,0.000000,as_expected
FEE0002656,TRF0002697,9.250000,0.000000,9.250000,9.250000,0.000000,as_expected
FEE0002657,TRF0002698,5.850000,0.000000,5.850000,5.850000,0.000000,as_expected
FEE0002658,TRF0002699,6.390000,0.000000,6.390000,6.390000,0.000000,as_expected
FEE0002659,TRF0002700,2.750000,0.000000,2.750000,2.750000,0.000000,as_expected
FEE0002660,TRF0002701,8.010000,0.000000,8.010000,8.010000,0.000000,as_expected
FEE0002661,TRF0002702,4.650000,0.000000,4.650000,4.650000,0.000000,as_expected
FEE0002662,TRF0002703,1.960000,0.000000,1.960000,1.960000,0.000000,as_expected
FEE0002663,TRF0002704,109.810000,0.000000,109.810000,109.810000,0.000000,as_expected
FEE0002664,TRF0002705,1.720000,0.000000,1.720000,1.720000,0.000000,as_expected
FEE0002665,TRF0002706,42.850000,0.000000,42.850000,42.850000,0.000000,as_expected
FEE0002666,TRF0002707,0.980000,0.050000,0.930000,0.930000,0.000000,approved_price_investment
FEE0002667,TRF0002708,1.380000,0.000000,1.380000,1.380000,0.000000,as_expected
FEE0002668,TRF0002709,15.350000,0.000000,15.350000,9.720000,5.630000,unexpected_shortfall
FEE0002669,TRF0002710,22.820000,0.000000,22.820000,22.820000,0.000000,as_expected
FEE0002670,TRF0002711,5.770000,0.000000,5.770000,5.770000,0.000000,as_expected
FEE0002671,TRF0002712,9.670000,0.000000,9.670000,9.670000,0.000000,as_expected
FEE0002672,TRF0002713,36.120000,0.000000,36.120000,36.120000,0.000000,as_expected
FEE0002673,TRF0002714,2.920000,0.000000,2.920000,2.920000,0.000000,as_expected
FEE0002674,TRF0002715,30.850000,0.000000,30.850000,30.850000,0.000000,as_expected
FEE0002675,TRF0002716,3.610000,0.000000,3.610000,3.610000,0.000000,as_expected
FEE0002676,TRF0002717,12.040000,0.000000,12.040000,12.040000,0.000000,as_expected
FEE0002677,TRF0002718,26.010000,0.000000,26.010000,26.010000,0.000000,as_expected
FEE0002678,TRF0002719,2.330000,0.000000,2.330000,2.330000,0.000000,as_expected
FEE0002679,TRF0002720,4.830000,0.460000,4.370000,4.370000,0.000000,approved_price_investment
FEE0002680,TRF0002721,22.080000,0.000000,22.080000,22.080000,0.000000,as_expected
FEE0002681,TRF0002722,9.620000,0.000000,9.620000,9.620000,0.000000,as_expected
FEE0002682,TRF0002723,2.140000,0.000000,2.140000,2.140000,0.000000,as_expected
FEE0002683,TRF0002724,2.910000,0.000000,2.910000,2.910000,0.000000,as_expected
FEE0002684,TRF0002725,46.370000,0.000000,46.370000,46.370000,0.000000,as_expected
FEE0002685,TRF0002726,7.730000,0.000000,7.730000,7.730000,0.000000,as_expected
FEE0002686,TRF0002727,2.730000,0.000000,2.730000,2.730000,0.000000,as_expected
FEE0002687,TRF0002728,4.730000,0.000000,4.730000,4.730000,0.000000,as_expected
FEE0002688,TRF0002729,7.140000,0.000000,7.140000,7.140000,0.000000,as_expected
FEE0002689,TRF0002730,32.550000,0.000000,32.550000,32.550000,0.000000,as_expected
FEE0002690,TRF0002731,2.330000,0.000000,2.330000,2.330000,0.000000,as_expected
FEE0002691,TRF0002732,21.820000,0.000000,21.820000,21.820000,0.000000,as_expected
FEE0002692,TRF0002733,12.710000,0.000000,12.710000,12.710000,0.000000,as_expected
FEE0002693,TRF0002734,8.010000,0.000000,8.010000,8.010000,0.000000,as_expected
FEE0002694,TRF0002735,1.880000,0.000000,1.880000,1.880000,0.000000,as_expected
FEE0002695,TRF0002736,5.990000,0.000000,5.990000,5.990000,0.000000,as_expected
FEE0002696,TRF0002737,9.720000,0.000000,9.720000,9.720000,0.000000,as_expected
FEE0002697,TRF0002738,5.950000,0.000000,5.950000,5.950000,0.000000,as_expected
FEE0002698,TRF0002739,15.090000,0.000000,15.090000,9.560000,5.530000,unexpected_shortfall
FEE0002699,TRF0002740,3.310000,0.300000,3.010000,3.010000,0.000000,approved_price_investment
FEE0002700,TRF0002741,4.870000,0.000000,4.870000,4.870000,0.000000,as_expected
FEE0002701,TRF0002742,158.710000,0.000000,158.710000,158.710000,0.000000,as_expected
FEE0002702,TRF0002743,57.630000,0.000000,57.630000,57.630000,0.000000,as_expected
FEE0002703,TRF0002744,2.000000,0.000000,2.000000,2.000000,0.000000,as_expected
FEE0002704,TRF0002745,39.860000,0.000000,39.860000,25.040000,14.820000,unexpected_shortfall
FEE0002705,TRF0002746,30.790000,0.000000,30.790000,30.790000,0.000000,as_expected
FEE0002706,TRF0002747,2.850000,0.000000,2.850000,2.850000,0.000000,as_expected
FEE0002707,TRF0002748,5.120000,0.000000,5.120000,5.120000,0.000000,as_expected
FEE0002708,TRF0002750,4.210000,0.000000,4.210000,4.210000,0.000000,as_expected
FEE0002709,TRF0002751,51.510000,0.000000,51.510000,51.510000,0.000000,as_expected
FEE0002710,TRF0002752,48.960000,0.000000,48.960000,48.960000,0.000000,as_expected
FEE0002711,TRF0002753,14.740000,0.000000,14.740000,14.740000,0.000000,as_expected
FEE0002712,TRF0002754,4.270000,0.000000,4.270000,4.270000,0.000000,as_expected
FEE0002713,TRF0002755,1.800000,0.000000,1.800000,1.800000,0.000000,as_expected
FEE0002714,TRF0002756,1.960000,0.000000,1.960000,1.960000,0.000000,as_expected
FEE0002715,TRF0002757,7.900000,0.000000,7.900000,7.900000,0.000000,as_expected
FEE0002716,TRF0002758,14.260000,1.580000,12.680000,12.680000,0.000000,approved_price_investment
FEE0002717,TRF0002759,96.480000,0.000000,96.480000,96.480000,0.000000,as_expected
FEE0002718,TRF0002760,2.610000,0.000000,2.610000,2.610000,0.000000,as_expected
FEE0002719,TRF0002761,2.140000,0.000000,2.140000,2.140000,0.000000,as_expected
FEE0002720,TRF0002762,5.570000,0.000000,5.570000,5.570000,0.000000,as_expected
FEE0002721,TRF0002763,2.620000,0.000000,2.620000,2.620000,0.000000,as_expected
FEE0002722,TRF0002764,28.550000,0.000000,28.550000,28.550000,0.000000,as_expected
FEE0002723,TRF0002765,6.570000,0.000000,6.570000,6.570000,0.000000,as_expected
FEE0002724,TRF0002766,5.020000,0.000000,5.020000,5.020000,0.000000,as_expected
FEE0002725,TRF0002767,5.660000,0.000000,5.660000,5.660000,0.000000,as_expected
FEE0002726,TRF0002768,31.550000,0.000000,31.550000,31.550000,0.000000,as_expected
FEE0002727,TRF0002769,6.260000,0.000000,6.260000,6.260000,0.000000,as_expected
FEE0002728,TRF0002770,7.000000,0.000000,7.000000,7.000000,0.000000,as_expected
FEE0002729,TRF0002771,22.170000,0.000000,22.170000,22.170000,0.000000,as_expected
FEE0002730,TRF0002772,2.980000,0.260000,2.720000,2.720000,0.000000,approved_price_investment
FEE0002731,TRF0002773,3.240000,0.000000,3.240000,3.240000,0.000000,as_expected
FEE0002732,TRF0002774,5.010000,0.000000,5.010000,5.010000,0.000000,as_expected
FEE0002733,TRF0002775,9.170000,0.000000,9.170000,9.170000,0.000000,as_expected
FEE0002734,TRF0002776,5.880000,0.000000,5.880000,5.880000,0.000000,as_expected
FEE0002735,TRF0002777,32.540000,0.000000,32.540000,32.540000,0.000000,as_expected
FEE0002736,TRF0002778,1.710000,0.000000,1.710000,1.710000,0.000000,as_expected
FEE0002737,TRF0002779,59.250000,0.000000,59.250000,59.250000,0.000000,as_expected
FEE0002738,TRF0002780,93.580000,0.000000,93.580000,93.580000,0.000000,as_expected
FEE0002739,TRF0002781,3.430000,0.000000,3.430000,3.430000,0.000000,as_expected
FEE0002740,TRF0002782,7.050000,0.000000,7.050000,7.050000,0.000000,as_expected
FEE0002741,TRF0002783,2.360000,0.000000,2.360000,2.360000,0.000000,as_expected
FEE0002742,TRF0002784,3.150000,0.000000,3.150000,3.150000,0.000000,as_expected
FEE0002743,TRF0002785,11.170000,0.000000,11.170000,11.170000,0.000000,as_expected
FEE0002744,TRF0002786,6.080000,0.000000,6.080000,6.080000,0.000000,as_expected
FEE0002745,TRF0002787,2.060000,0.000000,2.060000,2.060000,0.000000,as_expected
FEE0002746,TRF0002788,3.500000,0.000000,3.500000,3.500000,0.000000,as_expected
FEE0002747,TRF0002789,0.810000,0.000000,0.810000,0.810000,0.000000,as_expected
FEE0002748,TRF0002790,14.870000,0.000000,14.870000,14.870000,0.000000,as_expected
FEE0002749,TRF0002791,39.000000,0.000000,39.000000,39.000000,0.000000,as_expected
FEE0002750,TRF0002792,2.400000,0.000000,2.400000,2.400000,0.000000,as_expected
FEE0002751,TRF0002793,12.870000,0.000000,12.870000,12.870000,0.000000,as_expected
FEE0002752,TRF0002794,1.590000,0.000000,1.590000,1.590000,0.000000,as_expected
FEE0002753,TRF0002795,9.370000,0.000000,9.370000,9.370000,0.000000,as_expected
FEE0002754,TRF0002796,183.610000,0.000000,183.610000,183.610000,0.000000,as_expected
FEE0002755,TRF0002797,2.020000,0.000000,2.020000,2.020000,0.000000,as_expected
FEE0002756,TRF0002798,5.740000,0.000000,5.740000,5.740000,0.000000,as_expected
FEE0002757,TRF0002799,72.640000,0.000000,72.640000,72.640000,0.000000,as_expected
FEE0002758,TRF0002800,5.970000,0.000000,5.970000,5.970000,0.000000,as_expected
FEE0002759,TRF0002801,1.810000,0.000000,1.810000,1.810000,0.000000,as_expected
FEE0002760,TRF0002802,1.930000,0.000000,1.930000,1.930000,0.000000,as_expected
FEE0002761,TRF0002803,418.330000,0.000000,418.330000,418.330000,0.000000,as_expected
FEE0002762,TRF0002804,85.550000,0.000000,85.550000,85.550000,0.000000,as_expected
FEE0002763,TRF0002805,7.650000,0.000000,7.650000,7.650000,0.000000,as_expected
FEE0002764,TRF0002806,2.830000,0.000000,2.830000,2.830000,0.000000,as_expected
FEE0002765,TRF0002807,3.500000,0.000000,3.500000,3.500000,0.000000,as_expected
FEE0002766,TRF0002808,3.190000,0.000000,3.190000,3.190000,0.000000,as_expected
FEE0002767,TRF0002809,74.360000,0.000000,74.360000,74.360000,0.000000,as_expected
FEE0002768,TRF0002810,9.080000,0.000000,9.080000,9.080000,0.000000,as_expected
FEE0002769,TRF0002811,2.890000,0.000000,2.890000,2.890000,0.000000,as_expected
FEE0002770,TRF0002812,6.370000,0.000000,6.370000,6.370000,0.000000,as_expected
FEE0002771,TRF0002813,4.270000,0.000000,4.270000,4.270000,0.000000,as_expected
FEE0002772,TRF0002814,1.590000,0.000000,1.590000,1.590000,0.000000,as_expected
FEE0002773,TRF0002815,2.760000,0.000000,2.760000,2.760000,0.000000,as_expected
FEE0002774,TRF0002816,5.460000,0.000000,5.460000,5.460000,0.000000,as_expected
FEE0002775,TRF0002817,23.340000,0.000000,23.340000,23.340000,0.000000,as_expected
FEE0002776,TRF0002818,21.380000,0.000000,21.380000,21.380000,0.000000,as_expected
FEE0002777,TRF0002819,6.690000,0.000000,6.690000,6.690000,0.000000,as_expected
FEE0002778,TRF0002820,5.390000,0.000000,5.390000,5.390000,0.000000,as_expected
FEE0002779,TRF0002821,34.390000,0.000000,34.390000,21.620000,12.770000,unexpected_shortfall
FEE0002780,TRF0002822,1.330000,0.000000,1.330000,1.330000,0.000000,as_expected
FEE0002781,TRF0002823,3.070000,0.000000,3.070000,3.070000,0.000000,as_expected
FEE0002782,TRF0002824,34.680000,2.990000,31.690000,31.690000,0.000000,approved_price_investment
FEE0002783,TRF0002825,40.070000,0.000000,40.070000,40.070000,0.000000,as_expected
FEE0002784,TRF0002826,13.950000,0.000000,13.950000,13.950000,0.000000,as_expected
FEE0002785,TRF0002827,4.870000,0.000000,4.870000,4.870000,0.000000,as_expected
FEE0002786,TRF0002828,8.520000,0.000000,8.520000,8.520000,0.000000,as_expected
FEE0002787,TRF0002829,32.150000,0.000000,32.150000,32.150000,0.000000,as_expected
FEE0002788,TRF0002830,3.130000,0.000000,3.130000,3.130000,0.000000,as_expected
FEE0002789,TRF0002831,7.310000,0.000000,7.310000,7.310000,0.000000,as_expected
FEE0002790,TRF0002832,2.910000,0.000000,2.910000,2.910000,0.000000,as_expected
FEE0002791,TRF0002833,1.410000,0.000000,1.410000,1.410000,0.000000,as_expected
FEE0002792,TRF0002834,29.980000,0.000000,29.980000,29.980000,0.000000,as_expected
FEE0002793,TRF0002835,2.490000,0.000000,2.490000,2.490000,0.000000,as_expected
FEE0002794,TRF0002836,7.170000,0.000000,7.170000,7.170000,0.000000,as_expected
FEE0002795,TRF0002837,250.880000,21.950000,228.930000,228.930000,0.000000,approved_price_investment
FEE0002796,TRF0002838,2.620000,0.000000,2.620000,2.620000,0.000000,as_expected
FEE0002797,TRF0002839,1.190000,0.000000,1.190000,1.190000,0.000000,as_expected
FEE0002798,TRF0002840,1.350000,0.000000,1.350000,1.350000,0.000000,as_expected
FEE0002799,TRF0002841,2.550000,0.000000,2.550000,2.550000,0.000000,as_expected
FEE0002800,TRF0002842,10.040000,0.000000,10.040000,10.040000,0.000000,as_expected
FEE0002801,TRF0002843,0.860000,0.000000,0.860000,0.860000,0.000000,as_expected
FEE0002802,TRF0002844,1.750000,0.000000,1.750000,1.750000,0.000000,as_expected
FEE0002803,TRF0002845,127.590000,0.000000,127.590000,127.590000,0.000000,as_expected
FEE0002804,TRF0002846,9.660000,0.000000,9.660000,9.660000,0.000000,as_expected
FEE0002805,TRF0002847,2.360000,0.000000,2.360000,2.360000,0.000000,as_expected
FEE0002806,TRF0002848,1.510000,0.000000,1.510000,1.510000,0.000000,as_expected
FEE0002807,TRF0002849,3.690000,0.000000,3.690000,3.690000,0.000000,as_expected
FEE0002808,TRF0002850,5.400000,0.000000,5.400000,5.400000,0.000000,as_expected
FEE0002809,TRF0002851,72.240000,6.280000,65.960000,65.960000,0.000000,approved_price_investment
FEE0002810,TRF0002852,3.910000,0.000000,3.910000,3.910000,0.000000,as_expected
FEE0002811,TRF0002853,3.180000,0.000000,3.180000,3.180000,0.000000,as_expected
FEE0002812,TRF0002854,3.180000,0.210000,2.970000,2.970000,0.000000,approved_price_investment
FEE0002813,TRF0002855,1.410000,0.000000,1.410000,1.410000,0.000000,as_expected
FEE0002814,TRF0002856,5.880000,0.570000,5.310000,5.310000,0.000000,approved_price_investment
FEE0002815,TRF0002857,10.110000,0.000000,10.110000,10.110000,0.000000,as_expected
FEE0002816,TRF0002858,3.870000,0.000000,3.870000,3.870000,0.000000,as_expected
FEE0002817,TRF0002859,1.570000,0.000000,1.570000,1.570000,0.000000,as_expected
FEE0002818,TRF0002860,2.840000,0.000000,2.840000,2.840000,0.000000,as_expected
FEE0002819,TRF0002862,4.950000,0.000000,4.950000,4.950000,0.000000,as_expected
FEE0002820,TRF0002863,4.900000,0.000000,4.900000,4.900000,0.000000,as_expected
FEE0002821,TRF0002864,21.690000,1.820000,19.870000,19.870000,0.000000,approved_price_investment
FEE0002822,TRF0002865,2.320000,0.000000,2.320000,2.320000,0.000000,as_expected
FEE0002823,TRF0002866,29.280000,3.280000,26.000000,26.000000,0.000000,approved_price_investment
FEE0002824,TRF0002867,6.050000,0.000000,6.050000,6.050000,0.000000,as_expected
FEE0002825,TRF0002868,1.370000,0.000000,1.370000,1.370000,0.000000,as_expected
FEE0002826,TRF0002869,57.540000,0.000000,57.540000,36.090000,21.450000,unexpected_shortfall
FEE0002827,TRF0002870,111.590000,12.640000,98.950000,98.950000,0.000000,approved_price_investment
FEE0002828,TRF0002871,10.260000,0.000000,10.260000,10.260000,0.000000,as_expected
FEE0002829,TRF0002872,2.910000,0.000000,2.910000,2.910000,0.000000,as_expected
FEE0002830,TRF0002873,1.330000,0.090000,1.240000,1.240000,0.000000,approved_price_investment
FEE0002831,TRF0002874,2.820000,0.000000,2.820000,2.820000,0.000000,as_expected
FEE0002832,TRF0002875,37.430000,0.000000,37.430000,37.430000,0.000000,as_expected
FEE0002833,TRF0002876,1.680000,0.000000,1.680000,1.680000,0.000000,as_expected
FEE0002834,TRF0002877,6.150000,0.000000,6.150000,6.150000,0.000000,as_expected
FEE0002835,TRF0002878,37.660000,0.000000,37.660000,37.660000,0.000000,as_expected
FEE0002836,TRF0002879,75.930000,0.000000,75.930000,75.930000,0.000000,as_expected
FEE0002837,TRF0002880,1.680000,0.000000,1.680000,1.680000,0.000000,as_expected
FEE0002838,TRF0002881,3.120000,0.000000,3.120000,3.120000,0.000000,as_expected
FEE0002839,TRF0002883,5.540000,0.000000,5.540000,5.540000,0.000000,as_expected
FEE0002840,TRF0002884,5.870000,0.000000,5.870000,5.870000,0.000000,as_expected
FEE0002841,TRF0002885,7.710000,0.000000,7.710000,7.710000,0.000000,as_expected
FEE0002842,TRF0002886,5.440000,0.000000,5.440000,5.440000,0.000000,as_expected
FEE0002843,TRF0002887,2.150000,0.000000,2.150000,2.150000,0.000000,as_expected
FEE0002844,TRF0002888,2.020000,0.110000,1.910000,1.910000,0.000000,approved_price_investment
FEE0002845,TRF0002889,1.320000,0.000000,1.320000,1.320000,0.000000,as_expected
FEE0002846,TRF0002890,43.310000,0.000000,43.310000,43.310000,0.000000,as_expected
FEE0002847,TRF0002891,2.980000,0.190000,2.790000,2.790000,0.000000,approved_price_investment
FEE0002848,TRF0002892,2.450000,0.000000,2.450000,2.450000,0.000000,as_expected
FEE0002849,TRF0002893,1.460000,0.000000,1.460000,1.460000,0.000000,as_expected
FEE0002850,TRF0002894,4.420000,0.000000,4.420000,4.420000,0.000000,as_expected
FEE0002851,TRF0002895,1.930000,0.000000,1.930000,1.930000,0.000000,as_expected
FEE0002852,TRF0002896,22.010000,0.000000,22.010000,22.010000,0.000000,as_expected
FEE0002853,TRF0002897,1.030000,0.000000,1.030000,1.030000,0.000000,as_expected
FEE0002854,TRF0002898,3.380000,0.310000,3.070000,3.070000,0.000000,approved_price_investment
FEE0002855,TRF0002899,55.500000,0.000000,55.500000,55.500000,0.000000,as_expected
FEE0002856,TRF0002900,2.610000,0.000000,2.610000,2.610000,0.000000,as_expected
FEE0002857,TRF0002901,36.610000,0.000000,36.610000,23.010000,13.600000,unexpected_shortfall
FEE0002858,TRF0002902,1.700000,0.000000,1.700000,1.700000,0.000000,as_expected
FEE0002859,TRF0002903,3.430000,0.000000,3.430000,3.430000,0.000000,as_expected
FEE0002860,TRF0002904,4.550000,0.000000,4.550000,4.550000,0.000000,as_expected
FEE0002861,TRF0002905,3.160000,0.000000,3.160000,3.160000,0.000000,as_expected
FEE0002862,TRF0002906,1.930000,0.000000,1.930000,1.930000,0.000000,as_expected
FEE0002863,TRF0002907,8.570000,0.000000,8.570000,8.570000,0.000000,as_expected
FEE0002864,TRF0002908,71.410000,6.100000,65.310000,65.310000,0.000000,approved_price_investment
FEE0002865,TRF0002909,2.920000,0.000000,2.920000,2.920000,0.000000,as_expected
FEE0002866,TRF0002910,15.040000,0.000000,15.040000,15.040000,0.000000,as_expected
FEE0002867,TRF0002911,6.360000,0.000000,6.360000,6.360000,0.000000,as_expected
FEE0002868,TRF0002912,67.480000,0.000000,67.480000,67.480000,0.000000,as_expected
FEE0002869,TRF0002913,36.620000,0.000000,36.620000,36.620000,0.000000,as_expected
FEE0002870,TRF0002914,20.320000,1.610000,18.710000,18.710000,0.000000,approved_price_investment
FEE0002871,TRF0002915,4.030000,0.000000,4.030000,4.030000,0.000000,as_expected
FEE0002872,TRF0002916,2.120000,0.000000,2.120000,2.120000,0.000000,as_expected
FEE0002873,TRF0002917,77.430000,0.000000,77.430000,77.430000,0.000000,as_expected
FEE0002874,TRF0002918,33.530000,0.000000,33.530000,33.530000,0.000000,as_expected
FEE0002875,TRF0002919,0.760000,0.000000,0.760000,0.760000,0.000000,as_expected
FEE0002876,TRF0002920,1.950000,0.000000,1.950000,1.950000,0.000000,as_expected
FEE0002877,TRF0002921,79.080000,0.000000,79.080000,79.080000,0.000000,as_expected
FEE0002878,TRF0002922,6.060000,0.000000,6.060000,6.060000,0.000000,as_expected
FEE0002879,TRF0002923,0.660000,0.000000,0.660000,0.660000,0.000000,as_expected
FEE0002880,TRF0002924,5.330000,0.000000,5.330000,5.330000,0.000000,as_expected
FEE0002881,TRF0002925,9.480000,0.000000,9.480000,9.480000,0.000000,as_expected
FEE0002882,TRF0002926,3.810000,0.000000,3.810000,3.810000,0.000000,as_expected
FEE0002883,TRF0002927,27.760000,0.000000,27.760000,27.760000,0.000000,as_expected
FEE0002884,TRF0002928,2.000000,0.000000,2.000000,2.000000,0.000000,as_expected
FEE0002885,TRF0002929,9.040000,0.000000,9.040000,9.040000,0.000000,as_expected
FEE0002886,TRF0002930,4.780000,0.000000,4.780000,4.780000,0.000000,as_expected
FEE0002887,TRF0002931,2.050000,0.170000,1.880000,1.880000,0.000000,approved_price_investment
FEE0002888,TRF0002932,4.560000,0.000000,4.560000,4.560000,0.000000,as_expected
FEE0002889,TRF0002933,2.240000,0.000000,2.240000,2.240000,0.000000,as_expected
FEE0002890,TRF0002934,7.890000,0.000000,7.890000,7.890000,0.000000,as_expected
FEE0002891,TRF0002935,3.150000,0.000000,3.150000,3.150000,0.000000,as_expected
FEE0002892,TRF0002936,66.210000,0.000000,66.210000,66.210000,0.000000,as_expected
FEE0002893,TRF0002937,3.360000,0.000000,3.360000,3.360000,0.000000,as_expected
FEE0002894,TRF0002938,5.990000,0.000000,5.990000,5.990000,0.000000,as_expected
FEE0002895,TRF0002939,21.560000,0.000000,21.560000,21.560000,0.000000,as_expected
FEE0002896,TRF0002940,28.390000,0.000000,28.390000,28.390000,0.000000,as_expected
FEE0002897,TRF0002941,1.720000,0.000000,1.720000,1.720000,0.000000,as_expected
FEE0002898,TRF0002942,2.660000,0.230000,2.430000,2.430000,0.000000,approved_price_investment
FEE0002899,TRF0002943,18.920000,0.000000,18.920000,18.920000,0.000000,as_expected
FEE0002900,TRF0002944,7.180000,0.000000,7.180000,7.180000,0.000000,as_expected
FEE0002901,TRF0002945,6.270000,0.000000,6.270000,6.270000,0.000000,as_expected
FEE0002902,TRF0002946,7.130000,0.000000,7.130000,7.130000,0.000000,as_expected
FEE0002903,TRF0002947,5.700000,0.000000,5.700000,5.700000,0.000000,as_expected
FEE0002904,TRF0002948,19.450000,0.000000,19.450000,19.450000,0.000000,as_expected
FEE0002905,TRF0002950,8.930000,0.000000,8.930000,8.930000,0.000000,as_expected
FEE0002906,TRF0002951,342.290000,0.000000,342.290000,342.290000,0.000000,as_expected
FEE0002907,TRF0002952,7.930000,0.000000,7.930000,7.930000,0.000000,as_expected
FEE0002908,TRF0002953,53.030000,0.000000,53.030000,53.030000,0.000000,as_expected
FEE0002909,TRF0002954,119.570000,0.000000,119.570000,119.570000,0.000000,as_expected
FEE0002910,TRF0002955,1.450000,0.000000,1.450000,1.450000,0.000000,as_expected
FEE0002911,TRF0002956,7.680000,0.000000,7.680000,7.680000,0.000000,as_expected
FEE0002912,TRF0002957,64.360000,0.000000,64.360000,64.360000,0.000000,as_expected
FEE0002913,TRF0002958,3.480000,0.000000,3.480000,3.480000,0.000000,as_expected
FEE0002914,TRF0002959,76.390000,0.000000,76.390000,76.390000,0.000000,as_expected
FEE0002915,TRF0002960,76.700000,0.000000,76.700000,76.700000,0.000000,as_expected
FEE0002916,TRF0002961,2.860000,0.000000,2.860000,2.860000,0.000000,as_expected
FEE0002917,TRF0002962,2.530000,0.000000,2.530000,2.530000,0.000000,as_expected
FEE0002918,TRF0002963,3.820000,0.000000,3.820000,3.820000,0.000000,as_expected
FEE0002919,TRF0002964,1.570000,0.000000,1.570000,1.570000,0.000000,as_expected
FEE0002920,TRF0002965,80.520000,0.000000,80.520000,80.520000,0.000000,as_expected
FEE0002921,TRF0002966,14.600000,0.000000,14.600000,14.600000,0.000000,as_expected
FEE0002922,TRF0002967,0.820000,0.000000,0.820000,0.820000,0.000000,as_expected
FEE0002923,TRF0002968,40.430000,0.000000,40.430000,40.430000,0.000000,as_expected
FEE0002924,TRF0002969,50.310000,0.000000,50.310000,50.310000,0.000000,as_expected
FEE0002925,TRF0002970,1.390000,0.000000,1.390000,1.390000,0.000000,as_expected
FEE0002926,TRF0002971,14.250000,0.000000,14.250000,14.250000,0.000000,as_expected
FEE0002927,TRF0002972,32.010000,0.000000,32.010000,32.010000,0.000000,as_expected
FEE0002928,TRF0002973,3.050000,0.000000,3.050000,3.050000,0.000000,as_expected
FEE0002929,TRF0002974,2.430000,0.000000,2.430000,2.430000,0.000000,as_expected
FEE0002930,TRF0002975,65.050000,0.000000,65.050000,65.050000,0.000000,as_expected
FEE0002931,TRF0002976,3.250000,0.000000,3.250000,3.250000,0.000000,as_expected
FEE0002932,TRF0002977,14.060000,0.000000,14.060000,14.060000,0.000000,as_expected
FEE0002933,TRF0002978,31.340000,0.000000,31.340000,31.340000,0.000000,as_expected
FEE0002934,TRF0002979,2.730000,0.170000,2.560000,2.560000,0.000000,approved_price_investment
FEE0002935,TRF0002980,10.080000,0.000000,10.080000,10.080000,0.000000,as_expected
FEE0002936,TRF0002981,11.570000,0.000000,11.570000,11.570000,0.000000,as_expected
FEE0002937,TRF0002982,106.760000,0.000000,106.760000,106.760000,0.000000,as_expected
FEE0002938,TRF0002984,22.910000,0.000000,22.910000,22.910000,0.000000,as_expected
FEE0002939,TRF0002985,11.530000,0.000000,11.530000,11.530000,0.000000,as_expected
FEE0002940,TRF0002986,3.150000,0.000000,3.150000,3.150000,0.000000,as_expected
FEE0002941,TRF0002987,2.970000,0.000000,2.970000,2.970000,0.000000,as_expected
FEE0002942,TRF0002988,4.850000,0.000000,4.850000,4.850000,0.000000,as_expected
FEE0002943,TRF0002989,1.940000,0.000000,1.940000,1.940000,0.000000,as_expected
FEE0002944,TRF0002990,4.440000,0.000000,4.440000,4.440000,0.000000,as_expected
FEE0002945,TRF0002991,3.170000,0.000000,3.170000,3.170000,0.000000,as_expected
FEE0002946,TRF0002992,49.770000,0.000000,49.770000,31.240000,18.530000,unexpected_shortfall
FEE0002947,TRF0002993,448.570000,0.000000,448.570000,448.570000,0.000000,as_expected
FEE0002948,TRF0002994,1.270000,0.000000,1.270000,1.270000,0.000000,as_expected
FEE0002949,TRF0002995,2.380000,0.000000,2.380000,2.380000,0.000000,as_expected
FEE0002950,TRF0002996,57.050000,0.000000,57.050000,57.050000,0.000000,as_expected
FEE0002951,TRF0002997,4.200000,0.000000,4.200000,4.200000,0.000000,as_expected
FEE0002952,TRF0002998,4.890000,0.000000,4.890000,4.890000,0.000000,as_expected
FEE0002953,TRF0002999,4.800000,0.000000,4.800000,4.800000,0.000000,as_expected
FEE0002954,TRF0003000,28.210000,0.000000,28.210000,28.210000,0.000000,as_expected
FEE0002955,TRF0003001,13.450000,0.000000,13.450000,13.450000,0.000000,as_expected
FEE0002956,TRF0003002,33.950000,0.000000,33.950000,33.950000,0.000000,as_expected
FEE0002957,TRF0003003,356.470000,0.000000,356.470000,356.470000,0.000000,as_expected
FEE0002958,TRF0003004,5.190000,0.000000,5.190000,5.190000,0.000000,as_expected
FEE0002959,TRF0003005,9.510000,0.000000,9.510000,9.510000,0.000000,as_expected
FEE0002960,TRF0003006,2.850000,0.000000,2.850000,2.850000,0.000000,as_expected
FEE0002961,TRF0003007,88.630000,0.000000,88.630000,88.630000,0.000000,as_expected
FEE0002962,TRF0003008,1.260000,0.000000,1.260000,1.260000,0.000000,as_expected
FEE0002963,TRF0003009,15.070000,0.000000,15.070000,15.070000,0.000000,as_expected
FEE0002964,TRF0003010,6.530000,0.000000,6.530000,6.530000,0.000000,as_expected
FEE0002965,TRF0003011,4.870000,0.000000,4.870000,4.870000,0.000000,as_expected
FEE0002966,TRF0003012,3.860000,0.260000,3.600000,3.600000,0.000000,approved_price_investment
FEE0002967,TRF0003013,13.530000,0.000000,13.530000,13.530000,0.000000,as_expected
FEE0002968,TRF0003014,2.830000,0.180000,2.650000,2.650000,0.000000,approved_price_investment
FEE0002969,TRF0003015,28.380000,0.000000,28.380000,28.380000,0.000000,as_expected
FEE0002970,TRF0003016,37.750000,0.000000,37.750000,37.750000,0.000000,as_expected
FEE0002971,TRF0003017,299.350000,0.000000,299.350000,299.350000,0.000000,as_expected
FEE0002972,TRF0003018,6.290000,0.000000,6.290000,6.290000,0.000000,as_expected
FEE0002973,TRF0003019,20.230000,0.000000,20.230000,20.230000,0.000000,as_expected
FEE0002974,TRF0003020,2.190000,0.000000,2.190000,2.190000,0.000000,as_expected
FEE0002975,TRF0003021,2.530000,0.000000,2.530000,2.530000,0.000000,as_expected
FEE0002976,TRF0003022,6.950000,0.000000,6.950000,6.950000,0.000000,as_expected
FEE0002977,TRF0003023,14.890000,0.000000,14.890000,14.890000,0.000000,as_expected
FEE0002978,TRF0003024,30.490000,0.000000,30.490000,30.490000,0.000000,as_expected
FEE0002979,TRF0003025,3.120000,0.000000,3.120000,3.120000,0.000000,as_expected
FEE0002980,TRF0003026,33.980000,2.930000,31.050000,31.050000,0.000000,approved_price_investment
FEE0002981,TRF0003027,18.680000,0.000000,18.680000,18.680000,0.000000,as_expected
FEE0002982,TRF0003028,2.250000,0.000000,2.250000,2.250000,0.000000,as_expected
FEE0002983,TRF0003029,5.410000,0.000000,5.410000,5.410000,0.000000,as_expected
FEE0002984,TRF0003030,3.180000,0.000000,3.180000,3.180000,0.000000,as_expected
FEE0002985,TRF0003031,9.290000,0.000000,9.290000,9.290000,0.000000,as_expected
FEE0002986,TRF0003032,52.370000,0.000000,52.370000,52.370000,0.000000,as_expected
FEE0002987,TRF0003033,24.890000,0.000000,24.890000,24.890000,0.000000,as_expected
FEE0002988,TRF0003034,2.530000,0.000000,2.530000,2.530000,0.000000,as_expected
FEE0002989,TRF0003035,2.870000,0.000000,2.870000,2.870000,0.000000,as_expected
FEE0002990,TRF0003036,1.810000,0.000000,1.810000,1.810000,0.000000,as_expected
FEE0002991,TRF0003037,1.560000,0.000000,1.560000,1.560000,0.000000,as_expected
FEE0002992,TRF0003038,29.620000,0.000000,29.620000,29.620000,0.000000,as_expected
FEE0002993,TRF0003039,3.340000,0.000000,3.340000,3.340000,0.000000,as_expected
FEE0002994,TRF0003040,18.870000,0.000000,18.870000,18.870000,0.000000,as_expected
FEE0002995,TRF0003041,3.210000,0.000000,3.210000,3.210000,0.000000,as_expected
FEE0002996,TRF0003042,3.160000,0.000000,3.160000,3.160000,0.000000,as_expected
FEE0002997,TRF0003044,4.340000,0.000000,4.340000,4.340000,0.000000,as_expected
FEE0002998,TRF0003045,6.960000,0.000000,6.960000,6.960000,0.000000,as_expected
FEE0002999,TRF0003046,1.900000,0.000000,1.900000,1.900000,0.000000,as_expected
FEE0003000,TRF0003047,32.060000,0.000000,32.060000,32.060000,0.000000,as_expected
FEE0003001,TRF0003048,1.770000,0.000000,1.770000,1.770000,0.000000,as_expected
FEE0003002,TRF0003049,7.930000,0.000000,7.930000,7.930000,0.000000,as_expected
FEE0003003,TRF0003050,4.010000,0.000000,4.010000,4.010000,0.000000,as_expected
FEE0003004,TRF0003051,6.170000,0.000000,6.170000,6.170000,0.000000,as_expected
FEE0003005,TRF0003052,59.830000,0.000000,59.830000,59.830000,0.000000,as_expected
FEE0003006,TRF0003053,18.080000,0.000000,18.080000,18.080000,0.000000,as_expected
FEE0003007,TRF0003054,10.300000,0.000000,10.300000,10.300000,0.000000,as_expected
FEE0003008,TRF0003055,43.160000,0.000000,43.160000,43.160000,0.000000,as_expected
FEE0003009,TRF0003056,5.430000,0.000000,5.430000,5.430000,0.000000,as_expected
FEE0003010,TRF0003057,26.080000,0.000000,26.080000,26.080000,0.000000,as_expected
FEE0003011,TRF0003058,1.660000,0.000000,1.660000,1.660000,0.000000,as_expected
FEE0003012,TRF0003059,9.910000,0.000000,9.910000,9.910000,0.000000,as_expected
FEE0003013,TRF0003060,5.380000,0.000000,5.380000,5.380000,0.000000,as_expected
FEE0003014,TRF0003061,7.510000,0.000000,7.510000,7.510000,0.000000,as_expected
FEE0003015,TRF0003062,21.600000,0.000000,21.600000,21.600000,0.000000,as_expected
FEE0003016,TRF0003063,1.350000,0.000000,1.350000,1.350000,0.000000,as_expected
FEE0003017,TRF0003064,8.440000,0.000000,8.440000,8.440000,0.000000,as_expected
FEE0003018,TRF0003065,17.240000,0.000000,17.240000,10.900000,6.340000,unexpected_shortfall
FEE0003019,TRF0003066,5.020000,0.000000,5.020000,5.020000,0.000000,as_expected
FEE0003020,TRF0003067,255.440000,0.000000,255.440000,255.440000,0.000000,as_expected
FEE0003021,TRF0003068,1.160000,0.000000,1.160000,1.160000,0.000000,as_expected
FEE0003022,TRF0003069,2.000000,0.000000,2.000000,2.000000,0.000000,as_expected
FEE0003023,TRF0003070,11.960000,0.000000,11.960000,11.960000,0.000000,as_expected
FEE0003024,TRF0003071,2.600000,0.220000,2.380000,2.380000,0.000000,approved_price_investment
FEE0003025,TRF0003072,5.160000,0.000000,5.160000,5.160000,0.000000,as_expected
FEE0003026,TRF0003073,5.560000,0.000000,5.560000,5.560000,0.000000,as_expected
FEE0003027,TRF0003074,13.830000,0.000000,13.830000,13.830000,0.000000,as_expected
FEE0003028,TRF0003075,56.860000,6.270000,50.590000,50.590000,0.000000,approved_price_investment
FEE0003029,TRF0003076,2.400000,0.000000,2.400000,2.400000,0.000000,as_expected
FEE0003030,TRF0003077,3.220000,0.000000,3.220000,3.220000,0.000000,as_expected
FEE0003031,TRF0003078,1.880000,0.000000,1.880000,1.880000,0.000000,as_expected
FEE0003032,TRF0003079,3.080000,0.000000,3.080000,3.080000,0.000000,as_expected
FEE0003033,TRF0003080,4.200000,0.000000,4.200000,2.760000,1.440000,unexpected_shortfall
FEE0003034,TRF0003081,2.490000,0.000000,2.490000,2.490000,0.000000,as_expected
FEE0003035,TRF0003082,8.250000,0.000000,8.250000,8.250000,0.000000,as_expected
FEE0003036,TRF0003083,6.190000,0.000000,6.190000,6.190000,0.000000,as_expected
FEE0003037,TRF0003084,9.550000,0.000000,9.550000,6.100000,3.450000,unexpected_shortfall
FEE0003038,TRF0003085,2.910000,0.000000,2.910000,2.910000,0.000000,as_expected
FEE0003039,TRF0003086,273.580000,34.150000,239.430000,239.430000,0.000000,approved_price_investment
FEE0003040,TRF0003087,7.780000,0.580000,7.200000,7.200000,0.000000,approved_price_investment
FEE0003041,TRF0003088,2.400000,0.000000,2.400000,2.400000,0.000000,as_expected
FEE0003042,TRF0003089,12.170000,0.000000,12.170000,12.170000,0.000000,as_expected
FEE0003043,TRF0003090,3.670000,0.000000,3.670000,3.670000,0.000000,as_expected
FEE0003044,TRF0003091,34.920000,0.000000,34.920000,34.920000,0.000000,as_expected
FEE0003045,TRF0003092,1.530000,0.070000,1.460000,1.460000,0.000000,approved_price_investment
FEE0003046,TRF0003093,11.430000,0.000000,11.430000,11.430000,0.000000,as_expected
FEE0003047,TRF0003094,4.940000,0.000000,4.940000,4.940000,0.000000,as_expected
FEE0003048,TRF0003095,11.660000,0.000000,11.660000,11.660000,0.000000,as_expected
FEE0003049,TRF0003096,3.240000,0.000000,3.240000,3.240000,0.000000,as_expected
FEE0003050,TRF0003097,4.380000,0.000000,4.380000,4.380000,0.000000,as_expected
FEE0003051,TRF0003098,6.640000,0.000000,6.640000,6.640000,0.000000,as_expected
FEE0003052,TRF0003099,2.960000,0.000000,2.960000,2.960000,0.000000,as_expected
FEE0003053,TRF0003100,4.010000,0.000000,4.010000,4.010000,0.000000,as_expected
FEE0003054,TRF0003101,37.960000,3.220000,34.740000,34.740000,0.000000,approved_price_investment
FEE0003055,TRF0003102,8.210000,0.000000,8.210000,8.210000,0.000000,as_expected
FEE0003056,TRF0003103,4.100000,0.000000,4.100000,4.100000,0.000000,as_expected
FEE0003057,TRF0003104,14.510000,0.000000,14.510000,14.510000,0.000000,as_expected
FEE0003058,TRF0003105,2.240000,0.190000,2.050000,2.050000,0.000000,approved_price_investment
FEE0003059,TRF0003106,1.730000,0.000000,1.730000,1.730000,0.000000,as_expected
FEE0003060,TRF0003107,37.550000,0.000000,37.550000,37.550000,0.000000,as_expected
FEE0003061,TRF0003108,1.270000,0.000000,1.270000,1.270000,0.000000,as_expected
FEE0003062,TRF0003109,3.490000,0.000000,3.490000,3.490000,0.000000,as_expected
FEE0003063,TRF0003110,5.980000,0.000000,5.980000,5.980000,0.000000,as_expected
FEE0003064,TRF0003111,3.450000,0.000000,3.450000,3.450000,0.000000,as_expected
FEE0003065,TRF0003112,4.650000,0.000000,4.650000,4.650000,0.000000,as_expected
FEE0003066,TRF0003113,2.070000,0.000000,2.070000,2.070000,0.000000,as_expected
FEE0003067,TRF0003114,2.510000,0.000000,2.510000,2.510000,0.000000,as_expected
FEE0003068,TRF0003115,1.030000,0.060000,0.970000,0.970000,0.000000,approved_price_investment
FEE0003069,TRF0003116,2.180000,0.000000,2.180000,2.180000,0.000000,as_expected
FEE0003070,TRF0003117,79.170000,6.770000,72.400000,72.400000,0.000000,approved_price_investment
FEE0003071,TRF0003118,4.700000,0.000000,4.700000,4.700000,0.000000,as_expected
FEE0003072,TRF0003119,156.300000,0.000000,156.300000,156.300000,0.000000,as_expected
FEE0003073,TRF0003120,1.890000,0.000000,1.890000,1.890000,0.000000,as_expected
FEE0003074,TRF0003121,2.590000,0.000000,2.590000,2.590000,0.000000,as_expected
FEE0003075,TRF0003122,51.350000,5.790000,45.560000,45.560000,0.000000,approved_price_investment
FEE0003076,TRF0003123,8.170000,0.000000,8.170000,8.170000,0.000000,as_expected
FEE0003077,TRF0003124,6.490000,0.000000,6.490000,6.490000,0.000000,as_expected
FEE0003078,TRF0003125,4.820000,0.000000,4.820000,4.820000,0.000000,as_expected
FEE0003079,TRF0003126,8.930000,0.000000,8.930000,8.930000,0.000000,as_expected
FEE0003080,TRF0003127,1.530000,0.000000,1.530000,1.530000,0.000000,as_expected
FEE0003081,TRF0003128,2.110000,0.000000,2.110000,2.110000,0.000000,as_expected
FEE0003082,TRF0003129,29.140000,0.000000,29.140000,29.140000,0.000000,as_expected
FEE0003083,TRF0003130,23.350000,0.000000,23.350000,23.350000,0.000000,as_expected
FEE0003084,TRF0003131,10.530000,0.000000,10.530000,10.530000,0.000000,as_expected
FEE0003085,TRF0003132,3.090000,0.000000,3.090000,3.090000,0.000000,as_expected
FEE0003086,TRF0003133,2.010000,0.000000,2.010000,2.010000,0.000000,as_expected
FEE0003087,TRF0003134,1.970000,0.000000,1.970000,1.970000,0.000000,as_expected
FEE0003088,TRF0003135,1.600000,0.120000,1.480000,1.480000,0.000000,approved_price_investment
FEE0003089,TRF0003136,3.630000,0.000000,3.630000,3.630000,0.000000,as_expected
FEE0003090,TRF0003137,0.690000,0.020000,0.670000,0.670000,0.000000,approved_price_investment
FEE0003091,TRF0003138,1.520000,0.000000,1.520000,1.520000,0.000000,as_expected
FEE0003092,TRF0003139,5.830000,0.000000,5.830000,5.830000,0.000000,as_expected
FEE0003093,TRF0003140,5.870000,0.000000,5.870000,5.870000,0.000000,as_expected
FEE0003094,TRF0003141,13.770000,0.000000,13.770000,13.770000,0.000000,as_expected
FEE0003095,TRF0003142,14.670000,0.000000,14.670000,14.670000,0.000000,as_expected
FEE0003096,TRF0003143,72.830000,0.000000,72.830000,72.830000,0.000000,as_expected
FEE0003097,TRF0003144,11.470000,0.000000,11.470000,11.470000,0.000000,as_expected
FEE0003098,TRF0003145,19.180000,0.000000,19.180000,19.180000,0.000000,as_expected
FEE0003099,TRF0003146,448.330000,0.000000,448.330000,448.330000,0.000000,as_expected
FEE0003100,TRF0003147,90.150000,0.000000,90.150000,90.150000,0.000000,as_expected
FEE0003101,TRF0003148,4.070000,0.000000,4.070000,4.070000,0.000000,as_expected
FEE0003102,TRF0003149,13.710000,0.000000,13.710000,13.710000,0.000000,as_expected
FEE0003103,TRF0003150,1.030000,0.000000,1.030000,1.030000,0.000000,as_expected
FEE0003104,TRF0003151,1.410000,0.000000,1.410000,1.410000,0.000000,as_expected
FEE0003105,TRF0003152,1.010000,0.000000,1.010000,1.010000,0.000000,as_expected
FEE0003106,TRF0003153,5.660000,0.000000,5.660000,5.660000,0.000000,as_expected
FEE0003107,TRF0003155,2.090000,0.000000,2.090000,2.090000,0.000000,as_expected
FEE0003108,TRF0003156,11.600000,0.000000,11.600000,11.600000,0.000000,as_expected
FEE0003109,TRF0003157,9.110000,0.000000,9.110000,9.110000,0.000000,as_expected
FEE0003110,TRF0003158,29.960000,0.000000,29.960000,29.960000,0.000000,as_expected
FEE0003111,TRF0003159,5.490000,0.000000,5.490000,5.490000,0.000000,as_expected
FEE0003112,TRF0003160,28.160000,0.000000,28.160000,28.160000,0.000000,as_expected
FEE0003113,TRF0003161,13.270000,0.000000,13.270000,13.270000,0.000000,as_expected
FEE0003114,TRF0003162,5.330000,0.380000,4.950000,4.950000,0.000000,approved_price_investment
FEE0003115,TRF0003163,4.560000,0.000000,4.560000,4.560000,0.000000,as_expected
FEE0003116,TRF0003164,4.760000,0.340000,4.420000,4.420000,0.000000,approved_price_investment
FEE0003117,TRF0003165,51.610000,0.000000,51.610000,32.390000,19.220000,unexpected_shortfall
FEE0003118,TRF0003166,33.990000,0.000000,33.990000,33.990000,0.000000,as_expected
FEE0003119,TRF0003167,13.700000,0.000000,13.700000,8.690000,5.010000,unexpected_shortfall
FEE0003120,TRF0003169,2.700000,0.000000,2.700000,2.700000,0.000000,as_expected
FEE0003121,TRF0003170,3.280000,0.000000,3.280000,3.280000,0.000000,as_expected
FEE0003122,TRF0003171,2.730000,0.000000,2.730000,2.730000,0.000000,as_expected
FEE0003123,TRF0003172,41.050000,0.000000,41.050000,41.050000,0.000000,as_expected
FEE0003124,TRF0003173,1.050000,0.000000,1.050000,1.050000,0.000000,as_expected
FEE0003125,TRF0003174,20.830000,0.000000,20.830000,20.830000,0.000000,as_expected
FEE0003126,TRF0003175,22.320000,0.000000,22.320000,22.320000,0.000000,as_expected
FEE0003127,TRF0003176,2.260000,0.000000,2.260000,2.260000,0.000000,as_expected
FEE0003128,TRF0003177,44.000000,0.000000,44.000000,44.000000,0.000000,as_expected
FEE0003129,TRF0003178,214.060000,0.000000,214.060000,214.060000,0.000000,as_expected
FEE0003130,TRF0003179,36.100000,0.000000,36.100000,36.100000,0.000000,as_expected
FEE0003131,TRF0003180,2.850000,0.000000,2.850000,2.850000,0.000000,as_expected
FEE0003132,TRF0003181,16.650000,0.000000,16.650000,16.650000,0.000000,as_expected
FEE0003133,TRF0003182,107.340000,0.000000,107.340000,107.340000,0.000000,as_expected
FEE0003134,TRF0003183,20.780000,0.000000,20.780000,13.120000,7.660000,unexpected_shortfall
FEE0003135,TRF0003184,2.690000,0.000000,2.690000,2.690000,0.000000,as_expected
FEE0003136,TRF0003185,0.720000,0.000000,0.720000,0.720000,0.000000,as_expected
FEE0003137,TRF0003186,4.400000,0.000000,4.400000,4.400000,0.000000,as_expected
FEE0003138,TRF0003187,1.870000,0.000000,1.870000,1.870000,0.000000,as_expected
FEE0003139,TRF0003188,8.610000,0.000000,8.610000,8.610000,0.000000,as_expected
FEE0003140,TRF0003189,2.220000,0.000000,2.220000,2.220000,0.000000,as_expected
FEE0003141,TRF0003190,5.700000,0.000000,5.700000,5.700000,0.000000,as_expected
FEE0003142,TRF0003191,4.030000,0.000000,4.030000,4.030000,0.000000,as_expected
FEE0003143,TRF0003192,1.230000,0.000000,1.230000,1.230000,0.000000,as_expected
FEE0003144,TRF0003193,6.620000,0.000000,6.620000,6.620000,0.000000,as_expected
FEE0003145,TRF0003194,2.120000,0.000000,2.120000,2.120000,0.000000,as_expected
FEE0003146,TRF0003195,263.860000,0.000000,263.860000,263.860000,0.000000,as_expected
FEE0003147,TRF0003196,4.380000,0.000000,4.380000,4.380000,0.000000,as_expected
FEE0003148,TRF0003197,10.590000,0.000000,10.590000,10.590000,0.000000,as_expected
FEE0003149,TRF0003198,3.810000,0.000000,3.810000,3.810000,0.000000,as_expected
FEE0003150,TRF0003199,35.070000,0.000000,35.070000,35.070000,0.000000,as_expected
FEE0003151,TRF0003200,36.460000,0.000000,36.460000,22.920000,13.540000,unexpected_shortfall
FEE0003152,TRF0003201,11.840000,0.000000,11.840000,11.840000,0.000000,as_expected
FEE0003153,TRF0003202,76.730000,0.000000,76.730000,76.730000,0.000000,as_expected
FEE0003154,TRF0003203,17.750000,0.000000,17.750000,17.750000,0.000000,as_expected
FEE0003155,TRF0003204,31.880000,0.000000,31.880000,31.880000,0.000000,as_expected
FEE0003156,TRF0003205,3.250000,0.000000,3.250000,3.250000,0.000000,as_expected
FEE0003157,TRF0003206,3.220000,0.000000,3.220000,3.220000,0.000000,as_expected
FEE0003158,TRF0003207,68.710000,0.000000,68.710000,68.710000,0.000000,as_expected
FEE0003159,TRF0003208,10.730000,0.870000,9.860000,9.860000,0.000000,approved_price_investment
FEE0003160,TRF0003209,21.500000,0.000000,21.500000,21.500000,0.000000,as_expected
FEE0003161,TRF0003210,5.300000,0.000000,5.300000,5.300000,0.000000,as_expected
FEE0003162,TRF0003211,114.780000,0.000000,114.780000,114.780000,0.000000,as_expected
FEE0003163,TRF0003212,3.910000,0.000000,3.910000,3.910000,0.000000,as_expected
FEE0003164,TRF0003213,14.030000,0.000000,14.030000,14.030000,0.000000,as_expected
FEE0003165,TRF0003214,1.850000,0.000000,1.850000,1.850000,0.000000,as_expected
FEE0003166,TRF0003215,1.590000,0.000000,1.590000,1.590000,0.000000,as_expected
FEE0003167,TRF0003216,11.370000,0.000000,11.370000,11.370000,0.000000,as_expected
FEE0003168,TRF0003217,3.120000,0.000000,3.120000,3.120000,0.000000,as_expected
FEE0003169,TRF0003218,1.170000,0.000000,1.170000,1.170000,0.000000,as_expected
FEE0003170,TRF0003219,4.970000,0.000000,4.970000,4.970000,0.000000,as_expected
FEE0003171,TRF0003220,1.060000,0.000000,1.060000,1.060000,0.000000,as_expected
FEE0003172,TRF0003221,8.620000,0.000000,8.620000,8.620000,0.000000,as_expected
FEE0003173,TRF0003222,4.770000,0.000000,4.770000,4.770000,0.000000,as_expected
FEE0003174,TRF0003223,98.940000,0.000000,98.940000,98.940000,0.000000,as_expected
FEE0003175,TRF0003224,2.910000,0.000000,2.910000,2.910000,0.000000,as_expected
FEE0003176,TRF0003225,1.500000,0.000000,1.500000,1.500000,0.000000,as_expected
FEE0003177,TRF0003226,2.400000,0.000000,2.400000,2.400000,0.000000,as_expected
FEE0003178,TRF0003227,10.370000,0.000000,10.370000,10.370000,0.000000,as_expected
FEE0003179,TRF0003228,5.860000,0.000000,5.860000,5.860000,0.000000,as_expected
FEE0003180,TRF0003229,7.230000,0.000000,7.230000,7.230000,0.000000,as_expected
FEE0003181,TRF0003230,2.980000,0.000000,2.980000,2.980000,0.000000,as_expected
FEE0003182,TRF0003231,28.200000,0.000000,28.200000,28.200000,0.000000,as_expected
FEE0003183,TRF0003232,16.200000,0.000000,16.200000,16.200000,0.000000,as_expected
FEE0003184,TRF0003233,220.960000,0.000000,220.960000,220.960000,0.000000,as_expected
FEE0003185,TRF0003234,3.110000,0.000000,3.110000,3.110000,0.000000,as_expected
FEE0003186,TRF0003235,25.020000,0.000000,25.020000,25.020000,0.000000,as_expected
FEE0003187,TRF0003236,2.850000,0.000000,2.850000,2.850000,0.000000,as_expected
FEE0003188,TRF0003237,119.120000,0.000000,119.120000,119.120000,0.000000,as_expected
FEE0003189,TRF0003238,94.220000,0.000000,94.220000,94.220000,0.000000,as_expected
FEE0003190,TRF0003239,1.250000,0.000000,1.250000,1.250000,0.000000,as_expected
FEE0003191,TRF0003240,38.930000,0.000000,38.930000,38.930000,0.000000,as_expected
FEE0003192,TRF0003241,20.530000,0.000000,20.530000,20.530000,0.000000,as_expected
FEE0003193,TRF0003242,5.060000,0.000000,5.060000,5.060000,0.000000,as_expected
FEE0003194,TRF0003243,4.700000,0.000000,4.700000,4.700000,0.000000,as_expected
FEE0003195,TRF0003244,12.150000,0.000000,12.150000,12.150000,0.000000,as_expected
FEE0003196,TRF0003245,16.540000,0.000000,16.540000,16.540000,0.000000,as_expected
FEE0003197,TRF0003246,195.760000,0.000000,195.760000,195.760000,0.000000,as_expected
FEE0003198,TRF0003247,8.290000,0.000000,8.290000,8.290000,0.000000,as_expected
FEE0003199,TRF0003248,13.270000,0.000000,13.270000,13.270000,0.000000,as_expected
FEE0003200,TRF0003249,17.780000,0.000000,17.780000,17.780000,0.000000,as_expected
FEE0003201,TRF0003250,67.830000,0.000000,67.830000,67.830000,0.000000,as_expected
FEE0003202,TRF0003251,8.040000,0.000000,8.040000,8.040000,0.000000,as_expected
FEE0003203,TRF0003252,3.660000,0.000000,3.660000,3.660000,0.000000,as_expected
FEE0003204,TRF0003254,26.880000,0.000000,26.880000,26.880000,0.000000,as_expected
FEE0003205,TRF0003255,11.960000,0.000000,11.960000,11.960000,0.000000,as_expected
FEE0003206,TRF0003256,19.760000,0.000000,19.760000,19.760000,0.000000,as_expected
FEE0003207,TRF0003257,18.310000,0.000000,18.310000,18.310000,0.000000,as_expected
FEE0003208,TRF0003258,1.720000,0.000000,1.720000,1.720000,0.000000,as_expected
FEE0003209,TRF0003259,41.850000,0.000000,41.850000,41.850000,0.000000,as_expected
FEE0003210,TRF0003260,47.740000,0.000000,47.740000,47.740000,0.000000,as_expected
FEE0003211,TRF0003261,2.050000,0.170000,1.880000,1.880000,0.000000,approved_price_investment
FEE0003212,TRF0003262,1.700000,0.000000,1.700000,1.700000,0.000000,as_expected
FEE0003213,TRF0003263,21.340000,0.000000,21.340000,21.340000,0.000000,as_expected
FEE0003214,TRF0003264,0.870000,0.000000,0.870000,0.870000,0.000000,as_expected
FEE0003215,TRF0003265,14.960000,0.000000,14.960000,14.960000,0.000000,as_expected
FEE0003216,TRF0003267,6.400000,0.000000,6.400000,6.400000,0.000000,as_expected
FEE0003217,TRF0003268,6.900000,0.000000,6.900000,6.900000,0.000000,as_expected
FEE0003218,TRF0003269,2.330000,0.000000,2.330000,2.330000,0.000000,as_expected
FEE0003219,TRF0003270,250.480000,0.000000,250.480000,250.480000,0.000000,as_expected
FEE0003220,TRF0003271,165.840000,0.000000,165.840000,165.840000,0.000000,as_expected
FEE0003221,TRF0003272,5.220000,0.000000,5.220000,5.220000,0.000000,as_expected
FEE0003222,TRF0003273,7.880000,0.630000,7.250000,7.250000,0.000000,approved_price_investment
FEE0003223,TRF0003274,102.170000,12.730000,89.440000,89.440000,0.000000,approved_price_investment
FEE0003224,TRF0003275,1.530000,0.000000,1.530000,1.530000,0.000000,as_expected
FEE0003225,TRF0003276,4.640000,0.000000,4.640000,4.640000,0.000000,as_expected
FEE0003226,TRF0003277,4.970000,0.000000,4.970000,4.970000,0.000000,as_expected
FEE0003227,TRF0003279,3.690000,0.000000,3.690000,3.690000,0.000000,as_expected
FEE0003228,TRF0003280,25.760000,0.000000,25.760000,25.760000,0.000000,as_expected
FEE0003229,TRF0003282,3.290000,0.000000,3.290000,3.290000,0.000000,as_expected
FEE0003230,TRF0003283,182.340000,0.000000,182.340000,182.340000,0.000000,as_expected
FEE0003231,TRF0003284,289.930000,0.000000,289.930000,289.930000,0.000000,as_expected
FEE0003232,TRF0003285,1.580000,0.000000,1.580000,1.580000,0.000000,as_expected
FEE0003233,TRF0003286,1.480000,0.000000,1.480000,1.480000,0.000000,as_expected
FEE0003234,TRF0003287,10.810000,0.000000,10.810000,10.810000,0.000000,as_expected
FEE0003235,TRF0003288,3.260000,0.000000,3.260000,3.260000,0.000000,as_expected
FEE0003236,TRF0003289,76.600000,0.000000,76.600000,76.600000,0.000000,as_expected
FEE0003237,TRF0003290,5.440000,0.000000,5.440000,5.440000,0.000000,as_expected
FEE0003238,TRF0003291,24.260000,0.000000,24.260000,24.260000,0.000000,as_expected
FEE0003239,TRF0003292,1.030000,0.000000,1.030000,1.030000,0.000000,as_expected
FEE0003240,TRF0003293,1.750000,0.000000,1.750000,1.750000,0.000000,as_expected
FEE0003241,TRF0003294,1.010000,0.060000,0.950000,0.950000,0.000000,approved_price_investment
FEE0003242,TRF0003295,1.950000,0.000000,1.950000,1.950000,0.000000,as_expected
FEE0003243,TRF0003296,2.460000,0.000000,2.460000,2.460000,0.000000,as_expected
FEE0003244,TRF0003297,2.990000,0.000000,2.990000,2.990000,0.000000,as_expected
FEE0003245,TRF0003298,1.000000,0.000000,1.000000,1.000000,0.000000,as_expected
FEE0003246,TRF0003299,1.380000,0.000000,1.380000,1.380000,0.000000,as_expected
FEE0003247,TRF0003300,3.660000,0.000000,3.660000,3.660000,0.000000,as_expected
FEE0003248,TRF0003301,11.260000,0.000000,11.260000,11.260000,0.000000,as_expected
FEE0003249,TRF0003302,1.410000,0.000000,1.410000,1.410000,0.000000,as_expected
FEE0003250,TRF0003303,1.310000,0.000000,1.310000,1.310000,0.000000,as_expected
FEE0003251,TRF0003304,4.070000,0.000000,4.070000,4.070000,0.000000,as_expected
FEE0003252,TRF0003305,15.280000,0.000000,15.280000,15.280000,0.000000,as_expected
FEE0003253,TRF0003306,1.670000,0.000000,1.670000,1.670000,0.000000,as_expected
FEE0003254,TRF0003307,3.200000,0.000000,3.200000,3.200000,0.000000,as_expected
FEE0003255,TRF0003308,45.470000,0.000000,45.470000,28.550000,16.920000,unexpected_shortfall
FEE0003256,TRF0003309,7.300000,0.000000,7.300000,7.300000,0.000000,as_expected
FEE0003257,TRF0003310,16.730000,0.000000,16.730000,16.730000,0.000000,as_expected
FEE0003258,TRF0003311,1.290000,0.000000,1.290000,1.290000,0.000000,as_expected
FEE0003259,TRF0003312,8.370000,0.000000,8.370000,8.370000,0.000000,as_expected
FEE0003260,TRF0003313,4.270000,0.000000,4.270000,4.270000,0.000000,as_expected
FEE0003261,TRF0003314,11.540000,0.000000,11.540000,11.540000,0.000000,as_expected
FEE0003262,TRF0003315,10.150000,0.000000,10.150000,10.150000,0.000000,as_expected
FEE0003263,TRF0003316,3.280000,0.000000,3.280000,3.280000,0.000000,as_expected
FEE0003264,TRF0003317,14.000000,0.000000,14.000000,14.000000,0.000000,as_expected
FEE0003265,TRF0003318,4.750000,0.000000,4.750000,4.750000,0.000000,as_expected
FEE0003266,TRF0003319,5.020000,0.000000,5.020000,5.020000,0.000000,as_expected
FEE0003267,TRF0003320,65.170000,0.000000,65.170000,65.170000,0.000000,as_expected
FEE0003268,TRF0003321,4.170000,0.000000,4.170000,4.170000,0.000000,as_expected
FEE0003269,TRF0003322,5.100000,0.000000,5.100000,5.100000,0.000000,as_expected
FEE0003270,TRF0003323,3.260000,0.000000,3.260000,3.260000,0.000000,as_expected
FEE0003271,TRF0003324,105.560000,0.000000,105.560000,105.560000,0.000000,as_expected
FEE0003272,TRF0003325,1.330000,0.000000,1.330000,1.330000,0.000000,as_expected
FEE0003273,TRF0003326,2.170000,0.000000,2.170000,2.170000,0.000000,as_expected
FEE0003274,TRF0003327,2.440000,0.000000,2.440000,2.440000,0.000000,as_expected
FEE0003275,TRF0003328,1.840000,0.000000,1.840000,1.840000,0.000000,as_expected
FEE0003276,TRF0003329,153.510000,0.000000,153.510000,153.510000,0.000000,as_expected
FEE0003277,TRF0003330,11.310000,0.000000,11.310000,11.310000,0.000000,as_expected
FEE0003278,TRF0003331,2.110000,0.000000,2.110000,2.110000,0.000000,as_expected
FEE0003279,TRF0003332,21.000000,0.000000,21.000000,21.000000,0.000000,as_expected
FEE0003280,TRF0003333,15.300000,0.000000,15.300000,15.300000,0.000000,as_expected
FEE0003281,TRF0003334,2.060000,0.000000,2.060000,2.060000,0.000000,as_expected
FEE0003282,TRF0003335,10.450000,0.000000,10.450000,10.450000,0.000000,as_expected
FEE0003283,TRF0003336,3.010000,0.000000,3.010000,3.010000,0.000000,as_expected
FEE0003284,TRF0003337,226.490000,21.320000,205.170000,205.170000,0.000000,approved_price_investment
FEE0003285,TRF0003338,4.490000,0.000000,4.490000,4.490000,0.000000,as_expected
FEE0003286,TRF0003339,11.770000,0.000000,11.770000,11.770000,0.000000,as_expected
FEE0003287,TRF0003340,76.970000,0.000000,76.970000,76.970000,0.000000,as_expected
FEE0003288,TRF0003341,8.880000,0.000000,8.880000,8.880000,0.000000,as_expected
FEE0003289,TRF0003342,14.810000,0.000000,14.810000,14.810000,0.000000,as_expected
FEE0003290,TRF0003343,25.580000,0.000000,25.580000,25.580000,0.000000,as_expected
FEE0003291,TRF0003344,4.640000,0.000000,4.640000,4.640000,0.000000,as_expected
FEE0003292,TRF0003345,6.380000,0.000000,6.380000,6.380000,0.000000,as_expected
FEE0003293,TRF0003346,14.770000,0.000000,14.770000,14.770000,0.000000,as_expected
FEE0003294,TRF0003347,1.320000,0.000000,1.320000,1.320000,0.000000,as_expected
FEE0003295,TRF0003348,11.430000,0.000000,11.430000,11.430000,0.000000,as_expected
FEE0003296,TRF0003349,4.490000,0.000000,4.490000,4.490000,0.000000,as_expected
FEE0003297,TRF0003350,55.570000,0.000000,55.570000,55.570000,0.000000,as_expected
FEE0003298,TRF0003351,52.060000,0.000000,52.060000,52.060000,0.000000,as_expected
FEE0003299,TRF0003352,6.930000,0.000000,6.930000,6.930000,0.000000,as_expected
FEE0003300,TRF0003353,13.070000,0.000000,13.070000,13.070000,0.000000,as_expected
FEE0003301,TRF0003354,3.120000,0.000000,3.120000,3.120000,0.000000,as_expected
FEE0003302,TRF0003355,2.350000,0.140000,2.210000,2.210000,0.000000,approved_price_investment
FEE0003303,TRF0003356,1.280000,0.000000,1.280000,1.280000,0.000000,as_expected
FEE0003304,TRF0003357,2.240000,0.000000,2.240000,2.240000,0.000000,as_expected
FEE0003305,TRF0003358,130.200000,0.000000,130.200000,130.200000,0.000000,as_expected
FEE0003306,TRF0003359,94.550000,0.000000,94.550000,94.550000,0.000000,as_expected
FEE0003307,TRF0003360,3.640000,0.000000,3.640000,3.640000,0.000000,as_expected
FEE0003308,TRF0003361,21.600000,0.000000,21.600000,21.600000,0.000000,as_expected
FEE0003309,TRF0003362,140.160000,12.240000,127.920000,127.920000,0.000000,approved_price_investment
FEE0003310,TRF0003363,3.550000,0.000000,3.550000,3.550000,0.000000,as_expected
FEE0003311,TRF0003364,2.450000,0.210000,2.240000,2.240000,0.000000,approved_price_investment
FEE0003312,TRF0003365,1.080000,0.000000,1.080000,1.080000,0.000000,as_expected
FEE0003313,TRF0003366,6.910000,0.000000,6.910000,6.910000,0.000000,as_expected
FEE0003314,TRF0003367,80.470000,0.000000,80.470000,80.470000,0.000000,as_expected
FEE0003315,TRF0003368,23.340000,0.000000,23.340000,23.340000,0.000000,as_expected
FEE0003316,TRF0003369,5.230000,0.000000,5.230000,5.230000,0.000000,as_expected
FEE0003317,TRF0003370,4.080000,0.000000,4.080000,4.080000,0.000000,as_expected
FEE0003318,TRF0003371,4.160000,0.000000,4.160000,4.160000,0.000000,as_expected
FEE0003319,TRF0003372,8.940000,0.000000,8.940000,8.940000,0.000000,as_expected
FEE0003320,TRF0003373,94.720000,0.000000,94.720000,94.720000,0.000000,as_expected
FEE0003321,TRF0003374,9.860000,0.000000,9.860000,9.860000,0.000000,as_expected
FEE0003322,TRF0003375,1.330000,0.000000,1.330000,1.330000,0.000000,as_expected
FEE0003323,TRF0003376,9.670000,0.000000,9.670000,9.670000,0.000000,as_expected
FEE0003324,TRF0003377,8.750000,0.000000,8.750000,8.750000,0.000000,as_expected
FEE0003325,TRF0003378,119.980000,0.000000,119.980000,119.980000,0.000000,as_expected
FEE0003326,TRF0003379,67.580000,0.000000,67.580000,67.580000,0.000000,as_expected
FEE0003327,TRF0003380,4.470000,0.000000,4.470000,4.470000,0.000000,as_expected
FEE0003328,TRF0003381,5.040000,0.000000,5.040000,5.040000,0.000000,as_expected
FEE0003329,TRF0003382,1.930000,0.000000,1.930000,1.930000,0.000000,as_expected
FEE0003330,TRF0003383,2.950000,0.000000,2.950000,2.950000,0.000000,as_expected
FEE0003331,TRF0003384,1.830000,0.000000,1.830000,1.830000,0.000000,as_expected
FEE0003332,TRF0003385,6.350000,0.000000,6.350000,6.350000,0.000000,as_expected
FEE0003333,TRF0003386,90.290000,0.000000,90.290000,90.290000,0.000000,as_expected
FEE0003334,TRF0003387,24.340000,0.000000,24.340000,24.340000,0.000000,as_expected
FEE0003335,TRF0003388,6.590000,0.000000,6.590000,6.590000,0.000000,as_expected
FEE0003336,TRF0003389,82.030000,0.000000,82.030000,82.030000,0.000000,as_expected
FEE0003337,TRF0003390,6.220000,0.000000,6.220000,6.220000,0.000000,as_expected
FEE0003338,TRF0003391,42.720000,0.000000,42.720000,42.720000,0.000000,as_expected
FEE0003339,TRF0003392,55.920000,0.000000,55.920000,55.920000,0.000000,as_expected
FEE0003340,TRF0003393,2.560000,0.160000,2.400000,2.400000,0.000000,approved_price_investment
FEE0003341,TRF0003394,1.870000,0.000000,1.870000,1.870000,0.000000,as_expected
FEE0003342,TRF0003395,14.960000,0.000000,14.960000,14.960000,0.000000,as_expected
FEE0003343,TRF0003396,6.520000,0.000000,6.520000,6.520000,0.000000,as_expected
FEE0003344,TRF0003397,4.880000,0.000000,4.880000,4.880000,0.000000,as_expected
FEE0003345,TRF0003398,10.390000,0.000000,10.390000,10.390000,0.000000,as_expected
FEE0003346,TRF0003399,8.940000,0.000000,8.940000,8.940000,0.000000,as_expected
FEE0003347,TRF0003400,1.950000,0.000000,1.950000,1.950000,0.000000,as_expected
FEE0003348,TRF0003401,11.460000,0.000000,11.460000,11.460000,0.000000,as_expected
FEE0003349,TRF0003402,7.810000,0.000000,7.810000,7.810000,0.000000,as_expected
FEE0003350,TRF0003403,63.400000,0.000000,63.400000,63.400000,0.000000,as_expected
FEE0003351,TRF0003404,3.300000,0.000000,3.300000,3.300000,0.000000,as_expected
FEE0003352,TRF0003405,4.240000,0.000000,4.240000,4.240000,0.000000,as_expected
FEE0003353,TRF0003406,5.070000,0.000000,5.070000,5.070000,0.000000,as_expected
FEE0003354,TRF0003407,24.790000,0.000000,24.790000,24.790000,0.000000,as_expected
FEE0003355,TRF0003408,4.860000,0.460000,4.400000,4.400000,0.000000,approved_price_investment
FEE0003356,TRF0003409,4.580000,0.000000,4.580000,4.580000,0.000000,as_expected
FEE0003357,TRF0003410,117.890000,0.000000,117.890000,117.890000,0.000000,as_expected
FEE0003358,TRF0003411,2.450000,0.000000,2.450000,2.450000,0.000000,as_expected
FEE0003359,TRF0003412,8.040000,0.000000,8.040000,8.040000,0.000000,as_expected
FEE0003360,TRF0003413,39.620000,0.000000,39.620000,39.620000,0.000000,as_expected
FEE0003361,TRF0003414,6.220000,0.000000,6.220000,6.220000,0.000000,as_expected
FEE0003362,TRF0003415,12.070000,0.000000,12.070000,12.070000,0.000000,as_expected
FEE0003363,TRF0003416,11.430000,0.000000,11.430000,11.430000,0.000000,as_expected
FEE0003364,TRF0003417,6.750000,0.000000,6.750000,6.750000,0.000000,as_expected
FEE0003365,TRF0003418,3.780000,0.000000,3.780000,3.780000,0.000000,as_expected
FEE0003366,TRF0003419,61.790000,0.000000,61.790000,61.790000,0.000000,as_expected
FEE0003367,TRF0003420,1.950000,0.000000,1.950000,1.950000,0.000000,as_expected
FEE0003368,TRF0003421,63.190000,0.000000,63.190000,63.190000,0.000000,as_expected
FEE0003369,TRF0003422,2.290000,0.000000,2.290000,2.290000,0.000000,as_expected
FEE0003370,TRF0003423,7.570000,0.000000,7.570000,7.570000,0.000000,as_expected
FEE0003371,TRF0003424,93.440000,0.000000,93.440000,93.440000,0.000000,as_expected
FEE0003372,TRF0003425,4.040000,0.000000,4.040000,4.040000,0.000000,as_expected
FEE0003373,TRF0003426,17.750000,0.000000,17.750000,17.750000,0.000000,as_expected
FEE0003374,TRF0003427,1.060000,0.000000,1.060000,1.060000,0.000000,as_expected
FEE0003375,TRF0003428,9.650000,0.000000,9.650000,9.650000,0.000000,as_expected
FEE0003376,TRF0003429,29.500000,0.000000,29.500000,29.500000,0.000000,as_expected
FEE0003377,TRF0003430,1.240000,0.000000,1.240000,1.240000,0.000000,as_expected
FEE0003378,TRF0003431,3.160000,0.000000,3.160000,3.160000,0.000000,as_expected
FEE0003379,TRF0003432,6.880000,0.000000,6.880000,6.880000,0.000000,as_expected
FEE0003380,TRF0003433,1.990000,0.000000,1.990000,1.990000,0.000000,as_expected
FEE0003381,TRF0003434,2.690000,0.230000,2.460000,2.460000,0.000000,approved_price_investment
FEE0003382,TRF0003435,76.870000,0.000000,76.870000,76.870000,0.000000,as_expected
FEE0003383,TRF0003436,19.990000,0.000000,19.990000,19.990000,0.000000,as_expected
FEE0003384,TRF0003437,46.580000,0.000000,46.580000,46.580000,0.000000,as_expected
FEE0003385,TRF0003439,5.350000,0.000000,5.350000,5.350000,0.000000,as_expected
FEE0003386,TRF0003440,2.170000,0.000000,2.170000,2.170000,0.000000,as_expected
FEE0003387,TRF0003441,8.480000,0.000000,8.480000,8.480000,0.000000,as_expected
FEE0003388,TRF0003442,38.200000,0.000000,38.200000,38.200000,0.000000,as_expected
FEE0003389,TRF0003443,2.330000,0.000000,2.330000,2.330000,0.000000,as_expected
FEE0003390,TRF0003444,11.740000,0.000000,11.740000,11.740000,0.000000,as_expected
FEE0003391,TRF0003445,6.970000,0.000000,6.970000,6.970000,0.000000,as_expected
FEE0003392,TRF0003446,6.350000,0.000000,6.350000,6.350000,0.000000,as_expected
FEE0003393,TRF0003447,3.270000,0.000000,3.270000,3.270000,0.000000,as_expected
FEE0003394,TRF0003448,83.520000,0.000000,83.520000,83.520000,0.000000,as_expected
FEE0003395,TRF0003449,22.700000,0.000000,22.700000,22.700000,0.000000,as_expected
FEE0003396,TRF0003450,123.100000,0.000000,123.100000,123.100000,0.000000,as_expected
FEE0003397,TRF0003451,6.820000,0.000000,6.820000,6.820000,0.000000,as_expected
FEE0003398,TRF0003452,4.080000,0.380000,3.700000,3.700000,0.000000,approved_price_investment
FEE0003399,TRF0003453,2.410000,0.000000,2.410000,2.410000,0.000000,as_expected
FEE0003400,TRF0003454,3.450000,0.000000,3.450000,3.450000,0.000000,as_expected
FEE0003401,TRF0003455,4.140000,0.000000,4.140000,4.140000,0.000000,as_expected
FEE0003402,TRF0003456,52.880000,0.000000,52.880000,52.880000,0.000000,as_expected
FEE0003403,TRF0003457,63.360000,0.000000,63.360000,63.360000,0.000000,as_expected
FEE0003404,TRF0003458,48.680000,0.000000,48.680000,48.680000,0.000000,as_expected
FEE0003405,TRF0003459,18.470000,0.000000,18.470000,11.670000,6.800000,unexpected_shortfall
FEE0003406,TRF0003460,186.720000,0.000000,186.720000,186.720000,0.000000,as_expected
FEE0003407,TRF0003461,123.870000,0.000000,123.870000,123.870000,0.000000,as_expected
FEE0003408,TRF0003462,209.890000,0.000000,209.890000,209.890000,0.000000,as_expected
FEE0003409,TRF0003463,1.550000,0.000000,1.550000,1.550000,0.000000,as_expected
FEE0003410,TRF0003464,1.020000,0.030000,0.990000,0.990000,0.000000,approved_price_investment
FEE0003411,TRF0003465,41.350000,3.510000,37.840000,37.840000,0.000000,approved_price_investment
FEE0003412,TRF0003466,11.270000,0.000000,11.270000,11.270000,0.000000,as_expected
FEE0003413,TRF0003467,1.560000,0.000000,1.560000,1.560000,0.000000,as_expected
FEE0003414,TRF0003468,18.460000,0.000000,18.460000,18.460000,0.000000,as_expected
FEE0003415,TRF0003469,1.190000,0.000000,1.190000,1.190000,0.000000,as_expected
FEE0003416,TRF0003470,1.330000,0.000000,1.330000,1.330000,0.000000,as_expected
FEE0003417,TRF0003471,4.980000,0.000000,4.980000,4.980000,0.000000,as_expected
FEE0003418,TRF0003472,9.540000,0.000000,9.540000,9.540000,0.000000,as_expected
FEE0003419,TRF0003473,9.260000,0.000000,9.260000,9.260000,0.000000,as_expected
FEE0003420,TRF0003474,17.650000,0.000000,17.650000,17.650000,0.000000,as_expected
FEE0003421,TRF0003475,141.090000,0.000000,141.090000,141.090000,0.000000,as_expected
FEE0003422,TRF0003476,133.350000,0.000000,133.350000,133.350000,0.000000,as_expected
FEE0003423,TRF0003477,8.200000,0.000000,8.200000,8.200000,0.000000,as_expected
FEE0003424,TRF0003478,25.150000,0.000000,25.150000,15.850000,9.300000,unexpected_shortfall
FEE0003425,TRF0003479,8.280000,0.000000,8.280000,8.280000,0.000000,as_expected
FEE0003426,TRF0003480,6.290000,0.000000,6.290000,6.290000,0.000000,as_expected
FEE0003427,TRF0003481,3.260000,0.000000,3.260000,3.260000,0.000000,as_expected
FEE0003428,TRF0003482,1.210000,0.000000,1.210000,1.210000,0.000000,as_expected
FEE0003429,TRF0003483,1.660000,0.130000,1.530000,1.530000,0.000000,approved_price_investment
FEE0003430,TRF0003484,2.260000,0.000000,2.260000,2.260000,0.000000,as_expected
FEE0003431,TRF0003485,20.190000,0.000000,20.190000,20.190000,0.000000,as_expected
FEE0003432,TRF0003486,10.700000,0.000000,10.700000,10.700000,0.000000,as_expected
FEE0003433,TRF0003487,6.200000,0.000000,6.200000,6.200000,0.000000,as_expected
FEE0003434,TRF0003488,30.990000,0.000000,30.990000,30.990000,0.000000,as_expected
FEE0003435,TRF0003489,1.600000,0.000000,1.600000,1.600000,0.000000,as_expected
FEE0003436,TRF0003490,7.840000,0.000000,7.840000,7.840000,0.000000,as_expected
FEE0003437,TRF0003491,16.870000,0.000000,16.870000,16.870000,0.000000,as_expected
FEE0003438,TRF0003492,4.590000,0.000000,4.590000,4.590000,0.000000,as_expected
FEE0003439,TRF0003493,1.860000,0.000000,1.860000,1.860000,0.000000,as_expected
FEE0003440,TRF0003494,2.640000,0.000000,2.640000,2.640000,0.000000,as_expected
FEE0003441,TRF0003495,45.080000,0.000000,45.080000,45.080000,0.000000,as_expected
FEE0003442,TRF0003496,1.030000,0.000000,1.030000,1.030000,0.000000,as_expected
FEE0003443,TRF0003497,4.670000,0.000000,4.670000,4.670000,0.000000,as_expected
FEE0003444,TRF0003498,27.830000,0.000000,27.830000,27.830000,0.000000,as_expected
FEE0003445,TRF0003499,121.830000,0.000000,121.830000,121.830000,0.000000,as_expected
FEE0003446,TRF0003500,5.460000,0.000000,5.460000,5.460000,0.000000,as_expected
FEE0003447,TRF0003501,5.930000,0.000000,5.930000,5.930000,0.000000,as_expected
FEE0003448,TRF0003502,19.420000,0.000000,19.420000,19.420000,0.000000,as_expected
FEE0003449,TRF0003503,1.160000,0.040000,1.120000,1.120000,0.000000,approved_price_investment
FEE0003450,TRF0003504,3.710000,0.000000,3.710000,3.710000,0.000000,as_expected
FEE0003451,TRF0003505,37.300000,4.190000,33.110000,33.110000,0.000000,approved_price_investment
FEE0003452,TRF0003506,3.430000,0.310000,3.120000,3.120000,0.000000,approved_price_investment
FEE0003453,TRF0003507,9.730000,0.000000,9.730000,9.730000,0.000000,as_expected
FEE0003454,TRF0003508,19.100000,0.000000,19.100000,19.100000,0.000000,as_expected
FEE0003455,TRF0003509,2.810000,0.000000,2.810000,2.810000,0.000000,as_expected
FEE0003456,TRF0003510,4.160000,0.000000,4.160000,4.160000,0.000000,as_expected
FEE0003457,TRF0003511,16.730000,1.860000,14.870000,14.870000,0.000000,approved_price_investment
FEE0003458,TRF0003512,16.980000,0.000000,16.980000,16.980000,0.000000,as_expected
FEE0003459,TRF0003513,4.050000,0.000000,4.050000,4.050000,0.000000,as_expected
FEE0003460,TRF0003514,2.310000,0.000000,2.310000,2.310000,0.000000,as_expected
FEE0003461,TRF0003515,3.900000,0.000000,3.900000,3.900000,0.000000,as_expected
FEE0003462,TRF0003516,5.440000,0.000000,5.440000,5.440000,0.000000,as_expected
FEE0003463,TRF0003517,5.070000,0.000000,5.070000,5.070000,0.000000,as_expected
FEE0003464,TRF0003518,11.360000,0.000000,11.360000,11.360000,0.000000,as_expected
FEE0003465,TRF0003519,74.000000,0.000000,74.000000,74.000000,0.000000,as_expected
FEE0003466,TRF0003520,7.310000,0.720000,6.590000,6.590000,0.000000,approved_price_investment
FEE0003467,TRF0003521,1.010000,0.000000,1.010000,1.010000,0.000000,as_expected
FEE0003468,TRF0003522,2.540000,0.000000,2.540000,2.540000,0.000000,as_expected
FEE0003469,TRF0003523,4.970000,0.350000,4.620000,4.620000,0.000000,approved_price_investment
FEE0003470,TRF0003524,14.450000,0.000000,14.450000,14.450000,0.000000,as_expected
FEE0003471,TRF0003525,5.270000,0.500000,4.770000,4.770000,0.000000,approved_price_investment
FEE0003472,TRF0003526,2.540000,0.000000,2.540000,2.540000,0.000000,as_expected
FEE0003473,TRF0003527,1.620000,0.000000,1.620000,1.620000,0.000000,as_expected
FEE0003474,TRF0003528,1.310000,0.000000,1.310000,1.310000,0.000000,as_expected
FEE0003475,TRF0003529,308.060000,0.000000,308.060000,308.060000,0.000000,as_expected
FEE0003476,TRF0003530,278.350000,0.000000,278.350000,278.350000,0.000000,as_expected
FEE0003477,TRF0003531,16.340000,0.000000,16.340000,16.340000,0.000000,as_expected
FEE0003478,TRF0003532,117.770000,0.000000,117.770000,117.770000,0.000000,as_expected
FEE0003479,TRF0003533,1025.350000,0.000000,1025.350000,1025.350000,0.000000,as_expected
FEE0003480,TRF0003534,6.270000,0.000000,6.270000,6.270000,0.000000,as_expected
FEE0003481,TRF0003535,10.810000,1.160000,9.650000,9.650000,0.000000,approved_price_investment
FEE0003482,TRF0003536,15.760000,0.000000,15.760000,15.760000,0.000000,as_expected
FEE0003483,TRF0003537,5.710000,0.000000,5.710000,5.710000,0.000000,as_expected
FEE0003484,TRF0003538,3.990000,0.000000,3.990000,3.990000,0.000000,as_expected
FEE0003485,TRF0003539,9.710000,0.000000,9.710000,9.710000,0.000000,as_expected
FEE0003486,TRF0003540,27.510000,0.000000,27.510000,27.510000,0.000000,as_expected
FEE0003487,TRF0003541,6.630000,0.000000,6.630000,6.630000,0.000000,as_expected
FEE0003488,TRF0003542,6.880000,0.000000,6.880000,6.880000,0.000000,as_expected
FEE0003489,TRF0003543,3.390000,0.000000,3.390000,3.390000,0.000000,as_expected
FEE0003490,TRF0003544,1.180000,0.000000,1.180000,1.180000,0.000000,as_expected
FEE0003491,TRF0003546,12.790000,0.000000,12.790000,12.790000,0.000000,as_expected
FEE0003492,TRF0003547,10.550000,0.000000,10.550000,10.550000,0.000000,as_expected
FEE0003493,TRF0003548,3.770000,0.000000,3.770000,3.770000,0.000000,as_expected
FEE0003494,TRF0003549,1.440000,0.000000,1.440000,1.440000,0.000000,as_expected
FEE0003495,TRF0003550,37.980000,0.000000,37.980000,37.980000,0.000000,as_expected
FEE0003496,TRF0003551,2.420000,0.200000,2.220000,2.220000,0.000000,approved_price_investment
FEE0003497,TRF0003552,2.130000,0.000000,2.130000,2.130000,0.000000,as_expected
FEE0003498,TRF0003553,15.920000,0.000000,15.920000,15.920000,0.000000,as_expected
FEE0003499,TRF0003554,8.570000,0.000000,8.570000,8.570000,0.000000,as_expected
FEE0003500,TRF0003555,33.520000,0.000000,33.520000,33.520000,0.000000,as_expected
FEE0003501,TRF0003556,39.360000,0.000000,39.360000,39.360000,0.000000,as_expected
FEE0003502,TRF0003557,3.510000,0.000000,3.510000,3.510000,0.000000,as_expected
FEE0003503,TRF0003558,13.540000,0.000000,13.540000,13.540000,0.000000,as_expected
FEE0003504,TRF0003559,2.560000,0.000000,2.560000,2.560000,0.000000,as_expected
FEE0003505,TRF0003560,16.970000,0.000000,16.970000,10.740000,6.230000,unexpected_shortfall
FEE0003506,TRF0003561,6.860000,0.000000,6.860000,6.860000,0.000000,as_expected
FEE0003507,TRF0003562,49.440000,0.000000,49.440000,49.440000,0.000000,as_expected
FEE0003508,TRF0003563,22.090000,0.000000,22.090000,22.090000,0.000000,as_expected
FEE0003509,TRF0003564,9.050000,0.000000,9.050000,9.050000,0.000000,as_expected
FEE0003510,TRF0003565,2.000000,0.000000,2.000000,2.000000,0.000000,as_expected
FEE0003511,TRF0003566,58.090000,0.000000,58.090000,58.090000,0.000000,as_expected
FEE0003512,TRF0003567,4.530000,0.000000,4.530000,4.530000,0.000000,as_expected
FEE0003513,TRF0003568,0.960000,0.000000,0.960000,0.960000,0.000000,as_expected
FEE0003514,TRF0003569,37.660000,0.000000,37.660000,37.660000,0.000000,as_expected
FEE0003515,TRF0003570,6.120000,0.000000,6.120000,6.120000,0.000000,as_expected
FEE0003516,TRF0003571,5.240000,0.000000,5.240000,5.240000,0.000000,as_expected
FEE0003517,TRF0003572,82.560000,0.000000,82.560000,82.560000,0.000000,as_expected
FEE0003518,TRF0003573,17.750000,0.000000,17.750000,17.750000,0.000000,as_expected
FEE0003519,TRF0003574,35.850000,0.000000,35.850000,22.540000,13.310000,unexpected_shortfall
FEE0003520,TRF0003575,0.990000,0.000000,0.990000,0.990000,0.000000,as_expected
FEE0003521,TRF0003576,7.680000,0.580000,7.100000,7.100000,0.000000,approved_price_investment
FEE0003522,TRF0003577,1.600000,0.000000,1.600000,1.600000,0.000000,as_expected
FEE0003523,TRF0003578,56.490000,0.000000,56.490000,56.490000,0.000000,as_expected
FEE0003524,TRF0003579,82.070000,0.000000,82.070000,82.070000,0.000000,as_expected
FEE0003525,TRF0003580,12.060000,0.000000,12.060000,12.060000,0.000000,as_expected
FEE0003526,TRF0003581,1.870000,0.000000,1.870000,1.870000,0.000000,as_expected
FEE0003527,TRF0003582,2.520000,0.000000,2.520000,2.520000,0.000000,as_expected
FEE0003528,TRF0003583,198.080000,0.000000,198.080000,198.080000,0.000000,as_expected
FEE0003529,TRF0003584,4.630000,0.000000,4.630000,4.630000,0.000000,as_expected
FEE0003530,TRF0003585,6.150000,0.000000,6.150000,6.150000,0.000000,as_expected
FEE0003531,TRF0003586,69.280000,0.000000,69.280000,69.280000,0.000000,as_expected
FEE0003532,TRF0003587,3.970000,0.000000,3.970000,3.970000,0.000000,as_expected
FEE0003533,TRF0003588,9.370000,0.930000,8.440000,8.440000,0.000000,approved_price_investment
FEE0003534,TRF0003589,7.470000,0.000000,7.470000,7.470000,0.000000,as_expected
FEE0003535,TRF0003590,25.800000,0.000000,25.800000,25.800000,0.000000,as_expected
FEE0003536,TRF0003591,8.890000,0.000000,8.890000,5.690000,3.200000,unexpected_shortfall
FEE0003537,TRF0003592,15.490000,0.000000,15.490000,15.490000,0.000000,as_expected
FEE0003538,TRF0003593,51.310000,0.000000,51.310000,51.310000,0.000000,as_expected
FEE0003539,TRF0003594,5.410000,0.000000,5.410000,5.410000,0.000000,as_expected
FEE0003540,TRF0003595,1.310000,0.000000,1.310000,1.310000,0.000000,as_expected
FEE0003541,TRF0003596,2.260000,0.000000,2.260000,2.260000,0.000000,as_expected
FEE0003542,TRF0003597,7.930000,0.000000,7.930000,7.930000,0.000000,as_expected
FEE0003543,TRF0003598,6.100000,0.000000,6.100000,6.100000,0.000000,as_expected
FEE0003544,TRF0003599,11.020000,0.000000,11.020000,11.020000,0.000000,as_expected
FEE0003545,TRF0003600,16.820000,0.000000,16.820000,10.640000,6.180000,unexpected_shortfall
FEE0003546,TRF0003601,12.320000,0.000000,12.320000,12.320000,0.000000,as_expected
FEE0003547,TRF0003602,2.180000,0.000000,2.180000,2.180000,0.000000,as_expected
FEE0003548,TRF0003603,7.900000,0.000000,7.900000,7.900000,0.000000,as_expected
FEE0003549,TRF0003604,44.380000,0.000000,44.380000,27.870000,16.510000,unexpected_shortfall
FEE0003550,TRF0003605,6.230000,0.000000,6.230000,6.230000,0.000000,as_expected
FEE0003551,TRF0003606,67.500000,0.000000,67.500000,67.500000,0.000000,as_expected
FEE0003552,TRF0003607,6.780000,0.000000,6.780000,6.780000,0.000000,as_expected
FEE0003553,TRF0003608,12.200000,0.000000,12.200000,12.200000,0.000000,as_expected
FEE0003554,TRF0003609,1.910000,0.000000,1.910000,1.910000,0.000000,as_expected
FEE0003555,TRF0003610,207.370000,0.000000,207.370000,207.370000,0.000000,as_expected
FEE0003556,TRF0003611,2.680000,0.000000,2.680000,2.680000,0.000000,as_expected
FEE0003557,TRF0003612,23.780000,0.000000,23.780000,23.780000,0.000000,as_expected
FEE0003558,TRF0003613,7.680000,0.000000,7.680000,7.680000,0.000000,as_expected
FEE0003559,TRF0003614,1.630000,0.000000,1.630000,1.630000,0.000000,as_expected
FEE0003560,TRF0003615,2.550000,0.000000,2.550000,2.550000,0.000000,as_expected
FEE0003561,TRF0003616,3.510000,0.000000,3.510000,3.510000,0.000000,as_expected
FEE0003562,TRF0003617,12.590000,0.000000,12.590000,12.590000,0.000000,as_expected
FEE0003563,TRF0003618,1.400000,0.000000,1.400000,1.400000,0.000000,as_expected
FEE0003564,TRF0003619,13.050000,0.000000,13.050000,13.050000,0.000000,as_expected
FEE0003565,TRF0003620,3.330000,0.000000,3.330000,3.330000,0.000000,as_expected
FEE0003566,TRF0003621,11.060000,0.000000,11.060000,11.060000,0.000000,as_expected
FEE0003567,TRF0003622,1.500000,0.000000,1.500000,1.500000,0.000000,as_expected
FEE0003568,TRF0003623,1.290000,0.000000,1.290000,1.290000,0.000000,as_expected
FEE0003569,TRF0003624,23.460000,0.000000,23.460000,23.460000,0.000000,as_expected
FEE0003570,TRF0003625,34.110000,0.000000,34.110000,34.110000,0.000000,as_expected
FEE0003571,TRF0003626,3.230000,0.000000,3.230000,3.230000,0.000000,as_expected
FEE0003572,TRF0003627,2.680000,0.000000,2.680000,2.680000,0.000000,as_expected
FEE0003573,TRF0003628,86.490000,0.000000,86.490000,86.490000,0.000000,as_expected
FEE0003574,TRF0003629,16.850000,0.000000,16.850000,16.850000,0.000000,as_expected
FEE0003575,TRF0003630,1.820000,0.100000,1.720000,1.720000,0.000000,approved_price_investment
FEE0003576,TRF0003631,4.030000,0.000000,4.030000,4.030000,0.000000,as_expected
FEE0003577,TRF0003632,1.310000,0.000000,1.310000,1.310000,0.000000,as_expected
FEE0003578,TRF0003633,1.620000,0.120000,1.500000,1.500000,0.000000,approved_price_investment
FEE0003579,TRF0003634,125.010000,0.000000,125.010000,125.010000,0.000000,as_expected
FEE0003580,TRF0003635,0.840000,0.040000,0.800000,0.800000,0.000000,approved_price_investment
FEE0003581,TRF0003636,5.540000,0.000000,5.540000,5.540000,0.000000,as_expected
FEE0003582,TRF0003637,13.170000,0.000000,13.170000,13.170000,0.000000,as_expected
FEE0003583,TRF0003638,19.880000,0.000000,19.880000,19.880000,0.000000,as_expected
FEE0003584,TRF0003639,4.710000,0.000000,4.710000,4.710000,0.000000,as_expected
FEE0003585,TRF0003640,37.590000,0.000000,37.590000,37.590000,0.000000,as_expected
FEE0003586,TRF0003641,7.160000,0.000000,7.160000,7.160000,0.000000,as_expected
FEE0003587,TRF0003642,46.240000,0.000000,46.240000,46.240000,0.000000,as_expected
FEE0003588,TRF0003643,58.780000,0.000000,58.780000,36.870000,21.910000,unexpected_shortfall
FEE0003589,TRF0003644,12.530000,0.000000,12.530000,12.530000,0.000000,as_expected
FEE0003590,TRF0003645,16.470000,0.000000,16.470000,10.420000,6.050000,unexpected_shortfall
FEE0003591,TRF0003646,43.210000,4.860000,38.350000,38.350000,0.000000,approved_price_investment
FEE0003592,TRF0003647,1.800000,0.000000,1.800000,1.800000,0.000000,as_expected
FEE0003593,TRF0003648,11.930000,0.000000,11.930000,11.930000,0.000000,as_expected
FEE0003594,TRF0003649,6.680000,0.000000,6.680000,6.680000,0.000000,as_expected
FEE0003595,TRF0003650,6.850000,0.000000,6.850000,6.850000,0.000000,as_expected
FEE0003596,TRF0003651,8.830000,0.000000,8.830000,8.830000,0.000000,as_expected
FEE0003597,TRF0003652,6.250000,0.000000,6.250000,6.250000,0.000000,as_expected
FEE0003598,TRF0003653,1.820000,0.000000,1.820000,1.820000,0.000000,as_expected
FEE0003599,TRF0003654,14.500000,0.000000,14.500000,14.500000,0.000000,as_expected
FEE0003600,TRF0003655,44.710000,0.000000,44.710000,28.070000,16.640000,unexpected_shortfall
FEE0003601,TRF0003656,104.920000,0.000000,104.920000,104.920000,0.000000,as_expected
FEE0003602,TRF0003657,38.490000,0.000000,38.490000,38.490000,0.000000,as_expected
FEE0003603,TRF0003658,4.470000,0.000000,4.470000,4.470000,0.000000,as_expected
FEE0003604,TRF0003659,58.580000,0.000000,58.580000,58.580000,0.000000,as_expected
FEE0003605,TRF0003660,17.380000,0.000000,17.380000,17.380000,0.000000,as_expected
FEE0003606,TRF0003661,48.360000,0.000000,48.360000,48.360000,0.000000,as_expected
FEE0003607,TRF0003662,30.210000,0.000000,30.210000,30.210000,0.000000,as_expected
FEE0003608,TRF0003663,10.220000,0.000000,10.220000,10.220000,0.000000,as_expected
FEE0003609,TRF0003664,2.430000,0.000000,2.430000,2.430000,0.000000,as_expected
FEE0003610,TRF0003665,21.920000,2.450000,19.470000,19.470000,0.000000,approved_price_investment
FEE0003611,TRF0003666,11.680000,0.000000,11.680000,11.680000,0.000000,as_expected
FEE0003612,TRF0003667,1.800000,0.000000,1.800000,1.800000,0.000000,as_expected
FEE0003613,TRF0003668,359.680000,0.000000,359.680000,359.680000,0.000000,as_expected
FEE0003614,TRF0003669,4.960000,0.000000,4.960000,4.960000,0.000000,as_expected
FEE0003615,TRF0003670,3.260000,0.000000,3.260000,3.260000,0.000000,as_expected
FEE0003616,TRF0003671,2.010000,0.000000,2.010000,2.010000,0.000000,as_expected
FEE0003617,TRF0003672,4.870000,0.000000,4.870000,4.870000,0.000000,as_expected
FEE0003618,TRF0003673,17.800000,0.000000,17.800000,17.800000,0.000000,as_expected
FEE0003619,TRF0003674,1.520000,0.000000,1.520000,1.520000,0.000000,as_expected
FEE0003620,TRF0003675,3.410000,0.230000,3.180000,3.180000,0.000000,approved_price_investment
FEE0003621,TRF0003676,1.810000,0.000000,1.810000,1.810000,0.000000,as_expected
FEE0003622,TRF0003677,8.410000,0.000000,8.410000,8.410000,0.000000,as_expected
FEE0003623,TRF0003678,52.090000,5.870000,46.220000,46.220000,0.000000,approved_price_investment
FEE0003624,TRF0003679,1100.300000,0.000000,1100.300000,1100.300000,0.000000,as_expected
FEE0003625,TRF0003680,1.920000,0.000000,1.920000,1.920000,0.000000,as_expected
FEE0003626,TRF0003681,78.540000,0.000000,78.540000,78.540000,0.000000,as_expected
FEE0003627,TRF0003682,12.190000,0.000000,12.190000,12.190000,0.000000,as_expected
FEE0003628,TRF0003683,46.560000,0.000000,46.560000,46.560000,0.000000,as_expected
FEE0003629,TRF0003684,5.740000,0.000000,5.740000,5.740000,0.000000,as_expected
FEE0003630,TRF0003685,4.470000,0.000000,4.470000,4.470000,0.000000,as_expected
FEE0003631,TRF0003686,29.160000,0.000000,29.160000,29.160000,0.000000,as_expected
FEE0003632,TRF0003687,10.730000,0.000000,10.730000,10.730000,0.000000,as_expected
FEE0003633,TRF0003688,174.520000,0.000000,174.520000,174.520000,0.000000,as_expected
FEE0003634,TRF0003689,12.240000,0.000000,12.240000,12.240000,0.000000,as_expected
FEE0003635,TRF0003690,7.730000,0.760000,6.970000,6.970000,0.000000,approved_price_investment
FEE0003636,TRF0003691,53.290000,0.000000,53.290000,53.290000,0.000000,as_expected
FEE0003637,TRF0003692,0.650000,0.000000,0.650000,0.650000,0.000000,as_expected
FEE0003638,TRF0003693,1.990000,0.000000,1.990000,1.990000,0.000000,as_expected
FEE0003639,TRF0003694,13.340000,0.000000,13.340000,13.340000,0.000000,as_expected
FEE0003640,TRF0003695,13.990000,1.510000,12.480000,12.480000,0.000000,approved_price_investment
FEE0003641,TRF0003696,15.990000,0.000000,15.990000,10.130000,5.860000,unexpected_shortfall
FEE0003642,TRF0003697,5.640000,0.000000,5.640000,5.640000,0.000000,as_expected
FEE0003643,TRF0003698,17.510000,0.000000,17.510000,17.510000,0.000000,as_expected
FEE0003644,TRF0003699,10.410000,0.000000,10.410000,10.410000,0.000000,as_expected
FEE0003645,TRF0003700,2.050000,0.000000,2.050000,2.050000,0.000000,as_expected
FEE0003646,TRF0003701,4.410000,0.000000,4.410000,2.890000,1.520000,unexpected_shortfall
FEE0003647,TRF0003702,5.180000,0.000000,5.180000,5.180000,0.000000,as_expected
FEE0003648,TRF0003703,1.500000,0.000000,1.500000,1.500000,0.000000,as_expected
FEE0003649,TRF0003704,2.040000,0.110000,1.930000,1.930000,0.000000,approved_price_investment
FEE0003650,TRF0003705,6.950000,0.000000,6.950000,6.950000,0.000000,as_expected
FEE0003651,TRF0003706,2.730000,0.000000,2.730000,2.730000,0.000000,as_expected
FEE0003652,TRF0003707,1.980000,0.000000,1.980000,1.980000,0.000000,as_expected
FEE0003653,TRF0003708,2.330000,0.000000,2.330000,2.330000,0.000000,as_expected
FEE0003654,TRF0003709,2.310000,0.000000,2.310000,2.310000,0.000000,as_expected
FEE0003655,TRF0003710,39.430000,0.000000,39.430000,39.430000,0.000000,as_expected
FEE0003656,TRF0003711,16.160000,0.000000,16.160000,16.160000,0.000000,as_expected
FEE0003657,TRF0003712,2.330000,0.000000,2.330000,2.330000,0.000000,as_expected
FEE0003658,TRF0003713,11.380000,0.000000,11.380000,11.380000,0.000000,as_expected
FEE0003659,TRF0003714,29.070000,0.000000,29.070000,29.070000,0.000000,as_expected
FEE0003660,TRF0003715,1.360000,0.090000,1.270000,1.270000,0.000000,approved_price_investment
FEE0003661,TRF0003716,33.010000,0.000000,33.010000,33.010000,0.000000,as_expected
FEE0003662,TRF0003717,2.530000,0.000000,2.530000,2.530000,0.000000,as_expected
FEE0003663,TRF0003718,18.170000,0.000000,18.170000,18.170000,0.000000,as_expected
FEE0003664,TRF0003719,5.050000,0.000000,5.050000,5.050000,0.000000,as_expected
FEE0003665,TRF0003720,9.090000,0.000000,9.090000,9.090000,0.000000,as_expected
FEE0003666,TRF0003721,94.320000,11.750000,82.570000,82.570000,0.000000,approved_price_investment
FEE0003667,TRF0003722,2.480000,0.000000,2.480000,2.480000,0.000000,as_expected
FEE0003668,TRF0003723,35.990000,0.000000,35.990000,22.620000,13.370000,unexpected_shortfall
FEE0003669,TRF0003724,13.490000,0.000000,13.490000,13.490000,0.000000,as_expected
FEE0003670,TRF0003725,17.740000,0.000000,17.740000,17.740000,0.000000,as_expected
FEE0003671,TRF0003726,6.540000,0.000000,6.540000,6.540000,0.000000,as_expected
FEE0003672,TRF0003727,4.160000,0.000000,4.160000,4.160000,0.000000,as_expected
FEE0003673,TRF0003728,9.080000,0.000000,9.080000,9.080000,0.000000,as_expected
FEE0003674,TRF0003729,4.320000,0.000000,4.320000,4.320000,0.000000,as_expected
FEE0003675,TRF0003730,5.000000,0.000000,5.000000,5.000000,0.000000,as_expected
FEE0003676,TRF0003731,2.810000,0.000000,2.810000,2.810000,0.000000,as_expected
FEE0003677,TRF0003732,12.560000,1.350000,11.210000,11.210000,0.000000,approved_price_investment
FEE0003678,TRF0003733,44.330000,0.000000,44.330000,44.330000,0.000000,as_expected
FEE0003679,TRF0003734,8.290000,0.000000,8.290000,8.290000,0.000000,as_expected
FEE0003680,TRF0003735,18.440000,1.560000,16.880000,16.880000,0.000000,approved_price_investment
FEE0003681,TRF0003736,8.230000,0.000000,8.230000,8.230000,0.000000,as_expected
FEE0003682,TRF0003738,1.570000,0.000000,1.570000,1.570000,0.000000,as_expected
FEE0003683,TRF0003739,10.870000,0.000000,10.870000,10.870000,0.000000,as_expected
FEE0003684,TRF0003740,2.290000,0.000000,2.290000,2.290000,0.000000,as_expected
FEE0003685,TRF0003741,1.290000,0.000000,1.290000,1.290000,0.000000,as_expected
FEE0003686,TRF0003742,22.060000,0.000000,22.060000,22.060000,0.000000,as_expected
FEE0003687,TRF0003743,93.190000,0.000000,93.190000,93.190000,0.000000,as_expected
FEE0003688,TRF0003744,18.600000,0.000000,18.600000,18.600000,0.000000,as_expected
FEE0003689,TRF0003745,1.740000,0.000000,1.740000,1.740000,0.000000,as_expected
FEE0003690,TRF0003746,8.160000,0.000000,8.160000,8.160000,0.000000,as_expected
FEE0003691,TRF0003747,4.080000,0.000000,4.080000,4.080000,0.000000,as_expected
FEE0003692,TRF0003748,0.770000,0.000000,0.770000,0.770000,0.000000,as_expected
FEE0003693,TRF0003749,10.590000,0.000000,10.590000,10.590000,0.000000,as_expected
FEE0003694,TRF0003750,1.150000,0.000000,1.150000,1.150000,0.000000,as_expected
FEE0003695,TRF0003751,186.450000,0.000000,186.450000,186.450000,0.000000,as_expected
FEE0003696,TRF0003752,1.640000,0.000000,1.640000,1.640000,0.000000,as_expected
FEE0003697,TRF0003753,15.450000,0.000000,15.450000,15.450000,0.000000,as_expected
FEE0003698,TRF0003754,3.620000,0.000000,3.620000,3.620000,0.000000,as_expected
FEE0003699,TRF0003755,7.480000,0.000000,7.480000,7.480000,0.000000,as_expected
FEE0003700,TRF0003756,2.430000,0.000000,2.430000,2.430000,0.000000,as_expected
FEE0003701,TRF0003757,55.030000,0.000000,55.030000,55.030000,0.000000,as_expected
FEE0003702,TRF0003758,16.060000,0.000000,16.060000,16.060000,0.000000,as_expected
FEE0003703,TRF0003759,43.450000,0.000000,43.450000,43.450000,0.000000,as_expected
FEE0003704,TRF0003760,4.000000,0.000000,4.000000,4.000000,0.000000,as_expected
FEE0003705,TRF0003761,6.590000,0.000000,6.590000,6.590000,0.000000,as_expected
FEE0003706,TRF0003762,4.320000,0.000000,4.320000,4.320000,0.000000,as_expected
FEE0003707,TRF0003763,21.190000,0.000000,21.190000,21.190000,0.000000,as_expected
FEE0003708,TRF0003764,3.670000,0.000000,3.670000,3.670000,0.000000,as_expected
FEE0003709,TRF0003765,50.800000,0.000000,50.800000,50.800000,0.000000,as_expected
FEE0003710,TRF0003766,2.070000,0.000000,2.070000,2.070000,0.000000,as_expected
FEE0003711,TRF0003767,129.340000,0.000000,129.340000,129.340000,0.000000,as_expected
FEE0003712,TRF0003768,1.740000,0.000000,1.740000,1.740000,0.000000,as_expected
FEE0003713,TRF0003769,4.470000,0.000000,4.470000,4.470000,0.000000,as_expected
FEE0003714,TRF0003770,45.700000,0.000000,45.700000,45.700000,0.000000,as_expected
FEE0003715,TRF0003771,24.610000,0.000000,24.610000,24.610000,0.000000,as_expected
FEE0003716,TRF0003772,21.780000,0.000000,21.780000,21.780000,0.000000,as_expected
FEE0003717,TRF0003773,8.720000,0.000000,8.720000,8.720000,0.000000,as_expected
FEE0003718,TRF0003774,3.560000,0.000000,3.560000,3.560000,0.000000,as_expected
FEE0003719,TRF0003775,1.180000,0.000000,1.180000,1.180000,0.000000,as_expected
FEE0003720,TRF0003776,11.560000,0.000000,11.560000,11.560000,0.000000,as_expected
FEE0003721,TRF0003777,75.280000,0.000000,75.280000,75.280000,0.000000,as_expected
FEE0003722,TRF0003778,3.800000,0.000000,3.800000,3.800000,0.000000,as_expected
FEE0003723,TRF0003779,51.520000,0.000000,51.520000,51.520000,0.000000,as_expected
FEE0003724,TRF0003780,15.270000,0.000000,15.270000,15.270000,0.000000,as_expected
FEE0003725,TRF0003781,59.920000,0.000000,59.920000,59.920000,0.000000,as_expected
FEE0003726,TRF0003782,2.420000,0.000000,2.420000,2.420000,0.000000,as_expected
FEE0003727,TRF0003783,8.780000,0.000000,8.780000,8.780000,0.000000,as_expected
FEE0003728,TRF0003784,2.680000,0.000000,2.680000,2.680000,0.000000,as_expected
FEE0003729,TRF0003785,17.060000,0.000000,17.060000,10.790000,6.270000,unexpected_shortfall
FEE0003730,TRF0003786,2.990000,0.000000,2.990000,2.990000,0.000000,as_expected
FEE0003731,TRF0003787,1.210000,0.000000,1.210000,1.210000,0.000000,as_expected
FEE0003732,TRF0003788,2.320000,0.000000,2.320000,2.320000,0.000000,as_expected
FEE0003733,TRF0003790,1.390000,0.000000,1.390000,1.390000,0.000000,as_expected
FEE0003734,TRF0003791,2.290000,0.190000,2.100000,2.100000,0.000000,approved_price_investment
FEE0003735,TRF0003792,7.040000,0.000000,7.040000,7.040000,0.000000,as_expected
FEE0003736,TRF0003793,1.340000,0.000000,1.340000,1.340000,0.000000,as_expected
FEE0003737,TRF0003794,1.870000,0.000000,1.870000,1.870000,0.000000,as_expected
FEE0003738,TRF0003795,12.680000,1.060000,11.620000,11.620000,0.000000,approved_price_investment
FEE0003739,TRF0003796,3.250000,0.000000,3.250000,3.250000,0.000000,as_expected
FEE0003740,TRF0003797,1.980000,0.000000,1.980000,1.980000,0.000000,as_expected
FEE0003741,TRF0003798,7.110000,0.000000,7.110000,7.110000,0.000000,as_expected
FEE0003742,TRF0003799,8.290000,0.000000,8.290000,8.290000,0.000000,as_expected
FEE0003743,TRF0003800,5.850000,0.000000,5.850000,5.850000,0.000000,as_expected
FEE0003744,TRF0003801,1.800000,0.000000,1.800000,1.800000,0.000000,as_expected
FEE0003745,TRF0003802,47.700000,0.000000,47.700000,47.700000,0.000000,as_expected
FEE0003746,TRF0003803,58.230000,0.000000,58.230000,58.230000,0.000000,as_expected
FEE0003747,TRF0003804,91.960000,0.000000,91.960000,91.960000,0.000000,as_expected
FEE0003748,TRF0003805,1.150000,0.000000,1.150000,1.150000,0.000000,as_expected
FEE0003749,TRF0003806,42.210000,0.000000,42.210000,42.210000,0.000000,as_expected
FEE0003750,TRF0003807,46.550000,4.030000,42.520000,42.520000,0.000000,approved_price_investment
FEE0003751,TRF0003808,56.090000,0.000000,56.090000,56.090000,0.000000,as_expected
FEE0003752,TRF0003809,19.340000,0.000000,19.340000,19.340000,0.000000,as_expected
FEE0003753,TRF0003810,40.380000,0.000000,40.380000,40.380000,0.000000,as_expected
FEE0003754,TRF0003811,5.240000,0.000000,5.240000,5.240000,0.000000,as_expected
FEE0003755,TRF0003812,1.470000,0.000000,1.470000,1.470000,0.000000,as_expected
FEE0003756,TRF0003813,3.540000,0.000000,3.540000,3.540000,0.000000,as_expected
FEE0003757,TRF0003814,65.070000,0.000000,65.070000,65.070000,0.000000,as_expected
FEE0003758,TRF0003815,2.490000,0.000000,2.490000,2.490000,0.000000,as_expected
FEE0003759,TRF0003816,19.260000,0.000000,19.260000,19.260000,0.000000,as_expected
FEE0003760,TRF0003817,52.470000,0.000000,52.470000,52.470000,0.000000,as_expected
FEE0003761,TRF0003818,2.810000,0.000000,2.810000,2.810000,0.000000,as_expected
FEE0003762,TRF0003819,2.100000,0.000000,2.100000,2.100000,0.000000,as_expected
FEE0003763,TRF0003820,41.210000,0.000000,41.210000,41.210000,0.000000,as_expected
FEE0003764,TRF0003821,3.710000,0.000000,3.710000,3.710000,0.000000,as_expected
FEE0003765,TRF0003822,1.000000,0.000000,1.000000,1.000000,0.000000,as_expected
FEE0003766,TRF0003823,7.630000,0.000000,7.630000,7.630000,0.000000,as_expected
FEE0003767,TRF0003824,12.880000,0.000000,12.880000,12.880000,0.000000,as_expected
FEE0003768,TRF0003825,20.360000,0.000000,20.360000,20.360000,0.000000,as_expected
FEE0003769,TRF0003826,4.530000,0.000000,4.530000,4.530000,0.000000,as_expected
FEE0003770,TRF0003827,1.750000,0.000000,1.750000,1.750000,0.000000,as_expected
FEE0003771,TRF0003828,36.280000,0.000000,36.280000,36.280000,0.000000,as_expected
FEE0003772,TRF0003829,35.010000,0.000000,35.010000,35.010000,0.000000,as_expected
FEE0003773,TRF0003830,1.600000,0.000000,1.600000,1.600000,0.000000,as_expected
FEE0003774,TRF0003831,6.250000,0.600000,5.650000,5.650000,0.000000,approved_price_investment
FEE0003775,TRF0003832,29.560000,0.000000,29.560000,29.560000,0.000000,as_expected
FEE0003776,TRF0003833,12.890000,0.000000,12.890000,12.890000,0.000000,as_expected
FEE0003777,TRF0003834,25.110000,0.000000,25.110000,25.110000,0.000000,as_expected
FEE0003778,TRF0003835,2.820000,0.000000,2.820000,2.820000,0.000000,as_expected
FEE0003779,TRF0003836,104.100000,0.000000,104.100000,104.100000,0.000000,as_expected
FEE0003780,TRF0003837,12.150000,0.000000,12.150000,12.150000,0.000000,as_expected
FEE0003781,TRF0003838,2.100000,0.000000,2.100000,2.100000,0.000000,as_expected
FEE0003782,TRF0003839,9.670000,0.000000,9.670000,9.670000,0.000000,as_expected
FEE0003783,TRF0003840,3.840000,0.000000,3.840000,3.840000,0.000000,as_expected
FEE0003784,TRF0003841,2.540000,0.000000,2.540000,2.540000,0.000000,as_expected
FEE0003785,TRF0003842,4.240000,0.000000,4.240000,4.240000,0.000000,as_expected
FEE0003786,TRF0003843,1.180000,0.000000,1.180000,1.180000,0.000000,as_expected
FEE0003787,TRF0003844,9.700000,0.000000,9.700000,9.700000,0.000000,as_expected
FEE0003788,TRF0003845,2.730000,0.000000,2.730000,2.730000,0.000000,as_expected
FEE0003789,TRF0003846,6.070000,0.000000,6.070000,6.070000,0.000000,as_expected
FEE0003790,TRF0003847,4.220000,0.000000,4.220000,4.220000,0.000000,as_expected
FEE0003791,TRF0003848,42.560000,0.000000,42.560000,42.560000,0.000000,as_expected
FEE0003792,TRF0003849,25.300000,0.000000,25.300000,15.940000,9.360000,unexpected_shortfall
FEE0003793,TRF0003850,45.910000,0.000000,45.910000,45.910000,0.000000,as_expected
FEE0003794,TRF0003851,8.270000,0.000000,8.270000,8.270000,0.000000,as_expected
FEE0003795,TRF0003852,5.020000,0.000000,5.020000,5.020000,0.000000,as_expected
FEE0003796,TRF0003853,83.920000,0.000000,83.920000,83.920000,0.000000,as_expected
FEE0003797,TRF0003854,6.120000,0.000000,6.120000,6.120000,0.000000,as_expected
FEE0003798,TRF0003855,2.810000,0.000000,2.810000,2.810000,0.000000,as_expected
FEE0003799,TRF0003856,11.910000,1.280000,10.630000,10.630000,0.000000,approved_price_investment
FEE0003800,TRF0003857,1.450000,0.000000,1.450000,1.450000,0.000000,as_expected
FEE0003801,TRF0003858,1.440000,0.000000,1.440000,1.440000,0.000000,as_expected
FEE0003802,TRF0003859,16.720000,0.000000,16.720000,16.720000,0.000000,as_expected
FEE0003803,TRF0003860,79.300000,0.000000,79.300000,79.300000,0.000000,as_expected
FEE0003804,TRF0003861,10.890000,0.000000,10.890000,6.940000,3.950000,unexpected_shortfall
FEE0003805,TRF0003862,25.050000,0.000000,25.050000,25.050000,0.000000,as_expected
FEE0003806,TRF0003863,1.530000,0.000000,1.530000,1.530000,0.000000,as_expected
FEE0003807,TRF0003864,1.850000,0.150000,1.700000,1.700000,0.000000,approved_price_investment
FEE0003808,TRF0003865,12.000000,0.000000,12.000000,12.000000,0.000000,as_expected
FEE0003809,TRF0003866,17.480000,0.000000,17.480000,17.480000,0.000000,as_expected
FEE0003810,TRF0003867,1.410000,0.000000,1.410000,1.410000,0.000000,as_expected
FEE0003811,TRF0003868,84.880000,0.000000,84.880000,84.880000,0.000000,as_expected
FEE0003812,TRF0003869,44.960000,0.000000,44.960000,44.960000,0.000000,as_expected
FEE0003813,TRF0003870,44.940000,3.890000,41.050000,41.050000,0.000000,approved_price_investment
FEE0003814,TRF0003871,3.270000,0.000000,3.270000,3.270000,0.000000,as_expected
FEE0003815,TRF0003872,11.050000,0.000000,11.050000,11.050000,0.000000,as_expected
FEE0003816,TRF0003873,1.900000,0.000000,1.900000,1.900000,0.000000,as_expected
FEE0003817,TRF0003874,15.410000,0.000000,15.410000,15.410000,0.000000,as_expected
FEE0003818,TRF0003875,3.310000,0.000000,3.310000,3.310000,0.000000,as_expected
FEE0003819,TRF0003876,2.620000,0.000000,2.620000,2.620000,0.000000,as_expected
FEE0003820,TRF0003877,5.800000,0.000000,5.800000,5.800000,0.000000,as_expected
FEE0003821,TRF0003878,3.350000,0.000000,3.350000,3.350000,0.000000,as_expected
FEE0003822,TRF0003879,83.900000,0.000000,83.900000,83.900000,0.000000,as_expected
FEE0003823,TRF0003880,3.930000,0.000000,3.930000,3.930000,0.000000,as_expected
FEE0003824,TRF0003881,5.580000,0.000000,5.580000,5.580000,0.000000,as_expected
FEE0003825,TRF0003882,3.750000,0.000000,3.750000,3.750000,0.000000,as_expected
FEE0003826,TRF0003883,2.280000,0.000000,2.280000,2.280000,0.000000,as_expected
FEE0003827,TRF0003884,3.840000,0.000000,3.840000,3.840000,0.000000,as_expected
FEE0003828,TRF0003885,2.830000,0.000000,2.830000,2.830000,0.000000,as_expected
FEE0003829,TRF0003886,3.380000,0.220000,3.160000,3.160000,0.000000,approved_price_investment
FEE0003830,TRF0003887,1.950000,0.000000,1.950000,1.950000,0.000000,as_expected
FEE0003831,TRF0003888,3.650000,0.000000,3.650000,3.650000,0.000000,as_expected
FEE0003832,TRF0003889,1.880000,0.000000,1.880000,1.880000,0.000000,as_expected
FEE0003833,TRF0003890,2.650000,0.000000,2.650000,2.650000,0.000000,as_expected
FEE0003834,TRF0003891,43.430000,0.000000,43.430000,43.430000,0.000000,as_expected
FEE0003835,TRF0003892,2.510000,0.000000,2.510000,2.510000,0.000000,as_expected
FEE0003836,TRF0003893,37.070000,0.000000,37.070000,37.070000,0.000000,as_expected
FEE0003837,TRF0003894,27.120000,0.000000,27.120000,27.120000,0.000000,as_expected
FEE0003838,TRF0003895,1.760000,0.090000,1.670000,1.670000,0.000000,approved_price_investment
FEE0003839,TRF0003896,2.570000,0.000000,2.570000,2.570000,0.000000,as_expected
FEE0003840,TRF0003897,2.780000,0.170000,2.610000,2.610000,0.000000,approved_price_investment
FEE0003841,TRF0003898,2.910000,0.000000,2.910000,2.910000,0.000000,as_expected
FEE0003842,TRF0003899,7.000000,0.520000,6.480000,6.480000,0.000000,approved_price_investment
FEE0003843,TRF0003900,4.550000,0.000000,4.550000,4.550000,0.000000,as_expected
FEE0003844,TRF0003901,6.660000,0.000000,6.660000,6.660000,0.000000,as_expected
FEE0003845,TRF0003902,4.790000,0.000000,4.790000,4.790000,0.000000,as_expected
FEE0003846,TRF0003903,2.240000,0.000000,2.240000,2.240000,0.000000,as_expected
FEE0003847,TRF0003904,112.080000,0.000000,112.080000,112.080000,0.000000,as_expected
FEE0003848,TRF0003905,1.150000,0.000000,1.150000,1.150000,0.000000,as_expected
FEE0003849,TRF0003906,4.190000,0.000000,4.190000,4.190000,0.000000,as_expected
FEE0003850,TRF0003907,5.180000,0.000000,5.180000,5.180000,0.000000,as_expected
FEE0003851,TRF0003908,1.980000,0.000000,1.980000,1.980000,0.000000,as_expected
FEE0003852,TRF0003909,10.300000,0.000000,10.300000,10.300000,0.000000,as_expected
FEE0003853,TRF0003910,3.210000,0.000000,3.210000,3.210000,0.000000,as_expected
FEE0003854,TRF0003911,24.870000,0.000000,24.870000,24.870000,0.000000,as_expected
FEE0003855,TRF0003912,6.600000,0.000000,6.600000,6.600000,0.000000,as_expected
FEE0003856,TRF0003913,6.140000,0.000000,6.140000,6.140000,0.000000,as_expected
FEE0003857,TRF0003914,82.270000,0.000000,82.270000,82.270000,0.000000,as_expected
FEE0003858,TRF0003915,4.030000,0.000000,4.030000,4.030000,0.000000,as_expected
FEE0003859,TRF0003916,1.700000,0.000000,1.700000,1.700000,0.000000,as_expected
FEE0003860,TRF0003917,2.920000,0.000000,2.920000,2.920000,0.000000,as_expected
FEE0003861,TRF0003918,1.790000,0.000000,1.790000,1.790000,0.000000,as_expected
FEE0003862,TRF0003919,2.310000,0.000000,2.310000,2.310000,0.000000,as_expected
FEE0003863,TRF0003920,15.950000,0.000000,15.950000,15.950000,0.000000,as_expected
FEE0003864,TRF0003921,29.670000,0.000000,29.670000,29.670000,0.000000,as_expected
FEE0003865,TRF0003922,88.040000,0.000000,88.040000,88.040000,0.000000,as_expected
FEE0003866,TRF0003923,4.940000,0.000000,4.940000,4.940000,0.000000,as_expected
FEE0003867,TRF0003924,21.310000,0.000000,21.310000,21.310000,0.000000,as_expected
FEE0003868,TRF0003925,1.250000,0.000000,1.250000,1.250000,0.000000,as_expected
FEE0003869,TRF0003926,6.560000,0.000000,6.560000,6.560000,0.000000,as_expected
FEE0003870,TRF0003927,4.870000,0.000000,4.870000,4.870000,0.000000,as_expected
FEE0003871,TRF0003928,43.100000,0.000000,43.100000,43.100000,0.000000,as_expected
FEE0003872,TRF0003929,54.050000,0.000000,54.050000,54.050000,0.000000,as_expected
FEE0003873,TRF0003930,2.540000,0.000000,2.540000,2.540000,0.000000,as_expected
FEE0003874,TRF0003931,1.240000,0.000000,1.240000,1.240000,0.000000,as_expected
FEE0003875,TRF0003932,6.530000,0.000000,6.530000,6.530000,0.000000,as_expected
FEE0003876,TRF0003933,16.420000,0.000000,16.420000,10.390000,6.030000,unexpected_shortfall
FEE0003877,TRF0003934,3.700000,0.000000,3.700000,3.700000,0.000000,as_expected
FEE0003878,TRF0003935,23.570000,0.000000,23.570000,23.570000,0.000000,as_expected
FEE0003879,TRF0003936,5.570000,0.000000,5.570000,5.570000,0.000000,as_expected
FEE0003880,TRF0003937,2.500000,0.000000,2.500000,2.500000,0.000000,as_expected
FEE0003881,TRF0003938,3.370000,0.000000,3.370000,3.370000,0.000000,as_expected
FEE0003882,TRF0003939,10.390000,0.000000,10.390000,10.390000,0.000000,as_expected
FEE0003883,TRF0003940,1.870000,0.000000,1.870000,1.870000,0.000000,as_expected
FEE0003884,TRF0003941,1.630000,0.000000,1.630000,1.630000,0.000000,as_expected
FEE0003885,TRF0003942,6.380000,0.000000,6.380000,6.380000,0.000000,as_expected
FEE0003886,TRF0003943,167.170000,0.000000,167.170000,167.170000,0.000000,as_expected
FEE0003887,TRF0003944,23.760000,0.000000,23.760000,23.760000,0.000000,as_expected
FEE0003888,TRF0003945,2.640000,0.000000,2.640000,2.640000,0.000000,as_expected
FEE0003889,TRF0003946,4.520000,0.000000,4.520000,4.520000,0.000000,as_expected
FEE0003890,TRF0003947,147.320000,0.000000,147.320000,147.320000,0.000000,as_expected
FEE0003891,TRF0003948,18.940000,0.000000,18.940000,18.940000,0.000000,as_expected
FEE0003892,TRF0003949,2.340000,0.000000,2.340000,2.340000,0.000000,as_expected
FEE0003893,TRF0003950,48.850000,0.000000,48.850000,48.850000,0.000000,as_expected
FEE0003894,TRF0003951,9.040000,0.000000,9.040000,9.040000,0.000000,as_expected
FEE0003895,TRF0003952,14.090000,0.000000,14.090000,14.090000,0.000000,as_expected
FEE0003896,TRF0003953,1.590000,0.000000,1.590000,1.590000,0.000000,as_expected
FEE0003897,TRF0003954,3.560000,0.000000,3.560000,3.560000,0.000000,as_expected
FEE0003898,TRF0003955,3.280000,0.000000,3.280000,3.280000,0.000000,as_expected
FEE0003899,TRF0003956,19.340000,0.000000,19.340000,19.340000,0.000000,as_expected
FEE0003900,TRF0003957,8.160000,0.000000,8.160000,8.160000,0.000000,as_expected
FEE0003901,TRF0003958,47.800000,0.000000,47.800000,47.800000,0.000000,as_expected
FEE0003902,TRF0003959,23.100000,1.940000,21.160000,21.160000,0.000000,approved_price_investment
FEE0003903,TRF0003960,1.440000,0.000000,1.440000,1.440000,0.000000,as_expected
FEE0003904,TRF0003961,10.230000,0.000000,10.230000,10.230000,0.000000,as_expected
FEE0003905,TRF0003962,2.920000,0.000000,2.920000,2.920000,0.000000,as_expected
FEE0003906,TRF0003963,10.400000,0.000000,10.400000,10.400000,0.000000,as_expected
FEE0003907,TRF0003964,4.520000,0.000000,4.520000,4.520000,0.000000,as_expected
FEE0003908,TRF0003965,74.060000,0.000000,74.060000,46.420000,27.640000,unexpected_shortfall
FEE0003909,TRF0003966,8.770000,0.000000,8.770000,8.770000,0.000000,as_expected
FEE0003910,TRF0003967,41.580000,0.000000,41.580000,41.580000,0.000000,as_expected
FEE0003911,TRF0003968,6.310000,0.000000,6.310000,6.310000,0.000000,as_expected
FEE0003912,TRF0003969,12.350000,1.010000,11.340000,11.340000,0.000000,approved_price_investment
FEE0003913,TRF0003970,95.650000,8.340000,87.310000,87.310000,0.000000,approved_price_investment
FEE0003914,TRF0003971,3.140000,0.000000,3.140000,3.140000,0.000000,as_expected
FEE0003915,TRF0003972,1.820000,0.000000,1.820000,1.820000,0.000000,as_expected
FEE0003916,TRF0003973,0.880000,0.000000,0.880000,0.880000,0.000000,as_expected
FEE0003917,TRF0003974,16.100000,0.000000,16.100000,16.100000,0.000000,as_expected
FEE0003918,TRF0003975,341.090000,0.000000,341.090000,341.090000,0.000000,as_expected
FEE0003919,TRF0003976,1.240000,0.000000,1.240000,1.240000,0.000000,as_expected
FEE0003920,TRF0003977,1.330000,0.000000,1.330000,1.330000,0.000000,as_expected
FEE0003921,TRF0003978,1.500000,0.000000,1.500000,1.500000,0.000000,as_expected
FEE0003922,TRF0003979,25.110000,0.000000,25.110000,25.110000,0.000000,as_expected
FEE0003923,TRF0003980,3.040000,0.000000,3.040000,3.040000,0.000000,as_expected
FEE0003924,TRF0003981,2.850000,0.000000,2.850000,2.850000,0.000000,as_expected
FEE0003925,TRF0003982,19.690000,0.000000,19.690000,19.690000,0.000000,as_expected
FEE0003926,TRF0003983,50.730000,0.000000,50.730000,50.730000,0.000000,as_expected
FEE0003927,TRF0003984,3.090000,0.000000,3.090000,3.090000,0.000000,as_expected
FEE0003928,TRF0003985,17.570000,0.000000,17.570000,17.570000,0.000000,as_expected
FEE0003929,TRF0003986,3.130000,0.000000,3.130000,3.130000,0.000000,as_expected
FEE0003930,TRF0003987,17.460000,0.000000,17.460000,17.460000,0.000000,as_expected
FEE0003931,TRF0003988,5.510000,0.000000,5.510000,5.510000,0.000000,as_expected
FEE0003932,TRF0003989,1.700000,0.000000,1.700000,1.700000,0.000000,as_expected
FEE0003933,TRF0003990,6.890000,0.670000,6.220000,6.220000,0.000000,approved_price_investment
FEE0003934,TRF0003991,13.510000,0.000000,13.510000,13.510000,0.000000,as_expected
FEE0003935,TRF0003992,5.180000,0.370000,4.810000,4.810000,0.000000,approved_price_investment
FEE0003936,TRF0003993,30.240000,0.000000,30.240000,30.240000,0.000000,as_expected
FEE0003937,TRF0003994,6.930000,0.000000,6.930000,6.930000,0.000000,as_expected
FEE0003938,TRF0003995,5.570000,0.000000,5.570000,5.570000,0.000000,as_expected
FEE0003939,TRF0003996,26.390000,0.000000,26.390000,26.390000,0.000000,as_expected
FEE0003940,TRF0003997,27.890000,0.000000,27.890000,27.890000,0.000000,as_expected
FEE0003941,TRF0003998,6.920000,0.000000,6.920000,6.920000,0.000000,as_expected
FEE0003942,TRF0003999,83.970000,0.000000,83.970000,83.970000,0.000000,as_expected
FEE0003943,TRF0004000,25.220000,0.000000,25.220000,25.220000,0.000000,as_expected
FEE0003944,TRF0004001,14.960000,0.000000,14.960000,14.960000,0.000000,as_expected
FEE0003945,TRF0004002,11.700000,0.000000,11.700000,11.700000,0.000000,as_expected
FEE0003946,TRF0004003,2.860000,0.000000,2.860000,2.860000,0.000000,as_expected
FEE0003947,TRF0004004,1.700000,0.000000,1.700000,1.700000,0.000000,as_expected
FEE0003948,TRF0004005,37.210000,0.000000,37.210000,37.210000,0.000000,as_expected
FEE0003949,TRF0004006,13.490000,0.000000,13.490000,13.490000,0.000000,as_expected
FEE0003950,TRF0004007,6.440000,0.000000,6.440000,6.440000,0.000000,as_expected
FEE0003951,TRF0004008,2.750000,0.000000,2.750000,2.750000,0.000000,as_expected
FEE0003952,TRF0004009,28.150000,3.150000,25.000000,25.000000,0.000000,approved_price_investment
FEE0003953,TRF0004010,228.710000,0.000000,228.710000,228.710000,0.000000,as_expected
FEE0003954,TRF0004011,1.870000,0.000000,1.870000,1.870000,0.000000,as_expected
FEE0003955,TRF0004012,4.420000,0.000000,4.420000,4.420000,0.000000,as_expected
FEE0003956,TRF0004013,3.250000,0.000000,3.250000,3.250000,0.000000,as_expected
FEE0003957,TRF0004014,7.790000,0.000000,7.790000,7.790000,0.000000,as_expected
FEE0003958,TRF0004015,41.080000,0.000000,41.080000,41.080000,0.000000,as_expected
FEE0003959,TRF0004016,2.200000,0.000000,2.200000,2.200000,0.000000,as_expected
FEE0003960,TRF0004017,35.900000,3.100000,32.800000,32.800000,0.000000,approved_price_investment
FEE0003961,TRF0004018,21.100000,0.000000,21.100000,21.100000,0.000000,as_expected
FEE0003962,TRF0004019,6.020000,0.000000,6.020000,6.020000,0.000000,as_expected
FEE0003963,TRF0004020,1.940000,0.000000,1.940000,1.940000,0.000000,as_expected
FEE0003964,TRF0004021,2.580000,0.000000,2.580000,2.580000,0.000000,as_expected
FEE0003965,TRF0004022,54.630000,0.000000,54.630000,54.630000,0.000000,as_expected
FEE0003966,TRF0004023,2.480000,0.000000,2.480000,2.480000,0.000000,as_expected
FEE0003967,TRF0004024,64.610000,0.000000,64.610000,64.610000,0.000000,as_expected
FEE0003968,TRF0004025,4.410000,0.000000,4.410000,4.410000,0.000000,as_expected
FEE0003969,TRF0004026,1.620000,0.000000,1.620000,1.620000,0.000000,as_expected
FEE0003970,TRF0004027,2.870000,0.000000,2.870000,2.870000,0.000000,as_expected
FEE0003971,TRF0004028,4.600000,0.000000,4.600000,4.600000,0.000000,as_expected
FEE0003972,TRF0004029,82.030000,0.000000,82.030000,82.030000,0.000000,as_expected
FEE0003973,TRF0004030,7.970000,0.000000,7.970000,7.970000,0.000000,as_expected
FEE0003974,TRF0004031,37.780000,0.000000,37.780000,37.780000,0.000000,as_expected
FEE0003975,TRF0004032,23.810000,0.000000,23.810000,23.810000,0.000000,as_expected
FEE0003976,TRF0004033,8.730000,0.930000,7.800000,7.800000,0.000000,approved_price_investment
FEE0003977,TRF0004034,28.390000,0.000000,28.390000,28.390000,0.000000,as_expected
FEE0003978,TRF0004035,18.250000,0.000000,18.250000,18.250000,0.000000,as_expected
FEE0003979,TRF0004036,2.880000,0.000000,2.880000,2.880000,0.000000,as_expected
FEE0003980,TRF0004037,2.890000,0.000000,2.890000,2.890000,0.000000,as_expected
FEE0003981,TRF0004038,4.820000,0.000000,4.820000,4.820000,0.000000,as_expected
FEE0003982,TRF0004039,79.780000,0.000000,79.780000,50.000000,29.780000,unexpected_shortfall
FEE0003983,TRF0004040,3.140000,0.000000,3.140000,3.140000,0.000000,as_expected
FEE0003984,TRF0004041,13.380000,0.000000,13.380000,13.380000,0.000000,as_expected
FEE0003985,TRF0004042,13.210000,0.000000,13.210000,13.210000,0.000000,as_expected
FEE0003986,TRF0004043,5.110000,0.000000,5.110000,5.110000,0.000000,as_expected
FEE0003987,TRF0004044,2.880000,0.000000,2.880000,2.880000,0.000000,as_expected
FEE0003988,TRF0004045,14.730000,0.000000,14.730000,14.730000,0.000000,as_expected
FEE0003989,TRF0004046,2.040000,0.000000,2.040000,2.040000,0.000000,as_expected
FEE0003990,TRF0004047,3.240000,0.000000,3.240000,3.240000,0.000000,as_expected
FEE0003991,TRF0004048,17.180000,0.000000,17.180000,17.180000,0.000000,as_expected
FEE0003992,TRF0004049,20.290000,0.000000,20.290000,20.290000,0.000000,as_expected
FEE0003993,TRF0004050,19.370000,0.000000,19.370000,19.370000,0.000000,as_expected
FEE0003994,TRF0004051,8.100000,0.000000,8.100000,8.100000,0.000000,as_expected
FEE0003995,TRF0004052,7.000000,0.000000,7.000000,7.000000,0.000000,as_expected
FEE0003996,TRF0004053,8.700000,0.000000,8.700000,8.700000,0.000000,as_expected
FEE0003997,TRF0004054,2.530000,0.000000,2.530000,2.530000,0.000000,as_expected
FEE0003998,TRF0004055,79.900000,0.000000,79.900000,79.900000,0.000000,as_expected
FEE0003999,TRF0004056,0.890000,0.000000,0.890000,0.890000,0.000000,as_expected
FEE0004000,TRF0004057,23.020000,0.000000,23.020000,23.020000,0.000000,as_expected
FEE0004001,TRF0004058,1.460000,0.000000,1.460000,1.460000,0.000000,as_expected
FEE0004002,TRF0004059,2.030000,0.000000,2.030000,2.030000,0.000000,as_expected
FEE0004003,TRF0004060,3.740000,0.000000,3.740000,3.740000,0.000000,as_expected
FEE0004004,TRF0004061,398.970000,0.000000,398.970000,398.970000,0.000000,as_expected
FEE0004005,TRF0004062,6.670000,0.000000,6.670000,6.670000,0.000000,as_expected
FEE0004006,TRF0004063,2.800000,0.000000,2.800000,2.800000,0.000000,as_expected
FEE0004007,TRF0004064,46.290000,0.000000,46.290000,46.290000,0.000000,as_expected
FEE0004008,TRF0004065,4.230000,0.000000,4.230000,4.230000,0.000000,as_expected
FEE0004009,TRF0004066,7.330000,0.550000,6.780000,6.780000,0.000000,approved_price_investment
FEE0004010,TRF0004067,112.830000,0.000000,112.830000,112.830000,0.000000,as_expected
FEE0004011,TRF0004068,3.000000,0.000000,3.000000,3.000000,0.000000,as_expected
FEE0004012,TRF0004069,11.060000,0.000000,11.060000,11.060000,0.000000,as_expected
FEE0004013,TRF0004070,4.530000,0.420000,4.110000,4.110000,0.000000,approved_price_investment
FEE0004014,TRF0004071,1.840000,0.000000,1.840000,1.840000,0.000000,as_expected
FEE0004015,TRF0004072,8.580000,0.930000,7.650000,7.650000,0.000000,approved_price_investment
FEE0004016,TRF0004073,2.780000,0.000000,2.780000,2.780000,0.000000,as_expected
FEE0004017,TRF0004074,10.740000,0.000000,10.740000,10.740000,0.000000,as_expected
FEE0004018,TRF0004075,24.980000,0.000000,24.980000,24.980000,0.000000,as_expected
FEE0004019,TRF0004076,1.760000,0.000000,1.760000,1.760000,0.000000,as_expected
FEE0004020,TRF0004077,68.180000,0.000000,68.180000,68.180000,0.000000,as_expected
FEE0004021,TRF0004078,3.130000,0.000000,3.130000,3.130000,0.000000,as_expected
FEE0004022,TRF0004079,3.330000,0.000000,3.330000,3.330000,0.000000,as_expected
FEE0004023,TRF0004080,1.530000,0.000000,1.530000,1.530000,0.000000,as_expected
FEE0004024,TRF0004081,1.600000,0.000000,1.600000,1.600000,0.000000,as_expected
FEE0004025,TRF0004083,15.040000,0.000000,15.040000,15.040000,0.000000,as_expected
FEE0004026,TRF0004084,8.840000,0.000000,8.840000,8.840000,0.000000,as_expected
FEE0004027,TRF0004085,5.570000,0.000000,5.570000,5.570000,0.000000,as_expected
FEE0004028,TRF0004086,3.020000,0.000000,3.020000,3.020000,0.000000,as_expected
FEE0004029,TRF0004087,22.120000,0.000000,22.120000,22.120000,0.000000,as_expected
FEE0004030,TRF0004088,1.130000,0.000000,1.130000,1.130000,0.000000,as_expected
FEE0004031,TRF0004089,35.130000,0.000000,35.130000,35.130000,0.000000,as_expected
FEE0004032,TRF0004090,18.250000,0.000000,18.250000,18.250000,0.000000,as_expected
FEE0004033,TRF0004091,5.840000,0.000000,5.840000,5.840000,0.000000,as_expected
FEE0004034,TRF0004092,4.850000,0.000000,4.850000,4.850000,0.000000,as_expected
FEE0004035,TRF0004093,1.550000,0.000000,1.550000,1.550000,0.000000,as_expected
FEE0004036,TRF0004094,6.750000,0.000000,6.750000,6.750000,0.000000,as_expected
FEE0004037,TRF0004095,2.460000,0.000000,2.460000,2.460000,0.000000,as_expected
FEE0004038,TRF0004096,48.050000,0.000000,48.050000,48.050000,0.000000,as_expected
FEE0004039,TRF0004097,3.790000,0.000000,3.790000,3.790000,0.000000,as_expected
FEE0004040,TRF0004098,2.580000,0.000000,2.580000,2.580000,0.000000,as_expected
FEE0004041,TRF0004099,13.940000,0.000000,13.940000,13.940000,0.000000,as_expected
FEE0004042,TRF0004100,16.740000,0.000000,16.740000,16.740000,0.000000,as_expected
FEE0004043,TRF0004101,160.090000,0.000000,160.090000,160.090000,0.000000,as_expected
FEE0004044,TRF0004102,6.410000,0.000000,6.410000,6.410000,0.000000,as_expected
FEE0004045,TRF0004103,14.620000,0.000000,14.620000,14.620000,0.000000,as_expected
FEE0004046,TRF0004104,4.690000,0.000000,4.690000,4.690000,0.000000,as_expected
FEE0004047,TRF0004105,3.490000,0.000000,3.490000,3.490000,0.000000,as_expected
FEE0004048,TRF0004106,6.320000,0.000000,6.320000,6.320000,0.000000,as_expected
FEE0004049,TRF0004107,1.070000,0.000000,1.070000,1.070000,0.000000,as_expected
FEE0004050,TRF0004108,3.290000,0.000000,3.290000,3.290000,0.000000,as_expected
FEE0004051,TRF0004109,5.290000,0.000000,5.290000,5.290000,0.000000,as_expected
FEE0004052,TRF0004110,1.570000,0.000000,1.570000,1.570000,0.000000,as_expected
FEE0004053,TRF0004111,1.200000,0.000000,1.200000,1.200000,0.000000,as_expected
FEE0004054,TRF0004112,15.500000,0.000000,15.500000,15.500000,0.000000,as_expected
FEE0004055,TRF0004113,6.010000,0.000000,6.010000,6.010000,0.000000,as_expected
FEE0004056,TRF0004114,1.360000,0.000000,1.360000,1.360000,0.000000,as_expected
FEE0004057,TRF0004115,44.900000,0.000000,44.900000,44.900000,0.000000,as_expected
FEE0004058,TRF0004116,4.180000,0.420000,3.760000,3.760000,0.000000,approved_price_investment
FEE0004059,TRF0004117,6.470000,0.000000,6.470000,6.470000,0.000000,as_expected
FEE0004060,TRF0004118,105.250000,0.000000,105.250000,65.910000,39.340000,unexpected_shortfall
FEE0004061,TRF0004119,10.150000,0.000000,10.150000,10.150000,0.000000,as_expected
FEE0004062,TRF0004120,1.480000,0.000000,1.480000,1.480000,0.000000,as_expected
FEE0004063,TRF0004121,16.700000,0.000000,16.700000,16.700000,0.000000,as_expected
FEE0004064,TRF0004123,106.200000,0.000000,106.200000,106.200000,0.000000,as_expected
FEE0004065,TRF0004124,4.490000,0.000000,4.490000,4.490000,0.000000,as_expected
FEE0004066,TRF0004125,2.130000,0.000000,2.130000,2.130000,0.000000,as_expected
FEE0004067,TRF0004126,70.150000,0.000000,70.150000,70.150000,0.000000,as_expected
FEE0004068,TRF0004127,11.410000,0.000000,11.410000,11.410000,0.000000,as_expected
FEE0004069,TRF0004128,27.010000,0.000000,27.010000,27.010000,0.000000,as_expected
FEE0004070,TRF0004129,86.720000,0.000000,86.720000,86.720000,0.000000,as_expected
FEE0004071,TRF0004130,7.470000,0.000000,7.470000,7.470000,0.000000,as_expected
FEE0004072,TRF0004131,8.570000,0.850000,7.720000,7.720000,0.000000,approved_price_investment
FEE0004073,TRF0004133,7.050000,0.000000,7.050000,7.050000,0.000000,as_expected
FEE0004074,TRF0004134,155.000000,0.000000,155.000000,155.000000,0.000000,as_expected
FEE0004075,TRF0004135,21.120000,0.000000,21.120000,21.120000,0.000000,as_expected
FEE0004076,TRF0004136,0.730000,0.000000,0.730000,0.730000,0.000000,as_expected
FEE0004077,TRF0004137,14.460000,0.000000,14.460000,14.460000,0.000000,as_expected
FEE0004078,TRF0004138,49.900000,0.000000,49.900000,49.900000,0.000000,as_expected
FEE0004079,TRF0004139,2.480000,0.000000,2.480000,2.480000,0.000000,as_expected
FEE0004080,TRF0004140,55.650000,0.000000,55.650000,34.910000,20.740000,unexpected_shortfall
FEE0004081,TRF0004141,2.630000,0.000000,2.630000,2.630000,0.000000,as_expected
FEE0004082,TRF0004142,112.520000,0.000000,112.520000,112.520000,0.000000,as_expected
FEE0004083,TRF0004143,3.970000,0.000000,3.970000,3.970000,0.000000,as_expected
FEE0004084,TRF0004144,2.510000,0.000000,2.510000,2.510000,0.000000,as_expected
FEE0004085,TRF0004145,3.760000,0.000000,3.760000,3.760000,0.000000,as_expected
FEE0004086,TRF0004146,5.170000,0.000000,5.170000,5.170000,0.000000,as_expected
FEE0004087,TRF0004147,4.370000,0.000000,4.370000,4.370000,0.000000,as_expected
FEE0004088,TRF0004148,3.490000,0.000000,3.490000,3.490000,0.000000,as_expected
FEE0004089,TRF0004149,2.610000,0.000000,2.610000,2.610000,0.000000,as_expected
FEE0004090,TRF0004150,16.780000,0.000000,16.780000,16.780000,0.000000,as_expected
FEE0004091,TRF0004151,16.180000,0.000000,16.180000,16.180000,0.000000,as_expected
FEE0004092,TRF0004152,4.670000,0.000000,4.670000,4.670000,0.000000,as_expected
FEE0004093,TRF0004153,5.160000,0.000000,5.160000,5.160000,0.000000,as_expected
FEE0004094,TRF0004154,16.880000,0.000000,16.880000,16.880000,0.000000,as_expected
FEE0004095,TRF0004155,12.800000,0.000000,12.800000,12.800000,0.000000,as_expected
FEE0004096,TRF0004156,5.870000,0.000000,5.870000,5.870000,0.000000,as_expected
FEE0004097,TRF0004157,121.010000,0.000000,121.010000,121.010000,0.000000,as_expected
FEE0004098,TRF0004158,3.150000,0.000000,3.150000,3.150000,0.000000,as_expected
FEE0004099,TRF0004159,1.300000,0.000000,1.300000,1.300000,0.000000,as_expected
FEE0004100,TRF0004160,3.030000,0.000000,3.030000,3.030000,0.000000,as_expected
FEE0004101,TRF0004161,724.160000,0.000000,724.160000,724.160000,0.000000,as_expected
FEE0004102,TRF0004162,1.500000,0.000000,1.500000,1.500000,0.000000,as_expected
FEE0004103,TRF0004163,1.300000,0.000000,1.300000,1.300000,0.000000,as_expected
FEE0004104,TRF0004164,4.160000,0.000000,4.160000,4.160000,0.000000,as_expected
FEE0004105,TRF0004165,53.450000,0.000000,53.450000,53.450000,0.000000,as_expected
FEE0004106,TRF0004166,10.800000,0.000000,10.800000,10.800000,0.000000,as_expected
FEE0004107,TRF0004167,2.710000,0.000000,2.710000,2.710000,0.000000,as_expected
FEE0004108,TRF0004168,1.630000,0.000000,1.630000,1.630000,0.000000,as_expected
FEE0004109,TRF0004169,0.730000,0.000000,0.730000,0.730000,0.000000,as_expected
FEE0004110,TRF0004170,1.320000,0.000000,1.320000,1.320000,0.000000,as_expected
FEE0004111,TRF0004171,5.210000,0.000000,5.210000,5.210000,0.000000,as_expected
FEE0004112,TRF0004172,4.240000,0.000000,4.240000,4.240000,0.000000,as_expected
FEE0004113,TRF0004173,2.030000,0.000000,2.030000,2.030000,0.000000,as_expected
FEE0004114,TRF0004174,5.310000,0.380000,4.930000,4.930000,0.000000,approved_price_investment
FEE0004115,TRF0004175,9.820000,0.000000,9.820000,9.820000,0.000000,as_expected
FEE0004116,TRF0004176,11.890000,0.000000,11.890000,11.890000,0.000000,as_expected
FEE0004117,TRF0004177,25.560000,0.000000,25.560000,25.560000,0.000000,as_expected
FEE0004118,TRF0004178,7.750000,0.760000,6.990000,6.990000,0.000000,approved_price_investment
FEE0004119,TRF0004179,17.120000,0.000000,17.120000,17.120000,0.000000,as_expected
FEE0004120,TRF0004180,1.310000,0.000000,1.310000,1.310000,0.000000,as_expected
FEE0004121,TRF0004181,3.740000,0.000000,3.740000,3.740000,0.000000,as_expected
FEE0004122,TRF0004182,4.280000,0.000000,4.280000,4.280000,0.000000,as_expected
FEE0004123,TRF0004183,20.770000,0.000000,20.770000,20.770000,0.000000,as_expected
FEE0004124,TRF0004184,84.520000,0.000000,84.520000,84.520000,0.000000,as_expected
FEE0004125,TRF0004185,11.060000,0.000000,11.060000,11.060000,0.000000,as_expected
FEE0004126,TRF0004186,32.680000,2.770000,29.910000,29.910000,0.000000,approved_price_investment
FEE0004127,TRF0004187,11.140000,0.000000,11.140000,11.140000,0.000000,as_expected
FEE0004128,TRF0004188,16.390000,0.000000,16.390000,16.390000,0.000000,as_expected
FEE0004129,TRF0004189,18.780000,0.000000,18.780000,18.780000,0.000000,as_expected
FEE0004130,TRF0004190,10.450000,0.000000,10.450000,10.450000,0.000000,as_expected
FEE0004131,TRF0004191,1.730000,0.000000,1.730000,1.730000,0.000000,as_expected
FEE0004132,TRF0004192,28.810000,0.000000,28.810000,28.810000,0.000000,as_expected
FEE0004133,TRF0004193,1.510000,0.000000,1.510000,1.510000,0.000000,as_expected
FEE0004134,TRF0004194,17.690000,0.000000,17.690000,17.690000,0.000000,as_expected
FEE0004135,TRF0004195,21.460000,0.000000,21.460000,21.460000,0.000000,as_expected
FEE0004136,TRF0004196,34.730000,0.000000,34.730000,34.730000,0.000000,as_expected
FEE0004137,TRF0004197,3.540000,0.000000,3.540000,3.540000,0.000000,as_expected
FEE0004138,TRF0004198,1.490000,0.000000,1.490000,1.490000,0.000000,as_expected
FEE0004139,TRF0004199,3.880000,0.000000,3.880000,3.880000,0.000000,as_expected
FEE0004140,TRF0004200,1.980000,0.000000,1.980000,1.980000,0.000000,as_expected
FEE0004141,TRF0004201,14.310000,1.180000,13.130000,13.130000,0.000000,approved_price_investment
FEE0004142,TRF0004202,1.770000,0.140000,1.630000,1.630000,0.000000,approved_price_investment
FEE0004143,TRF0004203,61.840000,0.000000,61.840000,61.840000,0.000000,as_expected
FEE0004144,TRF0004204,1.930000,0.000000,1.930000,1.930000,0.000000,as_expected
FEE0004145,TRF0004205,9.120000,0.000000,9.120000,9.120000,0.000000,as_expected
FEE0004146,TRF0004206,4.860000,0.000000,4.860000,4.860000,0.000000,as_expected
FEE0004147,TRF0004207,15.090000,0.000000,15.090000,15.090000,0.000000,as_expected
FEE0004148,TRF0004208,54.240000,0.000000,54.240000,54.240000,0.000000,as_expected
FEE0004149,TRF0004209,2.890000,0.000000,2.890000,2.890000,0.000000,as_expected
FEE0004150,TRF0004210,34.850000,0.000000,34.850000,34.850000,0.000000,as_expected
FEE0004151,TRF0004211,1.670000,0.000000,1.670000,1.670000,0.000000,as_expected
FEE0004152,TRF0004212,4.420000,0.000000,4.420000,4.420000,0.000000,as_expected
FEE0004153,TRF0004213,7.370000,0.000000,7.370000,7.370000,0.000000,as_expected
FEE0004154,TRF0004214,44.540000,0.000000,44.540000,44.540000,0.000000,as_expected
FEE0004155,TRF0004215,4.050000,0.000000,4.050000,4.050000,0.000000,as_expected
FEE0004156,TRF0004216,96.960000,10.730000,86.230000,86.230000,0.000000,approved_price_investment
FEE0004157,TRF0004217,10.910000,0.000000,10.910000,10.910000,0.000000,as_expected
FEE0004158,TRF0004218,195.670000,0.000000,195.670000,195.670000,0.000000,as_expected
FEE0004159,TRF0004219,10.620000,0.000000,10.620000,10.620000,0.000000,as_expected
FEE0004160,TRF0004220,125.230000,10.930000,114.300000,114.300000,0.000000,approved_price_investment
FEE0004161,TRF0004221,294.130000,0.000000,294.130000,294.130000,0.000000,as_expected
FEE0004162,TRF0004222,6.920000,0.000000,6.920000,6.920000,0.000000,as_expected
FEE0004163,TRF0004223,76.020000,0.000000,76.020000,76.020000,0.000000,as_expected
FEE0004164,TRF0004224,6.880000,0.510000,6.370000,6.370000,0.000000,approved_price_investment
FEE0004165,TRF0004225,12.770000,0.000000,12.770000,12.770000,0.000000,as_expected
FEE0004166,TRF0004226,5.450000,0.000000,5.450000,5.450000,0.000000,as_expected
FEE0004167,TRF0004227,3.540000,0.000000,3.540000,3.540000,0.000000,as_expected
FEE0004168,TRF0004228,12.750000,0.000000,12.750000,12.750000,0.000000,as_expected
FEE0004169,TRF0004229,3.790000,0.000000,3.790000,3.790000,0.000000,as_expected
FEE0004170,TRF0004230,6.250000,0.000000,6.250000,6.250000,0.000000,as_expected
FEE0004171,TRF0004231,3.360000,0.000000,3.360000,3.360000,0.000000,as_expected
FEE0004172,TRF0004232,3.740000,0.000000,3.740000,3.740000,0.000000,as_expected
FEE0004173,TRF0004233,41.430000,0.000000,41.430000,41.430000,0.000000,as_expected
FEE0004174,TRF0004234,96.790000,0.000000,96.790000,96.790000,0.000000,as_expected
FEE0004175,TRF0004235,11.440000,0.000000,11.440000,11.440000,0.000000,as_expected
FEE0004176,TRF0004236,74.360000,0.000000,74.360000,74.360000,0.000000,as_expected
FEE0004177,TRF0004237,2.700000,0.000000,2.700000,2.700000,0.000000,as_expected
FEE0004178,TRF0004238,2.340000,0.000000,2.340000,2.340000,0.000000,as_expected
FEE0004179,TRF0004239,8.860000,0.000000,8.860000,8.860000,0.000000,as_expected
FEE0004180,TRF0004240,8.330000,0.000000,8.330000,8.330000,0.000000,as_expected
FEE0004181,TRF0004241,29.380000,0.000000,29.380000,29.380000,0.000000,as_expected
FEE0004182,TRF0004242,6.350000,0.000000,6.350000,6.350000,0.000000,as_expected
FEE0004183,TRF0004243,11.650000,0.000000,11.650000,11.650000,0.000000,as_expected
FEE0004184,TRF0004244,37.650000,0.000000,37.650000,37.650000,0.000000,as_expected
FEE0004185,TRF0004245,2.790000,0.000000,2.790000,2.790000,0.000000,as_expected
FEE0004186,TRF0004247,5.600000,0.000000,5.600000,5.600000,0.000000,as_expected
FEE0004187,TRF0004248,23.530000,2.570000,20.960000,20.960000,0.000000,approved_price_investment
FEE0004188,TRF0004249,1.970000,0.000000,1.970000,1.970000,0.000000,as_expected
FEE0004189,TRF0004250,5.690000,0.000000,5.690000,5.690000,0.000000,as_expected
FEE0004190,TRF0004251,0.700000,0.000000,0.700000,0.700000,0.000000,as_expected
FEE0004191,TRF0004252,3.930000,0.000000,3.930000,3.930000,0.000000,as_expected
FEE0004192,TRF0004253,16.920000,1.720000,15.200000,15.200000,0.000000,approved_price_investment
FEE0004193,TRF0004254,2.780000,0.000000,2.780000,2.780000,0.000000,as_expected
FEE0004194,TRF0004255,5.260000,0.000000,5.260000,5.260000,0.000000,as_expected
FEE0004195,TRF0004256,39.030000,0.000000,39.030000,39.030000,0.000000,as_expected
FEE0004196,TRF0004257,5.330000,0.000000,5.330000,5.330000,0.000000,as_expected
FEE0004197,TRF0004258,7.560000,0.000000,7.560000,7.560000,0.000000,as_expected
FEE0004198,TRF0004259,7.940000,0.000000,7.940000,7.940000,0.000000,as_expected
FEE0004199,TRF0004260,1.190000,0.000000,1.190000,1.190000,0.000000,as_expected
FEE0004200,TRF0004261,1.450000,0.000000,1.450000,1.450000,0.000000,as_expected
FEE0004201,TRF0004262,3.560000,0.000000,3.560000,3.560000,0.000000,as_expected
FEE0004202,TRF0004263,3.810000,0.000000,3.810000,3.810000,0.000000,as_expected
FEE0004203,TRF0004264,40.270000,0.000000,40.270000,40.270000,0.000000,as_expected
FEE0004204,TRF0004265,2.020000,0.000000,2.020000,2.020000,0.000000,as_expected
FEE0004205,TRF0004266,47.220000,5.320000,41.900000,41.900000,0.000000,approved_price_investment
FEE0004206,TRF0004267,2.470000,0.210000,2.260000,2.260000,0.000000,approved_price_investment
FEE0004207,TRF0004268,27.250000,0.000000,27.250000,27.250000,0.000000,as_expected
FEE0004208,TRF0004269,2.030000,0.000000,2.030000,2.030000,0.000000,as_expected
FEE0004209,TRF0004270,5.590000,0.000000,5.590000,5.590000,0.000000,as_expected
FEE0004210,TRF0004271,7.010000,0.000000,7.010000,4.510000,2.500000,unexpected_shortfall
FEE0004211,TRF0004272,6.450000,0.000000,6.450000,6.450000,0.000000,as_expected
FEE0004212,TRF0004273,3.470000,0.000000,3.470000,3.470000,0.000000,as_expected
FEE0004213,TRF0004274,26.480000,0.000000,26.480000,26.480000,0.000000,as_expected
FEE0004214,TRF0004275,6.640000,0.000000,6.640000,6.640000,0.000000,as_expected
FEE0004215,TRF0004276,2.980000,0.000000,2.980000,2.980000,0.000000,as_expected
FEE0004216,TRF0004277,29.290000,0.000000,29.290000,29.290000,0.000000,as_expected
FEE0004217,TRF0004278,3.290000,0.000000,3.290000,3.290000,0.000000,as_expected
FEE0004218,TRF0004279,13.080000,0.000000,13.080000,13.080000,0.000000,as_expected
FEE0004219,TRF0004280,2.070000,0.000000,2.070000,2.070000,0.000000,as_expected
FEE0004220,TRF0004281,3.940000,0.000000,3.940000,3.940000,0.000000,as_expected
FEE0004221,TRF0004282,3.970000,0.000000,3.970000,3.970000,0.000000,as_expected
FEE0004222,TRF0004283,4.210000,0.000000,4.210000,4.210000,0.000000,as_expected
FEE0004223,TRF0004284,4.390000,0.000000,4.390000,4.390000,0.000000,as_expected
FEE0004224,TRF0004285,87.000000,0.000000,87.000000,87.000000,0.000000,as_expected
FEE0004225,TRF0004286,80.560000,0.000000,80.560000,80.560000,0.000000,as_expected
FEE0004226,TRF0004287,1.240000,0.000000,1.240000,1.240000,0.000000,as_expected
FEE0004227,TRF0004288,77.260000,0.000000,77.260000,77.260000,0.000000,as_expected
FEE0004228,TRF0004289,3.590000,0.000000,3.590000,3.590000,0.000000,as_expected
FEE0004229,TRF0004290,7.130000,0.000000,7.130000,7.130000,0.000000,as_expected
FEE0004230,TRF0004291,2.130000,0.120000,2.010000,2.010000,0.000000,approved_price_investment
FEE0004231,TRF0004292,1.140000,0.000000,1.140000,1.140000,0.000000,as_expected
FEE0004232,TRF0004293,1.400000,0.000000,1.400000,1.400000,0.000000,as_expected
FEE0004233,TRF0004294,15.660000,0.000000,15.660000,15.660000,0.000000,as_expected
FEE0004234,TRF0004295,4.440000,0.000000,4.440000,4.440000,0.000000,as_expected
FEE0004235,TRF0004296,3.300000,0.000000,3.300000,3.300000,0.000000,as_expected
FEE0004236,TRF0004297,3.410000,0.000000,3.410000,3.410000,0.000000,as_expected
FEE0004237,TRF0004298,3.280000,0.290000,2.990000,2.990000,0.000000,approved_price_investment
FEE0004238,TRF0004299,51.980000,0.000000,51.980000,51.980000,0.000000,as_expected
FEE0004239,TRF0004300,6.770000,0.000000,6.770000,6.770000,0.000000,as_expected
FEE0004240,TRF0004301,21.970000,0.000000,21.970000,21.970000,0.000000,as_expected
FEE0004241,TRF0004302,4.510000,0.000000,4.510000,4.510000,0.000000,as_expected
FEE0004242,TRF0004303,4.280000,0.000000,4.280000,4.280000,0.000000,as_expected
FEE0004243,TRF0004304,72.280000,0.000000,72.280000,72.280000,0.000000,as_expected
FEE0004244,TRF0004305,1.400000,0.000000,1.400000,1.400000,0.000000,as_expected
FEE0004245,TRF0004306,4.150000,0.000000,4.150000,4.150000,0.000000,as_expected
FEE0004246,TRF0004307,2.990000,0.000000,2.990000,2.990000,0.000000,as_expected
FEE0004247,TRF0004308,15.030000,0.000000,15.030000,15.030000,0.000000,as_expected
FEE0004248,TRF0004309,16.320000,0.000000,16.320000,16.320000,0.000000,as_expected
FEE0004249,TRF0004310,6.320000,0.000000,6.320000,6.320000,0.000000,as_expected
FEE0004250,TRF0004311,14.980000,1.240000,13.740000,13.740000,0.000000,approved_price_investment
FEE0004251,TRF0004312,25.000000,0.000000,25.000000,25.000000,0.000000,as_expected
FEE0004252,TRF0004313,1.470000,0.110000,1.360000,1.360000,0.000000,approved_price_investment
FEE0004253,TRF0004314,5.510000,0.000000,5.510000,5.510000,0.000000,as_expected
FEE0004254,TRF0004315,5.380000,0.000000,5.380000,5.380000,0.000000,as_expected
FEE0004255,TRF0004316,5.380000,0.000000,5.380000,5.380000,0.000000,as_expected
FEE0004256,TRF0004317,2.800000,0.000000,2.800000,2.800000,0.000000,as_expected
FEE0004257,TRF0004318,29.520000,2.490000,27.030000,27.030000,0.000000,approved_price_investment
FEE0004258,TRF0004319,1.660000,0.000000,1.660000,1.660000,0.000000,as_expected
FEE0004259,TRF0004320,1.870000,0.000000,1.870000,1.870000,0.000000,as_expected
FEE0004260,TRF0004321,29.600000,0.000000,29.600000,29.600000,0.000000,as_expected
FEE0004261,TRF0004322,22.880000,0.000000,22.880000,22.880000,0.000000,as_expected
FEE0004262,TRF0004323,8.750000,0.000000,8.750000,8.750000,0.000000,as_expected
FEE0004263,TRF0004324,12.080000,0.000000,12.080000,12.080000,0.000000,as_expected
FEE0004264,TRF0004325,29.710000,0.000000,29.710000,29.710000,0.000000,as_expected
FEE0004265,TRF0004326,2.010000,0.000000,2.010000,2.010000,0.000000,as_expected
FEE0004266,TRF0004327,1.930000,0.000000,1.930000,1.930000,0.000000,as_expected
FEE0004267,TRF0004328,47.230000,0.000000,47.230000,47.230000,0.000000,as_expected
FEE0004268,TRF0004329,7.400000,0.000000,7.400000,7.400000,0.000000,as_expected
FEE0004269,TRF0004330,2.470000,0.000000,2.470000,2.470000,0.000000,as_expected
FEE0004270,TRF0004331,10.880000,0.000000,10.880000,10.880000,0.000000,as_expected
FEE0004271,TRF0004332,6.860000,0.000000,6.860000,6.860000,0.000000,as_expected
FEE0004272,TRF0004333,1.390000,0.100000,1.290000,1.290000,0.000000,approved_price_investment
FEE0004273,TRF0004334,3.020000,0.000000,3.020000,3.020000,0.000000,as_expected
FEE0004274,TRF0004335,14.940000,0.000000,14.940000,14.940000,0.000000,as_expected
FEE0004275,TRF0004336,8.710000,0.000000,8.710000,8.710000,0.000000,as_expected
FEE0004276,TRF0004337,13.460000,0.000000,13.460000,13.460000,0.000000,as_expected
FEE0004277,TRF0004338,5.420000,0.000000,5.420000,5.420000,0.000000,as_expected
FEE0004278,TRF0004339,2.860000,0.000000,2.860000,2.860000,0.000000,as_expected
FEE0004279,TRF0004340,4.170000,0.000000,4.170000,2.740000,1.430000,unexpected_shortfall
FEE0004280,TRF0004341,4.150000,0.000000,4.150000,4.150000,0.000000,as_expected
FEE0004281,TRF0004342,18.910000,0.000000,18.910000,18.910000,0.000000,as_expected
FEE0004282,TRF0004343,3.960000,0.000000,3.960000,3.960000,0.000000,as_expected
FEE0004283,TRF0004344,6.000000,0.000000,6.000000,6.000000,0.000000,as_expected
FEE0004284,TRF0004345,1.970000,0.000000,1.970000,1.970000,0.000000,as_expected
FEE0004285,TRF0004346,8.880000,0.000000,8.880000,8.880000,0.000000,as_expected
FEE0004286,TRF0004347,4.480000,0.000000,4.480000,4.480000,0.000000,as_expected
FEE0004287,TRF0004348,2.980000,0.000000,2.980000,2.980000,0.000000,as_expected
FEE0004288,TRF0004349,4.150000,0.000000,4.150000,4.150000,0.000000,as_expected
FEE0004289,TRF0004350,6.470000,0.000000,6.470000,6.470000,0.000000,as_expected
FEE0004290,TRF0004351,4.430000,0.000000,4.430000,4.430000,0.000000,as_expected
FEE0004291,TRF0004352,3.830000,0.000000,3.830000,3.830000,0.000000,as_expected
FEE0004292,TRF0004353,6.660000,0.000000,6.660000,6.660000,0.000000,as_expected
FEE0004293,TRF0004354,12.970000,1.430000,11.540000,11.540000,0.000000,approved_price_investment
FEE0004294,TRF0004355,10.070000,0.000000,10.070000,10.070000,0.000000,as_expected
FEE0004295,TRF0004356,1.930000,0.000000,1.930000,1.930000,0.000000,as_expected
FEE0004296,TRF0004357,10.500000,0.000000,10.500000,10.500000,0.000000,as_expected
FEE0004297,TRF0004358,1.190000,0.000000,1.190000,1.190000,0.000000,as_expected
FEE0004298,TRF0004359,2.370000,0.000000,2.370000,2.370000,0.000000,as_expected
FEE0004299,TRF0004360,6.350000,0.000000,6.350000,6.350000,0.000000,as_expected
FEE0004300,TRF0004361,4.130000,0.000000,4.130000,4.130000,0.000000,as_expected
FEE0004301,TRF0004362,9.130000,0.000000,9.130000,9.130000,0.000000,as_expected
FEE0004302,TRF0004363,3.820000,0.000000,3.820000,3.820000,0.000000,as_expected
FEE0004303,TRF0004364,1.420000,0.000000,1.420000,1.420000,0.000000,as_expected
FEE0004304,TRF0004365,3.780000,0.000000,3.780000,3.780000,0.000000,as_expected
FEE0004305,TRF0004366,3.920000,0.000000,3.920000,3.920000,0.000000,as_expected
FEE0004306,TRF0004367,156.000000,0.000000,156.000000,156.000000,0.000000,as_expected
FEE0004307,TRF0004368,2.020000,0.000000,2.020000,2.020000,0.000000,as_expected
FEE0004308,TRF0004369,1.920000,0.000000,1.920000,1.920000,0.000000,as_expected
FEE0004309,TRF0004370,2.460000,0.150000,2.310000,2.310000,0.000000,approved_price_investment
FEE0004310,TRF0004371,2.370000,0.000000,2.370000,2.370000,0.000000,as_expected
FEE0004311,TRF0004372,18.730000,0.000000,18.730000,18.730000,0.000000,as_expected
FEE0004312,TRF0004374,10.090000,0.000000,10.090000,10.090000,0.000000,as_expected
FEE0004313,TRF0004375,1.370000,0.000000,1.370000,1.370000,0.000000,as_expected
FEE0004314,TRF0004376,4.390000,0.000000,4.390000,4.390000,0.000000,as_expected
FEE0004315,TRF0004377,177.370000,0.000000,177.370000,177.370000,0.000000,as_expected
FEE0004316,TRF0004378,27.370000,0.000000,27.370000,27.370000,0.000000,as_expected
FEE0004317,TRF0004379,1.940000,0.000000,1.940000,1.940000,0.000000,as_expected
FEE0004318,TRF0004380,4.430000,0.000000,4.430000,4.430000,0.000000,as_expected
FEE0004319,TRF0004381,14.390000,0.000000,14.390000,14.390000,0.000000,as_expected
FEE0004320,TRF0004382,45.980000,0.000000,45.980000,45.980000,0.000000,as_expected
FEE0004321,TRF0004383,32.140000,0.000000,32.140000,32.140000,0.000000,as_expected
FEE0004322,TRF0004384,7.430000,0.560000,6.870000,6.870000,0.000000,approved_price_investment
FEE0004323,TRF0004385,50.580000,0.000000,50.580000,50.580000,0.000000,as_expected
FEE0004324,TRF0004386,3.550000,0.000000,3.550000,3.550000,0.000000,as_expected
FEE0004325,TRF0004387,18.640000,0.000000,18.640000,18.640000,0.000000,as_expected
FEE0004326,TRF0004388,36.180000,0.000000,36.180000,36.180000,0.000000,as_expected
FEE0004327,TRF0004389,11.810000,0.000000,11.810000,11.810000,0.000000,as_expected
FEE0004328,TRF0004390,100.270000,0.000000,100.270000,100.270000,0.000000,as_expected
FEE0004329,TRF0004391,10.190000,0.000000,10.190000,10.190000,0.000000,as_expected
FEE0004330,TRF0004392,12.540000,0.000000,12.540000,12.540000,0.000000,as_expected
FEE0004331,TRF0004393,7.500000,0.000000,7.500000,7.500000,0.000000,as_expected
FEE0004332,TRF0004394,1.340000,0.000000,1.340000,1.340000,0.000000,as_expected
FEE0004333,TRF0004395,118.880000,0.000000,118.880000,118.880000,0.000000,as_expected
FEE0004334,TRF0004396,144.650000,18.040000,126.610000,126.610000,0.000000,approved_price_investment
FEE0004335,TRF0004397,1.760000,0.000000,1.760000,1.760000,0.000000,as_expected
FEE0004336,TRF0004398,189.220000,0.000000,189.220000,189.220000,0.000000,as_expected
FEE0004337,TRF0004399,127.010000,0.000000,127.010000,127.010000,0.000000,as_expected
FEE0004338,TRF0004400,8.650000,0.850000,7.800000,7.800000,0.000000,approved_price_investment
FEE0004339,TRF0004401,4.370000,0.000000,4.370000,4.370000,0.000000,as_expected
FEE0004340,TRF0004402,5.140000,0.000000,5.140000,5.140000,0.000000,as_expected
FEE0004341,TRF0004403,28.070000,0.000000,28.070000,28.070000,0.000000,as_expected
FEE0004342,TRF0004404,3.050000,0.000000,3.050000,3.050000,0.000000,as_expected
FEE0004343,TRF0004405,97.530000,0.000000,97.530000,97.530000,0.000000,as_expected
FEE0004344,TRF0004406,18.650000,0.000000,18.650000,18.650000,0.000000,as_expected
FEE0004345,TRF0004407,0.980000,0.000000,0.980000,0.980000,0.000000,as_expected
FEE0004346,TRF0004408,3.810000,0.000000,3.810000,3.810000,0.000000,as_expected
FEE0004347,TRF0004409,3.860000,0.000000,3.860000,3.860000,0.000000,as_expected
FEE0004348,TRF0004410,1.750000,0.000000,1.750000,1.750000,0.000000,as_expected
FEE0004349,TRF0004411,3.360000,0.000000,3.360000,3.360000,0.000000,as_expected
FEE0004350,TRF0004412,1.570000,0.000000,1.570000,1.570000,0.000000,as_expected
FEE0004351,TRF0004413,3.690000,0.340000,3.350000,3.350000,0.000000,approved_price_investment
FEE0004352,TRF0004414,1.770000,0.000000,1.770000,1.770000,0.000000,as_expected
FEE0004353,TRF0004415,0.950000,0.000000,0.950000,0.950000,0.000000,as_expected
FEE0004354,TRF0004416,57.000000,0.000000,57.000000,57.000000,0.000000,as_expected
FEE0004355,TRF0004417,49.630000,0.000000,49.630000,49.630000,0.000000,as_expected
FEE0004356,TRF0004418,3.480000,0.000000,3.480000,3.480000,0.000000,as_expected
FEE0004357,TRF0004419,57.470000,0.000000,57.470000,57.470000,0.000000,as_expected
FEE0004358,TRF0004420,14.260000,0.000000,14.260000,14.260000,0.000000,as_expected
FEE0004359,TRF0004421,1.300000,0.000000,1.300000,1.300000,0.000000,as_expected
FEE0004360,TRF0004422,3.530000,0.000000,3.530000,3.530000,0.000000,as_expected
FEE0004361,TRF0004423,5.680000,0.000000,5.680000,5.680000,0.000000,as_expected
FEE0004362,TRF0004424,2.030000,0.000000,2.030000,2.030000,0.000000,as_expected
FEE0004363,TRF0004425,32.160000,0.000000,32.160000,20.230000,11.930000,unexpected_shortfall
FEE0004364,TRF0004426,3.680000,0.000000,3.680000,3.680000,0.000000,as_expected
FEE0004365,TRF0004427,266.480000,33.270000,233.210000,233.210000,0.000000,approved_price_investment
FEE0004366,TRF0004428,1.580000,0.120000,1.460000,1.460000,0.000000,approved_price_investment
FEE0004367,TRF0004429,3.040000,0.000000,3.040000,3.040000,0.000000,as_expected
FEE0004368,TRF0004430,6.040000,0.000000,6.040000,6.040000,0.000000,as_expected
FEE0004369,TRF0004431,11.060000,0.000000,11.060000,11.060000,0.000000,as_expected
FEE0004370,TRF0004432,3.450000,0.000000,3.450000,3.450000,0.000000,as_expected
FEE0004371,TRF0004433,51.400000,0.000000,51.400000,51.400000,0.000000,as_expected
FEE0004372,TRF0004434,16.180000,0.000000,16.180000,16.180000,0.000000,as_expected
FEE0004373,TRF0004435,55.260000,0.000000,55.260000,34.670000,20.590000,unexpected_shortfall
FEE0004374,TRF0004436,45.140000,0.000000,45.140000,45.140000,0.000000,as_expected
FEE0004375,TRF0004437,8.070000,0.000000,8.070000,8.070000,0.000000,as_expected
FEE0004376,TRF0004438,16.160000,0.000000,16.160000,16.160000,0.000000,as_expected
FEE0004377,TRF0004439,5.070000,0.000000,5.070000,5.070000,0.000000,as_expected
FEE0004378,TRF0004440,1.200000,0.000000,1.200000,1.200000,0.000000,as_expected
FEE0004379,TRF0004441,1.950000,0.000000,1.950000,1.950000,0.000000,as_expected
FEE0004380,TRF0004442,4.420000,0.000000,4.420000,4.420000,0.000000,as_expected
FEE0004381,TRF0004443,85.220000,0.000000,85.220000,85.220000,0.000000,as_expected
FEE0004382,TRF0004444,4.250000,0.000000,4.250000,4.250000,0.000000,as_expected
FEE0004383,TRF0004445,75.850000,0.000000,75.850000,75.850000,0.000000,as_expected
FEE0004384,TRF0004446,39.300000,0.000000,39.300000,39.300000,0.000000,as_expected
FEE0004385,TRF0004447,32.850000,0.000000,32.850000,32.850000,0.000000,as_expected
FEE0004386,TRF0004448,2.880000,0.000000,2.880000,2.880000,0.000000,as_expected
FEE0004387,TRF0004449,1.230000,0.000000,1.230000,1.230000,0.000000,as_expected
FEE0004388,TRF0004450,6.070000,0.000000,6.070000,6.070000,0.000000,as_expected
FEE0004389,TRF0004451,2.850000,0.000000,2.850000,2.850000,0.000000,as_expected
FEE0004390,TRF0004452,36.630000,0.000000,36.630000,36.630000,0.000000,as_expected
FEE0004391,TRF0004453,5.230000,0.000000,5.230000,5.230000,0.000000,as_expected
FEE0004392,TRF0004454,16.410000,0.000000,16.410000,16.410000,0.000000,as_expected
FEE0004393,TRF0004455,10.660000,0.000000,10.660000,10.660000,0.000000,as_expected
FEE0004394,TRF0004456,44.840000,0.000000,44.840000,44.840000,0.000000,as_expected
FEE0004395,TRF0004457,74.810000,0.000000,74.810000,46.890000,27.920000,unexpected_shortfall
FEE0004396,TRF0004458,6.590000,0.640000,5.950000,5.950000,0.000000,approved_price_investment
FEE0004397,TRF0004459,1.880000,0.000000,1.880000,1.880000,0.000000,as_expected
FEE0004398,TRF0004460,9.510000,0.000000,9.510000,9.510000,0.000000,as_expected
FEE0004399,TRF0004461,9.430000,0.000000,9.430000,9.430000,0.000000,as_expected
FEE0004400,TRF0004462,3.950000,0.000000,3.950000,3.950000,0.000000,as_expected
FEE0004401,TRF0004463,3.500000,0.230000,3.270000,3.270000,0.000000,approved_price_investment
FEE0004402,TRF0004464,6.260000,0.000000,6.260000,6.260000,0.000000,as_expected
FEE0004403,TRF0004465,49.700000,0.000000,49.700000,49.700000,0.000000,as_expected
FEE0004404,TRF0004466,2.870000,0.000000,2.870000,2.870000,0.000000,as_expected
FEE0004405,TRF0004467,41.860000,0.000000,41.860000,41.860000,0.000000,as_expected
FEE0004406,TRF0004468,7.560000,0.000000,7.560000,7.560000,0.000000,as_expected
FEE0004407,TRF0004469,1.410000,0.000000,1.410000,1.410000,0.000000,as_expected
FEE0004408,TRF0004470,16.190000,1.750000,14.440000,14.440000,0.000000,approved_price_investment
FEE0004409,TRF0004471,272.460000,0.000000,272.460000,272.460000,0.000000,as_expected
FEE0004410,TRF0004472,2.730000,0.000000,2.730000,2.730000,0.000000,as_expected
FEE0004411,TRF0004473,27.590000,0.000000,27.590000,27.590000,0.000000,as_expected
FEE0004412,TRF0004474,9.680000,0.000000,9.680000,9.680000,0.000000,as_expected
FEE0004413,TRF0004475,20.170000,0.000000,20.170000,20.170000,0.000000,as_expected
FEE0004414,TRF0004476,7.870000,0.000000,7.870000,7.870000,0.000000,as_expected
FEE0004415,TRF0004477,14.680000,0.000000,14.680000,14.680000,0.000000,as_expected
FEE0004416,TRF0004478,2.370000,0.000000,2.370000,2.370000,0.000000,as_expected
FEE0004417,TRF0004479,4.080000,0.000000,4.080000,4.080000,0.000000,as_expected
FEE0004418,TRF0004480,1.110000,0.000000,1.110000,1.110000,0.000000,as_expected
FEE0004419,TRF0004481,6.890000,0.000000,6.890000,6.890000,0.000000,as_expected
FEE0004420,TRF0004482,7.220000,0.000000,7.220000,7.220000,0.000000,as_expected
FEE0004421,TRF0004483,170.340000,0.000000,170.340000,170.340000,0.000000,as_expected
FEE0004422,TRF0004484,6.030000,0.000000,6.030000,6.030000,0.000000,as_expected
FEE0004423,TRF0004485,53.230000,0.000000,53.230000,53.230000,0.000000,as_expected
FEE0004424,TRF0004486,1.170000,0.000000,1.170000,1.170000,0.000000,as_expected
FEE0004425,TRF0004487,15.460000,0.000000,15.460000,15.460000,0.000000,as_expected
FEE0004426,TRF0004488,25.610000,0.000000,25.610000,25.610000,0.000000,as_expected
FEE0004427,TRF0004489,2.690000,0.000000,2.690000,2.690000,0.000000,as_expected
FEE0004428,TRF0004490,11.080000,0.000000,11.080000,11.080000,0.000000,as_expected
FEE0004429,TRF0004491,39.770000,0.000000,39.770000,39.770000,0.000000,as_expected
FEE0004430,TRF0004492,73.010000,0.000000,73.010000,73.010000,0.000000,as_expected
FEE0004431,TRF0004493,4.340000,0.000000,4.340000,4.340000,0.000000,as_expected
FEE0004432,TRF0004494,56.780000,0.000000,56.780000,35.620000,21.160000,unexpected_shortfall
FEE0004433,TRF0004495,8.940000,0.970000,7.970000,7.970000,0.000000,approved_price_investment
FEE0004434,TRF0004496,37.570000,0.000000,37.570000,37.570000,0.000000,as_expected
FEE0004435,TRF0004497,18.600000,0.000000,18.600000,18.600000,0.000000,as_expected
FEE0004436,TRF0004498,421.390000,0.000000,421.390000,421.390000,0.000000,as_expected
FEE0004437,TRF0004499,1.960000,0.000000,1.960000,1.960000,0.000000,as_expected
FEE0004438,TRF0004500,1.350000,0.000000,1.350000,1.350000,0.000000,as_expected
FEE0004439,TRF0004501,5.060000,0.000000,5.060000,5.060000,0.000000,as_expected
FEE0004440,TRF0004502,1.710000,0.000000,1.710000,1.710000,0.000000,as_expected
FEE0004441,TRF0004503,164.630000,0.000000,164.630000,164.630000,0.000000,as_expected
FEE0004442,TRF0004504,1.520000,0.000000,1.520000,1.520000,0.000000,as_expected
FEE0004443,TRF0004505,4.310000,0.000000,4.310000,4.310000,0.000000,as_expected
FEE0004444,TRF0004506,1.090000,0.000000,1.090000,1.090000,0.000000,as_expected
FEE0004445,TRF0004507,8.280000,0.000000,8.280000,8.280000,0.000000,as_expected
FEE0004446,TRF0004508,0.720000,0.000000,0.720000,0.720000,0.000000,as_expected
FEE0004447,TRF0004509,132.800000,0.000000,132.800000,132.800000,0.000000,as_expected
FEE0004448,TRF0004510,133.910000,0.000000,133.910000,133.910000,0.000000,as_expected
FEE0004449,TRF0004511,30.960000,0.000000,30.960000,30.960000,0.000000,as_expected
FEE0004450,TRF0004512,8.700000,0.000000,8.700000,8.700000,0.000000,as_expected
FEE0004451,TRF0004513,4.160000,0.000000,4.160000,4.160000,0.000000,as_expected
FEE0004452,TRF0004514,26.890000,0.000000,26.890000,26.890000,0.000000,as_expected
FEE0004453,TRF0004515,51.640000,0.000000,51.640000,51.640000,0.000000,as_expected
FEE0004454,TRF0004516,70.050000,0.000000,70.050000,70.050000,0.000000,as_expected
FEE0004455,TRF0004517,9.940000,0.000000,9.940000,9.940000,0.000000,as_expected
FEE0004456,TRF0004518,6.270000,0.000000,6.270000,6.270000,0.000000,as_expected
FEE0004457,TRF0004519,43.420000,0.000000,43.420000,43.420000,0.000000,as_expected
FEE0004458,TRF0004520,18.050000,0.000000,18.050000,18.050000,0.000000,as_expected
FEE0004459,TRF0004521,3.460000,0.000000,3.460000,3.460000,0.000000,as_expected
FEE0004460,TRF0004522,12.830000,0.000000,12.830000,12.830000,0.000000,as_expected
FEE0004461,TRF0004523,16.680000,0.000000,16.680000,16.680000,0.000000,as_expected
FEE0004462,TRF0004524,8.770000,0.000000,8.770000,8.770000,0.000000,as_expected
FEE0004463,TRF0004525,32.870000,0.000000,32.870000,32.870000,0.000000,as_expected
FEE0004464,TRF0004526,1.840000,0.000000,1.840000,1.840000,0.000000,as_expected
FEE0004465,TRF0004527,1.740000,0.000000,1.740000,1.740000,0.000000,as_expected
FEE0004466,TRF0004528,2.560000,0.000000,2.560000,2.560000,0.000000,as_expected
FEE0004467,TRF0004529,4.540000,0.000000,4.540000,4.540000,0.000000,as_expected
FEE0004468,TRF0004530,87.180000,0.000000,87.180000,87.180000,0.000000,as_expected
FEE0004469,TRF0004531,1.780000,0.000000,1.780000,1.780000,0.000000,as_expected
FEE0004470,TRF0004532,4.700000,0.000000,4.700000,4.700000,0.000000,as_expected
FEE0004471,TRF0004534,1.350000,0.000000,1.350000,1.350000,0.000000,as_expected
FEE0004472,TRF0004535,23.980000,0.000000,23.980000,23.980000,0.000000,as_expected
FEE0004473,TRF0004536,350.170000,0.000000,350.170000,350.170000,0.000000,as_expected
FEE0004474,TRF0004537,1.750000,0.000000,1.750000,1.750000,0.000000,as_expected
FEE0004475,TRF0004538,3.320000,0.000000,3.320000,3.320000,0.000000,as_expected
FEE0004476,TRF0004539,2.370000,0.000000,2.370000,2.370000,0.000000,as_expected
FEE0004477,TRF0004540,3.730000,0.000000,3.730000,3.730000,0.000000,as_expected
FEE0004478,TRF0004541,18.560000,0.000000,18.560000,18.560000,0.000000,as_expected
FEE0004479,TRF0004542,34.840000,0.000000,34.840000,34.840000,0.000000,as_expected
FEE0004480,TRF0004543,5.170000,0.000000,5.170000,5.170000,0.000000,as_expected
FEE0004481,TRF0004544,1.200000,0.000000,1.200000,1.200000,0.000000,as_expected
FEE0004482,TRF0004545,1.170000,0.000000,1.170000,1.170000,0.000000,as_expected
FEE0004483,TRF0004546,134.060000,0.000000,134.060000,134.060000,0.000000,as_expected
FEE0004484,TRF0004547,3.070000,0.000000,3.070000,3.070000,0.000000,as_expected
FEE0004485,TRF0004548,12.480000,0.000000,12.480000,12.480000,0.000000,as_expected
FEE0004486,TRF0004549,8.370000,0.000000,8.370000,8.370000,0.000000,as_expected
FEE0004487,TRF0004550,8.740000,0.000000,8.740000,8.740000,0.000000,as_expected
FEE0004488,TRF0004551,18.400000,0.000000,18.400000,18.400000,0.000000,as_expected
FEE0004489,TRF0004552,8.070000,0.000000,8.070000,8.070000,0.000000,as_expected
FEE0004490,TRF0004553,3.830000,0.000000,3.830000,3.830000,0.000000,as_expected
FEE0004491,TRF0004554,31.450000,3.530000,27.920000,27.920000,0.000000,approved_price_investment
FEE0004492,TRF0004555,10.920000,0.000000,10.920000,10.920000,0.000000,as_expected
FEE0004493,TRF0004556,13.070000,0.000000,13.070000,13.070000,0.000000,as_expected
FEE0004494,TRF0004557,10.080000,0.000000,10.080000,10.080000,0.000000,as_expected
FEE0004495,TRF0004558,1.670000,0.000000,1.670000,1.670000,0.000000,as_expected
FEE0004496,TRF0004559,7.860000,0.000000,7.860000,7.860000,0.000000,as_expected
FEE0004497,TRF0004560,22.830000,0.000000,22.830000,22.830000,0.000000,as_expected
FEE0004498,TRF0004561,5.700000,0.000000,5.700000,5.700000,0.000000,as_expected
FEE0004499,TRF0004562,2.860000,0.000000,2.860000,2.860000,0.000000,as_expected
FEE0004500,TRF0004563,6.950000,0.000000,6.950000,6.950000,0.000000,as_expected
FEE0004501,TRF0004564,7.720000,0.000000,7.720000,7.720000,0.000000,as_expected
FEE0004502,TRF0004565,1.650000,0.000000,1.650000,1.650000,0.000000,as_expected
FEE0004503,TRF0004566,18.000000,0.000000,18.000000,18.000000,0.000000,as_expected
FEE0004504,TRF0004567,4.610000,0.000000,4.610000,4.610000,0.000000,as_expected
FEE0004505,TRF0004568,3.660000,0.000000,3.660000,3.660000,0.000000,as_expected
FEE0004506,TRF0004569,37.570000,0.000000,37.570000,37.570000,0.000000,as_expected
FEE0004507,TRF0004570,2.640000,0.000000,2.640000,2.640000,0.000000,as_expected
FEE0004508,TRF0004571,2.970000,0.000000,2.970000,2.970000,0.000000,as_expected
FEE0004509,TRF0004572,6.330000,0.000000,6.330000,6.330000,0.000000,as_expected
FEE0004510,TRF0004573,8.510000,0.000000,8.510000,8.510000,0.000000,as_expected
FEE0004511,TRF0004574,6.460000,0.480000,5.980000,5.980000,0.000000,approved_price_investment
FEE0004512,TRF0004575,90.960000,0.000000,90.960000,90.960000,0.000000,as_expected
FEE0004513,TRF0004576,72.300000,0.000000,72.300000,72.300000,0.000000,as_expected
FEE0004514,TRF0004577,3.000000,0.000000,3.000000,3.000000,0.000000,as_expected
FEE0004515,TRF0004578,8.480000,0.000000,8.480000,8.480000,0.000000,as_expected
FEE0004516,TRF0004579,1.930000,0.000000,1.930000,1.930000,0.000000,as_expected
FEE0004517,TRF0004580,1.500000,0.110000,1.390000,1.390000,0.000000,approved_price_investment
FEE0004518,TRF0004581,4.430000,0.000000,4.430000,4.430000,0.000000,as_expected
FEE0004519,TRF0004582,32.790000,2.770000,30.020000,30.020000,0.000000,approved_price_investment
FEE0004520,TRF0004583,2.370000,0.000000,2.370000,2.370000,0.000000,as_expected
FEE0004521,TRF0004584,15.600000,0.000000,15.600000,15.600000,0.000000,as_expected
FEE0004522,TRF0004585,18.870000,0.000000,18.870000,18.870000,0.000000,as_expected
FEE0004523,TRF0004586,6.750000,0.000000,6.750000,6.750000,0.000000,as_expected
FEE0004524,TRF0004587,27.210000,0.000000,27.210000,27.210000,0.000000,as_expected
FEE0004525,TRF0004588,20.650000,1.640000,19.010000,19.010000,0.000000,approved_price_investment
FEE0004526,TRF0004589,4.680000,0.000000,4.680000,4.680000,0.000000,as_expected
FEE0004527,TRF0004590,15.940000,0.000000,15.940000,15.940000,0.000000,as_expected
FEE0004528,TRF0004591,1.630000,0.000000,1.630000,1.630000,0.000000,as_expected
FEE0004529,TRF0004592,7.640000,0.000000,7.640000,7.640000,0.000000,as_expected
FEE0004530,TRF0004593,3.930000,0.000000,3.930000,3.930000,0.000000,as_expected
FEE0004531,TRF0004594,5.040000,0.000000,5.040000,5.040000,0.000000,as_expected
FEE0004532,TRF0004595,38.690000,0.000000,38.690000,38.690000,0.000000,as_expected
FEE0004533,TRF0004596,7.140000,0.000000,7.140000,7.140000,0.000000,as_expected
FEE0004534,TRF0004597,17.620000,0.000000,17.620000,17.620000,0.000000,as_expected
FEE0004535,TRF0004598,5.750000,0.000000,5.750000,5.750000,0.000000,as_expected
FEE0004536,TRF0004599,26.940000,0.000000,26.940000,16.970000,9.970000,unexpected_shortfall
FEE0004537,TRF0004600,145.990000,0.000000,145.990000,145.990000,0.000000,as_expected
FEE0004538,TRF0004601,2.990000,0.190000,2.800000,2.800000,0.000000,approved_price_investment
FEE0004539,TRF0004602,20.780000,0.000000,20.780000,20.780000,0.000000,as_expected
FEE0004540,TRF0004603,2.380000,0.000000,2.380000,2.380000,0.000000,as_expected
FEE0004541,TRF0004604,7.200000,0.000000,7.200000,7.200000,0.000000,as_expected
FEE0004542,TRF0004605,6.900000,0.000000,6.900000,6.900000,0.000000,as_expected
FEE0004543,TRF0004606,6.970000,0.000000,6.970000,6.970000,0.000000,as_expected
FEE0004544,TRF0004607,11.950000,0.000000,11.950000,11.950000,0.000000,as_expected
FEE0004545,TRF0004608,12.050000,0.000000,12.050000,12.050000,0.000000,as_expected
FEE0004546,TRF0004609,21.430000,0.000000,21.430000,21.430000,0.000000,as_expected
FEE0004547,TRF0004610,7.070000,0.000000,7.070000,7.070000,0.000000,as_expected
FEE0004548,TRF0004611,26.500000,2.230000,24.270000,24.270000,0.000000,approved_price_investment
FEE0004549,TRF0004612,11.030000,0.000000,11.030000,11.030000,0.000000,as_expected
FEE0004550,TRF0004613,3.650000,0.000000,3.650000,3.650000,0.000000,as_expected
FEE0004551,TRF0004614,4.460000,0.000000,4.460000,4.460000,0.000000,as_expected
FEE0004552,TRF0004615,10.690000,0.000000,10.690000,10.690000,0.000000,as_expected
FEE0004553,TRF0004616,4.660000,0.000000,4.660000,4.660000,0.000000,as_expected
FEE0004554,TRF0004617,122.500000,0.000000,122.500000,122.500000,0.000000,as_expected
FEE0004555,TRF0004618,1.650000,0.000000,1.650000,1.650000,0.000000,as_expected
FEE0004556,TRF0004619,5.460000,0.000000,5.460000,5.460000,0.000000,as_expected
FEE0004557,TRF0004620,6.250000,0.000000,6.250000,6.250000,0.000000,as_expected
FEE0004558,TRF0004621,6.030000,0.000000,6.030000,6.030000,0.000000,as_expected
FEE0004559,TRF0004622,2.650000,0.000000,2.650000,2.650000,0.000000,as_expected
FEE0004560,TRF0004623,18.490000,0.000000,18.490000,18.490000,0.000000,as_expected
FEE0004561,TRF0004624,1.700000,0.000000,1.700000,1.700000,0.000000,as_expected
FEE0004562,TRF0004625,3.110000,0.000000,3.110000,3.110000,0.000000,as_expected
FEE0004563,TRF0004626,4.340000,0.000000,4.340000,4.340000,0.000000,as_expected
FEE0004564,TRF0004627,8.900000,0.000000,8.900000,8.900000,0.000000,as_expected
FEE0004565,TRF0004628,5.130000,0.000000,5.130000,5.130000,0.000000,as_expected
FEE0004566,TRF0004629,4.700000,0.000000,4.700000,4.700000,0.000000,as_expected
FEE0004567,TRF0004630,4.830000,0.000000,4.830000,4.830000,0.000000,as_expected
FEE0004568,TRF0004631,18.050000,0.000000,18.050000,18.050000,0.000000,as_expected
FEE0004569,TRF0004632,9.000000,0.000000,9.000000,9.000000,0.000000,as_expected
FEE0004570,TRF0004633,1.970000,0.000000,1.970000,1.970000,0.000000,as_expected
FEE0004571,TRF0004634,0.980000,0.000000,0.980000,0.980000,0.000000,as_expected
FEE0004572,TRF0004635,7.080000,0.000000,7.080000,7.080000,0.000000,as_expected
FEE0004573,TRF0004636,24.790000,0.000000,24.790000,24.790000,0.000000,as_expected
FEE0004574,TRF0004637,174.450000,0.000000,174.450000,174.450000,0.000000,as_expected
FEE0004575,TRF0004638,74.430000,6.480000,67.950000,67.950000,0.000000,approved_price_investment
FEE0004576,TRF0004639,4.800000,0.000000,4.800000,4.800000,0.000000,as_expected
FEE0004577,TRF0004640,2.090000,0.000000,2.090000,2.090000,0.000000,as_expected
FEE0004578,TRF0004641,567.560000,0.000000,567.560000,567.560000,0.000000,as_expected
FEE0004579,TRF0004643,21.750000,0.000000,21.750000,21.750000,0.000000,as_expected
FEE0004580,TRF0004644,24.860000,0.000000,24.860000,24.860000,0.000000,as_expected
FEE0004581,TRF0004645,1.150000,0.000000,1.150000,1.150000,0.000000,as_expected
FEE0004582,TRF0004646,4.160000,0.000000,4.160000,4.160000,0.000000,as_expected
FEE0004583,TRF0004647,3.940000,0.000000,3.940000,3.940000,0.000000,as_expected
FEE0004584,TRF0004648,1.340000,0.000000,1.340000,1.340000,0.000000,as_expected
FEE0004585,TRF0004649,3.940000,0.000000,3.940000,3.940000,0.000000,as_expected
FEE0004586,TRF0004650,4.020000,0.000000,4.020000,4.020000,0.000000,as_expected
FEE0004587,TRF0004651,2.430000,0.000000,2.430000,2.430000,0.000000,as_expected
FEE0004588,TRF0004652,73.050000,6.840000,66.210000,66.210000,0.000000,approved_price_investment
FEE0004589,TRF0004653,6.260000,0.000000,6.260000,6.260000,0.000000,as_expected
FEE0004590,TRF0004654,5.750000,0.000000,5.750000,5.750000,0.000000,as_expected
FEE0004591,TRF0004655,24.860000,0.000000,24.860000,24.860000,0.000000,as_expected
FEE0004592,TRF0004656,17.000000,0.000000,17.000000,17.000000,0.000000,as_expected
FEE0004593,TRF0004657,1.640000,0.000000,1.640000,1.640000,0.000000,as_expected
FEE0004594,TRF0004658,11.890000,0.000000,11.890000,11.890000,0.000000,as_expected
FEE0004595,TRF0004659,3.470000,0.000000,3.470000,3.470000,0.000000,as_expected
FEE0004596,TRF0004660,85.620000,0.000000,85.620000,85.620000,0.000000,as_expected
FEE0004597,TRF0004661,26.110000,0.000000,26.110000,26.110000,0.000000,as_expected
FEE0004598,TRF0004662,2.740000,0.000000,2.740000,2.740000,0.000000,as_expected
FEE0004599,TRF0004663,3.590000,0.000000,3.590000,3.590000,0.000000,as_expected
FEE0004600,TRF0004664,1.270000,0.000000,1.270000,1.270000,0.000000,as_expected
FEE0004601,TRF0004665,28.400000,0.000000,28.400000,28.400000,0.000000,as_expected
FEE0004602,TRF0004666,23.070000,0.000000,23.070000,23.070000,0.000000,as_expected
FEE0004603,TRF0004667,14.400000,0.000000,14.400000,14.400000,0.000000,as_expected
FEE0004604,TRF0004668,22.500000,0.000000,22.500000,22.500000,0.000000,as_expected
FEE0004605,TRF0004669,2.040000,0.000000,2.040000,2.040000,0.000000,as_expected
FEE0004606,TRF0004670,27.040000,0.000000,27.040000,27.040000,0.000000,as_expected
FEE0004607,TRF0004671,2.060000,0.000000,2.060000,2.060000,0.000000,as_expected
FEE0004608,TRF0004672,2.530000,0.000000,2.530000,2.530000,0.000000,as_expected
FEE0004609,TRF0004673,23.860000,0.000000,23.860000,23.860000,0.000000,as_expected
FEE0004610,TRF0004674,7.980000,0.000000,7.980000,7.980000,0.000000,as_expected
FEE0004611,TRF0004675,1.590000,0.000000,1.590000,1.590000,0.000000,as_expected
FEE0004612,TRF0004676,41.560000,0.000000,41.560000,41.560000,0.000000,as_expected
FEE0004613,TRF0004677,8.440000,0.000000,8.440000,8.440000,0.000000,as_expected
FEE0004614,TRF0004678,3.040000,0.000000,3.040000,3.040000,0.000000,as_expected
FEE0004615,TRF0004679,3.920000,0.000000,3.920000,3.920000,0.000000,as_expected
FEE0004616,TRF0004680,1.610000,0.000000,1.610000,1.610000,0.000000,as_expected
FEE0004617,TRF0004681,43.880000,0.000000,43.880000,27.560000,16.320000,unexpected_shortfall
FEE0004618,TRF0004682,118.230000,0.000000,118.230000,118.230000,0.000000,as_expected
FEE0004619,TRF0004683,2.160000,0.000000,2.160000,2.160000,0.000000,as_expected
FEE0004620,TRF0004684,7.960000,0.000000,7.960000,7.960000,0.000000,as_expected
FEE0004621,TRF0004685,40.320000,3.480000,36.840000,36.840000,0.000000,approved_price_investment
FEE0004622,TRF0004686,3.280000,0.000000,3.280000,3.280000,0.000000,as_expected
FEE0004623,TRF0004687,3.430000,0.000000,3.430000,3.430000,0.000000,as_expected
FEE0004624,TRF0004688,71.600000,0.000000,71.600000,71.600000,0.000000,as_expected
FEE0004625,TRF0004689,3.930000,0.000000,3.930000,3.930000,0.000000,as_expected
FEE0004626,TRF0004690,3.830000,0.000000,3.830000,3.830000,0.000000,as_expected
FEE0004627,TRF0004691,1.080000,0.000000,1.080000,1.080000,0.000000,as_expected
FEE0004628,TRF0004692,21.750000,0.000000,21.750000,21.750000,0.000000,as_expected
FEE0004629,TRF0004693,7.660000,0.000000,7.660000,7.660000,0.000000,as_expected
FEE0004630,TRF0004694,3.440000,0.000000,3.440000,3.440000,0.000000,as_expected
FEE0004631,TRF0004695,1.270000,0.000000,1.270000,1.270000,0.000000,as_expected
FEE0004632,TRF0004696,5.800000,0.000000,5.800000,5.800000,0.000000,as_expected
FEE0004633,TRF0004697,13.270000,0.000000,13.270000,13.270000,0.000000,as_expected
FEE0004634,TRF0004698,1.990000,0.000000,1.990000,1.990000,0.000000,as_expected
FEE0004635,TRF0004699,10.310000,0.000000,10.310000,10.310000,0.000000,as_expected
FEE0004636,TRF0004700,39.190000,0.000000,39.190000,39.190000,0.000000,as_expected
FEE0004637,TRF0004701,3.350000,0.000000,3.350000,3.350000,0.000000,as_expected
FEE0004638,TRF0004702,7.950000,0.000000,7.950000,7.950000,0.000000,as_expected
FEE0004639,TRF0004703,2.060000,0.000000,2.060000,2.060000,0.000000,as_expected
FEE0004640,TRF0004704,5.260000,0.000000,5.260000,5.260000,0.000000,as_expected
FEE0004641,TRF0004705,1.670000,0.000000,1.670000,1.670000,0.000000,as_expected
FEE0004642,TRF0004706,14.130000,0.000000,14.130000,14.130000,0.000000,as_expected
FEE0004643,TRF0004707,3.720000,0.000000,3.720000,3.720000,0.000000,as_expected
FEE0004644,TRF0004708,120.620000,0.000000,120.620000,120.620000,0.000000,as_expected
FEE0004645,TRF0004709,10.830000,0.000000,10.830000,10.830000,0.000000,as_expected
FEE0004646,TRF0004710,3.030000,0.000000,3.030000,3.030000,0.000000,as_expected
FEE0004647,TRF0004711,0.910000,0.000000,0.910000,0.910000,0.000000,as_expected
FEE0004648,TRF0004712,1.680000,0.000000,1.680000,1.680000,0.000000,as_expected
FEE0004649,TRF0004713,4.720000,0.000000,4.720000,4.720000,0.000000,as_expected
FEE0004650,TRF0004714,5.610000,0.000000,5.610000,5.610000,0.000000,as_expected
FEE0004651,TRF0004715,37.890000,0.000000,37.890000,37.890000,0.000000,as_expected
FEE0004652,TRF0004716,22.650000,0.000000,22.650000,22.650000,0.000000,as_expected
FEE0004653,TRF0004717,2.900000,0.000000,2.900000,2.900000,0.000000,as_expected
FEE0004654,TRF0004718,3.470000,0.000000,3.470000,3.470000,0.000000,as_expected
FEE0004655,TRF0004719,72.450000,8.010000,64.440000,64.440000,0.000000,approved_price_investment
FEE0004656,TRF0004720,8.560000,0.000000,8.560000,8.560000,0.000000,as_expected
FEE0004657,TRF0004721,4.990000,0.000000,4.990000,4.990000,0.000000,as_expected
FEE0004658,TRF0004722,0.760000,0.000000,0.760000,0.760000,0.000000,as_expected
FEE0004659,TRF0004723,8.740000,0.000000,8.740000,8.740000,0.000000,as_expected
FEE0004660,TRF0004724,2.590000,0.000000,2.590000,2.590000,0.000000,as_expected
FEE0004661,TRF0004725,5.510000,0.000000,5.510000,5.510000,0.000000,as_expected
FEE0004662,TRF0004726,18.920000,0.000000,18.920000,18.920000,0.000000,as_expected
FEE0004663,TRF0004727,3.860000,0.000000,3.860000,3.860000,0.000000,as_expected
FEE0004664,TRF0004728,16.120000,0.000000,16.120000,16.120000,0.000000,as_expected
FEE0004665,TRF0004729,5.300000,0.000000,5.300000,5.300000,0.000000,as_expected
FEE0004666,TRF0004730,46.820000,0.000000,46.820000,46.820000,0.000000,as_expected
FEE0004667,TRF0004731,6.530000,0.000000,6.530000,6.530000,0.000000,as_expected
FEE0004668,TRF0004732,16.700000,0.000000,16.700000,16.700000,0.000000,as_expected
FEE0004669,TRF0004733,5.050000,0.480000,4.570000,4.570000,0.000000,approved_price_investment
FEE0004670,TRF0004734,3.470000,0.000000,3.470000,3.470000,0.000000,as_expected
FEE0004671,TRF0004735,15.700000,0.000000,15.700000,15.700000,0.000000,as_expected
FEE0004672,TRF0004736,2.760000,0.000000,2.760000,2.760000,0.000000,as_expected
FEE0004673,TRF0004737,24.390000,0.000000,24.390000,24.390000,0.000000,as_expected
FEE0004674,TRF0004738,13.160000,1.030000,12.130000,12.130000,0.000000,approved_price_investment
FEE0004675,TRF0004739,18.350000,0.000000,18.350000,18.350000,0.000000,as_expected
FEE0004676,TRF0004740,2.290000,0.000000,2.290000,2.290000,0.000000,as_expected
FEE0004677,TRF0004741,10.820000,0.000000,10.820000,10.820000,0.000000,as_expected
FEE0004678,TRF0004742,5.760000,0.000000,5.760000,5.760000,0.000000,as_expected
FEE0004679,TRF0004743,150.160000,0.000000,150.160000,150.160000,0.000000,as_expected
FEE0004680,TRF0004744,6.010000,0.000000,6.010000,6.010000,0.000000,as_expected
FEE0004681,TRF0004745,101.690000,0.000000,101.690000,101.690000,0.000000,as_expected
FEE0004682,TRF0004746,334.310000,0.000000,334.310000,334.310000,0.000000,as_expected
FEE0004683,TRF0004747,1.200000,0.000000,1.200000,1.200000,0.000000,as_expected
FEE0004684,TRF0004748,16.630000,0.000000,16.630000,16.630000,0.000000,as_expected
FEE0004685,TRF0004749,7.850000,0.000000,7.850000,7.850000,0.000000,as_expected
FEE0004686,TRF0004750,2.590000,0.000000,2.590000,2.590000,0.000000,as_expected
FEE0004687,TRF0004751,114.310000,0.000000,114.310000,114.310000,0.000000,as_expected
FEE0004688,TRF0004752,11.730000,0.980000,10.750000,10.750000,0.000000,approved_price_investment
FEE0004689,TRF0004753,8.460000,0.000000,8.460000,8.460000,0.000000,as_expected
FEE0004690,TRF0004754,4.700000,0.000000,4.700000,4.700000,0.000000,as_expected
FEE0004691,TRF0004755,101.390000,0.000000,101.390000,101.390000,0.000000,as_expected
FEE0004692,TRF0004756,8.170000,0.000000,8.170000,8.170000,0.000000,as_expected
FEE0004693,TRF0004757,4.590000,0.000000,4.590000,4.590000,0.000000,as_expected
FEE0004694,TRF0004758,4.450000,0.000000,4.450000,4.450000,0.000000,as_expected
FEE0004695,TRF0004759,12.750000,1.280000,11.470000,11.470000,0.000000,approved_price_investment
FEE0004696,TRF0004760,1.310000,0.000000,1.310000,1.310000,0.000000,as_expected
FEE0004697,TRF0004761,3.050000,0.000000,3.050000,3.050000,0.000000,as_expected
FEE0004698,TRF0004762,3.890000,0.000000,3.890000,3.890000,0.000000,as_expected
FEE0004699,TRF0004763,3.930000,0.000000,3.930000,3.930000,0.000000,as_expected
FEE0004700,TRF0004764,39.730000,0.000000,39.730000,39.730000,0.000000,as_expected
FEE0004701,TRF0004765,4.430000,0.000000,4.430000,4.430000,0.000000,as_expected
FEE0004702,TRF0004766,0.890000,0.000000,0.890000,0.890000,0.000000,as_expected
FEE0004703,TRF0004767,10.890000,0.000000,10.890000,10.890000,0.000000,as_expected
FEE0004704,TRF0004768,2.610000,0.000000,2.610000,2.610000,0.000000,as_expected
FEE0004705,TRF0004769,3.360000,0.000000,3.360000,3.360000,0.000000,as_expected
FEE0004706,TRF0004770,273.930000,0.000000,273.930000,273.930000,0.000000,as_expected
FEE0004707,TRF0004771,2.270000,0.000000,2.270000,2.270000,0.000000,as_expected
FEE0004708,TRF0004772,2.330000,0.000000,2.330000,2.330000,0.000000,as_expected
FEE0004709,TRF0004773,12.840000,0.000000,12.840000,12.840000,0.000000,as_expected
FEE0004710,TRF0004774,4.420000,0.000000,4.420000,4.420000,0.000000,as_expected
FEE0004711,TRF0004775,1.220000,0.000000,1.220000,1.220000,0.000000,as_expected
FEE0004712,TRF0004776,6.300000,0.000000,6.300000,6.300000,0.000000,as_expected
FEE0004713,TRF0004777,2.730000,0.000000,2.730000,2.730000,0.000000,as_expected
FEE0004714,TRF0004778,5.280000,0.000000,5.280000,5.280000,0.000000,as_expected
FEE0004715,TRF0004779,54.860000,4.760000,50.100000,50.100000,0.000000,approved_price_investment
FEE0004716,TRF0004780,1.590000,0.000000,1.590000,1.590000,0.000000,as_expected
FEE0004717,TRF0004781,3.270000,0.000000,3.270000,3.270000,0.000000,as_expected
FEE0004718,TRF0004782,2.780000,0.000000,2.780000,2.780000,0.000000,as_expected
FEE0004719,TRF0004783,1.050000,0.000000,1.050000,1.050000,0.000000,as_expected
FEE0004720,TRF0004784,1.350000,0.000000,1.350000,1.350000,0.000000,as_expected
FEE0004721,TRF0004785,2.690000,0.000000,2.690000,2.690000,0.000000,as_expected
FEE0004722,TRF0004786,9.330000,0.000000,9.330000,9.330000,0.000000,as_expected
FEE0004723,TRF0004787,6.090000,0.000000,6.090000,6.090000,0.000000,as_expected
FEE0004724,TRF0004788,1.550000,0.000000,1.550000,1.550000,0.000000,as_expected
FEE0004725,TRF0004789,30.450000,0.000000,30.450000,19.160000,11.290000,unexpected_shortfall
FEE0004726,TRF0004790,1.160000,0.000000,1.160000,1.160000,0.000000,as_expected
FEE0004727,TRF0004791,8.560000,0.000000,8.560000,8.560000,0.000000,as_expected
FEE0004728,TRF0004792,7.500000,0.000000,7.500000,7.500000,0.000000,as_expected
FEE0004729,TRF0004793,2.340000,0.000000,2.340000,2.340000,0.000000,as_expected
FEE0004730,TRF0004794,15.330000,0.000000,15.330000,15.330000,0.000000,as_expected
FEE0004731,TRF0004795,7.780000,0.000000,7.780000,7.780000,0.000000,as_expected
FEE0004732,TRF0004796,5.710000,0.000000,5.710000,5.710000,0.000000,as_expected
FEE0004733,TRF0004797,13.940000,0.000000,13.940000,13.940000,0.000000,as_expected
FEE0004734,TRF0004798,24.880000,0.000000,24.880000,24.880000,0.000000,as_expected
FEE0004735,TRF0004799,5.650000,0.000000,5.650000,5.650000,0.000000,as_expected
FEE0004736,TRF0004800,30.020000,0.000000,30.020000,30.020000,0.000000,as_expected
FEE0004737,TRF0004801,7.840000,0.000000,7.840000,7.840000,0.000000,as_expected
FEE0004738,TRF0004802,27.050000,0.000000,27.050000,27.050000,0.000000,as_expected
FEE0004739,TRF0004803,171.470000,0.000000,171.470000,171.470000,0.000000,as_expected
FEE0004740,TRF0004804,31.400000,0.000000,31.400000,31.400000,0.000000,as_expected
FEE0004741,TRF0004805,8.710000,0.000000,8.710000,8.710000,0.000000,as_expected
FEE0004742,TRF0004806,5.820000,0.560000,5.260000,5.260000,0.000000,approved_price_investment
FEE0004743,TRF0004807,2.760000,0.240000,2.520000,2.520000,0.000000,approved_price_investment
FEE0004744,TRF0004808,78.590000,0.000000,78.590000,78.590000,0.000000,as_expected
FEE0004745,TRF0004809,6.440000,0.000000,6.440000,6.440000,0.000000,as_expected
FEE0004746,TRF0004810,16.580000,0.000000,16.580000,16.580000,0.000000,as_expected
FEE0004747,TRF0004811,1.240000,0.000000,1.240000,1.240000,0.000000,as_expected
FEE0004748,TRF0004812,0.850000,0.000000,0.850000,0.850000,0.000000,as_expected
FEE0004749,TRF0004813,33.230000,0.000000,33.230000,33.230000,0.000000,as_expected
FEE0004750,TRF0004814,3.180000,0.000000,3.180000,3.180000,0.000000,as_expected
FEE0004751,TRF0004815,1.350000,0.000000,1.350000,1.350000,0.000000,as_expected
FEE0004752,TRF0004816,7.370000,0.000000,7.370000,7.370000,0.000000,as_expected
FEE0004753,TRF0004817,3.040000,0.000000,3.040000,3.040000,0.000000,as_expected
FEE0004754,TRF0004818,60.400000,0.000000,60.400000,60.400000,0.000000,as_expected
FEE0004755,TRF0004819,22.810000,0.000000,22.810000,22.810000,0.000000,as_expected
FEE0004756,TRF0004820,1.770000,0.000000,1.770000,1.770000,0.000000,as_expected
FEE0004757,TRF0004821,34.330000,0.000000,34.330000,34.330000,0.000000,as_expected
FEE0004758,TRF0004822,4.550000,0.000000,4.550000,4.550000,0.000000,as_expected
FEE0004759,TRF0004823,4.040000,0.000000,4.040000,4.040000,0.000000,as_expected
FEE0004760,TRF0004824,13.710000,0.000000,13.710000,13.710000,0.000000,as_expected
FEE0004761,TRF0004825,15.530000,0.000000,15.530000,15.530000,0.000000,as_expected
FEE0004762,TRF0004826,2.020000,0.000000,2.020000,2.020000,0.000000,as_expected
FEE0004763,TRF0004827,9.810000,0.000000,9.810000,9.810000,0.000000,as_expected
FEE0004764,TRF0004828,4.660000,0.000000,4.660000,4.660000,0.000000,as_expected
FEE0004765,TRF0004829,196.260000,0.000000,196.260000,196.260000,0.000000,as_expected
FEE0004766,TRF0004830,8.730000,0.000000,8.730000,8.730000,0.000000,as_expected
FEE0004767,TRF0004831,3.010000,0.000000,3.010000,3.010000,0.000000,as_expected
FEE0004768,TRF0004832,3.330000,0.000000,3.330000,3.330000,0.000000,as_expected
FEE0004769,TRF0004833,1.820000,0.000000,1.820000,1.820000,0.000000,as_expected
FEE0004770,TRF0004834,2.270000,0.000000,2.270000,2.270000,0.000000,as_expected
FEE0004771,TRF0004835,50.280000,0.000000,50.280000,50.280000,0.000000,as_expected
FEE0004772,TRF0004836,32.500000,0.000000,32.500000,32.500000,0.000000,as_expected
FEE0004773,TRF0004837,3.250000,0.000000,3.250000,3.250000,0.000000,as_expected
FEE0004774,TRF0004838,4.580000,0.000000,4.580000,4.580000,0.000000,as_expected
FEE0004775,TRF0004839,6.890000,0.000000,6.890000,6.890000,0.000000,as_expected
FEE0004776,TRF0004840,1.780000,0.000000,1.780000,1.780000,0.000000,as_expected
FEE0004777,TRF0004841,4.610000,0.000000,4.610000,4.610000,0.000000,as_expected
FEE0004778,TRF0004842,3.720000,0.000000,3.720000,3.720000,0.000000,as_expected
FEE0004779,TRF0004843,2.620000,0.000000,2.620000,2.620000,0.000000,as_expected
FEE0004780,TRF0004844,2.950000,0.000000,2.950000,2.950000,0.000000,as_expected
FEE0004781,TRF0004845,7.220000,0.000000,7.220000,7.220000,0.000000,as_expected
FEE0004782,TRF0004846,1.880000,0.000000,1.880000,1.880000,0.000000,as_expected
FEE0004783,TRF0004847,10.830000,0.000000,10.830000,10.830000,0.000000,as_expected
FEE0004784,TRF0004848,5.690000,0.000000,5.690000,5.690000,0.000000,as_expected
FEE0004785,TRF0004849,12.460000,0.000000,12.460000,12.460000,0.000000,as_expected
FEE0004786,TRF0004850,2.860000,0.000000,2.860000,2.860000,0.000000,as_expected
FEE0004787,TRF0004851,59.470000,0.000000,59.470000,59.470000,0.000000,as_expected
FEE0004788,TRF0004852,9.630000,0.000000,9.630000,9.630000,0.000000,as_expected
FEE0004789,TRF0004853,2.630000,0.000000,2.630000,2.630000,0.000000,as_expected
FEE0004790,TRF0004854,16.590000,0.000000,16.590000,16.590000,0.000000,as_expected
FEE0004791,TRF0004855,72.220000,0.000000,72.220000,72.220000,0.000000,as_expected
FEE0004792,TRF0004856,1.590000,0.000000,1.590000,1.590000,0.000000,as_expected
FEE0004793,TRF0004857,3.360000,0.000000,3.360000,3.360000,0.000000,as_expected
FEE0004794,TRF0004858,67.810000,0.000000,67.810000,67.810000,0.000000,as_expected
FEE0004795,TRF0004859,3.100000,0.000000,3.100000,3.100000,0.000000,as_expected
FEE0004796,TRF0004860,5.220000,0.000000,5.220000,5.220000,0.000000,as_expected
FEE0004797,TRF0004861,1.660000,0.000000,1.660000,1.660000,0.000000,as_expected
FEE0004798,TRF0004862,43.870000,0.000000,43.870000,27.550000,16.320000,unexpected_shortfall
FEE0004799,TRF0004863,4.670000,0.000000,4.670000,4.670000,0.000000,as_expected
FEE0004800,TRF0004865,1.480000,0.000000,1.480000,1.480000,0.000000,as_expected
FEE0004801,TRF0004866,5.150000,0.000000,5.150000,5.150000,0.000000,as_expected
FEE0004802,TRF0004867,8.640000,0.000000,8.640000,8.640000,0.000000,as_expected
FEE0004803,TRF0004868,1.220000,0.000000,1.220000,1.220000,0.000000,as_expected
FEE0004804,TRF0004869,11.140000,0.000000,11.140000,11.140000,0.000000,as_expected
FEE0004805,TRF0004870,1.790000,0.000000,1.790000,1.790000,0.000000,as_expected
FEE0004806,TRF0004871,3.770000,0.000000,3.770000,3.770000,0.000000,as_expected
FEE0004807,TRF0004872,11.640000,0.000000,11.640000,11.640000,0.000000,as_expected
FEE0004808,TRF0004873,44.570000,3.860000,40.710000,40.710000,0.000000,approved_price_investment
FEE0004809,TRF0004874,3.940000,0.000000,3.940000,3.940000,0.000000,as_expected
FEE0004810,TRF0004875,0.890000,0.000000,0.890000,0.890000,0.000000,as_expected
FEE0004811,TRF0004876,20.780000,0.000000,20.780000,20.780000,0.000000,as_expected
FEE0004812,TRF0004877,3.030000,0.000000,3.030000,3.030000,0.000000,as_expected
FEE0004813,TRF0004878,2.100000,0.000000,2.100000,2.100000,0.000000,as_expected
FEE0004814,TRF0004879,49.390000,0.000000,49.390000,49.390000,0.000000,as_expected
FEE0004815,TRF0004880,5.440000,0.000000,5.440000,5.440000,0.000000,as_expected
FEE0004816,TRF0004881,7.180000,0.000000,7.180000,4.620000,2.560000,unexpected_shortfall
FEE0004817,TRF0004882,3.290000,0.000000,3.290000,3.290000,0.000000,as_expected
FEE0004818,TRF0004883,8.460000,0.000000,8.460000,8.460000,0.000000,as_expected
FEE0004819,TRF0004884,14.560000,0.000000,14.560000,14.560000,0.000000,as_expected
FEE0004820,TRF0004885,3.170000,0.000000,3.170000,3.170000,0.000000,as_expected
FEE0004821,TRF0004886,5.620000,0.000000,5.620000,5.620000,0.000000,as_expected
FEE0004822,TRF0004887,2.770000,0.000000,2.770000,2.770000,0.000000,as_expected
FEE0004823,TRF0004888,4.080000,0.000000,4.080000,4.080000,0.000000,as_expected
FEE0004824,TRF0004889,5.370000,0.000000,5.370000,5.370000,0.000000,as_expected
FEE0004825,TRF0004890,49.800000,0.000000,49.800000,49.800000,0.000000,as_expected
FEE0004826,TRF0004891,57.340000,0.000000,57.340000,57.340000,0.000000,as_expected
FEE0004827,TRF0004892,2.840000,0.000000,2.840000,2.840000,0.000000,as_expected
FEE0004828,TRF0004893,29.930000,0.000000,29.930000,18.840000,11.090000,unexpected_shortfall
FEE0004829,TRF0004894,1.730000,0.000000,1.730000,1.730000,0.000000,as_expected
FEE0004830,TRF0004895,55.600000,0.000000,55.600000,34.880000,20.720000,unexpected_shortfall
FEE0004831,TRF0004896,24.850000,0.000000,24.850000,24.850000,0.000000,as_expected
FEE0004832,TRF0004897,49.030000,0.000000,49.030000,49.030000,0.000000,as_expected
FEE0004833,TRF0004898,17.660000,0.000000,17.660000,17.660000,0.000000,as_expected
FEE0004834,TRF0004899,37.870000,0.000000,37.870000,37.870000,0.000000,as_expected
FEE0004835,TRF0004900,3.900000,0.000000,3.900000,3.900000,0.000000,as_expected
FEE0004836,TRF0004901,4.790000,0.000000,4.790000,4.790000,0.000000,as_expected
FEE0004837,TRF0004902,4.150000,0.000000,4.150000,4.150000,0.000000,as_expected
FEE0004838,TRF0004903,2.190000,0.000000,2.190000,2.190000,0.000000,as_expected
FEE0004839,TRF0004904,23.030000,0.000000,23.030000,23.030000,0.000000,as_expected
FEE0004840,TRF0004905,135.000000,0.000000,135.000000,135.000000,0.000000,as_expected
FEE0004841,TRF0004906,501.020000,0.000000,501.020000,501.020000,0.000000,as_expected
FEE0004842,TRF0004907,5.360000,0.000000,5.360000,5.360000,0.000000,as_expected
FEE0004843,TRF0004908,20.150000,0.000000,20.150000,12.720000,7.430000,unexpected_shortfall
FEE0004844,TRF0004909,88.310000,0.000000,88.310000,88.310000,0.000000,as_expected
FEE0004845,TRF0004910,1.760000,0.000000,1.760000,1.760000,0.000000,as_expected
FEE0004846,TRF0004911,8.560000,0.000000,8.560000,8.560000,0.000000,as_expected
FEE0004847,TRF0004912,555.960000,0.000000,555.960000,555.960000,0.000000,as_expected
FEE0004848,TRF0004913,5.300000,0.000000,5.300000,5.300000,0.000000,as_expected
FEE0004849,TRF0004914,6.600000,0.000000,6.600000,6.600000,0.000000,as_expected
FEE0004850,TRF0004915,1.370000,0.000000,1.370000,1.370000,0.000000,as_expected
FEE0004851,TRF0004916,16.250000,0.000000,16.250000,16.250000,0.000000,as_expected
FEE0004852,TRF0004917,13.050000,1.020000,12.030000,12.030000,0.000000,approved_price_investment
FEE0004853,TRF0004919,2.980000,0.000000,2.980000,2.980000,0.000000,as_expected
FEE0004854,TRF0004920,2.710000,0.000000,2.710000,2.710000,0.000000,as_expected
FEE0004855,TRF0004921,7.300000,0.000000,7.300000,7.300000,0.000000,as_expected
FEE0004856,TRF0004922,11.800000,0.000000,11.800000,11.800000,0.000000,as_expected
FEE0004857,TRF0004923,5.670000,0.000000,5.670000,5.670000,0.000000,as_expected
FEE0004858,TRF0004924,4.830000,0.000000,4.830000,4.830000,0.000000,as_expected
FEE0004859,TRF0004925,6.570000,0.000000,6.570000,6.570000,0.000000,as_expected
FEE0004860,TRF0004926,208.820000,0.000000,208.820000,208.820000,0.000000,as_expected
FEE0004861,TRF0004927,2.770000,0.000000,2.770000,2.770000,0.000000,as_expected
FEE0004862,TRF0004928,5.480000,0.000000,5.480000,5.480000,0.000000,as_expected
FEE0004863,TRF0004929,4.640000,0.330000,4.310000,4.310000,0.000000,approved_price_investment
FEE0004864,TRF0004930,1.040000,0.000000,1.040000,1.040000,0.000000,as_expected
FEE0004865,TRF0004931,30.200000,0.000000,30.200000,30.200000,0.000000,as_expected
FEE0004866,TRF0004932,13.730000,0.000000,13.730000,13.730000,0.000000,as_expected
FEE0004867,TRF0004933,32.410000,0.000000,32.410000,32.410000,0.000000,as_expected
FEE0004868,TRF0004934,19.170000,0.000000,19.170000,19.170000,0.000000,as_expected
FEE0004869,TRF0004935,112.430000,0.000000,112.430000,112.430000,0.000000,as_expected
FEE0004870,TRF0004936,51.840000,0.000000,51.840000,51.840000,0.000000,as_expected
FEE0004871,TRF0004937,1.750000,0.000000,1.750000,1.750000,0.000000,as_expected
FEE0004872,TRF0004938,6.970000,0.000000,6.970000,6.970000,0.000000,as_expected
FEE0004873,TRF0004939,2.390000,0.000000,2.390000,2.390000,0.000000,as_expected
FEE0004874,TRF0004940,3.160000,0.000000,3.160000,3.160000,0.000000,as_expected
FEE0004875,TRF0004941,6.420000,0.000000,6.420000,6.420000,0.000000,as_expected
FEE0004876,TRF0004942,6.030000,0.000000,6.030000,6.030000,0.000000,as_expected
FEE0004877,TRF0004943,3.350000,0.000000,3.350000,3.350000,0.000000,as_expected
FEE0004878,TRF0004944,1.360000,0.000000,1.360000,1.360000,0.000000,as_expected
FEE0004879,TRF0004945,160.500000,0.000000,160.500000,160.500000,0.000000,as_expected
FEE0004880,TRF0004946,1.170000,0.000000,1.170000,1.170000,0.000000,as_expected
FEE0004881,TRF0004947,3.020000,0.000000,3.020000,3.020000,0.000000,as_expected
FEE0004882,TRF0004948,2.180000,0.000000,2.180000,2.180000,0.000000,as_expected
FEE0004883,TRF0004949,9.150000,0.000000,9.150000,9.150000,0.000000,as_expected
FEE0004884,TRF0004950,18.250000,0.000000,18.250000,18.250000,0.000000,as_expected
FEE0004885,TRF0004951,2.870000,0.250000,2.620000,2.620000,0.000000,approved_price_investment
FEE0004886,TRF0004952,1.440000,0.000000,1.440000,1.440000,0.000000,as_expected
FEE0004887,TRF0004953,29.760000,0.000000,29.760000,29.760000,0.000000,as_expected
FEE0004888,TRF0004954,10.450000,0.000000,10.450000,10.450000,0.000000,as_expected
FEE0004889,TRF0004955,10.570000,0.000000,10.570000,10.570000,0.000000,as_expected
FEE0004890,TRF0004956,2.580000,0.000000,2.580000,2.580000,0.000000,as_expected
FEE0004891,TRF0004957,2.030000,0.000000,2.030000,2.030000,0.000000,as_expected
FEE0004892,TRF0004958,7.790000,0.000000,7.790000,7.790000,0.000000,as_expected
FEE0004893,TRF0004959,29.950000,0.000000,29.950000,29.950000,0.000000,as_expected
FEE0004894,TRF0004960,0.800000,0.040000,0.760000,0.760000,0.000000,approved_price_investment
FEE0004895,TRF0004961,4.550000,0.000000,4.550000,4.550000,0.000000,as_expected
FEE0004896,TRF0004962,1.180000,0.000000,1.180000,1.180000,0.000000,as_expected
FEE0004897,TRF0004963,10.620000,0.000000,10.620000,10.620000,0.000000,as_expected
FEE0004898,TRF0004964,2.280000,0.000000,2.280000,2.280000,0.000000,as_expected
FEE0004899,TRF0004965,25.090000,0.000000,25.090000,25.090000,0.000000,as_expected
FEE0004900,TRF0004966,13.490000,0.000000,13.490000,13.490000,0.000000,as_expected
FEE0004901,TRF0004967,1.710000,0.090000,1.620000,1.620000,0.000000,approved_price_investment
FEE0004902,TRF0004968,6.640000,0.000000,6.640000,6.640000,0.000000,as_expected
FEE0004903,TRF0004969,4.840000,0.000000,4.840000,4.840000,0.000000,as_expected
FEE0004904,TRF0004970,3.690000,0.000000,3.690000,3.690000,0.000000,as_expected
FEE0004905,TRF0004971,43.620000,0.000000,43.620000,43.620000,0.000000,as_expected
FEE0004906,TRF0004972,6.730000,0.650000,6.080000,6.080000,0.000000,approved_price_investment
FEE0004907,TRF0004973,1.830000,0.000000,1.830000,1.830000,0.000000,as_expected
FEE0004908,TRF0004974,3.180000,0.000000,3.180000,3.180000,0.000000,as_expected
FEE0004909,TRF0004975,34.600000,0.000000,34.600000,34.600000,0.000000,as_expected
FEE0004910,TRF0004976,56.850000,0.000000,56.850000,56.850000,0.000000,as_expected
FEE0004911,TRF0004977,4.520000,0.000000,4.520000,4.520000,0.000000,as_expected
FEE0004912,TRF0004978,13.670000,0.000000,13.670000,13.670000,0.000000,as_expected
FEE0004913,TRF0004979,17.500000,0.000000,17.500000,17.500000,0.000000,as_expected
FEE0004914,TRF0004980,4.130000,0.000000,4.130000,4.130000,0.000000,as_expected
FEE0004915,TRF0004981,67.010000,0.000000,67.010000,67.010000,0.000000,as_expected
FEE0004916,TRF0004982,82.860000,0.000000,82.860000,82.860000,0.000000,as_expected
FEE0004917,TRF0004983,4.260000,0.000000,4.260000,4.260000,0.000000,as_expected
FEE0004918,TRF0004984,2.980000,0.000000,2.980000,2.980000,0.000000,as_expected
FEE0004919,TRF0004985,12.210000,0.000000,12.210000,12.210000,0.000000,as_expected
FEE0004920,TRF0004986,5.580000,0.000000,5.580000,5.580000,0.000000,as_expected
FEE0004921,TRF0004987,2.060000,0.000000,2.060000,2.060000,0.000000,as_expected
FEE0004922,TRF0004988,23.320000,0.000000,23.320000,23.320000,0.000000,as_expected
FEE0004923,TRF0004989,141.290000,0.000000,141.290000,141.290000,0.000000,as_expected
FEE0004924,TRF0004990,2.550000,0.000000,2.550000,2.550000,0.000000,as_expected
FEE0004925,TRF0004991,21.380000,0.000000,21.380000,21.380000,0.000000,as_expected
FEE0004926,TRF0004992,1.960000,0.160000,1.800000,1.800000,0.000000,approved_price_investment
FEE0004927,TRF0004993,15.320000,0.000000,15.320000,15.320000,0.000000,as_expected
FEE0004928,TRF0004994,3.210000,0.000000,3.210000,3.210000,0.000000,as_expected
FEE0004929,TRF0004995,1.760000,0.000000,1.760000,1.760000,0.000000,as_expected
FEE0004930,TRF0004996,49.820000,0.000000,49.820000,49.820000,0.000000,as_expected
FEE0004931,TRF0004997,10.630000,1.160000,9.470000,9.470000,0.000000,approved_price_investment
FEE0004932,TRF0004998,23.050000,0.000000,23.050000,23.050000,0.000000,as_expected
FEE0004933,TRF0004999,12.760000,0.000000,12.760000,12.760000,0.000000,as_expected
FEE0004934,TRF0005000,16.670000,0.000000,16.670000,16.670000,0.000000,as_expected
FEE0004935,TRF0005001,13.450000,0.000000,13.450000,13.450000,0.000000,as_expected
FEE0004936,TRF0005002,1.470000,0.000000,1.470000,1.470000,0.000000,as_expected
FEE0004937,TRF0005003,2.630000,0.000000,2.630000,2.630000,0.000000,as_expected
FEE0004938,TRF0005004,1.440000,0.000000,1.440000,1.440000,0.000000,as_expected
FEE0004939,TRF0005005,0.920000,0.000000,0.920000,0.920000,0.000000,as_expected
FEE0004940,TRF0005006,3.120000,0.000000,3.120000,3.120000,0.000000,as_expected
FEE0004941,TRF0005007,3.700000,0.000000,3.700000,3.700000,0.000000,as_expected
FEE0004942,TRF0005008,2.220000,0.000000,2.220000,2.220000,0.000000,as_expected
FEE0004943,TRF0005009,5.180000,0.000000,5.180000,5.180000,0.000000,as_expected
FEE0004944,TRF0005010,3.680000,0.000000,3.680000,3.680000,0.000000,as_expected
FEE0004945,TRF0005011,2.670000,0.000000,2.670000,2.670000,0.000000,as_expected
FEE0004946,TRF0005012,56.660000,0.000000,56.660000,56.660000,0.000000,as_expected
FEE0004947,TRF0005013,13.770000,0.000000,13.770000,13.770000,0.000000,as_expected
FEE0004948,TRF0005014,9.420000,0.000000,9.420000,9.420000,0.000000,as_expected
FEE0004949,TRF0005015,10.240000,0.000000,10.240000,10.240000,0.000000,as_expected
FEE0004950,TRF0005016,13.410000,0.000000,13.410000,13.410000,0.000000,as_expected
FEE0004951,TRF0005017,2.520000,0.000000,2.520000,2.520000,0.000000,as_expected
FEE0004952,TRF0005018,3.420000,0.000000,3.420000,3.420000,0.000000,as_expected
FEE0004953,TRF0005019,109.590000,0.000000,109.590000,109.590000,0.000000,as_expected
FEE0004954,TRF0005020,106.740000,0.000000,106.740000,106.740000,0.000000,as_expected
FEE0004955,TRF0005021,14.890000,0.000000,14.890000,14.890000,0.000000,as_expected
FEE0004956,TRF0005022,18.900000,0.000000,18.900000,18.900000,0.000000,as_expected
FEE0004957,TRF0005023,288.500000,0.000000,288.500000,288.500000,0.000000,as_expected
FEE0004958,TRF0005024,17.900000,0.000000,17.900000,17.900000,0.000000,as_expected
FEE0004959,TRF0005025,0.840000,0.000000,0.840000,0.840000,0.000000,as_expected
FEE0004960,TRF0005026,6.070000,0.000000,6.070000,6.070000,0.000000,as_expected
FEE0004961,TRF0005027,2.250000,0.000000,2.250000,2.250000,0.000000,as_expected
FEE0004962,TRF0005028,2.700000,0.000000,2.700000,2.700000,0.000000,as_expected
FEE0004963,TRF0005029,1.780000,0.000000,1.780000,1.780000,0.000000,as_expected
FEE0004964,TRF0005030,14.820000,0.000000,14.820000,9.390000,5.430000,unexpected_shortfall
FEE0004965,TRF0005031,1.520000,0.000000,1.520000,1.520000,0.000000,as_expected
FEE0004966,TRF0005032,28.120000,2.370000,25.750000,25.750000,0.000000,approved_price_investment
FEE0004967,TRF0005033,6.820000,0.000000,6.820000,6.820000,0.000000,as_expected
FEE0004968,TRF0005034,4.650000,0.000000,4.650000,4.650000,0.000000,as_expected
FEE0004969,TRF0005035,17.090000,0.000000,17.090000,17.090000,0.000000,as_expected
FEE0004970,TRF0005036,1.850000,0.000000,1.850000,1.850000,0.000000,as_expected
FEE0004971,TRF0005037,2.180000,0.000000,2.180000,2.180000,0.000000,as_expected
FEE0004972,TRF0005038,2.960000,0.000000,2.960000,2.960000,0.000000,as_expected
FEE0004973,TRF0005039,494.850000,0.000000,494.850000,494.850000,0.000000,as_expected
FEE0004974,TRF0005040,4.300000,0.000000,4.300000,4.300000,0.000000,as_expected
FEE0004975,TRF0005041,10.670000,0.000000,10.670000,6.800000,3.870000,unexpected_shortfall
FEE0004976,TRF0005042,4.600000,0.000000,4.600000,4.600000,0.000000,as_expected
FEE0004977,TRF0005043,42.640000,0.000000,42.640000,42.640000,0.000000,as_expected
FEE0004978,TRF0005045,1.380000,0.000000,1.380000,1.380000,0.000000,as_expected
FEE0004979,TRF0005046,31.090000,0.000000,31.090000,19.560000,11.530000,unexpected_shortfall
FEE0004980,TRF0005047,1.100000,0.000000,1.100000,1.100000,0.000000,as_expected
FEE0004981,TRF0005048,3.810000,0.000000,3.810000,3.810000,0.000000,as_expected
FEE0004982,TRF0005049,3.890000,0.000000,3.890000,3.890000,0.000000,as_expected
FEE0004983,TRF0005050,1.470000,0.000000,1.470000,1.470000,0.000000,as_expected
FEE0004984,TRF0005051,16.150000,0.000000,16.150000,16.150000,0.000000,as_expected
FEE0004985,TRF0005052,8.730000,0.000000,8.730000,8.730000,0.000000,as_expected
FEE0004986,TRF0005053,67.100000,0.000000,67.100000,67.100000,0.000000,as_expected
FEE0004987,TRF0005054,9.060000,0.000000,9.060000,9.060000,0.000000,as_expected
FEE0004988,TRF0005055,9.160000,0.000000,9.160000,9.160000,0.000000,as_expected
FEE0004989,TRF0005056,8.980000,0.730000,8.250000,8.250000,0.000000,approved_price_investment
FEE0004990,TRF0005057,2.080000,0.000000,2.080000,2.080000,0.000000,as_expected
FEE0004991,TRF0005058,22.890000,0.000000,22.890000,22.890000,0.000000,as_expected
FEE0004992,TRF0005059,8.570000,0.000000,8.570000,8.570000,0.000000,as_expected
FEE0004993,TRF0005060,3.380000,0.000000,3.380000,3.380000,0.000000,as_expected
FEE0004994,TRF0005061,4.450000,0.420000,4.030000,4.030000,0.000000,approved_price_investment
FEE0004995,TRF0005062,12.050000,1.290000,10.760000,10.760000,0.000000,approved_price_investment
FEE0004996,TRF0005063,4.480000,0.000000,4.480000,4.480000,0.000000,as_expected
FEE0004997,TRF0005064,26.120000,0.000000,26.120000,26.120000,0.000000,as_expected
FEE0004998,TRF0005065,4.050000,0.000000,4.050000,4.050000,0.000000,as_expected
FEE0004999,TRF0005066,1.350000,0.000000,1.350000,1.350000,0.000000,as_expected
FEE0005000,TRF0005067,17.650000,0.000000,17.650000,17.650000,0.000000,as_expected
FEE0005001,TRF0005068,26.010000,3.210000,22.800000,22.800000,0.000000,approved_price_investment
FEE0005002,TRF0005069,35.120000,0.000000,35.120000,35.120000,0.000000,as_expected
FEE0005003,TRF0005070,2.130000,0.000000,2.130000,2.130000,0.000000,as_expected
FEE0005004,TRF0005071,4.380000,0.000000,4.380000,4.380000,0.000000,as_expected
FEE0005005,TRF0005072,10.200000,0.000000,10.200000,10.200000,0.000000,as_expected
FEE0005006,TRF0005073,6.150000,0.000000,6.150000,6.150000,0.000000,as_expected
FEE0005007,TRF0005074,1.820000,0.000000,1.820000,1.820000,0.000000,as_expected
FEE0005008,TRF0005075,5.510000,0.000000,5.510000,5.510000,0.000000,as_expected
FEE0005009,TRF0005076,2.990000,0.000000,2.990000,2.990000,0.000000,as_expected
FEE0005010,TRF0005077,8.640000,0.000000,8.640000,8.640000,0.000000,as_expected
FEE0005011,TRF0005078,2.130000,0.000000,2.130000,2.130000,0.000000,as_expected
FEE0005012,TRF0005079,3.310000,0.000000,3.310000,3.310000,0.000000,as_expected
FEE0005013,TRF0005080,5.280000,0.000000,5.280000,5.280000,0.000000,as_expected
FEE0005014,TRF0005081,3.370000,0.000000,3.370000,3.370000,0.000000,as_expected
FEE0005015,TRF0005082,35.840000,0.000000,35.840000,35.840000,0.000000,as_expected
FEE0005016,TRF0005083,2.000000,0.110000,1.890000,1.890000,0.000000,approved_price_investment
FEE0005017,TRF0005084,2.940000,0.000000,2.940000,2.940000,0.000000,as_expected
FEE0005018,TRF0005085,55.960000,0.000000,55.960000,55.960000,0.000000,as_expected
FEE0005019,TRF0005086,38.290000,0.000000,38.290000,38.290000,0.000000,as_expected
FEE0005020,TRF0005087,6.990000,0.000000,6.990000,6.990000,0.000000,as_expected
FEE0005021,TRF0005088,9.610000,0.000000,9.610000,9.610000,0.000000,as_expected
FEE0005022,TRF0005089,2.730000,0.000000,2.730000,2.730000,0.000000,as_expected
FEE0005023,TRF0005090,43.070000,0.000000,43.070000,27.050000,16.020000,unexpected_shortfall
FEE0005024,TRF0005091,1.850000,0.000000,1.850000,1.850000,0.000000,as_expected
FEE0005025,TRF0005092,9.370000,0.000000,9.370000,9.370000,0.000000,as_expected
FEE0005026,TRF0005093,179.810000,0.000000,179.810000,179.810000,0.000000,as_expected
FEE0005027,TRF0005094,3.000000,0.000000,3.000000,3.000000,0.000000,as_expected
FEE0005028,TRF0005096,2.450000,0.000000,2.450000,2.450000,0.000000,as_expected
FEE0005029,TRF0005097,81.140000,0.000000,81.140000,81.140000,0.000000,as_expected
FEE0005030,TRF0005098,4.850000,0.000000,4.850000,4.850000,0.000000,as_expected
FEE0005031,TRF0005099,5.020000,0.000000,5.020000,5.020000,0.000000,as_expected
FEE0005032,TRF0005100,3.880000,0.000000,3.880000,3.880000,0.000000,as_expected
FEE0005033,TRF0005101,11.110000,0.000000,11.110000,11.110000,0.000000,as_expected
FEE0005034,TRF0005102,4.160000,0.000000,4.160000,4.160000,0.000000,as_expected
FEE0005035,TRF0005103,13.970000,0.000000,13.970000,13.970000,0.000000,as_expected
FEE0005036,TRF0005104,3.700000,0.000000,3.700000,3.700000,0.000000,as_expected
FEE0005037,TRF0005105,23.310000,0.000000,23.310000,23.310000,0.000000,as_expected
FEE0005038,TRF0005106,2.210000,0.180000,2.030000,2.030000,0.000000,approved_price_investment
FEE0005039,TRF0005107,4.370000,0.000000,4.370000,4.370000,0.000000,as_expected
FEE0005040,TRF0005108,3.720000,0.000000,3.720000,3.720000,0.000000,as_expected
FEE0005041,TRF0005109,10.350000,0.000000,10.350000,10.350000,0.000000,as_expected
FEE0005042,TRF0005110,92.690000,0.000000,92.690000,92.690000,0.000000,as_expected
FEE0005043,TRF0005111,2.030000,0.000000,2.030000,2.030000,0.000000,as_expected
FEE0005044,TRF0005112,10.180000,0.000000,10.180000,10.180000,0.000000,as_expected
FEE0005045,TRF0005113,58.100000,0.000000,58.100000,58.100000,0.000000,as_expected
FEE0005046,TRF0005114,14.820000,0.000000,14.820000,14.820000,0.000000,as_expected
FEE0005047,TRF0005115,30.870000,0.000000,30.870000,30.870000,0.000000,as_expected
FEE0005048,TRF0005116,9.700000,0.000000,9.700000,9.700000,0.000000,as_expected
FEE0005049,TRF0005117,3.080000,0.000000,3.080000,3.080000,0.000000,as_expected
FEE0005050,TRF0005118,21.520000,0.000000,21.520000,21.520000,0.000000,as_expected
FEE0005051,TRF0005119,4.840000,0.000000,4.840000,4.840000,0.000000,as_expected
FEE0005052,TRF0005120,29.010000,2.490000,26.520000,26.520000,0.000000,approved_price_investment
FEE0005053,TRF0005121,83.330000,0.000000,83.330000,83.330000,0.000000,as_expected
FEE0005054,TRF0005122,22.920000,0.000000,22.920000,14.460000,8.460000,unexpected_shortfall
FEE0005055,TRF0005123,3.040000,0.000000,3.040000,3.040000,0.000000,as_expected
FEE0005056,TRF0005124,10.990000,0.000000,10.990000,10.990000,0.000000,as_expected
FEE0005057,TRF0005125,29.060000,0.000000,29.060000,29.060000,0.000000,as_expected
FEE0005058,TRF0005126,2.180000,0.000000,2.180000,2.180000,0.000000,as_expected
FEE0005059,TRF0005127,1.840000,0.140000,1.700000,1.700000,0.000000,approved_price_investment
FEE0005060,TRF0005128,3.670000,0.000000,3.670000,3.670000,0.000000,as_expected
FEE0005061,TRF0005129,2.170000,0.000000,2.170000,2.170000,0.000000,as_expected
FEE0005062,TRF0005130,5.040000,0.000000,5.040000,5.040000,0.000000,as_expected
FEE0005063,TRF0005131,9.390000,0.000000,9.390000,9.390000,0.000000,as_expected
FEE0005064,TRF0005132,262.350000,0.000000,262.350000,262.350000,0.000000,as_expected
FEE0005065,TRF0005133,4.660000,0.000000,4.660000,4.660000,0.000000,as_expected
FEE0005066,TRF0005134,3.240000,0.000000,3.240000,3.240000,0.000000,as_expected
FEE0005067,TRF0005135,35.710000,0.000000,35.710000,35.710000,0.000000,as_expected
FEE0005068,TRF0005136,10.080000,0.000000,10.080000,10.080000,0.000000,as_expected
FEE0005069,TRF0005137,9.770000,0.000000,9.770000,9.770000,0.000000,as_expected
FEE0005070,TRF0005138,13.830000,1.390000,12.440000,12.440000,0.000000,approved_price_investment
FEE0005071,TRF0005139,3.260000,0.000000,3.260000,3.260000,0.000000,as_expected
FEE0005072,TRF0005140,1.680000,0.000000,1.680000,1.680000,0.000000,as_expected
FEE0005073,TRF0005141,26.200000,2.680000,23.520000,23.520000,0.000000,approved_price_investment
FEE0005074,TRF0005142,673.050000,0.000000,673.050000,673.050000,0.000000,as_expected
FEE0005075,TRF0005143,15.510000,0.000000,15.510000,15.510000,0.000000,as_expected
FEE0005076,TRF0005144,43.480000,0.000000,43.480000,43.480000,0.000000,as_expected
FEE0005077,TRF0005145,31.830000,0.000000,31.830000,31.830000,0.000000,as_expected
FEE0005078,TRF0005146,36.820000,0.000000,36.820000,36.820000,0.000000,as_expected
FEE0005079,TRF0005147,3.850000,0.000000,3.850000,3.850000,0.000000,as_expected
FEE0005080,TRF0005148,12.450000,0.000000,12.450000,12.450000,0.000000,as_expected
FEE0005081,TRF0005149,1.080000,0.000000,1.080000,1.080000,0.000000,as_expected
FEE0005082,TRF0005150,2.340000,0.000000,2.340000,2.340000,0.000000,as_expected
FEE0005083,TRF0005151,5.480000,0.000000,5.480000,5.480000,0.000000,as_expected
FEE0005084,TRF0005152,158.900000,0.000000,158.900000,158.900000,0.000000,as_expected
FEE0005085,TRF0005153,206.900000,0.000000,206.900000,206.900000,0.000000,as_expected
FEE0005086,TRF0005154,9.780000,0.000000,9.780000,9.780000,0.000000,as_expected
FEE0005087,TRF0005155,1.870000,0.000000,1.870000,1.870000,0.000000,as_expected
FEE0005088,TRF0005156,6.450000,0.000000,6.450000,6.450000,0.000000,as_expected
FEE0005089,TRF0005157,19.240000,0.000000,19.240000,19.240000,0.000000,as_expected
FEE0005090,TRF0005158,6.620000,0.000000,6.620000,6.620000,0.000000,as_expected
FEE0005091,TRF0005159,7.660000,0.000000,7.660000,7.660000,0.000000,as_expected
FEE0005092,TRF0005160,1.620000,0.000000,1.620000,1.620000,0.000000,as_expected
FEE0005093,TRF0005161,1.060000,0.000000,1.060000,1.060000,0.000000,as_expected
FEE0005094,TRF0005162,53.740000,0.000000,53.740000,33.720000,20.020000,unexpected_shortfall
FEE0005095,TRF0005163,31.140000,0.000000,31.140000,31.140000,0.000000,as_expected
FEE0005096,TRF0005164,2.750000,0.000000,2.750000,2.750000,0.000000,as_expected
FEE0005097,TRF0005165,38.890000,0.000000,38.890000,38.890000,0.000000,as_expected
FEE0005098,TRF0005166,0.950000,0.000000,0.950000,0.950000,0.000000,as_expected
FEE0005099,TRF0005167,204.930000,0.000000,204.930000,204.930000,0.000000,as_expected
FEE0005100,TRF0005168,1.230000,0.000000,1.230000,1.230000,0.000000,as_expected
FEE0005101,TRF0005169,2.910000,0.000000,2.910000,2.910000,0.000000,as_expected
FEE0005102,TRF0005170,16.750000,0.000000,16.750000,16.750000,0.000000,as_expected
FEE0005103,TRF0005171,2.180000,0.000000,2.180000,2.180000,0.000000,as_expected
FEE0005104,TRF0005172,1.120000,0.000000,1.120000,1.120000,0.000000,as_expected
FEE0005105,TRF0005173,3.070000,0.000000,3.070000,3.070000,0.000000,as_expected
FEE0005106,TRF0005174,162.010000,14.160000,147.850000,147.850000,0.000000,approved_price_investment
FEE0005107,TRF0005175,3.530000,0.000000,3.530000,3.530000,0.000000,as_expected
FEE0005108,TRF0005176,2.080000,0.000000,2.080000,2.080000,0.000000,as_expected
FEE0005109,TRF0005177,116.740000,0.000000,116.740000,116.740000,0.000000,as_expected
FEE0005110,TRF0005178,2.900000,0.180000,2.720000,2.720000,0.000000,approved_price_investment
FEE0005111,TRF0005179,2.030000,0.000000,2.030000,2.030000,0.000000,as_expected
FEE0005112,TRF0005180,3.220000,0.000000,3.220000,3.220000,0.000000,as_expected
FEE0005113,TRF0005181,197.940000,0.000000,197.940000,197.940000,0.000000,as_expected
FEE0005114,TRF0005182,52.920000,0.000000,52.920000,52.920000,0.000000,as_expected
FEE0005115,TRF0005183,2.260000,0.190000,2.070000,2.070000,0.000000,approved_price_investment
FEE0005116,TRF0005184,7.920000,0.000000,7.920000,7.920000,0.000000,as_expected
FEE0005117,TRF0005185,1.430000,0.000000,1.430000,1.430000,0.000000,as_expected
FEE0005118,TRF0005186,1.530000,0.000000,1.530000,1.530000,0.000000,as_expected
FEE0005119,TRF0005187,14.520000,0.000000,14.520000,14.520000,0.000000,as_expected
FEE0005120,TRF0005188,5.240000,0.000000,5.240000,5.240000,0.000000,as_expected
FEE0005121,TRF0005189,1.230000,0.000000,1.230000,1.230000,0.000000,as_expected
FEE0005122,TRF0005190,272.310000,0.000000,272.310000,272.310000,0.000000,as_expected
FEE0005123,TRF0005191,2.010000,0.000000,2.010000,2.010000,0.000000,as_expected
FEE0005124,TRF0005192,2.640000,0.000000,2.640000,2.640000,0.000000,as_expected
FEE0005125,TRF0005193,34.800000,0.000000,34.800000,34.800000,0.000000,as_expected
FEE0005126,TRF0005194,29.110000,0.000000,29.110000,29.110000,0.000000,as_expected
FEE0005127,TRF0005195,66.370000,0.000000,66.370000,66.370000,0.000000,as_expected
FEE0005128,TRF0005196,25.670000,0.000000,25.670000,25.670000,0.000000,as_expected
FEE0005129,TRF0005197,5.700000,0.000000,5.700000,5.700000,0.000000,as_expected
FEE0005130,TRF0005198,2.380000,0.000000,2.380000,2.380000,0.000000,as_expected
FEE0005131,TRF0005199,55.370000,0.000000,55.370000,55.370000,0.000000,as_expected
FEE0005132,TRF0005200,6.790000,0.000000,6.790000,6.790000,0.000000,as_expected
FEE0005133,TRF0005201,1.530000,0.110000,1.420000,1.420000,0.000000,approved_price_investment
FEE0005134,TRF0005202,1.770000,0.000000,1.770000,1.770000,0.000000,as_expected
FEE0005135,TRF0005203,3.610000,0.260000,3.350000,3.350000,0.000000,approved_price_investment
FEE0005136,TRF0005204,12.860000,0.000000,12.860000,12.860000,0.000000,as_expected
FEE0005137,TRF0005205,1.560000,0.000000,1.560000,1.560000,0.000000,as_expected
FEE0005138,TRF0005206,13.000000,0.000000,13.000000,13.000000,0.000000,as_expected
FEE0005139,TRF0005207,46.540000,0.000000,46.540000,46.540000,0.000000,as_expected
FEE0005140,TRF0005208,3.110000,0.000000,3.110000,3.110000,0.000000,as_expected
FEE0005141,TRF0005209,12.850000,0.000000,12.850000,12.850000,0.000000,as_expected
FEE0005142,TRF0005210,9.270000,0.000000,9.270000,9.270000,0.000000,as_expected
FEE0005143,TRF0005211,4.050000,0.000000,4.050000,4.050000,0.000000,as_expected
FEE0005144,TRF0005212,13.230000,0.000000,13.230000,13.230000,0.000000,as_expected
FEE0005145,TRF0005213,4.060000,0.000000,4.060000,4.060000,0.000000,as_expected
FEE0005146,TRF0005214,13.770000,1.080000,12.690000,12.690000,0.000000,approved_price_investment
FEE0005147,TRF0005215,17.810000,1.410000,16.400000,16.400000,0.000000,approved_price_investment
FEE0005148,TRF0005216,78.230000,0.000000,78.230000,78.230000,0.000000,as_expected
FEE0005149,TRF0005217,1.890000,0.000000,1.890000,1.890000,0.000000,as_expected
FEE0005150,TRF0005218,5.420000,0.000000,5.420000,5.420000,0.000000,as_expected
FEE0005151,TRF0005219,2.580000,0.000000,2.580000,2.580000,0.000000,as_expected
FEE0005152,TRF0005220,5.600000,0.000000,5.600000,5.600000,0.000000,as_expected
FEE0005153,TRF0005221,23.240000,0.000000,23.240000,23.240000,0.000000,as_expected
FEE0005154,TRF0005222,14.270000,0.000000,14.270000,14.270000,0.000000,as_expected
FEE0005155,TRF0005223,7.120000,0.000000,7.120000,7.120000,0.000000,as_expected
FEE0005156,TRF0005224,3.390000,0.000000,3.390000,3.390000,0.000000,as_expected
FEE0005157,TRF0005225,4.160000,0.000000,4.160000,4.160000,0.000000,as_expected
FEE0005158,TRF0005226,1.170000,0.070000,1.100000,1.100000,0.000000,approved_price_investment
FEE0005159,TRF0005227,9.190000,0.000000,9.190000,9.190000,0.000000,as_expected
FEE0005160,TRF0005228,68.360000,0.000000,68.360000,68.360000,0.000000,as_expected
FEE0005161,TRF0005229,31.340000,0.000000,31.340000,19.720000,11.620000,unexpected_shortfall
FEE0005162,TRF0005230,25.320000,0.000000,25.320000,25.320000,0.000000,as_expected
FEE0005163,TRF0005231,2.350000,0.000000,2.350000,2.350000,0.000000,as_expected
FEE0005164,TRF0005232,8.080000,0.000000,8.080000,8.080000,0.000000,as_expected
FEE0005165,TRF0005233,35.220000,0.000000,35.220000,35.220000,0.000000,as_expected
FEE0005166,TRF0005234,3.430000,0.000000,3.430000,3.430000,0.000000,as_expected
FEE0005167,TRF0005235,2.110000,0.000000,2.110000,2.110000,0.000000,as_expected
FEE0005168,TRF0005236,22.170000,0.000000,22.170000,22.170000,0.000000,as_expected
FEE0005169,TRF0005237,1.700000,0.000000,1.700000,1.700000,0.000000,as_expected
FEE0005170,TRF0005238,6.910000,0.000000,6.910000,6.910000,0.000000,as_expected
FEE0005171,TRF0005239,4.770000,0.000000,4.770000,4.770000,0.000000,as_expected
FEE0005172,TRF0005240,3.940000,0.000000,3.940000,3.940000,0.000000,as_expected
FEE0005173,TRF0005241,1.480000,0.000000,1.480000,1.480000,0.000000,as_expected
FEE0005174,TRF0005242,3.040000,0.000000,3.040000,3.040000,0.000000,as_expected
FEE0005175,TRF0005243,2.730000,0.000000,2.730000,2.730000,0.000000,as_expected
FEE0005176,TRF0005244,2.580000,0.000000,2.580000,2.580000,0.000000,as_expected
FEE0005177,TRF0005245,7.460000,0.000000,7.460000,7.460000,0.000000,as_expected
FEE0005178,TRF0005246,2.430000,0.000000,2.430000,2.430000,0.000000,as_expected
FEE0005179,TRF0005247,2.420000,0.000000,2.420000,2.420000,0.000000,as_expected
FEE0005180,TRF0005248,5.040000,0.000000,5.040000,5.040000,0.000000,as_expected
FEE0005181,TRF0005249,3.300000,0.000000,3.300000,3.300000,0.000000,as_expected
FEE0005182,TRF0005250,0.740000,0.000000,0.740000,0.740000,0.000000,as_expected
FEE0005183,TRF0005251,2.780000,0.170000,2.610000,2.610000,0.000000,approved_price_investment
FEE0005184,TRF0005252,21.290000,0.000000,21.290000,21.290000,0.000000,as_expected
FEE0005185,TRF0005253,10.270000,0.000000,10.270000,10.270000,0.000000,as_expected
FEE0005186,TRF0005254,1.830000,0.000000,1.830000,1.830000,0.000000,as_expected
FEE0005187,TRF0005255,0.800000,0.000000,0.800000,0.800000,0.000000,as_expected
FEE0005188,TRF0005256,6.180000,0.000000,6.180000,6.180000,0.000000,as_expected
FEE0005189,TRF0005257,1.980000,0.000000,1.980000,1.980000,0.000000,as_expected
FEE0005190,TRF0005258,1.640000,0.000000,1.640000,1.640000,0.000000,as_expected
FEE0005191,TRF0005259,7.710000,0.000000,7.710000,7.710000,0.000000,as_expected
FEE0005192,TRF0005260,2.360000,0.000000,2.360000,2.360000,0.000000,as_expected
FEE0005193,TRF0005261,1.730000,0.000000,1.730000,1.730000,0.000000,as_expected
FEE0005194,TRF0005262,6.290000,0.000000,6.290000,6.290000,0.000000,as_expected
FEE0005195,TRF0005263,152.620000,0.000000,152.620000,152.620000,0.000000,as_expected
FEE0005196,TRF0005264,26.340000,0.000000,26.340000,26.340000,0.000000,as_expected
FEE0005197,TRF0005265,1.550000,0.000000,1.550000,1.550000,0.000000,as_expected
FEE0005198,TRF0005266,93.740000,0.000000,93.740000,93.740000,0.000000,as_expected
FEE0005199,TRF0005267,23.370000,0.000000,23.370000,23.370000,0.000000,as_expected
FEE0005200,TRF0005268,6.540000,0.000000,6.540000,6.540000,0.000000,as_expected
FEE0005201,TRF0005269,58.320000,0.000000,58.320000,58.320000,0.000000,as_expected
FEE0005202,TRF0005270,20.660000,0.000000,20.660000,20.660000,0.000000,as_expected
FEE0005203,TRF0005271,1.990000,0.000000,1.990000,1.990000,0.000000,as_expected
FEE0005204,TRF0005272,41.350000,4.650000,36.700000,36.700000,0.000000,approved_price_investment
FEE0005205,TRF0005273,2.530000,0.000000,2.530000,2.530000,0.000000,as_expected
FEE0005206,TRF0005274,58.370000,0.000000,58.370000,58.370000,0.000000,as_expected
FEE0005207,TRF0005275,14.690000,0.000000,14.690000,14.690000,0.000000,as_expected
FEE0005208,TRF0005276,116.260000,0.000000,116.260000,116.260000,0.000000,as_expected
FEE0005209,TRF0005277,11.290000,0.000000,11.290000,11.290000,0.000000,as_expected
FEE0005210,TRF0005278,13.640000,0.000000,13.640000,13.640000,0.000000,as_expected
FEE0005211,TRF0005279,2.490000,0.000000,2.490000,2.490000,0.000000,as_expected
FEE0005212,TRF0005280,30.620000,0.000000,30.620000,30.620000,0.000000,as_expected
FEE0005213,TRF0005281,1.120000,0.000000,1.120000,1.120000,0.000000,as_expected
FEE0005214,TRF0005282,101.680000,0.000000,101.680000,101.680000,0.000000,as_expected
FEE0005215,TRF0005283,2.640000,0.000000,2.640000,2.640000,0.000000,as_expected
FEE0005216,TRF0005284,3.730000,0.000000,3.730000,3.730000,0.000000,as_expected
FEE0005217,TRF0005285,19.800000,0.000000,19.800000,12.510000,7.290000,unexpected_shortfall
FEE0005218,TRF0005286,16.190000,0.000000,16.190000,10.250000,5.940000,unexpected_shortfall
FEE0005219,TRF0005287,3.460000,0.000000,3.460000,3.460000,0.000000,as_expected
FEE0005220,TRF0005288,7.400000,0.000000,7.400000,7.400000,0.000000,as_expected
FEE0005221,TRF0005289,8.820000,0.000000,8.820000,8.820000,0.000000,as_expected
FEE0005222,TRF0005290,6.150000,0.000000,6.150000,6.150000,0.000000,as_expected
FEE0005223,TRF0005291,8.840000,0.870000,7.970000,7.970000,0.000000,approved_price_investment
FEE0005224,TRF0005292,1.400000,0.000000,1.400000,1.400000,0.000000,as_expected
FEE0005225,TRF0005293,2.230000,0.000000,2.230000,2.230000,0.000000,as_expected
FEE0005226,TRF0005294,16.590000,0.000000,16.590000,10.500000,6.090000,unexpected_shortfall
FEE0005227,TRF0005295,0.870000,0.000000,0.870000,0.870000,0.000000,as_expected
FEE0005228,TRF0005296,14.100000,0.000000,14.100000,14.100000,0.000000,as_expected
FEE0005229,TRF0005297,7.760000,0.000000,7.760000,7.760000,0.000000,as_expected
FEE0005230,TRF0005298,49.750000,0.000000,49.750000,49.750000,0.000000,as_expected
FEE0005231,TRF0005299,2.780000,0.000000,2.780000,2.780000,0.000000,as_expected
FEE0005232,TRF0005300,1.780000,0.000000,1.780000,1.780000,0.000000,as_expected
FEE0005233,TRF0005301,2.970000,0.000000,2.970000,2.970000,0.000000,as_expected
FEE0005234,TRF0005302,47.950000,0.000000,47.950000,47.950000,0.000000,as_expected
FEE0005235,TRF0005303,5.990000,0.000000,5.990000,5.990000,0.000000,as_expected
FEE0005236,TRF0005304,33.780000,0.000000,33.780000,33.780000,0.000000,as_expected
FEE0005237,TRF0005305,1.420000,0.000000,1.420000,1.420000,0.000000,as_expected
FEE0005238,TRF0005306,38.200000,3.300000,34.900000,34.900000,0.000000,approved_price_investment
FEE0005239,TRF0005307,12.090000,0.000000,12.090000,12.090000,0.000000,as_expected
FEE0005240,TRF0005308,30.780000,0.000000,30.780000,30.780000,0.000000,as_expected
FEE0005241,TRF0005309,11.370000,0.000000,11.370000,11.370000,0.000000,as_expected
FEE0005242,TRF0005310,101.160000,0.000000,101.160000,101.160000,0.000000,as_expected
FEE0005243,TRF0005311,94.810000,0.000000,94.810000,94.810000,0.000000,as_expected
FEE0005244,TRF0005312,2.120000,0.000000,2.120000,2.120000,0.000000,as_expected
FEE0005245,TRF0005313,17.960000,0.000000,17.960000,11.350000,6.610000,unexpected_shortfall
FEE0005246,TRF0005314,51.720000,0.000000,51.720000,51.720000,0.000000,as_expected
FEE0005247,TRF0005315,3.810000,0.000000,3.810000,3.810000,0.000000,as_expected
FEE0005248,TRF0005316,4.920000,0.000000,4.920000,4.920000,0.000000,as_expected
FEE0005249,TRF0005317,7.460000,0.000000,7.460000,7.460000,0.000000,as_expected
FEE0005250,TRF0005318,1.580000,0.000000,1.580000,1.580000,0.000000,as_expected
FEE0005251,TRF0005319,2.070000,0.000000,2.070000,2.070000,0.000000,as_expected
FEE0005252,TRF0005320,0.990000,0.000000,0.990000,0.990000,0.000000,as_expected
FEE0005253,TRF0005321,50.890000,0.000000,50.890000,50.890000,0.000000,as_expected
FEE0005254,TRF0005322,35.330000,0.000000,35.330000,35.330000,0.000000,as_expected
FEE0005255,TRF0005323,10.020000,0.000000,10.020000,10.020000,0.000000,as_expected
FEE0005256,TRF0005324,34.210000,0.000000,34.210000,34.210000,0.000000,as_expected
FEE0005257,TRF0005325,16.030000,0.000000,16.030000,16.030000,0.000000,as_expected
FEE0005258,TRF0005326,2.280000,0.000000,2.280000,2.280000,0.000000,as_expected
FEE0005259,TRF0005327,9.810000,0.000000,9.810000,9.810000,0.000000,as_expected
FEE0005260,TRF0005328,6.520000,0.000000,6.520000,6.520000,0.000000,as_expected
FEE0005261,TRF0005329,186.750000,0.000000,186.750000,186.750000,0.000000,as_expected
FEE0005262,TRF0005330,10.110000,0.000000,10.110000,10.110000,0.000000,as_expected
FEE0005263,TRF0005331,6.390000,0.000000,6.390000,6.390000,0.000000,as_expected
FEE0005264,TRF0005332,3.990000,0.000000,3.990000,3.990000,0.000000,as_expected
FEE0005265,TRF0005333,1.510000,0.000000,1.510000,1.510000,0.000000,as_expected
FEE0005266,TRF0005334,1.720000,0.000000,1.720000,1.720000,0.000000,as_expected
FEE0005267,TRF0005335,74.890000,0.000000,74.890000,74.890000,0.000000,as_expected
FEE0005268,TRF0005336,5.270000,0.000000,5.270000,5.270000,0.000000,as_expected
FEE0005269,TRF0005337,13.210000,0.000000,13.210000,13.210000,0.000000,as_expected
FEE0005270,TRF0005338,11.500000,0.000000,11.500000,11.500000,0.000000,as_expected
FEE0005271,TRF0005339,12.890000,0.000000,12.890000,12.890000,0.000000,as_expected
FEE0005272,TRF0005340,222.760000,0.000000,222.760000,222.760000,0.000000,as_expected
FEE0005273,TRF0005341,19.770000,0.000000,19.770000,19.770000,0.000000,as_expected
FEE0005274,TRF0005342,44.160000,0.000000,44.160000,44.160000,0.000000,as_expected
FEE0005275,TRF0005343,40.840000,0.000000,40.840000,25.650000,15.190000,unexpected_shortfall
FEE0005276,TRF0005344,5.280000,0.000000,5.280000,5.280000,0.000000,as_expected
FEE0005277,TRF0005345,1.840000,0.000000,1.840000,1.840000,0.000000,as_expected
FEE0005278,TRF0005346,8.500000,0.000000,8.500000,8.500000,0.000000,as_expected
FEE0005279,TRF0005347,4.840000,0.000000,4.840000,4.840000,0.000000,as_expected
FEE0005280,TRF0005348,28.330000,0.000000,28.330000,28.330000,0.000000,as_expected
FEE0005281,TRF0005349,2.850000,0.000000,2.850000,2.850000,0.000000,as_expected
FEE0005282,TRF0005350,1.960000,0.000000,1.960000,1.960000,0.000000,as_expected
FEE0005283,TRF0005351,55.920000,0.000000,55.920000,55.920000,0.000000,as_expected
FEE0005284,TRF0005352,8.980000,0.000000,8.980000,8.980000,0.000000,as_expected
FEE0005285,TRF0005353,120.560000,10.340000,110.220000,110.220000,0.000000,approved_price_investment
FEE0005286,TRF0005354,6.470000,0.000000,6.470000,6.470000,0.000000,as_expected
FEE0005287,TRF0005355,23.190000,0.000000,23.190000,23.190000,0.000000,as_expected
FEE0005288,TRF0005356,47.290000,0.000000,47.290000,47.290000,0.000000,as_expected
FEE0005289,TRF0005357,0.950000,0.000000,0.950000,0.950000,0.000000,as_expected
FEE0005290,TRF0005358,25.220000,2.820000,22.400000,22.400000,0.000000,approved_price_investment
FEE0005291,TRF0005359,2.030000,0.000000,2.030000,2.030000,0.000000,as_expected
FEE0005292,TRF0005360,3.130000,0.000000,3.130000,3.130000,0.000000,as_expected
FEE0005293,TRF0005361,28.760000,0.000000,28.760000,28.760000,0.000000,as_expected
FEE0005294,TRF0005363,23.340000,0.000000,23.340000,23.340000,0.000000,as_expected
FEE0005295,TRF0005364,35.820000,0.000000,35.820000,35.820000,0.000000,as_expected
FEE0005296,TRF0005365,3.070000,0.000000,3.070000,3.070000,0.000000,as_expected
FEE0005297,TRF0005366,7.180000,0.000000,7.180000,7.180000,0.000000,as_expected
FEE0005298,TRF0005367,46.810000,0.000000,46.810000,46.810000,0.000000,as_expected
FEE0005299,TRF0005368,1.210000,0.000000,1.210000,1.210000,0.000000,as_expected
FEE0005300,TRF0005369,16.350000,0.000000,16.350000,16.350000,0.000000,as_expected
FEE0005301,TRF0005370,3.130000,0.000000,3.130000,3.130000,0.000000,as_expected
FEE0005302,TRF0005371,3.570000,0.000000,3.570000,3.570000,0.000000,as_expected
FEE0005303,TRF0005372,2.340000,0.000000,2.340000,2.340000,0.000000,as_expected
FEE0005304,TRF0005373,3.020000,0.000000,3.020000,3.020000,0.000000,as_expected
FEE0005305,TRF0005374,5.120000,0.000000,5.120000,5.120000,0.000000,as_expected
FEE0005306,TRF0005375,37.340000,4.200000,33.140000,33.140000,0.000000,approved_price_investment
FEE0005307,TRF0005376,3.830000,0.000000,3.830000,3.830000,0.000000,as_expected
FEE0005308,TRF0005377,6.720000,0.000000,6.720000,6.720000,0.000000,as_expected
FEE0005309,TRF0005378,11.050000,0.000000,11.050000,11.050000,0.000000,as_expected
FEE0005310,TRF0005379,5.480000,0.000000,5.480000,5.480000,0.000000,as_expected
FEE0005311,TRF0005380,5.970000,0.000000,5.970000,5.970000,0.000000,as_expected
FEE0005312,TRF0005381,10.440000,0.000000,10.440000,10.440000,0.000000,as_expected
FEE0005313,TRF0005382,6.300000,0.000000,6.300000,6.300000,0.000000,as_expected
FEE0005314,TRF0005383,15.710000,0.000000,15.710000,15.710000,0.000000,as_expected
FEE0005315,TRF0005384,27.120000,0.000000,27.120000,27.120000,0.000000,as_expected
FEE0005316,TRF0005385,10.870000,0.000000,10.870000,10.870000,0.000000,as_expected
FEE0005317,TRF0005386,2.970000,0.000000,2.970000,2.970000,0.000000,as_expected
FEE0005318,TRF0005387,202.620000,17.720000,184.900000,184.900000,0.000000,approved_price_investment
FEE0005319,TRF0005388,27.570000,0.000000,27.570000,27.570000,0.000000,as_expected
FEE0005320,TRF0005389,14.220000,0.000000,14.220000,14.220000,0.000000,as_expected
FEE0005321,TRF0005390,3.940000,0.000000,3.940000,3.940000,0.000000,as_expected
FEE0005322,TRF0005391,4.540000,0.000000,4.540000,4.540000,0.000000,as_expected
FEE0005323,TRF0005392,1.300000,0.000000,1.300000,1.300000,0.000000,as_expected
FEE0005324,TRF0005393,12.650000,0.000000,12.650000,12.650000,0.000000,as_expected
FEE0005325,TRF0005394,26.870000,0.000000,26.870000,26.870000,0.000000,as_expected
FEE0005326,TRF0005395,7.650000,0.000000,7.650000,7.650000,0.000000,as_expected
FEE0005327,TRF0005396,1.890000,0.000000,1.890000,1.890000,0.000000,as_expected
FEE0005328,TRF0005397,7.000000,0.000000,7.000000,7.000000,0.000000,as_expected
FEE0005329,TRF0005398,1.560000,0.070000,1.490000,1.490000,0.000000,approved_price_investment
FEE0005330,TRF0005399,59.110000,0.000000,59.110000,37.070000,22.040000,unexpected_shortfall
FEE0005331,TRF0005400,5.310000,0.000000,5.310000,5.310000,0.000000,as_expected
FEE0005332,TRF0005401,5.110000,0.000000,5.110000,5.110000,0.000000,as_expected
FEE0005333,TRF0005402,4.430000,0.410000,4.020000,4.020000,0.000000,approved_price_investment
FEE0005334,TRF0005403,8.100000,0.000000,8.100000,8.100000,0.000000,as_expected
FEE0005335,TRF0005404,4.730000,0.000000,4.730000,4.730000,0.000000,as_expected
FEE0005336,TRF0005405,25.860000,0.000000,25.860000,25.860000,0.000000,as_expected
FEE0005337,TRF0005406,6.710000,0.000000,6.710000,6.710000,0.000000,as_expected
FEE0005338,TRF0005407,3.280000,0.000000,3.280000,3.280000,0.000000,as_expected
FEE0005339,TRF0005408,6.240000,0.000000,6.240000,6.240000,0.000000,as_expected
FEE0005340,TRF0005409,2.370000,0.000000,2.370000,2.370000,0.000000,as_expected
FEE0005341,TRF0005410,38.510000,0.000000,38.510000,38.510000,0.000000,as_expected
FEE0005342,TRF0005411,59.750000,0.000000,59.750000,59.750000,0.000000,as_expected
FEE0005343,TRF0005412,4.320000,0.000000,4.320000,4.320000,0.000000,as_expected
FEE0005344,TRF0005413,60.190000,0.000000,60.190000,60.190000,0.000000,as_expected
FEE0005345,TRF0005414,9.330000,0.000000,9.330000,5.960000,3.370000,unexpected_shortfall
FEE0005346,TRF0005416,159.030000,0.000000,159.030000,159.030000,0.000000,as_expected
FEE0005347,TRF0005417,3.090000,0.000000,3.090000,3.090000,0.000000,as_expected
FEE0005348,TRF0005418,1.860000,0.000000,1.860000,1.860000,0.000000,as_expected
FEE0005349,TRF0005419,8.870000,0.000000,8.870000,8.870000,0.000000,as_expected
FEE0005350,TRF0005420,27.800000,0.000000,27.800000,27.800000,0.000000,as_expected
FEE0005351,TRF0005421,3.360000,0.000000,3.360000,3.360000,0.000000,as_expected
FEE0005352,TRF0005422,66.730000,0.000000,66.730000,66.730000,0.000000,as_expected
FEE0005353,TRF0005423,2.600000,0.000000,2.600000,2.600000,0.000000,as_expected
FEE0005354,TRF0005424,18.880000,0.000000,18.880000,18.880000,0.000000,as_expected
FEE0005355,TRF0005425,2.130000,0.000000,2.130000,2.130000,0.000000,as_expected
FEE0005356,TRF0005426,75.370000,0.000000,75.370000,75.370000,0.000000,as_expected
FEE0005357,TRF0005427,3.040000,0.000000,3.040000,3.040000,0.000000,as_expected
FEE0005358,TRF0005428,2.500000,0.000000,2.500000,2.500000,0.000000,as_expected
FEE0005359,TRF0005429,9.650000,0.000000,9.650000,9.650000,0.000000,as_expected
FEE0005360,TRF0005430,5.570000,0.000000,5.570000,5.570000,0.000000,as_expected
FEE0005361,TRF0005432,7.850000,0.000000,7.850000,7.850000,0.000000,as_expected
FEE0005362,TRF0005433,2.270000,0.000000,2.270000,2.270000,0.000000,as_expected
FEE0005363,TRF0005434,23.630000,0.000000,23.630000,23.630000,0.000000,as_expected
FEE0005364,TRF0005435,4.590000,0.000000,4.590000,4.590000,0.000000,as_expected
FEE0005365,TRF0005436,107.930000,0.000000,107.930000,67.590000,40.340000,unexpected_shortfall
FEE0005366,TRF0005437,1.590000,0.000000,1.590000,1.590000,0.000000,as_expected
FEE0005367,TRF0005438,9.970000,0.000000,9.970000,9.970000,0.000000,as_expected
FEE0005368,TRF0005439,10.340000,1.100000,9.240000,9.240000,0.000000,approved_price_investment
FEE0005369,TRF0005440,2.690000,0.000000,2.690000,2.690000,0.000000,as_expected
FEE0005370,TRF0005441,2.720000,0.000000,2.720000,2.720000,0.000000,as_expected
FEE0005371,TRF0005442,2.270000,0.000000,2.270000,2.270000,0.000000,as_expected
FEE0005372,TRF0005443,39.260000,0.000000,39.260000,39.260000,0.000000,as_expected
FEE0005373,TRF0005444,4.600000,0.000000,4.600000,4.600000,0.000000,as_expected
FEE0005374,TRF0005445,73.450000,0.000000,73.450000,73.450000,0.000000,as_expected
FEE0005375,TRF0005446,5.620000,0.000000,5.620000,5.620000,0.000000,as_expected
FEE0005376,TRF0005447,15.840000,0.000000,15.840000,15.840000,0.000000,as_expected
FEE0005377,TRF0005448,7.990000,0.000000,7.990000,7.990000,0.000000,as_expected
FEE0005378,TRF0005449,4.250000,0.000000,4.250000,4.250000,0.000000,as_expected
FEE0005379,TRF0005450,51.080000,0.000000,51.080000,51.080000,0.000000,as_expected
FEE0005380,TRF0005451,2.990000,0.000000,2.990000,2.990000,0.000000,as_expected
FEE0005381,TRF0005452,34.320000,0.000000,34.320000,34.320000,0.000000,as_expected
FEE0005382,TRF0005453,3.200000,0.000000,3.200000,3.200000,0.000000,as_expected
FEE0005383,TRF0005454,4.120000,0.000000,4.120000,4.120000,0.000000,as_expected
FEE0005384,TRF0005455,3.580000,0.000000,3.580000,3.580000,0.000000,as_expected
FEE0005385,TRF0005456,7.560000,0.000000,7.560000,7.560000,0.000000,as_expected
FEE0005386,TRF0005457,28.790000,0.000000,28.790000,28.790000,0.000000,as_expected
FEE0005387,TRF0005458,18.760000,0.000000,18.760000,18.760000,0.000000,as_expected
FEE0005388,TRF0005459,1.360000,0.000000,1.360000,1.360000,0.000000,as_expected
FEE0005389,TRF0005460,13.850000,0.000000,13.850000,13.850000,0.000000,as_expected
FEE0005390,TRF0005461,16.860000,0.000000,16.860000,16.860000,0.000000,as_expected
FEE0005391,TRF0005462,9.990000,0.000000,9.990000,6.380000,3.610000,unexpected_shortfall
FEE0005392,TRF0005463,4.810000,0.000000,4.810000,4.810000,0.000000,as_expected
FEE0005393,TRF0005464,1.730000,0.000000,1.730000,1.730000,0.000000,as_expected
FEE0005394,TRF0005465,59.720000,0.000000,59.720000,59.720000,0.000000,as_expected
FEE0005395,TRF0005466,69.550000,0.000000,69.550000,69.550000,0.000000,as_expected
FEE0005396,TRF0005467,5.020000,0.000000,5.020000,5.020000,0.000000,as_expected
FEE0005397,TRF0005468,0.770000,0.000000,0.770000,0.770000,0.000000,as_expected
FEE0005398,TRF0005469,5.690000,0.000000,5.690000,5.690000,0.000000,as_expected
FEE0005399,TRF0005470,1.610000,0.000000,1.610000,1.610000,0.000000,as_expected
FEE0005400,TRF0005471,1.350000,0.000000,1.350000,1.350000,0.000000,as_expected
FEE0005401,TRF0005472,3.160000,0.000000,3.160000,3.160000,0.000000,as_expected
FEE0005402,TRF0005473,5.060000,0.000000,5.060000,5.060000,0.000000,as_expected
FEE0005403,TRF0005474,17.590000,0.000000,17.590000,17.590000,0.000000,as_expected
FEE0005404,TRF0005475,2.370000,0.000000,2.370000,2.370000,0.000000,as_expected
FEE0005405,TRF0005476,1.830000,0.000000,1.830000,1.830000,0.000000,as_expected
FEE0005406,TRF0005477,27.590000,0.000000,27.590000,27.590000,0.000000,as_expected
FEE0005407,TRF0005478,8.000000,0.000000,8.000000,8.000000,0.000000,as_expected
FEE0005408,TRF0005479,61.340000,0.000000,61.340000,61.340000,0.000000,as_expected
FEE0005409,TRF0005480,14.180000,0.000000,14.180000,14.180000,0.000000,as_expected
FEE0005410,TRF0005481,40.680000,0.000000,40.680000,40.680000,0.000000,as_expected
FEE0005411,TRF0005482,12.760000,0.000000,12.760000,12.760000,0.000000,as_expected
FEE0005412,TRF0005483,1.410000,0.000000,1.410000,1.410000,0.000000,as_expected
FEE0005413,TRF0005484,2.090000,0.000000,2.090000,2.090000,0.000000,as_expected
FEE0005414,TRF0005485,5.460000,0.000000,5.460000,5.460000,0.000000,as_expected
FEE0005415,TRF0005486,3.160000,0.000000,3.160000,3.160000,0.000000,as_expected
FEE0005416,TRF0005487,25.310000,0.000000,25.310000,25.310000,0.000000,as_expected
FEE0005417,TRF0005488,19.920000,0.000000,19.920000,19.920000,0.000000,as_expected
FEE0005418,TRF0005489,2.530000,0.000000,2.530000,2.530000,0.000000,as_expected
FEE0005419,TRF0005490,1.220000,0.000000,1.220000,1.220000,0.000000,as_expected
FEE0005420,TRF0005491,2.520000,0.000000,2.520000,2.520000,0.000000,as_expected
FEE0005421,TRF0005492,5.120000,0.000000,5.120000,5.120000,0.000000,as_expected
FEE0005422,TRF0005493,11.140000,1.190000,9.950000,9.950000,0.000000,approved_price_investment
FEE0005423,TRF0005494,2.250000,0.130000,2.120000,2.120000,0.000000,approved_price_investment
FEE0005424,TRF0005495,5.190000,0.000000,5.190000,5.190000,0.000000,as_expected
FEE0005425,TRF0005496,1.570000,0.000000,1.570000,1.570000,0.000000,as_expected
FEE0005426,TRF0005497,2.470000,0.000000,2.470000,2.470000,0.000000,as_expected
FEE0005427,TRF0005498,3.420000,0.000000,3.420000,3.420000,0.000000,as_expected
FEE0005428,TRF0005499,11.380000,0.000000,11.380000,7.240000,4.140000,unexpected_shortfall
FEE0005429,TRF0005500,17.750000,0.000000,17.750000,17.750000,0.000000,as_expected
FEE0005430,TRF0005501,4.430000,0.000000,4.430000,4.430000,0.000000,as_expected
FEE0005431,TRF0005502,1.740000,0.000000,1.740000,1.740000,0.000000,as_expected
FEE0005432,TRF0005503,2.160000,0.000000,2.160000,2.160000,0.000000,as_expected
FEE0005433,TRF0005504,2.990000,0.270000,2.720000,2.720000,0.000000,approved_price_investment
FEE0005434,TRF0005505,2.050000,0.000000,2.050000,2.050000,0.000000,as_expected
FEE0005435,TRF0005506,1.980000,0.000000,1.980000,1.980000,0.000000,as_expected
FEE0005436,TRF0005507,18.400000,0.000000,18.400000,18.400000,0.000000,as_expected
FEE0005437,TRF0005508,123.940000,0.000000,123.940000,123.940000,0.000000,as_expected
FEE0005438,TRF0005509,8.260000,0.000000,8.260000,8.260000,0.000000,as_expected
FEE0005439,TRF0005510,2.110000,0.000000,2.110000,2.110000,0.000000,as_expected
FEE0005440,TRF0005511,6.420000,0.000000,6.420000,6.420000,0.000000,as_expected
FEE0005441,TRF0005512,6.150000,0.000000,6.150000,6.150000,0.000000,as_expected
FEE0005442,TRF0005513,4.450000,0.000000,4.450000,4.450000,0.000000,as_expected
FEE0005443,TRF0005514,1.100000,0.000000,1.100000,1.100000,0.000000,as_expected
FEE0005444,TRF0005515,12.440000,0.000000,12.440000,12.440000,0.000000,as_expected
FEE0005445,TRF0005516,2.840000,0.250000,2.590000,2.590000,0.000000,approved_price_investment
FEE0005446,TRF0005517,3.440000,0.000000,3.440000,3.440000,0.000000,as_expected
FEE0005447,TRF0005518,44.680000,0.000000,44.680000,44.680000,0.000000,as_expected
FEE0005448,TRF0005519,26.440000,0.000000,26.440000,26.440000,0.000000,as_expected
FEE0005449,TRF0005520,14.320000,0.000000,14.320000,14.320000,0.000000,as_expected
FEE0005450,TRF0005521,4.670000,0.000000,4.670000,4.670000,0.000000,as_expected
FEE0005451,TRF0005522,11.300000,0.000000,11.300000,11.300000,0.000000,as_expected
FEE0005452,TRF0005523,15.300000,0.000000,15.300000,15.300000,0.000000,as_expected
FEE0005453,TRF0005524,26.800000,0.000000,26.800000,26.800000,0.000000,as_expected
FEE0005454,TRF0005525,47.790000,0.000000,47.790000,47.790000,0.000000,as_expected
FEE0005455,TRF0005526,13.980000,0.000000,13.980000,13.980000,0.000000,as_expected
FEE0005456,TRF0005527,2.130000,0.000000,2.130000,2.130000,0.000000,as_expected
FEE0005457,TRF0005528,2.180000,0.000000,2.180000,2.180000,0.000000,as_expected
FEE0005458,TRF0005529,2.520000,0.000000,2.520000,2.520000,0.000000,as_expected
FEE0005459,TRF0005530,5.330000,0.000000,5.330000,5.330000,0.000000,as_expected
FEE0005460,TRF0005531,3.560000,0.000000,3.560000,3.560000,0.000000,as_expected
FEE0005461,TRF0005532,7.540000,0.000000,7.540000,7.540000,0.000000,as_expected
FEE0005462,TRF0005533,3.090000,0.000000,3.090000,3.090000,0.000000,as_expected
FEE0005463,TRF0005534,63.040000,0.000000,63.040000,63.040000,0.000000,as_expected
FEE0005464,TRF0005535,14.210000,0.000000,14.210000,14.210000,0.000000,as_expected
FEE0005465,TRF0005536,5.240000,0.000000,5.240000,5.240000,0.000000,as_expected
FEE0005466,TRF0005537,1.920000,0.000000,1.920000,1.920000,0.000000,as_expected
FEE0005467,TRF0005538,2.390000,0.000000,2.390000,2.390000,0.000000,as_expected
FEE0005468,TRF0005539,73.950000,0.000000,73.950000,73.950000,0.000000,as_expected
FEE0005469,TRF0005540,4.550000,0.000000,4.550000,4.550000,0.000000,as_expected
FEE0005470,TRF0005541,20.970000,0.000000,20.970000,13.240000,7.730000,unexpected_shortfall
FEE0005471,TRF0005542,3.500000,0.000000,3.500000,3.500000,0.000000,as_expected
FEE0005472,TRF0005543,36.150000,0.000000,36.150000,36.150000,0.000000,as_expected
FEE0005473,TRF0005544,61.450000,0.000000,61.450000,61.450000,0.000000,as_expected
FEE0005474,TRF0005545,2.840000,0.000000,2.840000,2.840000,0.000000,as_expected
FEE0005475,TRF0005546,7.720000,0.000000,7.720000,7.720000,0.000000,as_expected
FEE0005476,TRF0005547,2.830000,0.000000,2.830000,2.830000,0.000000,as_expected
FEE0005477,TRF0005548,0.780000,0.000000,0.780000,0.780000,0.000000,as_expected
FEE0005478,TRF0005549,4.090000,0.000000,4.090000,4.090000,0.000000,as_expected
FEE0005479,TRF0005550,17.830000,0.000000,17.830000,17.830000,0.000000,as_expected
FEE0005480,TRF0005551,1.580000,0.000000,1.580000,1.580000,0.000000,as_expected
FEE0005481,TRF0005552,9.750000,0.000000,9.750000,9.750000,0.000000,as_expected
FEE0005482,TRF0005553,9.130000,0.000000,9.130000,9.130000,0.000000,as_expected
FEE0005483,TRF0005554,2.930000,0.000000,2.930000,2.930000,0.000000,as_expected
FEE0005484,TRF0005555,44.260000,0.000000,44.260000,44.260000,0.000000,as_expected
FEE0005485,TRF0005556,3.850000,0.000000,3.850000,3.850000,0.000000,as_expected
FEE0005486,TRF0005557,5.360000,0.000000,5.360000,5.360000,0.000000,as_expected
FEE0005487,TRF0005558,12.390000,0.000000,12.390000,12.390000,0.000000,as_expected
FEE0005488,TRF0005559,1.460000,0.000000,1.460000,1.460000,0.000000,as_expected
FEE0005489,TRF0005560,26.390000,0.000000,26.390000,26.390000,0.000000,as_expected
FEE0005490,TRF0005561,59.460000,0.000000,59.460000,59.460000,0.000000,as_expected
FEE0005491,TRF0005562,1.370000,0.000000,1.370000,1.370000,0.000000,as_expected
FEE0005492,TRF0005563,17.600000,0.000000,17.600000,17.600000,0.000000,as_expected
FEE0005493,TRF0005564,3.030000,0.270000,2.760000,2.760000,0.000000,approved_price_investment
FEE0005494,TRF0005565,7.510000,0.740000,6.770000,6.770000,0.000000,approved_price_investment
FEE0005495,TRF0005566,1.750000,0.000000,1.750000,1.750000,0.000000,as_expected
FEE0005496,TRF0005567,1.710000,0.000000,1.710000,1.710000,0.000000,as_expected
FEE0005497,TRF0005568,4.090000,0.000000,4.090000,4.090000,0.000000,as_expected
FEE0005498,TRF0005569,2.270000,0.000000,2.270000,2.270000,0.000000,as_expected
FEE0005499,TRF0005570,3.520000,0.000000,3.520000,3.520000,0.000000,as_expected
FEE0005500,TRF0005571,2.760000,0.000000,2.760000,2.760000,0.000000,as_expected
FEE0005501,TRF0005572,2.480000,0.000000,2.480000,2.480000,0.000000,as_expected
FEE0005502,TRF0005573,1.860000,0.000000,1.860000,1.860000,0.000000,as_expected
FEE0005503,TRF0005574,4.020000,0.000000,4.020000,4.020000,0.000000,as_expected
FEE0005504,TRF0005575,458.460000,0.000000,458.460000,458.460000,0.000000,as_expected
FEE0005505,TRF0005576,70.100000,0.000000,70.100000,70.100000,0.000000,as_expected
FEE0005506,TRF0005577,4.600000,0.000000,4.600000,4.600000,0.000000,as_expected
FEE0005507,TRF0005578,3.070000,0.000000,3.070000,3.070000,0.000000,as_expected
FEE0005508,TRF0005579,5.910000,0.000000,5.910000,5.910000,0.000000,as_expected
FEE0005509,TRF0005580,3.790000,0.000000,3.790000,3.790000,0.000000,as_expected
FEE0005510,TRF0005581,6.810000,0.000000,6.810000,6.810000,0.000000,as_expected
FEE0005511,TRF0005582,3.450000,0.000000,3.450000,3.450000,0.000000,as_expected
FEE0005512,TRF0005583,5.480000,0.000000,5.480000,5.480000,0.000000,as_expected
FEE0005513,TRF0005584,2.580000,0.000000,2.580000,2.580000,0.000000,as_expected
FEE0005514,TRF0005585,2.040000,0.000000,2.040000,2.040000,0.000000,as_expected
FEE0005515,TRF0005586,1.300000,0.000000,1.300000,1.300000,0.000000,as_expected
FEE0005516,TRF0005587,304.580000,0.000000,304.580000,304.580000,0.000000,as_expected
FEE0005517,TRF0005588,1.320000,0.000000,1.320000,1.320000,0.000000,as_expected
FEE0005518,TRF0005589,21.970000,0.000000,21.970000,21.970000,0.000000,as_expected
FEE0005519,TRF0005590,3.140000,0.000000,3.140000,3.140000,0.000000,as_expected
FEE0005520,TRF0005591,1.160000,0.070000,1.090000,1.090000,0.000000,approved_price_investment
FEE0005521,TRF0005592,2.540000,0.000000,2.540000,1.720000,0.820000,unexpected_shortfall
FEE0005522,TRF0005593,7.820000,0.000000,7.820000,7.820000,0.000000,as_expected
FEE0005523,TRF0005594,1.120000,0.000000,1.120000,1.120000,0.000000,as_expected
FEE0005524,TRF0005595,3.900000,0.000000,3.900000,3.900000,0.000000,as_expected
FEE0005525,TRF0005596,26.390000,0.000000,26.390000,26.390000,0.000000,as_expected
FEE0005526,TRF0005598,1.700000,0.000000,1.700000,1.700000,0.000000,as_expected
FEE0005527,TRF0005599,4.110000,0.000000,4.110000,4.110000,0.000000,as_expected
FEE0005528,TRF0005600,27.180000,0.000000,27.180000,27.180000,0.000000,as_expected
FEE0005529,TRF0005601,2.050000,0.000000,2.050000,2.050000,0.000000,as_expected
FEE0005530,TRF0005602,31.850000,0.000000,31.850000,31.850000,0.000000,as_expected
FEE0005531,TRF0005603,21.990000,0.000000,21.990000,21.990000,0.000000,as_expected
FEE0005532,TRF0005604,70.510000,0.000000,70.510000,70.510000,0.000000,as_expected
FEE0005533,TRF0005605,64.470000,0.000000,64.470000,64.470000,0.000000,as_expected
FEE0005534,TRF0005606,1.280000,0.000000,1.280000,1.280000,0.000000,as_expected
FEE0005535,TRF0005607,120.300000,0.000000,120.300000,120.300000,0.000000,as_expected
FEE0005536,TRF0005608,5.370000,0.000000,5.370000,5.370000,0.000000,as_expected
FEE0005537,TRF0005609,18.820000,0.000000,18.820000,18.820000,0.000000,as_expected
FEE0005538,TRF0005610,7.340000,0.000000,7.340000,7.340000,0.000000,as_expected
FEE0005539,TRF0005611,5.220000,0.000000,5.220000,5.220000,0.000000,as_expected
FEE0005540,TRF0005612,2.910000,0.000000,2.910000,2.910000,0.000000,as_expected
FEE0005541,TRF0005613,2.050000,0.000000,2.050000,2.050000,0.000000,as_expected
FEE0005542,TRF0005614,0.910000,0.000000,0.910000,0.910000,0.000000,as_expected
FEE0005543,TRF0005615,11.040000,0.000000,11.040000,11.040000,0.000000,as_expected
FEE0005544,TRF0005616,3.400000,0.000000,3.400000,3.400000,0.000000,as_expected
FEE0005545,TRF0005617,49.420000,0.000000,49.420000,49.420000,0.000000,as_expected
FEE0005546,TRF0005618,2.130000,0.000000,2.130000,2.130000,0.000000,as_expected
FEE0005547,TRF0005619,2.460000,0.000000,2.460000,2.460000,0.000000,as_expected
FEE0005548,TRF0005620,5.590000,0.000000,5.590000,5.590000,0.000000,as_expected
FEE0005549,TRF0005621,5.890000,0.000000,5.890000,5.890000,0.000000,as_expected
FEE0005550,TRF0005622,42.050000,0.000000,42.050000,42.050000,0.000000,as_expected
FEE0005551,TRF0005623,4.480000,0.000000,4.480000,4.480000,0.000000,as_expected
FEE0005552,TRF0005624,8.690000,0.000000,8.690000,8.690000,0.000000,as_expected
FEE0005553,TRF0005625,13.920000,1.170000,12.750000,12.750000,0.000000,approved_price_investment
FEE0005554,TRF0005626,2.030000,0.000000,2.030000,2.030000,0.000000,as_expected
FEE0005555,TRF0005627,17.920000,0.000000,17.920000,17.920000,0.000000,as_expected
FEE0005556,TRF0005628,12.360000,0.000000,12.360000,12.360000,0.000000,as_expected
FEE0005557,TRF0005629,6.100000,0.000000,6.100000,6.100000,0.000000,as_expected
FEE0005558,TRF0005630,5.590000,0.000000,5.590000,5.590000,0.000000,as_expected
FEE0005559,TRF0005631,29.160000,0.000000,29.160000,29.160000,0.000000,as_expected
FEE0005560,TRF0005632,10.540000,0.000000,10.540000,10.540000,0.000000,as_expected
FEE0005561,TRF0005633,13.460000,0.000000,13.460000,13.460000,0.000000,as_expected
FEE0005562,TRF0005634,28.560000,0.000000,28.560000,28.560000,0.000000,as_expected
FEE0005563,TRF0005635,5.000000,0.000000,5.000000,5.000000,0.000000,as_expected
FEE0005564,TRF0005636,1.600000,0.080000,1.520000,1.520000,0.000000,approved_price_investment
FEE0005565,TRF0005637,3.610000,0.000000,3.610000,3.610000,0.000000,as_expected
FEE0005566,TRF0005639,5.350000,0.000000,5.350000,5.350000,0.000000,as_expected
FEE0005567,TRF0005640,2.100000,0.000000,2.100000,2.100000,0.000000,as_expected
FEE0005568,TRF0005641,1.810000,0.000000,1.810000,1.810000,0.000000,as_expected
FEE0005569,TRF0005642,1.690000,0.000000,1.690000,1.690000,0.000000,as_expected
FEE0005570,TRF0005643,2.980000,0.000000,2.980000,2.980000,0.000000,as_expected
FEE0005571,TRF0005644,20.400000,0.000000,20.400000,20.400000,0.000000,as_expected
FEE0005572,TRF0005645,7.950000,0.600000,7.350000,7.350000,0.000000,approved_price_investment
FEE0005573,TRF0005646,3.970000,0.000000,3.970000,3.970000,0.000000,as_expected
FEE0005574,TRF0005647,9.580000,0.000000,9.580000,9.580000,0.000000,as_expected
FEE0005575,TRF0005648,8.570000,0.000000,8.570000,8.570000,0.000000,as_expected
FEE0005576,TRF0005649,342.020000,0.000000,342.020000,342.020000,0.000000,as_expected
FEE0005577,TRF0005650,38.140000,0.000000,38.140000,38.140000,0.000000,as_expected
FEE0005578,TRF0005651,1.060000,0.000000,1.060000,1.060000,0.000000,as_expected
FEE0005579,TRF0005652,3.580000,0.000000,3.580000,3.580000,0.000000,as_expected
FEE0005580,TRF0005653,2.270000,0.000000,2.270000,2.270000,0.000000,as_expected
FEE0005581,TRF0005654,11.550000,0.000000,11.550000,11.550000,0.000000,as_expected
FEE0005582,TRF0005655,1.740000,0.000000,1.740000,1.740000,0.000000,as_expected
FEE0005583,TRF0005656,6.860000,0.000000,6.860000,6.860000,0.000000,as_expected
FEE0005584,TRF0005657,5.020000,0.000000,5.020000,5.020000,0.000000,as_expected
FEE0005585,TRF0005658,5.940000,0.000000,5.940000,5.940000,0.000000,as_expected
FEE0005586,TRF0005659,9.410000,0.000000,9.410000,9.410000,0.000000,as_expected
FEE0005587,TRF0005660,38.490000,0.000000,38.490000,38.490000,0.000000,as_expected
FEE0005588,TRF0005661,1.280000,0.000000,1.280000,1.280000,0.000000,as_expected
FEE0005589,TRF0005662,30.630000,3.790000,26.840000,26.840000,0.000000,approved_price_investment
FEE0005590,TRF0005663,5.320000,0.000000,5.320000,5.320000,0.000000,as_expected
FEE0005591,TRF0005664,17.540000,1.780000,15.760000,15.760000,0.000000,approved_price_investment
FEE0005592,TRF0005665,1.570000,0.000000,1.570000,1.570000,0.000000,as_expected
FEE0005593,TRF0005666,1.810000,0.000000,1.810000,1.810000,0.000000,as_expected
FEE0005594,TRF0005667,79.200000,0.000000,79.200000,79.200000,0.000000,as_expected
FEE0005595,TRF0005668,16.160000,0.000000,16.160000,16.160000,0.000000,as_expected
FEE0005596,TRF0005669,4.330000,0.000000,4.330000,4.330000,0.000000,as_expected
FEE0005597,TRF0005670,12.610000,0.000000,12.610000,12.610000,0.000000,as_expected
FEE0005598,TRF0005671,46.820000,5.810000,41.010000,41.010000,0.000000,approved_price_investment
FEE0005599,TRF0005672,10.530000,0.000000,10.530000,10.530000,0.000000,as_expected
FEE0005600,TRF0005673,3.400000,0.000000,3.400000,3.400000,0.000000,as_expected
FEE0005601,TRF0005674,10.450000,0.000000,10.450000,10.450000,0.000000,as_expected
FEE0005602,TRF0005675,8.750000,0.000000,8.750000,8.750000,0.000000,as_expected
FEE0005603,TRF0005676,4.350000,0.000000,4.350000,4.350000,0.000000,as_expected
FEE0005604,TRF0005677,1.620000,0.000000,1.620000,1.620000,0.000000,as_expected
FEE0005605,TRF0005678,134.190000,0.000000,134.190000,134.190000,0.000000,as_expected
FEE0005606,TRF0005679,70.140000,0.000000,70.140000,70.140000,0.000000,as_expected
FEE0005607,TRF0005680,24.150000,0.000000,24.150000,24.150000,0.000000,as_expected
FEE0005608,TRF0005681,14.290000,0.000000,14.290000,14.290000,0.000000,as_expected
FEE0005609,TRF0005682,2.890000,0.000000,2.890000,2.890000,0.000000,as_expected
FEE0005610,TRF0005683,77.430000,0.000000,77.430000,77.430000,0.000000,as_expected
FEE0005611,TRF0005684,27.540000,0.000000,27.540000,17.340000,10.200000,unexpected_shortfall
FEE0005612,TRF0005685,3.980000,0.000000,3.980000,3.980000,0.000000,as_expected
FEE0005613,TRF0005686,110.820000,0.000000,110.820000,110.820000,0.000000,as_expected
FEE0005614,TRF0005687,5.430000,0.000000,5.430000,5.430000,0.000000,as_expected
FEE0005615,TRF0005688,9.080000,0.000000,9.080000,9.080000,0.000000,as_expected
FEE0005616,TRF0005689,13.970000,1.410000,12.560000,12.560000,0.000000,approved_price_investment
FEE0005617,TRF0005690,1.780000,0.000000,1.780000,1.780000,0.000000,as_expected
FEE0005618,TRF0005691,2.260000,0.000000,2.260000,2.260000,0.000000,as_expected
FEE0005619,TRF0005692,14.200000,0.000000,14.200000,14.200000,0.000000,as_expected
FEE0005620,TRF0005693,8.180000,0.000000,8.180000,8.180000,0.000000,as_expected
FEE0005621,TRF0005694,23.780000,0.000000,23.780000,23.780000,0.000000,as_expected
FEE0005622,TRF0005695,2.120000,0.000000,2.120000,2.120000,0.000000,as_expected
FEE0005623,TRF0005696,3.150000,0.000000,3.150000,3.150000,0.000000,as_expected
FEE0005624,TRF0005697,6.870000,0.000000,6.870000,6.870000,0.000000,as_expected
FEE0005625,TRF0005698,3.070000,0.000000,3.070000,3.070000,0.000000,as_expected
FEE0005626,TRF0005699,39.710000,0.000000,39.710000,39.710000,0.000000,as_expected
FEE0005627,TRF0005700,95.430000,0.000000,95.430000,95.430000,0.000000,as_expected
FEE0005628,TRF0005701,5.110000,0.000000,5.110000,5.110000,0.000000,as_expected
FEE0005629,TRF0005702,53.570000,0.000000,53.570000,53.570000,0.000000,as_expected
FEE0005630,TRF0005703,2.380000,0.000000,2.380000,2.380000,0.000000,as_expected
FEE0005631,TRF0005704,36.540000,0.000000,36.540000,22.970000,13.570000,unexpected_shortfall
FEE0005632,TRF0005705,2.380000,0.000000,2.380000,2.380000,0.000000,as_expected
FEE0005633,TRF0005706,1.230000,0.000000,1.230000,1.230000,0.000000,as_expected
FEE0005634,TRF0005707,0.770000,0.000000,0.770000,0.770000,0.000000,as_expected
FEE0005635,TRF0005708,1.430000,0.000000,1.430000,1.430000,0.000000,as_expected
FEE0005636,TRF0005709,8.220000,0.000000,8.220000,8.220000,0.000000,as_expected
FEE0005637,TRF0005710,2.910000,0.000000,2.910000,2.910000,0.000000,as_expected
FEE0005638,TRF0005711,1.900000,0.000000,1.900000,1.900000,0.000000,as_expected
FEE0005639,TRF0005712,23.310000,0.000000,23.310000,23.310000,0.000000,as_expected
FEE0005640,TRF0005713,1.410000,0.000000,1.410000,1.410000,0.000000,as_expected
FEE0005641,TRF0005714,79.920000,0.000000,79.920000,79.920000,0.000000,as_expected
FEE0005642,TRF0005715,8.020000,0.870000,7.150000,7.150000,0.000000,approved_price_investment
FEE0005643,TRF0005716,4.090000,0.000000,4.090000,4.090000,0.000000,as_expected
FEE0005644,TRF0005717,34.170000,0.000000,34.170000,34.170000,0.000000,as_expected
FEE0005645,TRF0005718,4.040000,0.000000,4.040000,4.040000,0.000000,as_expected
FEE0005646,TRF0005719,2.120000,0.000000,2.120000,2.120000,0.000000,as_expected
FEE0005647,TRF0005720,10.550000,0.000000,10.550000,10.550000,0.000000,as_expected
FEE0005648,TRF0005721,2.550000,0.000000,2.550000,2.550000,0.000000,as_expected
FEE0005649,TRF0005722,40.910000,0.000000,40.910000,40.910000,0.000000,as_expected
FEE0005650,TRF0005723,15.030000,0.000000,15.030000,15.030000,0.000000,as_expected
FEE0005651,TRF0005724,2.610000,0.000000,2.610000,2.610000,0.000000,as_expected
FEE0005652,TRF0005725,4.100000,0.000000,4.100000,4.100000,0.000000,as_expected
FEE0005653,TRF0005726,3.820000,0.000000,3.820000,3.820000,0.000000,as_expected
FEE0005654,TRF0005727,25.900000,2.180000,23.720000,23.720000,0.000000,approved_price_investment
FEE0005655,TRF0005728,11.620000,0.000000,11.620000,11.620000,0.000000,as_expected
FEE0005656,TRF0005729,18.420000,0.000000,18.420000,18.420000,0.000000,as_expected
FEE0005657,TRF0005730,16.860000,0.000000,16.860000,16.860000,0.000000,as_expected
FEE0005658,TRF0005731,11.310000,0.000000,11.310000,11.310000,0.000000,as_expected
FEE0005659,TRF0005732,5.510000,0.000000,5.510000,5.510000,0.000000,as_expected
FEE0005660,TRF0005733,72.080000,0.000000,72.080000,72.080000,0.000000,as_expected
FEE0005661,TRF0005734,6.040000,0.000000,6.040000,6.040000,0.000000,as_expected
FEE0005662,TRF0005735,32.300000,0.000000,32.300000,32.300000,0.000000,as_expected
FEE0005663,TRF0005736,2.430000,0.000000,2.430000,2.430000,0.000000,as_expected
FEE0005664,TRF0005737,3.330000,0.000000,3.330000,3.330000,0.000000,as_expected
FEE0005665,TRF0005738,174.820000,0.000000,174.820000,174.820000,0.000000,as_expected
FEE0005666,TRF0005739,4.220000,0.290000,3.930000,3.930000,0.000000,approved_price_investment
FEE0005667,TRF0005740,15.160000,0.000000,15.160000,15.160000,0.000000,as_expected
FEE0005668,TRF0005741,6.300000,0.000000,6.300000,6.300000,0.000000,as_expected
FEE0005669,TRF0005742,1.240000,0.000000,1.240000,1.240000,0.000000,as_expected
FEE0005670,TRF0005743,142.380000,0.000000,142.380000,142.380000,0.000000,as_expected
FEE0005671,TRF0005744,21.470000,0.000000,21.470000,21.470000,0.000000,as_expected
FEE0005672,TRF0005745,2.910000,0.000000,2.910000,2.910000,0.000000,as_expected
FEE0005673,TRF0005746,30.000000,0.000000,30.000000,30.000000,0.000000,as_expected
FEE0005674,TRF0005747,3.550000,0.000000,3.550000,3.550000,0.000000,as_expected
FEE0005675,TRF0005748,6.680000,0.000000,6.680000,6.680000,0.000000,as_expected
FEE0005676,TRF0005749,20.850000,0.000000,20.850000,20.850000,0.000000,as_expected
FEE0005677,TRF0005751,306.660000,0.000000,306.660000,306.660000,0.000000,as_expected
FEE0005678,TRF0005752,21.300000,0.000000,21.300000,21.300000,0.000000,as_expected
FEE0005679,TRF0005753,4.260000,0.000000,4.260000,4.260000,0.000000,as_expected
FEE0005680,TRF0005754,5.810000,0.560000,5.250000,5.250000,0.000000,approved_price_investment
FEE0005681,TRF0005755,15.870000,0.000000,15.870000,15.870000,0.000000,as_expected
FEE0005682,TRF0005756,1.620000,0.000000,1.620000,1.620000,0.000000,as_expected
FEE0005683,TRF0005757,2.360000,0.000000,2.360000,2.360000,0.000000,as_expected
FEE0005684,TRF0005758,4.880000,0.000000,4.880000,4.880000,0.000000,as_expected
FEE0005685,TRF0005759,3.720000,0.000000,3.720000,3.720000,0.000000,as_expected
FEE0005686,TRF0005761,6.650000,0.000000,6.650000,6.650000,0.000000,as_expected
FEE0005687,TRF0005762,33.860000,0.000000,33.860000,33.860000,0.000000,as_expected
FEE0005688,TRF0005763,4.860000,0.000000,4.860000,4.860000,0.000000,as_expected
FEE0005689,TRF0005764,2.560000,0.000000,2.560000,2.560000,0.000000,as_expected
FEE0005690,TRF0005765,1.490000,0.000000,1.490000,1.490000,0.000000,as_expected
FEE0005691,TRF0005766,11.870000,0.000000,11.870000,7.550000,4.320000,unexpected_shortfall
FEE0005692,TRF0005767,3.320000,0.000000,3.320000,3.320000,0.000000,as_expected
FEE0005693,TRF0005768,42.250000,0.000000,42.250000,42.250000,0.000000,as_expected
FEE0005694,TRF0005769,1.890000,0.000000,1.890000,1.890000,0.000000,as_expected
FEE0005695,TRF0005770,11.930000,0.000000,11.930000,11.930000,0.000000,as_expected
FEE0005696,TRF0005771,64.320000,0.000000,64.320000,64.320000,0.000000,as_expected
FEE0005697,TRF0005772,2.620000,0.000000,2.620000,2.620000,0.000000,as_expected
FEE0005698,TRF0005773,5.730000,0.450000,5.280000,5.280000,0.000000,approved_price_investment
FEE0005699,TRF0005774,2.740000,0.000000,2.740000,2.740000,0.000000,as_expected
FEE0005700,TRF0005775,8.550000,0.000000,8.550000,8.550000,0.000000,as_expected
FEE0005701,TRF0005776,2.710000,0.000000,2.710000,2.710000,0.000000,as_expected
FEE0005702,TRF0005777,3.370000,0.000000,3.370000,3.370000,0.000000,as_expected
FEE0005703,TRF0005778,1.050000,0.000000,1.050000,1.050000,0.000000,as_expected
FEE0005704,TRF0005779,4.970000,0.470000,4.500000,4.500000,0.000000,approved_price_investment
FEE0005705,TRF0005780,1.050000,0.000000,1.050000,1.050000,0.000000,as_expected
FEE0005706,TRF0005781,0.890000,0.000000,0.890000,0.890000,0.000000,as_expected
FEE0005707,TRF0005782,3.060000,0.000000,3.060000,3.060000,0.000000,as_expected
FEE0005708,TRF0005783,4.860000,0.000000,4.860000,4.860000,0.000000,as_expected
FEE0005709,TRF0005784,9.050000,0.000000,9.050000,9.050000,0.000000,as_expected
FEE0005710,TRF0005785,4.080000,0.000000,4.080000,4.080000,0.000000,as_expected
FEE0005711,TRF0005786,15.610000,0.000000,15.610000,15.610000,0.000000,as_expected
FEE0005712,TRF0005787,6.570000,0.000000,6.570000,6.570000,0.000000,as_expected
FEE0005713,TRF0005788,40.400000,0.000000,40.400000,40.400000,0.000000,as_expected
FEE0005714,TRF0005789,112.030000,0.000000,112.030000,112.030000,0.000000,as_expected
FEE0005715,TRF0005790,61.060000,0.000000,61.060000,61.060000,0.000000,as_expected
FEE0005716,TRF0005791,19.550000,0.000000,19.550000,19.550000,0.000000,as_expected
FEE0005717,TRF0005792,2.110000,0.000000,2.110000,2.110000,0.000000,as_expected
FEE0005718,TRF0005793,18.490000,0.000000,18.490000,18.490000,0.000000,as_expected
FEE0005719,TRF0005794,34.990000,0.000000,34.990000,34.990000,0.000000,as_expected
FEE0005720,TRF0005795,45.780000,0.000000,45.780000,45.780000,0.000000,as_expected
FEE0005721,TRF0005797,25.170000,0.000000,25.170000,25.170000,0.000000,as_expected
FEE0005722,TRF0005798,2.950000,0.000000,2.950000,2.950000,0.000000,as_expected
FEE0005723,TRF0005799,3.070000,0.000000,3.070000,3.070000,0.000000,as_expected
FEE0005724,TRF0005800,41.800000,0.000000,41.800000,41.800000,0.000000,as_expected
FEE0005725,TRF0005801,2.980000,0.000000,2.980000,2.980000,0.000000,as_expected
FEE0005726,TRF0005802,87.680000,0.000000,87.680000,87.680000,0.000000,as_expected
FEE0005727,TRF0005803,0.650000,0.020000,0.630000,0.630000,0.000000,approved_price_investment
FEE0005728,TRF0005804,17.860000,0.000000,17.860000,17.860000,0.000000,as_expected
FEE0005729,TRF0005805,16.420000,0.000000,16.420000,16.420000,0.000000,as_expected
FEE0005730,TRF0005806,4.740000,0.000000,4.740000,4.740000,0.000000,as_expected
FEE0005731,TRF0005807,9.170000,0.000000,9.170000,9.170000,0.000000,as_expected
FEE0005732,TRF0005808,22.690000,0.000000,22.690000,22.690000,0.000000,as_expected
FEE0005733,TRF0005810,53.010000,0.000000,53.010000,53.010000,0.000000,as_expected
FEE0005734,TRF0005811,2.550000,0.000000,2.550000,2.550000,0.000000,as_expected
FEE0005735,TRF0005812,3.470000,0.000000,3.470000,3.470000,0.000000,as_expected
FEE0005736,TRF0005813,2.270000,0.000000,2.270000,2.270000,0.000000,as_expected
FEE0005737,TRF0005814,2.750000,0.000000,2.750000,2.750000,0.000000,as_expected
FEE0005738,TRF0005815,6.440000,0.000000,6.440000,6.440000,0.000000,as_expected
FEE0005739,TRF0005816,2.710000,0.000000,2.710000,2.710000,0.000000,as_expected
FEE0005740,TRF0005817,5.700000,0.000000,5.700000,5.700000,0.000000,as_expected
FEE0005741,TRF0005818,141.080000,0.000000,141.080000,141.080000,0.000000,as_expected
FEE0005742,TRF0005819,54.120000,0.000000,54.120000,54.120000,0.000000,as_expected
FEE0005743,TRF0005820,2.560000,0.000000,2.560000,2.560000,0.000000,as_expected
FEE0005744,TRF0005821,11.010000,0.000000,11.010000,11.010000,0.000000,as_expected
FEE0005745,TRF0005822,47.970000,0.000000,47.970000,47.970000,0.000000,as_expected
FEE0005746,TRF0005823,4.550000,0.000000,4.550000,4.550000,0.000000,as_expected
FEE0005747,TRF0005824,3.580000,0.000000,3.580000,3.580000,0.000000,as_expected
FEE0005748,TRF0005825,2.560000,0.000000,2.560000,2.560000,0.000000,as_expected
FEE0005749,TRF0005826,16.060000,0.000000,16.060000,16.060000,0.000000,as_expected
FEE0005750,TRF0005827,2.300000,0.000000,2.300000,2.300000,0.000000,as_expected
FEE0005751,TRF0005828,2.310000,0.000000,2.310000,2.310000,0.000000,as_expected
FEE0005752,TRF0005829,0.890000,0.000000,0.890000,0.890000,0.000000,as_expected
FEE0005753,TRF0005830,6.310000,0.000000,6.310000,6.310000,0.000000,as_expected
FEE0005754,TRF0005831,1.470000,0.000000,1.470000,1.470000,0.000000,as_expected
FEE0005755,TRF0005832,86.930000,0.000000,86.930000,86.930000,0.000000,as_expected
FEE0005756,TRF0005833,9.130000,0.000000,9.130000,9.130000,0.000000,as_expected
FEE0005757,TRF0005834,5.780000,0.000000,5.780000,5.780000,0.000000,as_expected
FEE0005758,TRF0005835,8.070000,0.000000,8.070000,8.070000,0.000000,as_expected
FEE0005759,TRF0005836,1.260000,0.000000,1.260000,1.260000,0.000000,as_expected
FEE0005760,TRF0005837,11.130000,0.000000,11.130000,11.130000,0.000000,as_expected
FEE0005761,TRF0005838,2.330000,0.000000,2.330000,2.330000,0.000000,as_expected
FEE0005762,TRF0005839,7.180000,0.000000,7.180000,7.180000,0.000000,as_expected
FEE0005763,TRF0005840,1.700000,0.000000,1.700000,1.700000,0.000000,as_expected
FEE0005764,TRF0005841,6.700000,0.000000,6.700000,6.700000,0.000000,as_expected
FEE0005765,TRF0005842,65.570000,0.000000,65.570000,65.570000,0.000000,as_expected
FEE0005766,TRF0005843,2.640000,0.000000,2.640000,2.640000,0.000000,as_expected
FEE0005767,TRF0005844,2.180000,0.000000,2.180000,2.180000,0.000000,as_expected
FEE0005768,TRF0005845,4.350000,0.000000,4.350000,4.350000,0.000000,as_expected
FEE0005769,TRF0005846,30.580000,0.000000,30.580000,30.580000,0.000000,as_expected
FEE0005770,TRF0005847,4.630000,0.000000,4.630000,4.630000,0.000000,as_expected
FEE0005771,TRF0005848,5.790000,0.000000,5.790000,5.790000,0.000000,as_expected
FEE0005772,TRF0005849,3.520000,0.000000,3.520000,3.520000,0.000000,as_expected
FEE0005773,TRF0005850,143.140000,0.000000,143.140000,143.140000,0.000000,as_expected
FEE0005774,TRF0005851,5.710000,0.000000,5.710000,5.710000,0.000000,as_expected
FEE0005775,TRF0005852,332.590000,0.000000,332.590000,332.590000,0.000000,as_expected
FEE0005776,TRF0005853,2.520000,0.000000,2.520000,2.520000,0.000000,as_expected
FEE0005777,TRF0005854,7.310000,0.000000,7.310000,7.310000,0.000000,as_expected
FEE0005778,TRF0005855,2.970000,0.000000,2.970000,2.970000,0.000000,as_expected
FEE0005779,TRF0005856,5.150000,0.000000,5.150000,5.150000,0.000000,as_expected
FEE0005780,TRF0005857,3.120000,0.000000,3.120000,3.120000,0.000000,as_expected
FEE0005781,TRF0005858,4.440000,0.450000,3.990000,3.990000,0.000000,approved_price_investment
FEE0005782,TRF0005859,7.810000,0.000000,7.810000,7.810000,0.000000,as_expected
FEE0005783,TRF0005860,121.410000,0.000000,121.410000,121.410000,0.000000,as_expected
FEE0005784,TRF0005861,2.680000,0.000000,2.680000,2.680000,0.000000,as_expected
FEE0005785,TRF0005862,4.050000,0.000000,4.050000,4.050000,0.000000,as_expected
FEE0005786,TRF0005863,17.720000,0.000000,17.720000,17.720000,0.000000,as_expected
FEE0005787,TRF0005864,25.180000,0.000000,25.180000,25.180000,0.000000,as_expected
FEE0005788,TRF0005865,10.700000,0.000000,10.700000,10.700000,0.000000,as_expected
FEE0005789,TRF0005866,2.130000,0.000000,2.130000,2.130000,0.000000,as_expected
FEE0005790,TRF0005867,4.910000,0.000000,4.910000,4.910000,0.000000,as_expected
FEE0005791,TRF0005868,2.290000,0.130000,2.160000,2.160000,0.000000,approved_price_investment
FEE0005792,TRF0005869,13.180000,0.000000,13.180000,13.180000,0.000000,as_expected
FEE0005793,TRF0005870,2.020000,0.000000,2.020000,2.020000,0.000000,as_expected
FEE0005794,TRF0005871,6.330000,0.610000,5.720000,5.720000,0.000000,approved_price_investment
FEE0005795,TRF0005872,5.260000,0.000000,5.260000,5.260000,0.000000,as_expected
FEE0005796,TRF0005873,32.660000,3.580000,29.080000,29.080000,0.000000,approved_price_investment
FEE0005797,TRF0005874,5.290000,0.000000,5.290000,5.290000,0.000000,as_expected
FEE0005798,TRF0005875,1.300000,0.000000,1.300000,1.300000,0.000000,as_expected
FEE0005799,TRF0005876,100.500000,0.000000,100.500000,100.500000,0.000000,as_expected
FEE0005800,TRF0005877,4.950000,0.000000,4.950000,4.950000,0.000000,as_expected
FEE0005801,TRF0005878,82.190000,0.000000,82.190000,82.190000,0.000000,as_expected
FEE0005802,TRF0005879,145.900000,0.000000,145.900000,145.900000,0.000000,as_expected
FEE0005803,TRF0005880,3.270000,0.000000,3.270000,3.270000,0.000000,as_expected
FEE0005804,TRF0005881,2.220000,0.000000,2.220000,2.220000,0.000000,as_expected
FEE0005805,TRF0005882,2.960000,0.000000,2.960000,2.960000,0.000000,as_expected
FEE0005806,TRF0005883,2.060000,0.170000,1.890000,1.890000,0.000000,approved_price_investment
FEE0005807,TRF0005884,6.640000,0.000000,6.640000,6.640000,0.000000,as_expected
FEE0005808,TRF0005885,3.850000,0.000000,3.850000,3.850000,0.000000,as_expected
FEE0005809,TRF0005886,65.870000,0.000000,65.870000,65.870000,0.000000,as_expected
FEE0005810,TRF0005887,7.540000,0.000000,7.540000,7.540000,0.000000,as_expected
FEE0005811,TRF0005888,9.330000,0.000000,9.330000,9.330000,0.000000,as_expected
FEE0005812,TRF0005889,10.360000,0.860000,9.500000,9.500000,0.000000,approved_price_investment
FEE0005813,TRF0005890,10.590000,0.000000,10.590000,10.590000,0.000000,as_expected
FEE0005814,TRF0005891,29.570000,0.000000,29.570000,29.570000,0.000000,as_expected
FEE0005815,TRF0005892,29.940000,0.000000,29.940000,29.940000,0.000000,as_expected
FEE0005816,TRF0005893,3.690000,0.000000,3.690000,3.690000,0.000000,as_expected
FEE0005817,TRF0005894,2.060000,0.000000,2.060000,2.060000,0.000000,as_expected
FEE0005818,TRF0005895,3.070000,0.000000,3.070000,3.070000,0.000000,as_expected
FEE0005819,TRF0005896,8.210000,0.000000,8.210000,8.210000,0.000000,as_expected
FEE0005820,TRF0005897,122.130000,0.000000,122.130000,122.130000,0.000000,as_expected
FEE0005821,TRF0005898,205.970000,0.000000,205.970000,205.970000,0.000000,as_expected
FEE0005822,TRF0005899,1.860000,0.000000,1.860000,1.860000,0.000000,as_expected
FEE0005823,TRF0005900,2.170000,0.000000,2.170000,2.170000,0.000000,as_expected
FEE0005824,TRF0005901,61.840000,0.000000,61.840000,61.840000,0.000000,as_expected
FEE0005825,TRF0005902,166.450000,0.000000,166.450000,166.450000,0.000000,as_expected
FEE0005826,TRF0005903,3.220000,0.000000,3.220000,3.220000,0.000000,as_expected
FEE0005827,TRF0005904,178.250000,0.000000,178.250000,178.250000,0.000000,as_expected
FEE0005828,TRF0005905,33.790000,0.000000,33.790000,33.790000,0.000000,as_expected
FEE0005829,TRF0005906,13.530000,0.000000,13.530000,13.530000,0.000000,as_expected
FEE0005830,TRF0005907,7.790000,0.820000,6.970000,6.970000,0.000000,approved_price_investment
FEE0005831,TRF0005908,1.630000,0.000000,1.630000,1.630000,0.000000,as_expected
FEE0005832,TRF0005909,147.380000,0.000000,147.380000,147.380000,0.000000,as_expected
FEE0005833,TRF0005910,21.410000,0.000000,21.410000,21.410000,0.000000,as_expected
FEE0005834,TRF0005911,13.590000,0.000000,13.590000,13.590000,0.000000,as_expected
FEE0005835,TRF0005913,7.740000,0.000000,7.740000,7.740000,0.000000,as_expected
FEE0005836,TRF0005914,3.510000,0.000000,3.510000,3.510000,0.000000,as_expected
FEE0005837,TRF0005915,3.250000,0.000000,3.250000,3.250000,0.000000,as_expected
FEE0005838,TRF0005916,2.560000,0.000000,2.560000,2.560000,0.000000,as_expected
FEE0005839,TRF0005917,4.070000,0.000000,4.070000,4.070000,0.000000,as_expected
FEE0005840,TRF0005918,1.690000,0.000000,1.690000,1.690000,0.000000,as_expected
FEE0005841,TRF0005920,21.000000,0.000000,21.000000,21.000000,0.000000,as_expected
FEE0005842,TRF0005921,14.850000,0.000000,14.850000,14.850000,0.000000,as_expected
FEE0005843,TRF0005922,2.310000,0.000000,2.310000,2.310000,0.000000,as_expected
FEE0005844,TRF0005923,3.790000,0.000000,3.790000,3.790000,0.000000,as_expected
FEE0005845,TRF0005924,26.200000,0.000000,26.200000,26.200000,0.000000,as_expected
FEE0005846,TRF0005925,3.220000,0.000000,3.220000,3.220000,0.000000,as_expected
FEE0005847,TRF0005926,8.680000,0.000000,8.680000,8.680000,0.000000,as_expected
FEE0005848,TRF0005927,2.510000,0.000000,2.510000,2.510000,0.000000,as_expected
FEE0005849,TRF0005928,72.410000,0.000000,72.410000,72.410000,0.000000,as_expected
FEE0005850,TRF0005929,3.830000,0.000000,3.830000,3.830000,0.000000,as_expected
FEE0005851,TRF0005930,24.750000,0.000000,24.750000,24.750000,0.000000,as_expected
FEE0005852,TRF0005931,50.540000,0.000000,50.540000,50.540000,0.000000,as_expected
FEE0005853,TRF0005932,1.610000,0.000000,1.610000,1.610000,0.000000,as_expected
FEE0005854,TRF0005933,3.200000,0.000000,3.200000,3.200000,0.000000,as_expected
FEE0005855,TRF0005934,53.490000,0.000000,53.490000,53.490000,0.000000,as_expected
FEE0005856,TRF0005935,29.370000,0.000000,29.370000,29.370000,0.000000,as_expected
FEE0005857,TRF0005936,4.350000,0.000000,4.350000,4.350000,0.000000,as_expected
FEE0005858,TRF0005937,2.050000,0.000000,2.050000,2.050000,0.000000,as_expected
FEE0005859,TRF0005938,3.000000,0.000000,3.000000,3.000000,0.000000,as_expected
FEE0005860,TRF0005939,9.330000,0.000000,9.330000,9.330000,0.000000,as_expected
FEE0005861,TRF0005940,0.930000,0.050000,0.880000,0.880000,0.000000,approved_price_investment
FEE0005862,TRF0005941,3.310000,0.000000,3.310000,3.310000,0.000000,as_expected
FEE0005863,TRF0005942,6.010000,0.580000,5.430000,5.430000,0.000000,approved_price_investment
FEE0005864,TRF0005943,2.440000,0.000000,2.440000,2.440000,0.000000,as_expected
FEE0005865,TRF0005944,2.250000,0.000000,2.250000,2.250000,0.000000,as_expected
FEE0005866,TRF0005945,1.830000,0.140000,1.690000,1.690000,0.000000,approved_price_investment
FEE0005867,TRF0005946,68.550000,0.000000,68.550000,68.550000,0.000000,as_expected
FEE0005868,TRF0005947,7.070000,0.000000,7.070000,7.070000,0.000000,as_expected
FEE0005869,TRF0005948,1.450000,0.100000,1.350000,1.350000,0.000000,approved_price_investment
FEE0005870,TRF0005949,5.900000,0.000000,5.900000,5.900000,0.000000,as_expected
FEE0005871,TRF0005950,6.180000,0.000000,6.180000,6.180000,0.000000,as_expected
FEE0005872,TRF0005951,1.800000,0.000000,1.800000,1.800000,0.000000,as_expected
FEE0005873,TRF0005952,54.090000,0.000000,54.090000,54.090000,0.000000,as_expected
FEE0005874,TRF0005953,1.650000,0.000000,1.650000,1.650000,0.000000,as_expected
FEE0005875,TRF0005954,6.080000,0.000000,6.080000,6.080000,0.000000,as_expected
FEE0005876,TRF0005955,45.860000,5.050000,40.810000,40.810000,0.000000,approved_price_investment
FEE0005877,TRF0005956,7.440000,0.000000,7.440000,7.440000,0.000000,as_expected
FEE0005878,TRF0005957,0.950000,0.000000,0.950000,0.950000,0.000000,as_expected
FEE0005879,TRF0005958,1.490000,0.070000,1.420000,1.420000,0.000000,approved_price_investment
FEE0005880,TRF0005959,7.240000,0.000000,7.240000,7.240000,0.000000,as_expected
FEE0005881,TRF0005960,7.250000,0.000000,7.250000,7.250000,0.000000,as_expected
FEE0005882,TRF0005961,3.720000,0.000000,3.720000,3.720000,0.000000,as_expected
FEE0005883,TRF0005962,13.050000,0.000000,13.050000,13.050000,0.000000,as_expected
FEE0005884,TRF0005963,4.510000,0.000000,4.510000,4.510000,0.000000,as_expected
FEE0005885,TRF0005964,2.490000,0.000000,2.490000,2.490000,0.000000,as_expected
FEE0005886,TRF0005965,1.590000,0.000000,1.590000,1.590000,0.000000,as_expected
FEE0005887,TRF0005966,15.990000,1.260000,14.730000,14.730000,0.000000,approved_price_investment
FEE0005888,TRF0005967,88.500000,0.000000,88.500000,88.500000,0.000000,as_expected
FEE0005889,TRF0005968,4.130000,0.000000,4.130000,4.130000,0.000000,as_expected
FEE0005890,TRF0005969,4.650000,0.000000,4.650000,4.650000,0.000000,as_expected
FEE0005891,TRF0005970,1.910000,0.000000,1.910000,1.910000,0.000000,as_expected
FEE0005892,TRF0005971,13.180000,0.000000,13.180000,13.180000,0.000000,as_expected
FEE0005893,TRF0005972,7.800000,0.000000,7.800000,7.800000,0.000000,as_expected
FEE0005894,TRF0005973,4.390000,0.000000,4.390000,4.390000,0.000000,as_expected
FEE0005895,TRF0005974,2.740000,0.000000,2.740000,2.740000,0.000000,as_expected
FEE0005896,TRF0005975,2.190000,0.000000,2.190000,2.190000,0.000000,as_expected
FEE0005897,TRF0005976,1.580000,0.000000,1.580000,1.580000,0.000000,as_expected
FEE0005898,TRF0005977,14.550000,0.000000,14.550000,14.550000,0.000000,as_expected
FEE0005899,TRF0005978,3.070000,0.000000,3.070000,3.070000,0.000000,as_expected
FEE0005900,TRF0005979,1.350000,0.000000,1.350000,1.350000,0.000000,as_expected
FEE0005901,TRF0005980,3.850000,0.000000,3.850000,3.850000,0.000000,as_expected
FEE0005902,TRF0005981,55.230000,0.000000,55.230000,55.230000,0.000000,as_expected
FEE0005903,TRF0005982,1.530000,0.000000,1.530000,1.530000,0.000000,as_expected
FEE0005904,TRF0005983,20.570000,0.000000,20.570000,20.570000,0.000000,as_expected
FEE0005905,TRF0005984,2.200000,0.180000,2.020000,2.020000,0.000000,approved_price_investment
FEE0005906,TRF0005985,12.140000,0.000000,12.140000,12.140000,0.000000,as_expected
FEE0005907,TRF0005986,3.170000,0.000000,3.170000,3.170000,0.000000,as_expected
FEE0005908,TRF0005987,17.260000,0.000000,17.260000,17.260000,0.000000,as_expected
FEE0005909,TRF0005988,17.910000,0.000000,17.910000,17.910000,0.000000,as_expected
FEE0005910,TRF0005989,14.960000,0.000000,14.960000,14.960000,0.000000,as_expected
FEE0005911,TRF0005990,2.980000,0.000000,2.980000,2.980000,0.000000,as_expected
FEE0005912,TRF0005991,23.570000,0.000000,23.570000,23.570000,0.000000,as_expected
FEE0005913,TRF0005992,4.330000,0.000000,4.330000,4.330000,0.000000,as_expected
FEE0005914,TRF0005993,1.670000,0.000000,1.670000,1.670000,0.000000,as_expected
FEE0005915,TRF0005994,398.310000,0.000000,398.310000,398.310000,0.000000,as_expected
FEE0005916,TRF0005995,6.940000,0.000000,6.940000,6.940000,0.000000,as_expected
FEE0005917,TRF0005996,69.250000,7.820000,61.430000,61.430000,0.000000,approved_price_investment
FEE0005918,TRF0005997,4.980000,0.520000,4.460000,4.460000,0.000000,approved_price_investment
FEE0005919,TRF0005998,10.440000,0.000000,10.440000,10.440000,0.000000,as_expected
FEE0005920,TRF0005999,1.480000,0.000000,1.480000,1.480000,0.000000,as_expected
FEE0005921,TRF0006000,6.840000,0.000000,6.840000,6.840000,0.000000,as_expected
FEE0005922,TRF0006001,45.010000,0.000000,45.010000,45.010000,0.000000,as_expected
FEE0005923,TRF0006003,3.970000,0.000000,3.970000,3.970000,0.000000,as_expected
FEE0005924,TRF0006004,33.910000,2.870000,31.040000,31.040000,0.000000,approved_price_investment
FEE0005925,TRF0006005,42.430000,0.000000,42.430000,42.430000,0.000000,as_expected
FEE0005926,TRF0006006,37.790000,0.000000,37.790000,37.790000,0.000000,as_expected
FEE0005927,TRF0006007,8.810000,0.000000,8.810000,8.810000,0.000000,as_expected
FEE0005928,TRF0006008,4.560000,0.000000,4.560000,4.560000,0.000000,as_expected
FEE0005929,TRF0006009,41.230000,0.000000,41.230000,41.230000,0.000000,as_expected
FEE0005930,TRF0006010,14.320000,0.000000,14.320000,14.320000,0.000000,as_expected
FEE0005931,TRF0006011,9.650000,0.000000,9.650000,9.650000,0.000000,as_expected
FEE0005932,TRF0006012,13.870000,0.000000,13.870000,13.870000,0.000000,as_expected
FEE0005933,TRF0006013,14.280000,0.000000,14.280000,14.280000,0.000000,as_expected
FEE0005934,TRF0006014,2.430000,0.000000,2.430000,2.430000,0.000000,as_expected
FEE0005935,TRF0006015,2.020000,0.000000,2.020000,2.020000,0.000000,as_expected
FEE0005936,TRF0006016,3.620000,0.000000,3.620000,3.620000,0.000000,as_expected
FEE0005937,TRF0006017,6.150000,0.000000,6.150000,6.150000,0.000000,as_expected
FEE0005938,TRF0006018,1.010000,0.000000,1.010000,1.010000,0.000000,as_expected
FEE0005939,TRF0006019,106.050000,0.000000,106.050000,106.050000,0.000000,as_expected
FEE0005940,TRF0006020,2.690000,0.000000,2.690000,2.690000,0.000000,as_expected
FEE0005941,TRF0006021,2.730000,0.000000,2.730000,2.730000,0.000000,as_expected
FEE0005942,TRF0006022,6.420000,0.000000,6.420000,6.420000,0.000000,as_expected
FEE0005943,TRF0006024,3.540000,0.000000,3.540000,3.540000,0.000000,as_expected
FEE0005944,TRF0006025,13.210000,0.000000,13.210000,13.210000,0.000000,as_expected
FEE0005945,TRF0006026,8.620000,0.000000,8.620000,8.620000,0.000000,as_expected
FEE0005946,TRF0006027,2.860000,0.000000,2.860000,2.860000,0.000000,as_expected
FEE0005947,TRF0006028,36.930000,0.000000,36.930000,36.930000,0.000000,as_expected
FEE0005948,TRF0006029,6.090000,0.000000,6.090000,6.090000,0.000000,as_expected
FEE0005949,TRF0006030,4.140000,0.000000,4.140000,4.140000,0.000000,as_expected
FEE0005950,TRF0006031,14.140000,0.000000,14.140000,14.140000,0.000000,as_expected
FEE0005951,TRF0006032,11.740000,0.000000,11.740000,11.740000,0.000000,as_expected
FEE0005952,TRF0006033,24.820000,0.000000,24.820000,24.820000,0.000000,as_expected
FEE0005953,TRF0006034,1.140000,0.000000,1.140000,1.140000,0.000000,as_expected
FEE0005954,TRF0006035,7.460000,0.000000,7.460000,7.460000,0.000000,as_expected
FEE0005955,TRF0006036,3.080000,0.000000,3.080000,3.080000,0.000000,as_expected
FEE0005956,TRF0006037,7.400000,0.000000,7.400000,7.400000,0.000000,as_expected
FEE0005957,TRF0006038,29.750000,0.000000,29.750000,29.750000,0.000000,as_expected
FEE0005958,TRF0006039,2.530000,0.000000,2.530000,2.530000,0.000000,as_expected
FEE0005959,TRF0006040,9.080000,0.000000,9.080000,9.080000,0.000000,as_expected
FEE0005960,TRF0006041,1.110000,0.000000,1.110000,1.110000,0.000000,as_expected
FEE0005961,TRF0006042,1.700000,0.000000,1.700000,1.700000,0.000000,as_expected
FEE0005962,TRF0006043,4.530000,0.000000,4.530000,4.530000,0.000000,as_expected
FEE0005963,TRF0006044,30.690000,0.000000,30.690000,30.690000,0.000000,as_expected
FEE0005964,TRF0006045,1.690000,0.000000,1.690000,1.690000,0.000000,as_expected
FEE0005965,TRF0006046,10.810000,0.000000,10.810000,10.810000,0.000000,as_expected
FEE0005966,TRF0006047,1.740000,0.000000,1.740000,1.740000,0.000000,as_expected
FEE0005967,TRF0006048,2.170000,0.000000,2.170000,2.170000,0.000000,as_expected
FEE0005968,TRF0006049,8.580000,0.000000,8.580000,8.580000,0.000000,as_expected
FEE0005969,TRF0006050,2.380000,0.000000,2.380000,2.380000,0.000000,as_expected
FEE0005970,TRF0006051,3.450000,0.000000,3.450000,3.450000,0.000000,as_expected
FEE0005971,TRF0006052,10.190000,0.000000,10.190000,10.190000,0.000000,as_expected
FEE0005972,TRF0006053,1.380000,0.000000,1.380000,1.380000,0.000000,as_expected
FEE0005973,TRF0006054,5.180000,0.000000,5.180000,5.180000,0.000000,as_expected
FEE0005974,TRF0006055,14.380000,0.000000,14.380000,14.380000,0.000000,as_expected
FEE0005975,TRF0006056,81.830000,0.000000,81.830000,81.830000,0.000000,as_expected
FEE0005976,TRF0006057,8.020000,0.000000,8.020000,8.020000,0.000000,as_expected
FEE0005977,TRF0006058,32.790000,0.000000,32.790000,32.790000,0.000000,as_expected
FEE0005978,TRF0006059,4.970000,0.000000,4.970000,4.970000,0.000000,as_expected
FEE0005979,TRF0006060,12.850000,0.000000,12.850000,12.850000,0.000000,as_expected
FEE0005980,TRF0006061,1.130000,0.000000,1.130000,1.130000,0.000000,as_expected
FEE0005981,TRF0006062,1.950000,0.000000,1.950000,1.950000,0.000000,as_expected
FEE0005982,TRF0006063,1.740000,0.000000,1.740000,1.740000,0.000000,as_expected
FEE0005983,TRF0006064,8.410000,0.000000,8.410000,8.410000,0.000000,as_expected
FEE0005984,TRF0006065,2.790000,0.000000,2.790000,2.790000,0.000000,as_expected
FEE0005985,TRF0006066,4.800000,0.000000,4.800000,4.800000,0.000000,as_expected
FEE0005986,TRF0006067,29.340000,0.000000,29.340000,29.340000,0.000000,as_expected
FEE0005987,TRF0006068,6.400000,0.000000,6.400000,6.400000,0.000000,as_expected
FEE0005988,TRF0006069,55.080000,0.000000,55.080000,34.560000,20.520000,unexpected_shortfall
FEE0005989,TRF0006070,3.800000,0.000000,3.800000,3.800000,0.000000,as_expected
FEE0005990,TRF0006071,2.070000,0.000000,2.070000,2.070000,0.000000,as_expected
FEE0005991,TRF0006072,12.910000,0.000000,12.910000,12.910000,0.000000,as_expected
FEE0005992,TRF0006073,4.780000,0.000000,4.780000,4.780000,0.000000,as_expected
FEE0005993,TRF0006074,6.880000,0.000000,6.880000,6.880000,0.000000,as_expected
FEE0005994,TRF0006075,7.510000,0.000000,7.510000,7.510000,0.000000,as_expected
FEE0005995,TRF0006076,4.290000,0.000000,4.290000,4.290000,0.000000,as_expected
FEE0005996,TRF0006078,57.230000,0.000000,57.230000,57.230000,0.000000,as_expected
FEE0005997,TRF0006079,2.820000,0.250000,2.570000,2.570000,0.000000,approved_price_investment
FEE0005998,TRF0006080,1.210000,0.000000,1.210000,1.210000,0.000000,as_expected
FEE0005999,TRF0006081,34.580000,0.000000,34.580000,34.580000,0.000000,as_expected
FEE0006000,TRF0006082,5.910000,0.000000,5.910000,5.910000,0.000000,as_expected
FEE0006001,TRF0006083,6.450000,0.000000,6.450000,6.450000,0.000000,as_expected
FEE0006002,TRF0006084,9.920000,0.000000,9.920000,9.920000,0.000000,as_expected
FEE0006003,TRF0006085,33.330000,0.000000,33.330000,33.330000,0.000000,as_expected
FEE0006004,TRF0006086,4.870000,0.350000,4.520000,4.520000,0.000000,approved_price_investment
FEE0006005,TRF0006087,27.440000,0.000000,27.440000,27.440000,0.000000,as_expected
FEE0006006,TRF0006088,78.030000,0.000000,78.030000,78.030000,0.000000,as_expected
FEE0006007,TRF0006089,3.170000,0.000000,3.170000,3.170000,0.000000,as_expected
FEE0006008,TRF0006090,10.960000,0.000000,10.960000,10.960000,0.000000,as_expected
FEE0006009,TRF0006091,3.020000,0.000000,3.020000,3.020000,0.000000,as_expected
FEE0006010,TRF0006092,2.750000,0.000000,2.750000,2.750000,0.000000,as_expected
FEE0006011,TRF0006093,2.490000,0.000000,2.490000,2.490000,0.000000,as_expected
FEE0006012,TRF0006094,5.640000,0.410000,5.230000,5.230000,0.000000,approved_price_investment
FEE0006013,TRF0006095,2.790000,0.000000,2.790000,2.790000,0.000000,as_expected
FEE0006014,TRF0006096,3.650000,0.330000,3.320000,3.320000,0.000000,approved_price_investment
FEE0006015,TRF0006097,2.040000,0.000000,2.040000,2.040000,0.000000,as_expected
FEE0006016,TRF0006098,2.390000,0.000000,2.390000,2.390000,0.000000,as_expected
FEE0006017,TRF0006099,36.420000,0.000000,36.420000,36.420000,0.000000,as_expected
FEE0006018,TRF0006100,9.960000,0.000000,9.960000,9.960000,0.000000,as_expected
FEE0006019,TRF0006101,6.800000,0.000000,6.800000,6.800000,0.000000,as_expected
FEE0006020,TRF0006102,4.040000,0.000000,4.040000,4.040000,0.000000,as_expected
FEE0006021,TRF0006103,5.820000,0.000000,5.820000,5.820000,0.000000,as_expected
FEE0006022,TRF0006104,3.540000,0.000000,3.540000,3.540000,0.000000,as_expected
FEE0006023,TRF0006105,31.780000,0.000000,31.780000,31.780000,0.000000,as_expected
FEE0006024,TRF0006106,28.490000,0.000000,28.490000,17.940000,10.550000,unexpected_shortfall
FEE0006025,TRF0006107,2.240000,0.000000,2.240000,2.240000,0.000000,as_expected
FEE0006026,TRF0006108,2.080000,0.000000,2.080000,2.080000,0.000000,as_expected
FEE0006027,TRF0006109,92.830000,0.000000,92.830000,92.830000,0.000000,as_expected
FEE0006028,TRF0006110,4.960000,0.000000,4.960000,4.960000,0.000000,as_expected
FEE0006029,TRF0006111,5.370000,0.000000,5.370000,5.370000,0.000000,as_expected
FEE0006030,TRF0006112,84.000000,0.000000,84.000000,84.000000,0.000000,as_expected
FEE0006031,TRF0006113,1.830000,0.000000,1.830000,1.830000,0.000000,as_expected
FEE0006032,TRF0006114,37.500000,0.000000,37.500000,37.500000,0.000000,as_expected
FEE0006033,TRF0006115,6.860000,0.000000,6.860000,6.860000,0.000000,as_expected
FEE0006034,TRF0006116,4.840000,0.000000,4.840000,4.840000,0.000000,as_expected
FEE0006035,TRF0006117,24.670000,0.000000,24.670000,24.670000,0.000000,as_expected
FEE0006036,TRF0006118,4.410000,0.000000,4.410000,4.410000,0.000000,as_expected
FEE0006037,TRF0006119,2.210000,0.130000,2.080000,2.080000,0.000000,approved_price_investment
FEE0006038,TRF0006120,13.660000,0.000000,13.660000,13.660000,0.000000,as_expected
FEE0006039,TRF0006121,13.230000,0.000000,13.230000,13.230000,0.000000,as_expected
FEE0006040,TRF0006122,6.370000,0.000000,6.370000,6.370000,0.000000,as_expected
FEE0006041,TRF0006123,4.420000,0.000000,4.420000,4.420000,0.000000,as_expected
FEE0006042,TRF0006125,8.300000,0.000000,8.300000,8.300000,0.000000,as_expected
FEE0006043,TRF0006126,24.370000,0.000000,24.370000,24.370000,0.000000,as_expected
FEE0006044,TRF0006127,152.750000,0.000000,152.750000,152.750000,0.000000,as_expected
FEE0006045,TRF0006128,15.790000,0.000000,15.790000,15.790000,0.000000,as_expected
FEE0006046,TRF0006129,1.060000,0.000000,1.060000,1.060000,0.000000,as_expected
FEE0006047,TRF0006130,4.280000,0.000000,4.280000,4.280000,0.000000,as_expected
FEE0006048,TRF0006131,19.870000,0.000000,19.870000,19.870000,0.000000,as_expected
FEE0006049,TRF0006132,2.140000,0.000000,2.140000,2.140000,0.000000,as_expected
FEE0006050,TRF0006133,2.010000,0.000000,2.010000,2.010000,0.000000,as_expected
FEE0006051,TRF0006134,178.490000,0.000000,178.490000,178.490000,0.000000,as_expected
FEE0006052,TRF0006135,3.910000,0.000000,3.910000,3.910000,0.000000,as_expected
FEE0006053,TRF0006136,2.370000,0.000000,2.370000,2.370000,0.000000,as_expected
FEE0006054,TRF0006137,2.740000,0.000000,2.740000,2.740000,0.000000,as_expected
FEE0006055,TRF0006138,15.520000,0.000000,15.520000,15.520000,0.000000,as_expected
FEE0006056,TRF0006139,3.640000,0.000000,3.640000,3.640000,0.000000,as_expected
FEE0006057,TRF0006140,1.700000,0.000000,1.700000,1.700000,0.000000,as_expected
FEE0006058,TRF0006141,5.770000,0.000000,5.770000,5.770000,0.000000,as_expected
FEE0006059,TRF0006142,32.810000,0.000000,32.810000,32.810000,0.000000,as_expected
FEE0006060,TRF0006143,3.180000,0.000000,3.180000,3.180000,0.000000,as_expected
FEE0006061,TRF0006144,8.020000,0.000000,8.020000,8.020000,0.000000,as_expected
FEE0006062,TRF0006145,7.500000,0.000000,7.500000,7.500000,0.000000,as_expected
FEE0006063,TRF0006146,34.220000,0.000000,34.220000,34.220000,0.000000,as_expected
FEE0006064,TRF0006147,2.690000,0.000000,2.690000,2.690000,0.000000,as_expected
FEE0006065,TRF0006148,3.810000,0.000000,3.810000,3.810000,0.000000,as_expected
FEE0006066,TRF0006149,66.960000,0.000000,66.960000,66.960000,0.000000,as_expected
FEE0006067,TRF0006150,4.290000,0.000000,4.290000,4.290000,0.000000,as_expected
FEE0006068,TRF0006151,75.230000,6.550000,68.680000,68.680000,0.000000,approved_price_investment
FEE0006069,TRF0006152,21.560000,0.000000,21.560000,21.560000,0.000000,as_expected
FEE0006070,TRF0006153,423.790000,0.000000,423.790000,423.790000,0.000000,as_expected
FEE0006071,TRF0006154,6.730000,0.000000,6.730000,6.730000,0.000000,as_expected
FEE0006072,TRF0006155,14.880000,0.000000,14.880000,14.880000,0.000000,as_expected
FEE0006073,TRF0006156,82.720000,0.000000,82.720000,82.720000,0.000000,as_expected
FEE0006074,TRF0006157,2.050000,0.000000,2.050000,2.050000,0.000000,as_expected
FEE0006075,TRF0006158,1.100000,0.000000,1.100000,1.100000,0.000000,as_expected
FEE0006076,TRF0006159,1.400000,0.000000,1.400000,1.400000,0.000000,as_expected
FEE0006077,TRF0006160,23.890000,0.000000,23.890000,23.890000,0.000000,as_expected
FEE0006078,TRF0006161,5.060000,0.000000,5.060000,5.060000,0.000000,as_expected
FEE0006079,TRF0006162,5.280000,0.000000,5.280000,5.280000,0.000000,as_expected
FEE0006080,TRF0006163,38.690000,0.000000,38.690000,38.690000,0.000000,as_expected
FEE0006081,TRF0006164,6.140000,0.000000,6.140000,6.140000,0.000000,as_expected
FEE0006082,TRF0006165,3.960000,0.270000,3.690000,3.690000,0.000000,approved_price_investment
FEE0006083,TRF0006166,1.660000,0.000000,1.660000,1.660000,0.000000,as_expected
FEE0006084,TRF0006167,1.520000,0.000000,1.520000,1.520000,0.000000,as_expected
FEE0006085,TRF0006168,5.870000,0.000000,5.870000,5.870000,0.000000,as_expected
FEE0006086,TRF0006169,3.640000,0.000000,3.640000,3.640000,0.000000,as_expected
FEE0006087,TRF0006170,5.670000,0.540000,5.130000,5.130000,0.000000,approved_price_investment
FEE0006088,TRF0006171,3.440000,0.000000,3.440000,3.440000,0.000000,as_expected
FEE0006089,TRF0006172,18.440000,0.000000,18.440000,18.440000,0.000000,as_expected
FEE0006090,TRF0006173,2.240000,0.000000,2.240000,2.240000,0.000000,as_expected
FEE0006091,TRF0006174,3.240000,0.000000,3.240000,3.240000,0.000000,as_expected
FEE0006092,TRF0006175,1.600000,0.120000,1.480000,1.480000,0.000000,approved_price_investment
FEE0006093,TRF0006176,8.940000,0.000000,8.940000,8.940000,0.000000,as_expected
FEE0006094,TRF0006177,2.390000,0.000000,2.390000,2.390000,0.000000,as_expected
FEE0006095,TRF0006178,28.570000,0.000000,28.570000,28.570000,0.000000,as_expected
FEE0006096,TRF0006179,19.660000,0.000000,19.660000,19.660000,0.000000,as_expected
FEE0006097,TRF0006180,3.000000,0.000000,3.000000,3.000000,0.000000,as_expected
FEE0006098,TRF0006181,7.300000,0.000000,7.300000,7.300000,0.000000,as_expected
FEE0006099,TRF0006182,15.640000,0.000000,15.640000,15.640000,0.000000,as_expected
FEE0006100,TRF0006183,3.700000,0.000000,3.700000,3.700000,0.000000,as_expected
FEE0006101,TRF0006184,8.640000,0.000000,8.640000,8.640000,0.000000,as_expected
FEE0006102,TRF0006185,6.240000,0.460000,5.780000,5.780000,0.000000,approved_price_investment
FEE0006103,TRF0006186,28.240000,0.000000,28.240000,28.240000,0.000000,as_expected
FEE0006104,TRF0006187,4.410000,0.000000,4.410000,4.410000,0.000000,as_expected
FEE0006105,TRF0006188,0.770000,0.000000,0.770000,0.770000,0.000000,as_expected
FEE0006106,TRF0006189,317.910000,0.000000,317.910000,317.910000,0.000000,as_expected
FEE0006107,TRF0006190,2.230000,0.000000,2.230000,2.230000,0.000000,as_expected
FEE0006108,TRF0006191,5.030000,0.000000,5.030000,5.030000,0.000000,as_expected
FEE0006109,TRF0006192,279.010000,0.000000,279.010000,279.010000,0.000000,as_expected
FEE0006110,TRF0006193,1.460000,0.000000,1.460000,1.460000,0.000000,as_expected
FEE0006111,TRF0006194,0.890000,0.000000,0.890000,0.890000,0.000000,as_expected
FEE0006112,TRF0006195,33.490000,0.000000,33.490000,33.490000,0.000000,as_expected
FEE0006113,TRF0006196,9.980000,0.000000,9.980000,9.980000,0.000000,as_expected
FEE0006114,TRF0006197,62.230000,7.030000,55.200000,55.200000,0.000000,approved_price_investment
FEE0006115,TRF0006198,16.620000,1.800000,14.820000,14.820000,0.000000,approved_price_investment
FEE0006116,TRF0006199,2.820000,0.000000,2.820000,2.820000,0.000000,as_expected
FEE0006117,TRF0006200,6.370000,0.000000,6.370000,6.370000,0.000000,as_expected
FEE0006118,TRF0006201,1.820000,0.000000,1.820000,1.820000,0.000000,as_expected
FEE0006119,TRF0006202,7.960000,0.000000,7.960000,7.960000,0.000000,as_expected
FEE0006120,TRF0006203,1.900000,0.000000,1.900000,1.900000,0.000000,as_expected
FEE0006121,TRF0006204,428.570000,0.000000,428.570000,428.570000,0.000000,as_expected
FEE0006122,TRF0006205,6.210000,0.000000,6.210000,6.210000,0.000000,as_expected
FEE0006123,TRF0006206,0.930000,0.000000,0.930000,0.930000,0.000000,as_expected
FEE0006124,TRF0006207,2.070000,0.000000,2.070000,2.070000,0.000000,as_expected
FEE0006125,TRF0006208,8.170000,0.000000,8.170000,8.170000,0.000000,as_expected
FEE0006126,TRF0006209,3.150000,0.000000,3.150000,3.150000,0.000000,as_expected
FEE0006127,TRF0006210,6.850000,0.000000,6.850000,6.850000,0.000000,as_expected
FEE0006128,TRF0006211,21.580000,0.000000,21.580000,21.580000,0.000000,as_expected
FEE0006129,TRF0006212,3.070000,0.000000,3.070000,3.070000,0.000000,as_expected
FEE0006130,TRF0006213,19.690000,0.000000,19.690000,19.690000,0.000000,as_expected
FEE0006131,TRF0006214,9.310000,0.000000,9.310000,9.310000,0.000000,as_expected
FEE0006132,TRF0006215,19.920000,0.000000,19.920000,19.920000,0.000000,as_expected
FEE0006133,TRF0006216,3.380000,0.000000,3.380000,3.380000,0.000000,as_expected
FEE0006134,TRF0006217,1.740000,0.000000,1.740000,1.740000,0.000000,as_expected
FEE0006135,TRF0006218,5.420000,0.000000,5.420000,5.420000,0.000000,as_expected
FEE0006136,TRF0006219,3.900000,0.360000,3.540000,3.540000,0.000000,approved_price_investment
FEE0006137,TRF0006220,1.570000,0.000000,1.570000,1.570000,0.000000,as_expected
FEE0006138,TRF0006221,2.490000,0.000000,2.490000,2.490000,0.000000,as_expected
FEE0006139,TRF0006222,128.760000,0.000000,128.760000,128.760000,0.000000,as_expected
FEE0006140,TRF0006223,4.200000,0.000000,4.200000,4.200000,0.000000,as_expected
FEE0006141,TRF0006224,70.480000,0.000000,70.480000,70.480000,0.000000,as_expected
FEE0006142,TRF0006225,2.660000,0.000000,2.660000,2.660000,0.000000,as_expected
FEE0006143,TRF0006226,6.200000,0.000000,6.200000,6.200000,0.000000,as_expected
FEE0006144,TRF0006227,2.410000,0.000000,2.410000,2.410000,0.000000,as_expected
FEE0006145,TRF0006228,3.480000,0.000000,3.480000,3.480000,0.000000,as_expected
FEE0006146,TRF0006229,4.310000,0.000000,4.310000,4.310000,0.000000,as_expected
FEE0006147,TRF0006230,1.830000,0.000000,1.830000,1.830000,0.000000,as_expected
FEE0006148,TRF0006231,3.770000,0.000000,3.770000,3.770000,0.000000,as_expected
FEE0006149,TRF0006232,22.420000,0.000000,22.420000,22.420000,0.000000,as_expected
FEE0006150,TRF0006233,26.660000,0.000000,26.660000,26.660000,0.000000,as_expected
FEE0006151,TRF0006234,47.210000,0.000000,47.210000,29.640000,17.570000,unexpected_shortfall
FEE0006152,TRF0006235,253.230000,0.000000,253.230000,253.230000,0.000000,as_expected
FEE0006153,TRF0006236,125.580000,0.000000,125.580000,125.580000,0.000000,as_expected
FEE0006154,TRF0006237,6.820000,0.000000,6.820000,6.820000,0.000000,as_expected
FEE0006155,TRF0006238,66.530000,0.000000,66.530000,66.530000,0.000000,as_expected
FEE0006156,TRF0006239,3.100000,0.000000,3.100000,3.100000,0.000000,as_expected
FEE0006157,TRF0006240,2.250000,0.000000,2.250000,2.250000,0.000000,as_expected
FEE0006158,TRF0006241,86.130000,0.000000,86.130000,86.130000,0.000000,as_expected
FEE0006159,TRF0006242,1.640000,0.000000,1.640000,1.640000,0.000000,as_expected
FEE0006160,TRF0006243,0.780000,0.000000,0.780000,0.780000,0.000000,as_expected
FEE0006161,TRF0006244,46.530000,0.000000,46.530000,46.530000,0.000000,as_expected
FEE0006162,TRF0006245,2.360000,0.000000,2.360000,2.360000,0.000000,as_expected
FEE0006163,TRF0006246,1.970000,0.000000,1.970000,1.970000,0.000000,as_expected
FEE0006164,TRF0006247,10.760000,0.000000,10.760000,10.760000,0.000000,as_expected
FEE0006165,TRF0006248,1.830000,0.100000,1.730000,1.730000,0.000000,approved_price_investment
FEE0006166,TRF0006249,26.630000,0.000000,26.630000,26.630000,0.000000,as_expected
FEE0006167,TRF0006251,16.190000,1.270000,14.920000,14.920000,0.000000,approved_price_investment
FEE0006168,TRF0006252,1.560000,0.000000,1.560000,1.560000,0.000000,as_expected
FEE0006169,TRF0006253,1.360000,0.000000,1.360000,1.360000,0.000000,as_expected
FEE0006170,TRF0006254,55.940000,0.000000,55.940000,55.940000,0.000000,as_expected
FEE0006171,TRF0006255,5.840000,0.000000,5.840000,5.840000,0.000000,as_expected
FEE0006172,TRF0006256,11.630000,0.000000,11.630000,11.630000,0.000000,as_expected
FEE0006173,TRF0006257,18.590000,0.000000,18.590000,18.590000,0.000000,as_expected
FEE0006174,TRF0006258,5.210000,0.000000,5.210000,5.210000,0.000000,as_expected
FEE0006175,TRF0006259,9.950000,0.000000,9.950000,9.950000,0.000000,as_expected
FEE0006176,TRF0006260,5.520000,0.000000,5.520000,5.520000,0.000000,as_expected
FEE0006177,TRF0006261,115.290000,0.000000,115.290000,115.290000,0.000000,as_expected
FEE0006178,TRF0006262,6.830000,0.510000,6.320000,6.320000,0.000000,approved_price_investment
FEE0006179,TRF0006263,57.590000,0.000000,57.590000,57.590000,0.000000,as_expected
FEE0006180,TRF0006264,72.450000,6.300000,66.150000,66.150000,0.000000,approved_price_investment
FEE0006181,TRF0006265,6.770000,0.000000,6.770000,6.770000,0.000000,as_expected
FEE0006182,TRF0006266,10.170000,0.000000,10.170000,10.170000,0.000000,as_expected
FEE0006183,TRF0006267,35.490000,0.000000,35.490000,35.490000,0.000000,as_expected
FEE0006184,TRF0006268,6.960000,0.000000,6.960000,6.960000,0.000000,as_expected
FEE0006185,TRF0006269,1.070000,0.000000,1.070000,1.070000,0.000000,as_expected
FEE0006186,TRF0006270,7.140000,0.000000,7.140000,7.140000,0.000000,as_expected
FEE0006187,TRF0006271,2.010000,0.000000,2.010000,2.010000,0.000000,as_expected
FEE0006188,TRF0006272,1.850000,0.000000,1.850000,1.850000,0.000000,as_expected
FEE0006189,TRF0006273,23.790000,0.000000,23.790000,23.790000,0.000000,as_expected
FEE0006190,TRF0006274,2.530000,0.000000,2.530000,2.530000,0.000000,as_expected
FEE0006191,TRF0006275,2.040000,0.000000,2.040000,2.040000,0.000000,as_expected
FEE0006192,TRF0006276,4.140000,0.000000,4.140000,4.140000,0.000000,as_expected
FEE0006193,TRF0006277,13.400000,0.000000,13.400000,13.400000,0.000000,as_expected
FEE0006194,TRF0006278,32.140000,0.000000,32.140000,32.140000,0.000000,as_expected
FEE0006195,TRF0006279,13.450000,0.000000,13.450000,13.450000,0.000000,as_expected
FEE0006196,TRF0006280,7.510000,0.000000,7.510000,7.510000,0.000000,as_expected
FEE0006197,TRF0006281,35.780000,0.000000,35.780000,35.780000,0.000000,as_expected
FEE0006198,TRF0006282,1.670000,0.000000,1.670000,1.670000,0.000000,as_expected
FEE0006199,TRF0006283,3.850000,0.260000,3.590000,3.590000,0.000000,approved_price_investment
FEE0006200,TRF0006285,70.560000,0.000000,70.560000,70.560000,0.000000,as_expected
FEE0006201,TRF0006286,3.960000,0.270000,3.690000,3.690000,0.000000,approved_price_investment
FEE0006202,TRF0006287,1.010000,0.060000,0.950000,0.950000,0.000000,approved_price_investment
FEE0006203,TRF0006288,95.360000,0.000000,95.360000,95.360000,0.000000,as_expected
FEE0006204,TRF0006289,9.280000,0.000000,9.280000,9.280000,0.000000,as_expected
FEE0006205,TRF0006290,17.500000,0.000000,17.500000,17.500000,0.000000,as_expected
FEE0006206,TRF0006292,32.870000,0.000000,32.870000,32.870000,0.000000,as_expected
FEE0006207,TRF0006293,6.730000,0.000000,6.730000,6.730000,0.000000,as_expected
FEE0006208,TRF0006294,3.320000,0.000000,3.320000,3.320000,0.000000,as_expected
FEE0006209,TRF0006295,2.450000,0.000000,2.450000,2.450000,0.000000,as_expected
FEE0006210,TRF0006296,1.220000,0.000000,1.220000,1.220000,0.000000,as_expected
FEE0006211,TRF0006297,4.210000,0.000000,4.210000,4.210000,0.000000,as_expected
FEE0006212,TRF0006298,75.020000,0.000000,75.020000,75.020000,0.000000,as_expected
FEE0006213,TRF0006299,3.150000,0.000000,3.150000,3.150000,0.000000,as_expected
FEE0006214,TRF0006300,1.350000,0.000000,1.350000,1.350000,0.000000,as_expected
FEE0006215,TRF0006301,9.400000,0.000000,9.400000,9.400000,0.000000,as_expected
FEE0006216,TRF0006302,48.550000,0.000000,48.550000,30.470000,18.080000,unexpected_shortfall
FEE0006217,TRF0006303,9.930000,0.000000,9.930000,9.930000,0.000000,as_expected
FEE0006218,TRF0006304,2.120000,0.000000,2.120000,2.120000,0.000000,as_expected
FEE0006219,TRF0006305,58.030000,0.000000,58.030000,58.030000,0.000000,as_expected
FEE0006220,TRF0006306,96.100000,0.000000,96.100000,96.100000,0.000000,as_expected
FEE0006221,TRF0006307,8.320000,0.000000,8.320000,8.320000,0.000000,as_expected
FEE0006222,TRF0006308,1.580000,0.080000,1.500000,1.500000,0.000000,approved_price_investment
FEE0006223,TRF0006309,11.400000,0.000000,11.400000,11.400000,0.000000,as_expected
FEE0006224,TRF0006310,109.370000,0.000000,109.370000,109.370000,0.000000,as_expected
FEE0006225,TRF0006311,26.390000,0.000000,26.390000,26.390000,0.000000,as_expected
FEE0006226,TRF0006312,3.910000,0.000000,3.910000,3.910000,0.000000,as_expected
FEE0006227,TRF0006314,18.500000,0.000000,18.500000,18.500000,0.000000,as_expected
FEE0006228,TRF0006315,2.580000,0.000000,2.580000,2.580000,0.000000,as_expected
FEE0006229,TRF0006316,32.940000,0.000000,32.940000,32.940000,0.000000,as_expected
FEE0006230,TRF0006317,1.980000,0.000000,1.980000,1.980000,0.000000,as_expected
FEE0006231,TRF0006318,7.330000,0.000000,7.330000,7.330000,0.000000,as_expected
FEE0006232,TRF0006319,2.620000,0.000000,2.620000,2.620000,0.000000,as_expected
FEE0006233,TRF0006320,31.820000,0.000000,31.820000,31.820000,0.000000,as_expected
FEE0006234,TRF0006321,4.560000,0.000000,4.560000,4.560000,0.000000,as_expected
FEE0006235,TRF0006322,58.580000,0.000000,58.580000,58.580000,0.000000,as_expected
FEE0006236,TRF0006323,5.890000,0.000000,5.890000,5.890000,0.000000,as_expected
FEE0006237,TRF0006324,2.030000,0.000000,2.030000,2.030000,0.000000,as_expected
FEE0006238,TRF0006325,2.670000,0.000000,2.670000,2.670000,0.000000,as_expected
FEE0006239,TRF0006326,10.790000,0.000000,10.790000,10.790000,0.000000,as_expected
FEE0006240,TRF0006327,456.810000,0.000000,456.810000,456.810000,0.000000,as_expected
FEE0006241,TRF0006328,3.140000,0.000000,3.140000,3.140000,0.000000,as_expected
FEE0006242,TRF0006329,26.070000,2.920000,23.150000,23.150000,0.000000,approved_price_investment
FEE0006243,TRF0006330,25.650000,0.000000,25.650000,25.650000,0.000000,as_expected
FEE0006244,TRF0006331,2.120000,0.000000,2.120000,2.120000,0.000000,as_expected
FEE0006245,TRF0006332,1.390000,0.000000,1.390000,1.390000,0.000000,as_expected
FEE0006246,TRF0006333,3.630000,0.000000,3.630000,3.630000,0.000000,as_expected
FEE0006247,TRF0006334,1.770000,0.000000,1.770000,1.770000,0.000000,as_expected
FEE0006248,TRF0006335,1.910000,0.000000,1.910000,1.910000,0.000000,as_expected
FEE0006249,TRF0006336,4.440000,0.310000,4.130000,4.130000,0.000000,approved_price_investment
FEE0006250,TRF0006337,3.470000,0.000000,3.470000,3.470000,0.000000,as_expected
FEE0006251,TRF0006338,50.810000,0.000000,50.810000,50.810000,0.000000,as_expected
FEE0006252,TRF0006339,1.330000,0.000000,1.330000,1.330000,0.000000,as_expected
FEE0006253,TRF0006340,2.740000,0.000000,2.740000,2.740000,0.000000,as_expected
FEE0006254,TRF0006341,4.170000,0.000000,4.170000,4.170000,0.000000,as_expected
FEE0006255,TRF0006342,1.570000,0.000000,1.570000,1.570000,0.000000,as_expected
FEE0006256,TRF0006343,9.400000,0.000000,9.400000,9.400000,0.000000,as_expected
FEE0006257,TRF0006344,10.220000,0.000000,10.220000,10.220000,0.000000,as_expected
FEE0006258,TRF0006345,4.760000,0.000000,4.760000,4.760000,0.000000,as_expected
FEE0006259,TRF0006346,3.350000,0.000000,3.350000,3.350000,0.000000,as_expected
FEE0006260,TRF0006347,7.680000,0.750000,6.930000,6.930000,0.000000,approved_price_investment
FEE0006261,TRF0006348,1.120000,0.000000,1.120000,1.120000,0.000000,as_expected
FEE0006262,TRF0006349,75.080000,0.000000,75.080000,75.080000,0.000000,as_expected
FEE0006263,TRF0006350,38.790000,0.000000,38.790000,38.790000,0.000000,as_expected
FEE0006264,TRF0006351,2.200000,0.000000,2.200000,2.200000,0.000000,as_expected
FEE0006265,TRF0006352,36.730000,0.000000,36.730000,36.730000,0.000000,as_expected
FEE0006266,TRF0006353,3.430000,0.000000,3.430000,3.430000,0.000000,as_expected
FEE0006267,TRF0006354,1.860000,0.000000,1.860000,1.860000,0.000000,as_expected
FEE0006268,TRF0006355,2.490000,0.150000,2.340000,2.340000,0.000000,approved_price_investment
FEE0006269,TRF0006356,3.750000,0.000000,3.750000,3.750000,0.000000,as_expected
FEE0006270,TRF0006357,259.730000,0.000000,259.730000,259.730000,0.000000,as_expected
FEE0006271,TRF0006358,3.460000,0.310000,3.150000,3.150000,0.000000,approved_price_investment
FEE0006272,TRF0006359,91.950000,0.000000,91.950000,57.600000,34.350000,unexpected_shortfall
FEE0006273,TRF0006360,15.820000,0.000000,15.820000,15.820000,0.000000,as_expected
FEE0006274,TRF0006362,4.900000,0.000000,4.900000,4.900000,0.000000,as_expected
FEE0006275,TRF0006363,21.580000,0.000000,21.580000,13.620000,7.960000,unexpected_shortfall
FEE0006276,TRF0006364,76.170000,0.000000,76.170000,76.170000,0.000000,as_expected
FEE0006277,TRF0006365,1.900000,0.000000,1.900000,1.900000,0.000000,as_expected
FEE0006278,TRF0006366,1.940000,0.000000,1.940000,1.940000,0.000000,as_expected
FEE0006279,TRF0006367,1.160000,0.000000,1.160000,1.160000,0.000000,as_expected
FEE0006280,TRF0006368,4.040000,0.000000,4.040000,4.040000,0.000000,as_expected
FEE0006281,TRF0006369,5.750000,0.420000,5.330000,5.330000,0.000000,approved_price_investment
FEE0006282,TRF0006370,12.360000,0.000000,12.360000,12.360000,0.000000,as_expected
FEE0006283,TRF0006371,0.900000,0.000000,0.900000,0.900000,0.000000,as_expected
FEE0006284,TRF0006372,55.120000,0.000000,55.120000,55.120000,0.000000,as_expected
FEE0006285,TRF0006373,2.140000,0.000000,2.140000,2.140000,0.000000,as_expected
FEE0006286,TRF0006374,22.160000,0.000000,22.160000,22.160000,0.000000,as_expected
FEE0006287,TRF0006375,21.570000,0.000000,21.570000,21.570000,0.000000,as_expected
FEE0006288,TRF0006376,4.620000,0.000000,4.620000,4.620000,0.000000,as_expected
FEE0006289,TRF0006377,13.300000,0.000000,13.300000,13.300000,0.000000,as_expected
FEE0006290,TRF0006378,9.960000,0.000000,9.960000,9.960000,0.000000,as_expected
FEE0006291,TRF0006379,64.200000,0.000000,64.200000,64.200000,0.000000,as_expected
FEE0006292,TRF0006380,1.300000,0.000000,1.300000,1.300000,0.000000,as_expected
FEE0006293,TRF0006381,3.690000,0.000000,3.690000,3.690000,0.000000,as_expected
FEE0006294,TRF0006382,34.510000,0.000000,34.510000,34.510000,0.000000,as_expected
FEE0006295,TRF0006383,0.970000,0.000000,0.970000,0.970000,0.000000,as_expected
FEE0006296,TRF0006384,0.890000,0.000000,0.890000,0.890000,0.000000,as_expected
FEE0006297,TRF0006385,5.470000,0.000000,5.470000,5.470000,0.000000,as_expected
FEE0006298,TRF0006386,12.570000,0.000000,12.570000,12.570000,0.000000,as_expected
FEE0006299,TRF0006387,2.930000,0.000000,2.930000,2.930000,0.000000,as_expected
FEE0006300,TRF0006388,5.690000,0.000000,5.690000,5.690000,0.000000,as_expected
FEE0006301,TRF0006389,2.890000,0.000000,2.890000,2.890000,0.000000,as_expected
FEE0006302,TRF0006390,1.770000,0.000000,1.770000,1.770000,0.000000,as_expected
FEE0006303,TRF0006391,87.840000,0.000000,87.840000,87.840000,0.000000,as_expected
FEE0006304,TRF0006392,2.440000,0.000000,2.440000,2.440000,0.000000,as_expected
FEE0006305,TRF0006393,1.530000,0.110000,1.420000,1.420000,0.000000,approved_price_investment
FEE0006306,TRF0006394,3.930000,0.000000,3.930000,3.930000,0.000000,as_expected
FEE0006307,TRF0006395,1.740000,0.130000,1.610000,1.610000,0.000000,approved_price_investment
FEE0006308,TRF0006396,1.060000,0.000000,1.060000,1.060000,0.000000,as_expected
FEE0006309,TRF0006397,2.080000,0.000000,2.080000,2.080000,0.000000,as_expected
FEE0006310,TRF0006398,6.290000,0.000000,6.290000,6.290000,0.000000,as_expected
FEE0006311,TRF0006399,302.150000,0.000000,302.150000,302.150000,0.000000,as_expected
FEE0006312,TRF0006400,8.970000,0.000000,8.970000,8.970000,0.000000,as_expected
FEE0006313,TRF0006401,20.870000,0.000000,20.870000,20.870000,0.000000,as_expected
FEE0006314,TRF0006402,25.770000,0.000000,25.770000,16.240000,9.530000,unexpected_shortfall
FEE0006315,TRF0006403,23.750000,2.000000,21.750000,21.750000,0.000000,approved_price_investment
FEE0006316,TRF0006404,7.630000,0.000000,7.630000,7.630000,0.000000,as_expected
FEE0006317,TRF0006405,6.180000,0.000000,6.180000,6.180000,0.000000,as_expected
FEE0006318,TRF0006406,1.210000,0.000000,1.210000,1.210000,0.000000,as_expected
FEE0006319,TRF0006407,167.790000,0.000000,167.790000,167.790000,0.000000,as_expected
FEE0006320,TRF0006408,3.740000,0.000000,3.740000,3.740000,0.000000,as_expected
FEE0006321,TRF0006409,2.470000,0.000000,2.470000,2.470000,0.000000,as_expected
FEE0006322,TRF0006410,4.010000,0.280000,3.730000,3.730000,0.000000,approved_price_investment
FEE0006323,TRF0006411,2.710000,0.000000,2.710000,2.710000,0.000000,as_expected
FEE0006324,TRF0006412,2.040000,0.000000,2.040000,2.040000,0.000000,as_expected
FEE0006325,TRF0006413,3.970000,0.370000,3.600000,3.600000,0.000000,approved_price_investment
FEE0006326,TRF0006414,3.090000,0.000000,3.090000,3.090000,0.000000,as_expected
FEE0006327,TRF0006415,5.060000,0.000000,5.060000,5.060000,0.000000,as_expected
FEE0006328,TRF0006416,3.000000,0.000000,3.000000,3.000000,0.000000,as_expected
FEE0006329,TRF0006417,5.030000,0.000000,5.030000,5.030000,0.000000,as_expected
FEE0006330,TRF0006418,4.210000,0.000000,4.210000,4.210000,0.000000,as_expected
FEE0006331,TRF0006419,4.780000,0.000000,4.780000,4.780000,0.000000,as_expected
FEE0006332,TRF0006420,0.700000,0.000000,0.700000,0.700000,0.000000,as_expected
FEE0006333,TRF0006421,117.730000,0.000000,117.730000,117.730000,0.000000,as_expected
FEE0006334,TRF0006422,1.930000,0.000000,1.930000,1.930000,0.000000,as_expected
FEE0006335,TRF0006423,45.980000,5.700000,40.280000,40.280000,0.000000,approved_price_investment
FEE0006336,TRF0006424,2.730000,0.000000,2.730000,2.730000,0.000000,as_expected
FEE0006337,TRF0006425,2.260000,0.000000,2.260000,2.260000,0.000000,as_expected
FEE0006338,TRF0006426,47.930000,0.000000,47.930000,47.930000,0.000000,as_expected
FEE0006339,TRF0006427,8.460000,0.000000,8.460000,8.460000,0.000000,as_expected
FEE0006340,TRF0006428,5.020000,0.000000,5.020000,5.020000,0.000000,as_expected
FEE0006341,TRF0006429,0.780000,0.000000,0.780000,0.780000,0.000000,as_expected
FEE0006342,TRF0006430,4.870000,0.000000,4.870000,4.870000,0.000000,as_expected
FEE0006343,TRF0006431,1.490000,0.000000,1.490000,1.490000,0.000000,as_expected
FEE0006344,TRF0006432,2.030000,0.000000,2.030000,2.030000,0.000000,as_expected
FEE0006345,TRF0006433,2.190000,0.000000,2.190000,2.190000,0.000000,as_expected
FEE0006346,TRF0006434,14.240000,0.000000,14.240000,14.240000,0.000000,as_expected
FEE0006347,TRF0006435,6.140000,0.000000,6.140000,6.140000,0.000000,as_expected
FEE0006348,TRF0006436,4.390000,0.000000,4.390000,4.390000,0.000000,as_expected
FEE0006349,TRF0006437,60.350000,0.000000,60.350000,60.350000,0.000000,as_expected
FEE0006350,TRF0006438,3.890000,0.000000,3.890000,3.890000,0.000000,as_expected
FEE0006351,TRF0006439,39.530000,0.000000,39.530000,39.530000,0.000000,as_expected
FEE0006352,TRF0006440,4.430000,0.000000,4.430000,4.430000,0.000000,as_expected
FEE0006353,TRF0006441,1.090000,0.000000,1.090000,1.090000,0.000000,as_expected
FEE0006354,TRF0006442,1.390000,0.000000,1.390000,1.390000,0.000000,as_expected
FEE0006355,TRF0006443,3.060000,0.000000,3.060000,3.060000,0.000000,as_expected
FEE0006356,TRF0006444,2.360000,0.000000,2.360000,2.360000,0.000000,as_expected
FEE0006357,TRF0006445,26.640000,0.000000,26.640000,26.640000,0.000000,as_expected
FEE0006358,TRF0006446,4.000000,0.000000,4.000000,4.000000,0.000000,as_expected
FEE0006359,TRF0006447,2.530000,0.220000,2.310000,2.310000,0.000000,approved_price_investment
FEE0006360,TRF0006448,16.220000,0.000000,16.220000,16.220000,0.000000,as_expected
FEE0006361,TRF0006449,23.900000,0.000000,23.900000,23.900000,0.000000,as_expected
FEE0006362,TRF0006450,34.630000,0.000000,34.630000,21.770000,12.860000,unexpected_shortfall
FEE0006363,TRF0006451,2.700000,0.000000,2.700000,2.700000,0.000000,as_expected
FEE0006364,TRF0006452,27.980000,0.000000,27.980000,27.980000,0.000000,as_expected
FEE0006365,TRF0006453,80.390000,0.000000,80.390000,80.390000,0.000000,as_expected
FEE0006366,TRF0006454,3.650000,0.000000,3.650000,3.650000,0.000000,as_expected
FEE0006367,TRF0006455,2.050000,0.000000,2.050000,2.050000,0.000000,as_expected
FEE0006368,TRF0006456,22.500000,0.000000,22.500000,22.500000,0.000000,as_expected
FEE0006369,TRF0006457,2.290000,0.000000,2.290000,2.290000,0.000000,as_expected
FEE0006370,TRF0006458,2.370000,0.000000,2.370000,2.370000,0.000000,as_expected
FEE0006371,TRF0006459,80.410000,0.000000,80.410000,80.410000,0.000000,as_expected
FEE0006372,TRF0006460,1.760000,0.000000,1.760000,1.760000,0.000000,as_expected
FEE0006373,TRF0006461,3.330000,0.000000,3.330000,3.330000,0.000000,as_expected
FEE0006374,TRF0006462,2.540000,0.000000,2.540000,2.540000,0.000000,as_expected
FEE0006375,TRF0006463,5.230000,0.000000,5.230000,5.230000,0.000000,as_expected
FEE0006376,TRF0006464,2.120000,0.000000,2.120000,2.120000,0.000000,as_expected
FEE0006377,TRF0006465,13.390000,0.000000,13.390000,13.390000,0.000000,as_expected
FEE0006378,TRF0006466,10.920000,0.000000,10.920000,10.920000,0.000000,as_expected
FEE0006379,TRF0006467,129.760000,0.000000,129.760000,129.760000,0.000000,as_expected
FEE0006380,TRF0006468,4.000000,0.000000,4.000000,4.000000,0.000000,as_expected
FEE0006381,TRF0006469,8.860000,0.000000,8.860000,8.860000,0.000000,as_expected
FEE0006382,TRF0006470,1.170000,0.000000,1.170000,1.170000,0.000000,as_expected
FEE0006383,TRF0006471,24.940000,0.000000,24.940000,24.940000,0.000000,as_expected
FEE0006384,TRF0006472,6.370000,0.000000,6.370000,6.370000,0.000000,as_expected
FEE0006385,TRF0006473,4.920000,0.000000,4.920000,4.920000,0.000000,as_expected
FEE0006386,TRF0006474,2.830000,0.000000,2.830000,2.830000,0.000000,as_expected
FEE0006387,TRF0006475,4.500000,0.000000,4.500000,4.500000,0.000000,as_expected
FEE0006388,TRF0006476,3.450000,0.000000,3.450000,3.450000,0.000000,as_expected
FEE0006389,TRF0006477,16.770000,0.000000,16.770000,16.770000,0.000000,as_expected
FEE0006390,TRF0006478,3.150000,0.000000,3.150000,3.150000,0.000000,as_expected
FEE0006391,TRF0006479,37.400000,0.000000,37.400000,37.400000,0.000000,as_expected
FEE0006392,TRF0006480,3.890000,0.000000,3.890000,3.890000,0.000000,as_expected
FEE0006393,TRF0006481,60.960000,0.000000,60.960000,60.960000,0.000000,as_expected
FEE0006394,TRF0006483,6.090000,0.000000,6.090000,6.090000,0.000000,as_expected
FEE0006395,TRF0006484,3.780000,0.000000,3.780000,3.780000,0.000000,as_expected
FEE0006396,TRF0006485,3.540000,0.000000,3.540000,3.540000,0.000000,as_expected
FEE0006397,TRF0006486,3.250000,0.000000,3.250000,3.250000,0.000000,as_expected
FEE0006398,TRF0006487,1.110000,0.000000,1.110000,1.110000,0.000000,as_expected
FEE0006399,TRF0006488,9.490000,0.000000,9.490000,9.490000,0.000000,as_expected
FEE0006400,TRF0006489,7.270000,0.000000,7.270000,7.270000,0.000000,as_expected
FEE0006401,TRF0006490,4.570000,0.000000,4.570000,4.570000,0.000000,as_expected
FEE0006402,TRF0006491,3.210000,0.000000,3.210000,3.210000,0.000000,as_expected
FEE0006403,TRF0006492,11.750000,0.000000,11.750000,11.750000,0.000000,as_expected
FEE0006404,TRF0006493,2.920000,0.000000,2.920000,2.920000,0.000000,as_expected
FEE0006405,TRF0006494,4.610000,0.000000,4.610000,4.610000,0.000000,as_expected
FEE0006406,TRF0006495,6.070000,0.000000,6.070000,6.070000,0.000000,as_expected
FEE0006407,TRF0006496,3.120000,0.000000,3.120000,3.120000,0.000000,as_expected
FEE0006408,TRF0006497,3.100000,0.000000,3.100000,3.100000,0.000000,as_expected
FEE0006409,TRF0006498,4.410000,0.000000,4.410000,4.410000,0.000000,as_expected
FEE0006410,TRF0006499,3.940000,0.000000,3.940000,3.940000,0.000000,as_expected
FEE0006411,TRF0006501,127.050000,0.000000,127.050000,127.050000,0.000000,as_expected
FEE0006412,TRF0006502,4.350000,0.000000,4.350000,4.350000,0.000000,as_expected
FEE0006413,TRF0006503,30.390000,0.000000,30.390000,30.390000,0.000000,as_expected
FEE0006414,TRF0006504,6.370000,0.000000,6.370000,6.370000,0.000000,as_expected
FEE0006415,TRF0006505,224.060000,19.260000,204.800000,204.800000,0.000000,approved_price_investment
FEE0006416,TRF0006506,15.140000,0.000000,15.140000,15.140000,0.000000,as_expected
FEE0006417,TRF0006507,2.620000,0.000000,2.620000,2.620000,0.000000,as_expected
FEE0006418,TRF0006508,8.580000,0.000000,8.580000,8.580000,0.000000,as_expected
FEE0006419,TRF0006509,3.770000,0.000000,3.770000,3.770000,0.000000,as_expected
FEE0006420,TRF0006510,2.080000,0.000000,2.080000,2.080000,0.000000,as_expected
FEE0006421,TRF0006511,3.360000,0.000000,3.360000,3.360000,0.000000,as_expected
FEE0006422,TRF0006512,54.310000,0.000000,54.310000,34.070000,20.240000,unexpected_shortfall
FEE0006423,TRF0006513,1.260000,0.000000,1.260000,1.260000,0.000000,as_expected
FEE0006424,TRF0006514,6.510000,0.000000,6.510000,6.510000,0.000000,as_expected
FEE0006425,TRF0006515,34.140000,0.000000,34.140000,34.140000,0.000000,as_expected
FEE0006426,TRF0006516,40.320000,0.000000,40.320000,40.320000,0.000000,as_expected
FEE0006427,TRF0006517,3.700000,0.000000,3.700000,3.700000,0.000000,as_expected
FEE0006428,TRF0006518,4.180000,0.000000,4.180000,4.180000,0.000000,as_expected
FEE0006429,TRF0006519,3.490000,0.000000,3.490000,3.490000,0.000000,as_expected
FEE0006430,TRF0006520,3.440000,0.000000,3.440000,3.440000,0.000000,as_expected
FEE0006431,TRF0006521,112.670000,0.000000,112.670000,112.670000,0.000000,as_expected
FEE0006432,TRF0006522,37.460000,0.000000,37.460000,37.460000,0.000000,as_expected
FEE0006433,TRF0006523,4.170000,0.000000,4.170000,4.170000,0.000000,as_expected
FEE0006434,TRF0006524,3.300000,0.000000,3.300000,3.300000,0.000000,as_expected
FEE0006435,TRF0006525,6.520000,0.630000,5.890000,5.890000,0.000000,approved_price_investment
FEE0006436,TRF0006526,17.950000,0.000000,17.950000,17.950000,0.000000,as_expected
FEE0006437,TRF0006527,66.570000,0.000000,66.570000,41.740000,24.830000,unexpected_shortfall
FEE0006438,TRF0006528,2.540000,0.000000,2.540000,2.540000,0.000000,as_expected
FEE0006439,TRF0006529,6.890000,0.000000,6.890000,6.890000,0.000000,as_expected
FEE0006440,TRF0006530,46.280000,0.000000,46.280000,46.280000,0.000000,as_expected
FEE0006441,TRF0006531,113.850000,0.000000,113.850000,113.850000,0.000000,as_expected
FEE0006442,TRF0006532,7.730000,0.000000,7.730000,7.730000,0.000000,as_expected
FEE0006443,TRF0006533,5.950000,0.000000,5.950000,5.950000,0.000000,as_expected
FEE0006444,TRF0006534,34.060000,0.000000,34.060000,34.060000,0.000000,as_expected
FEE0006445,TRF0006535,2.180000,0.130000,2.050000,2.050000,0.000000,approved_price_investment
FEE0006446,TRF0006536,1.360000,0.000000,1.360000,1.360000,0.000000,as_expected
FEE0006447,TRF0006537,9.920000,0.000000,9.920000,9.920000,0.000000,as_expected
FEE0006448,TRF0006538,60.840000,0.000000,60.840000,60.840000,0.000000,as_expected
FEE0006449,TRF0006539,3.560000,0.000000,3.560000,3.560000,0.000000,as_expected
FEE0006450,TRF0006540,2.700000,0.000000,2.700000,2.700000,0.000000,as_expected
FEE0006451,TRF0006541,1.890000,0.000000,1.890000,1.890000,0.000000,as_expected
FEE0006452,TRF0006542,1.540000,0.000000,1.540000,1.540000,0.000000,as_expected
FEE0006453,TRF0006543,5.920000,0.000000,5.920000,5.920000,0.000000,as_expected
FEE0006454,TRF0006544,23.020000,0.000000,23.020000,23.020000,0.000000,as_expected
FEE0006455,TRF0006545,3.420000,0.000000,3.420000,3.420000,0.000000,as_expected
FEE0006456,TRF0006546,3.000000,0.000000,3.000000,3.000000,0.000000,as_expected
FEE0006457,TRF0006547,18.550000,0.000000,18.550000,18.550000,0.000000,as_expected
FEE0006458,TRF0006548,8.700000,0.920000,7.780000,7.780000,0.000000,approved_price_investment
FEE0006459,TRF0006549,24.960000,0.000000,24.960000,24.960000,0.000000,as_expected
FEE0006460,TRF0006550,10.080000,0.000000,10.080000,10.080000,0.000000,as_expected
FEE0006461,TRF0006551,5.900000,0.000000,5.900000,5.900000,0.000000,as_expected
FEE0006462,TRF0006552,1.290000,0.000000,1.290000,1.290000,0.000000,as_expected
FEE0006463,TRF0006553,1.400000,0.000000,1.400000,1.400000,0.000000,as_expected
FEE0006464,TRF0006554,11.470000,0.000000,11.470000,11.470000,0.000000,as_expected
FEE0006465,TRF0006555,24.300000,0.000000,24.300000,24.300000,0.000000,as_expected
FEE0006466,TRF0006556,2.080000,0.170000,1.910000,1.910000,0.000000,approved_price_investment
FEE0006467,TRF0006557,1.620000,0.000000,1.620000,1.620000,0.000000,as_expected
FEE0006468,TRF0006558,4.730000,0.000000,4.730000,4.730000,0.000000,as_expected
FEE0006469,TRF0006559,7.830000,0.000000,7.830000,7.830000,0.000000,as_expected
FEE0006470,TRF0006560,28.580000,0.000000,28.580000,28.580000,0.000000,as_expected
FEE0006471,TRF0006561,2.270000,0.190000,2.080000,2.080000,0.000000,approved_price_investment
FEE0006472,TRF0006562,6.870000,0.000000,6.870000,6.870000,0.000000,as_expected
FEE0006473,TRF0006563,3.020000,0.000000,3.020000,3.020000,0.000000,as_expected
FEE0006474,TRF0006564,3.600000,0.000000,3.600000,3.600000,0.000000,as_expected
FEE0006475,TRF0006565,1.930000,0.000000,1.930000,1.930000,0.000000,as_expected
FEE0006476,TRF0006566,3.980000,0.000000,3.980000,3.980000,0.000000,as_expected
FEE0006477,TRF0006567,3.260000,0.000000,3.260000,3.260000,0.000000,as_expected
FEE0006478,TRF0006568,3.950000,0.000000,3.950000,3.950000,0.000000,as_expected
FEE0006479,TRF0006569,3.480000,0.320000,3.160000,3.160000,0.000000,approved_price_investment
FEE0006480,TRF0006570,24.140000,0.000000,24.140000,24.140000,0.000000,as_expected
FEE0006481,TRF0006571,4.650000,0.000000,4.650000,4.650000,0.000000,as_expected
FEE0006482,TRF0006572,1.670000,0.000000,1.670000,1.670000,0.000000,as_expected
FEE0006483,TRF0006573,2.450000,0.000000,2.450000,2.450000,0.000000,as_expected
FEE0006484,TRF0006574,37.060000,0.000000,37.060000,37.060000,0.000000,as_expected
FEE0006485,TRF0006575,3.630000,0.000000,3.630000,3.630000,0.000000,as_expected
FEE0006486,TRF0006576,3.260000,0.000000,3.260000,3.260000,0.000000,as_expected
FEE0006487,TRF0006577,2.320000,0.000000,2.320000,2.320000,0.000000,as_expected
FEE0006488,TRF0006578,6.910000,0.000000,6.910000,6.910000,0.000000,as_expected
FEE0006489,TRF0006579,31.450000,0.000000,31.450000,31.450000,0.000000,as_expected
FEE0006490,TRF0006580,97.590000,0.000000,97.590000,97.590000,0.000000,as_expected
FEE0006491,TRF0006581,2.290000,0.000000,2.290000,2.290000,0.000000,as_expected
FEE0006492,TRF0006582,26.990000,0.000000,26.990000,26.990000,0.000000,as_expected
FEE0006493,TRF0006583,1.620000,0.000000,1.620000,1.620000,0.000000,as_expected
FEE0006494,TRF0006584,15.440000,0.000000,15.440000,15.440000,0.000000,as_expected
FEE0006495,TRF0006585,17.270000,0.000000,17.270000,17.270000,0.000000,as_expected
FEE0006496,TRF0006586,31.700000,0.000000,31.700000,31.700000,0.000000,as_expected
FEE0006497,TRF0006587,3.390000,0.000000,3.390000,3.390000,0.000000,as_expected
FEE0006498,TRF0006588,1.670000,0.080000,1.590000,1.590000,0.000000,approved_price_investment
FEE0006499,TRF0006589,12.850000,0.000000,12.850000,12.850000,0.000000,as_expected
FEE0006500,TRF0006590,1.840000,0.000000,1.840000,1.840000,0.000000,as_expected
FEE0006501,TRF0006591,2.830000,0.000000,2.830000,2.830000,0.000000,as_expected
FEE0006502,TRF0006592,166.290000,0.000000,166.290000,166.290000,0.000000,as_expected
FEE0006503,TRF0006593,4.030000,0.000000,4.030000,4.030000,0.000000,as_expected
FEE0006504,TRF0006594,1.420000,0.000000,1.420000,1.420000,0.000000,as_expected
FEE0006505,TRF0006595,97.990000,0.000000,97.990000,97.990000,0.000000,as_expected
FEE0006506,TRF0006596,1.870000,0.000000,1.870000,1.870000,0.000000,as_expected
FEE0006507,TRF0006597,63.920000,0.000000,63.920000,63.920000,0.000000,as_expected
FEE0006508,TRF0006598,1.720000,0.000000,1.720000,1.720000,0.000000,as_expected
FEE0006509,TRF0006599,3.280000,0.000000,3.280000,3.280000,0.000000,as_expected
FEE0006510,TRF0006600,1.520000,0.000000,1.520000,1.520000,0.000000,as_expected
FEE0006511,TRF0006601,244.270000,0.000000,244.270000,244.270000,0.000000,as_expected
FEE0006512,TRF0006602,18.180000,0.000000,18.180000,18.180000,0.000000,as_expected
FEE0006513,TRF0006603,10.300000,0.000000,10.300000,10.300000,0.000000,as_expected
FEE0006514,TRF0006604,11.810000,0.000000,11.810000,11.810000,0.000000,as_expected
FEE0006515,TRF0006605,51.630000,0.000000,51.630000,51.630000,0.000000,as_expected
FEE0006516,TRF0006606,1.140000,0.000000,1.140000,1.140000,0.000000,as_expected
FEE0006517,TRF0006607,10.760000,0.000000,10.760000,10.760000,0.000000,as_expected
FEE0006518,TRF0006608,40.000000,0.000000,40.000000,40.000000,0.000000,as_expected
FEE0006519,TRF0006609,4.250000,0.000000,4.250000,4.250000,0.000000,as_expected
FEE0006520,TRF0006610,8.600000,0.000000,8.600000,8.600000,0.000000,as_expected
FEE0006521,TRF0006611,12.570000,0.000000,12.570000,12.570000,0.000000,as_expected
FEE0006522,TRF0006612,1.310000,0.000000,1.310000,1.310000,0.000000,as_expected
FEE0006523,TRF0006613,2.470000,0.000000,2.470000,2.470000,0.000000,as_expected
FEE0006524,TRF0006614,3.190000,0.000000,3.190000,3.190000,0.000000,as_expected
FEE0006525,TRF0006615,2.780000,0.000000,2.780000,2.780000,0.000000,as_expected
FEE0006526,TRF0006616,10.850000,0.000000,10.850000,10.850000,0.000000,as_expected
FEE0006527,TRF0006617,51.820000,0.000000,51.820000,51.820000,0.000000,as_expected
FEE0006528,TRF0006618,52.680000,0.000000,52.680000,52.680000,0.000000,as_expected
FEE0006529,TRF0006619,4.620000,0.000000,4.620000,4.620000,0.000000,as_expected
FEE0006530,TRF0006620,1.940000,0.000000,1.940000,1.940000,0.000000,as_expected
FEE0006531,TRF0006621,17.580000,0.000000,17.580000,17.580000,0.000000,as_expected
FEE0006532,TRF0006622,0.900000,0.000000,0.900000,0.900000,0.000000,as_expected
FEE0006533,TRF0006623,1.860000,0.000000,1.860000,1.860000,0.000000,as_expected
FEE0006534,TRF0006625,257.390000,0.000000,257.390000,161.000000,96.390000,unexpected_shortfall
FEE0006535,TRF0006626,3.130000,0.000000,3.130000,3.130000,0.000000,as_expected
FEE0006536,TRF0006627,2.970000,0.000000,2.970000,2.970000,0.000000,as_expected
FEE0006537,TRF0006628,7.350000,0.000000,7.350000,7.350000,0.000000,as_expected
FEE0006538,TRF0006629,1.990000,0.000000,1.990000,1.990000,0.000000,as_expected
FEE0006539,TRF0006630,6.990000,0.000000,6.990000,6.990000,0.000000,as_expected
FEE0006540,TRF0006631,5.640000,0.540000,5.100000,5.100000,0.000000,approved_price_investment
FEE0006541,TRF0006632,1.120000,0.000000,1.120000,1.120000,0.000000,as_expected
FEE0006542,TRF0006633,22.000000,0.000000,22.000000,13.880000,8.120000,unexpected_shortfall
FEE0006543,TRF0006634,2.170000,0.000000,2.170000,2.170000,0.000000,as_expected
FEE0006544,TRF0006635,2.750000,0.000000,2.750000,2.750000,0.000000,as_expected
FEE0006545,TRF0006636,6.340000,0.000000,6.340000,6.340000,0.000000,as_expected
FEE0006546,TRF0006637,10.120000,0.000000,10.120000,10.120000,0.000000,as_expected
FEE0006547,TRF0006638,5.060000,0.000000,5.060000,5.060000,0.000000,as_expected
FEE0006548,TRF0006639,2.370000,0.000000,2.370000,2.370000,0.000000,as_expected
FEE0006549,TRF0006640,61.470000,0.000000,61.470000,61.470000,0.000000,as_expected
FEE0006550,TRF0006641,1.360000,0.000000,1.360000,1.360000,0.000000,as_expected
FEE0006551,TRF0006642,164.800000,0.000000,164.800000,164.800000,0.000000,as_expected
FEE0006552,TRF0006643,106.640000,0.000000,106.640000,106.640000,0.000000,as_expected
FEE0006553,TRF0006644,8.630000,0.000000,8.630000,8.630000,0.000000,as_expected
FEE0006554,TRF0006645,62.220000,0.000000,62.220000,62.220000,0.000000,as_expected
FEE0006555,TRF0006646,9.300000,0.000000,9.300000,9.300000,0.000000,as_expected
FEE0006556,TRF0006647,5.850000,0.000000,5.850000,5.850000,0.000000,as_expected
FEE0006557,TRF0006648,3.920000,0.000000,3.920000,3.920000,0.000000,as_expected
FEE0006558,TRF0006649,61.010000,0.000000,61.010000,61.010000,0.000000,as_expected
FEE0006559,TRF0006650,2.030000,0.000000,2.030000,2.030000,0.000000,as_expected
FEE0006560,TRF0006651,2.550000,0.220000,2.330000,2.330000,0.000000,approved_price_investment
FEE0006561,TRF0006652,39.260000,0.000000,39.260000,24.670000,14.590000,unexpected_shortfall
FEE0006562,TRF0006653,81.450000,0.000000,81.450000,81.450000,0.000000,as_expected
FEE0006563,TRF0006654,1.290000,0.090000,1.200000,1.200000,0.000000,approved_price_investment
FEE0006564,TRF0006655,3.340000,0.000000,3.340000,3.340000,0.000000,as_expected
FEE0006565,TRF0006656,1.760000,0.000000,1.760000,1.760000,0.000000,as_expected
FEE0006566,TRF0006657,95.550000,0.000000,95.550000,95.550000,0.000000,as_expected
FEE0006567,TRF0006658,1.560000,0.000000,1.560000,1.560000,0.000000,as_expected
FEE0006568,TRF0006659,1.950000,0.000000,1.950000,1.950000,0.000000,as_expected
FEE0006569,TRF0006660,50.720000,0.000000,50.720000,50.720000,0.000000,as_expected
FEE0006570,TRF0006661,2.430000,0.000000,2.430000,2.430000,0.000000,as_expected
FEE0006571,TRF0006662,4.710000,0.000000,4.710000,4.710000,0.000000,as_expected
FEE0006572,TRF0006663,4.690000,0.000000,4.690000,4.690000,0.000000,as_expected
FEE0006573,TRF0006664,4.190000,0.000000,4.190000,4.190000,0.000000,as_expected
FEE0006574,TRF0006665,1.990000,0.000000,1.990000,1.990000,0.000000,as_expected
FEE0006575,TRF0006666,13.670000,0.000000,13.670000,13.670000,0.000000,as_expected
FEE0006576,TRF0006667,3.610000,0.240000,3.370000,3.370000,0.000000,approved_price_investment
FEE0006577,TRF0006668,4.930000,0.000000,4.930000,4.930000,0.000000,as_expected
FEE0006578,TRF0006669,70.890000,0.000000,70.890000,70.890000,0.000000,as_expected
FEE0006579,TRF0006670,18.730000,0.000000,18.730000,11.840000,6.890000,unexpected_shortfall
FEE0006580,TRF0006671,5.370000,0.000000,5.370000,3.490000,1.880000,unexpected_shortfall
FEE0006581,TRF0006672,1.560000,0.000000,1.560000,1.560000,0.000000,as_expected
FEE0006582,TRF0006673,20.610000,0.000000,20.610000,20.610000,0.000000,as_expected
FEE0006583,TRF0006674,3.200000,0.000000,3.200000,3.200000,0.000000,as_expected
FEE0006584,TRF0006675,11.250000,0.000000,11.250000,11.250000,0.000000,as_expected
FEE0006585,TRF0006676,26.290000,0.000000,26.290000,26.290000,0.000000,as_expected
FEE0006586,TRF0006677,2.430000,0.000000,2.430000,2.430000,0.000000,as_expected
FEE0006587,TRF0006678,88.900000,0.000000,88.900000,88.900000,0.000000,as_expected
FEE0006588,TRF0006679,82.640000,0.000000,82.640000,82.640000,0.000000,as_expected
FEE0006589,TRF0006680,26.330000,0.000000,26.330000,26.330000,0.000000,as_expected
FEE0006590,TRF0006681,6.020000,0.000000,6.020000,6.020000,0.000000,as_expected
FEE0006591,TRF0006682,8.560000,0.930000,7.630000,7.630000,0.000000,approved_price_investment
FEE0006592,TRF0006683,1.720000,0.000000,1.720000,1.720000,0.000000,as_expected
FEE0006593,TRF0006684,55.450000,0.000000,55.450000,55.450000,0.000000,as_expected
FEE0006594,TRF0006685,1.860000,0.000000,1.860000,1.860000,0.000000,as_expected
FEE0006595,TRF0006686,1.800000,0.000000,1.800000,1.800000,0.000000,as_expected
FEE0006596,TRF0006687,14.400000,0.000000,14.400000,14.400000,0.000000,as_expected
FEE0006597,TRF0006688,4.380000,0.000000,4.380000,4.380000,0.000000,as_expected
FEE0006598,TRF0006689,3.440000,0.000000,3.440000,3.440000,0.000000,as_expected
FEE0006599,TRF0006690,28.840000,0.000000,28.840000,28.840000,0.000000,as_expected
FEE0006600,TRF0006691,3.300000,0.000000,3.300000,3.300000,0.000000,as_expected
FEE0006601,TRF0006692,2.510000,0.000000,2.510000,2.510000,0.000000,as_expected
FEE0006602,TRF0006693,78.760000,0.000000,78.760000,78.760000,0.000000,as_expected
FEE0006603,TRF0006694,710.880000,0.000000,710.880000,710.880000,0.000000,as_expected
FEE0006604,TRF0006695,1.730000,0.000000,1.730000,1.730000,0.000000,as_expected
FEE0006605,TRF0006696,4.120000,0.000000,4.120000,4.120000,0.000000,as_expected
FEE0006606,TRF0006697,5.500000,0.000000,5.500000,5.500000,0.000000,as_expected
FEE0006607,TRF0006698,2.070000,0.000000,2.070000,2.070000,0.000000,as_expected
FEE0006608,TRF0006699,1.260000,0.000000,1.260000,1.260000,0.000000,as_expected
FEE0006609,TRF0006700,10.720000,0.000000,10.720000,10.720000,0.000000,as_expected
FEE0006610,TRF0006701,2.440000,0.210000,2.230000,2.230000,0.000000,approved_price_investment
FEE0006611,TRF0006702,30.900000,0.000000,30.900000,30.900000,0.000000,as_expected
FEE0006612,TRF0006703,5.340000,0.000000,5.340000,5.340000,0.000000,as_expected
FEE0006613,TRF0006704,50.590000,0.000000,50.590000,50.590000,0.000000,as_expected
FEE0006614,TRF0006705,1.900000,0.000000,1.900000,1.900000,0.000000,as_expected
FEE0006615,TRF0006706,27.080000,0.000000,27.080000,27.080000,0.000000,as_expected
FEE0006616,TRF0006707,176.570000,0.000000,176.570000,176.570000,0.000000,as_expected
FEE0006617,TRF0006708,1.860000,0.000000,1.860000,1.860000,0.000000,as_expected
FEE0006618,TRF0006709,2.570000,0.000000,2.570000,2.570000,0.000000,as_expected
FEE0006619,TRF0006710,2.030000,0.160000,1.870000,1.870000,0.000000,approved_price_investment
FEE0006620,TRF0006711,2.630000,0.160000,2.470000,2.470000,0.000000,approved_price_investment
FEE0006621,TRF0006712,5.040000,0.000000,5.040000,5.040000,0.000000,as_expected
FEE0006622,TRF0006713,3.260000,0.000000,3.260000,3.260000,0.000000,as_expected
FEE0006623,TRF0006714,1.330000,0.000000,1.330000,1.330000,0.000000,as_expected
FEE0006624,TRF0006715,25.830000,0.000000,25.830000,25.830000,0.000000,as_expected
FEE0006625,TRF0006716,19.910000,0.000000,19.910000,19.910000,0.000000,as_expected
FEE0006626,TRF0006717,3.180000,0.000000,3.180000,3.180000,0.000000,as_expected
FEE0006627,TRF0006718,1.400000,0.000000,1.400000,1.400000,0.000000,as_expected
FEE0006628,TRF0006719,7.810000,0.000000,7.810000,7.810000,0.000000,as_expected
FEE0006629,TRF0006720,1.830000,0.000000,1.830000,1.830000,0.000000,as_expected
FEE0006630,TRF0006721,3.640000,0.000000,3.640000,3.640000,0.000000,as_expected
FEE0006631,TRF0006722,394.140000,0.000000,394.140000,394.140000,0.000000,as_expected
FEE0006632,TRF0006723,1.750000,0.000000,1.750000,1.750000,0.000000,as_expected
FEE0006633,TRF0006724,75.330000,8.510000,66.820000,66.820000,0.000000,approved_price_investment
FEE0006634,TRF0006725,4.560000,0.000000,4.560000,4.560000,0.000000,as_expected
FEE0006635,TRF0006726,1.510000,0.070000,1.440000,1.440000,0.000000,approved_price_investment
FEE0006636,TRF0006727,35.940000,0.000000,35.940000,35.940000,0.000000,as_expected
FEE0006637,TRF0006728,5.490000,0.000000,5.490000,5.490000,0.000000,as_expected
FEE0006638,TRF0006729,3.020000,0.000000,3.020000,3.020000,0.000000,as_expected
FEE0006639,TRF0006730,581.020000,0.000000,581.020000,581.020000,0.000000,as_expected
FEE0006640,TRF0006731,2.110000,0.000000,2.110000,2.110000,0.000000,as_expected
FEE0006641,TRF0006732,1.640000,0.000000,1.640000,1.640000,0.000000,as_expected
FEE0006642,TRF0006733,26.060000,2.230000,23.830000,23.830000,0.000000,approved_price_investment
FEE0006643,TRF0006734,2.220000,0.000000,2.220000,2.220000,0.000000,as_expected
FEE0006644,TRF0006735,2.050000,0.000000,2.050000,2.050000,0.000000,as_expected
FEE0006645,TRF0006736,3.010000,0.000000,3.010000,3.010000,0.000000,as_expected
FEE0006646,TRF0006737,5.050000,0.000000,5.050000,5.050000,0.000000,as_expected
FEE0006647,TRF0006738,23.510000,0.000000,23.510000,23.510000,0.000000,as_expected
FEE0006648,TRF0006739,2.780000,0.000000,2.780000,2.780000,0.000000,as_expected
FEE0006649,TRF0006740,18.720000,0.000000,18.720000,18.720000,0.000000,as_expected
FEE0006650,TRF0006741,4.510000,0.000000,4.510000,4.510000,0.000000,as_expected
FEE0006651,TRF0006742,13.590000,0.000000,13.590000,13.590000,0.000000,as_expected
FEE0006652,TRF0006743,3.070000,0.000000,3.070000,3.070000,0.000000,as_expected
FEE0006653,TRF0006744,383.780000,0.000000,383.780000,383.780000,0.000000,as_expected
FEE0006654,TRF0006745,3.600000,0.330000,3.270000,3.270000,0.000000,approved_price_investment
FEE0006655,TRF0006746,4.180000,0.000000,4.180000,4.180000,0.000000,as_expected
FEE0006656,TRF0006747,4.500000,0.000000,4.500000,4.500000,0.000000,as_expected
FEE0006657,TRF0006748,4.410000,0.000000,4.410000,4.410000,0.000000,as_expected
FEE0006658,TRF0006749,6.590000,0.000000,6.590000,6.590000,0.000000,as_expected
FEE0006659,TRF0006750,15.280000,0.000000,15.280000,15.280000,0.000000,as_expected
FEE0006660,TRF0006751,11.920000,0.000000,11.920000,11.920000,0.000000,as_expected
FEE0006661,TRF0006752,15.970000,0.000000,15.970000,15.970000,0.000000,as_expected
FEE0006662,TRF0006753,3.090000,0.000000,3.090000,3.090000,0.000000,as_expected
FEE0006663,TRF0006754,0.900000,0.000000,0.900000,0.900000,0.000000,as_expected
FEE0006664,TRF0006755,4.040000,0.000000,4.040000,4.040000,0.000000,as_expected
FEE0006665,TRF0006756,8.530000,0.000000,8.530000,8.530000,0.000000,as_expected
FEE0006666,TRF0006757,4.820000,0.000000,4.820000,4.820000,0.000000,as_expected
FEE0006667,TRF0006758,50.020000,0.000000,50.020000,50.020000,0.000000,as_expected
FEE0006668,TRF0006759,54.320000,0.000000,54.320000,54.320000,0.000000,as_expected
FEE0006669,TRF0006760,56.900000,0.000000,56.900000,56.900000,0.000000,as_expected
FEE0006670,TRF0006761,2.520000,0.000000,2.520000,2.520000,0.000000,as_expected
FEE0006671,TRF0006762,2.590000,0.000000,2.590000,2.590000,0.000000,as_expected
FEE0006672,TRF0006763,0.890000,0.000000,0.890000,0.890000,0.000000,as_expected
FEE0006673,TRF0006764,6.730000,0.000000,6.730000,6.730000,0.000000,as_expected
FEE0006674,TRF0006765,3.290000,0.000000,3.290000,3.290000,0.000000,as_expected
FEE0006675,TRF0006767,5.010000,0.000000,5.010000,5.010000,0.000000,as_expected
FEE0006676,TRF0006768,34.600000,0.000000,34.600000,34.600000,0.000000,as_expected
FEE0006677,TRF0006769,3.140000,0.000000,3.140000,3.140000,0.000000,as_expected
FEE0006678,TRF0006770,3.530000,0.000000,3.530000,3.530000,0.000000,as_expected
FEE0006679,TRF0006771,301.490000,37.640000,263.850000,263.850000,0.000000,approved_price_investment
FEE0006680,TRF0006772,1.410000,0.000000,1.410000,1.410000,0.000000,as_expected
FEE0006681,TRF0006773,1.800000,0.000000,1.800000,1.800000,0.000000,as_expected
FEE0006682,TRF0006774,1.750000,0.000000,1.750000,1.750000,0.000000,as_expected
FEE0006683,TRF0006775,7.460000,0.000000,7.460000,7.460000,0.000000,as_expected
FEE0006684,TRF0006776,88.080000,0.000000,88.080000,88.080000,0.000000,as_expected
FEE0006685,TRF0006777,8.900000,0.000000,8.900000,8.900000,0.000000,as_expected
FEE0006686,TRF0006778,9.360000,0.000000,9.360000,9.360000,0.000000,as_expected
FEE0006687,TRF0006779,17.480000,0.000000,17.480000,17.480000,0.000000,as_expected
FEE0006688,TRF0006780,9.900000,0.000000,9.900000,9.900000,0.000000,as_expected
FEE0006689,TRF0006781,23.700000,0.000000,23.700000,23.700000,0.000000,as_expected
FEE0006690,TRF0006782,5.840000,0.000000,5.840000,5.840000,0.000000,as_expected
FEE0006691,TRF0006783,2.970000,0.000000,2.970000,2.970000,0.000000,as_expected
FEE0006692,TRF0006784,0.880000,0.000000,0.880000,0.880000,0.000000,as_expected
FEE0006693,TRF0006785,22.230000,0.000000,22.230000,22.230000,0.000000,as_expected
FEE0006694,TRF0006786,1.330000,0.000000,1.330000,1.330000,0.000000,as_expected
FEE0006695,TRF0006787,1.980000,0.000000,1.980000,1.980000,0.000000,as_expected
FEE0006696,TRF0006788,42.660000,0.000000,42.660000,42.660000,0.000000,as_expected
FEE0006697,TRF0006789,17.160000,0.000000,17.160000,17.160000,0.000000,as_expected
FEE0006698,TRF0006790,17.120000,0.000000,17.120000,17.120000,0.000000,as_expected
FEE0006699,TRF0006791,18.730000,0.000000,18.730000,18.730000,0.000000,as_expected
FEE0006700,TRF0006792,113.630000,0.000000,113.630000,113.630000,0.000000,as_expected
FEE0006701,TRF0006793,5.460000,0.000000,5.460000,5.460000,0.000000,as_expected
FEE0006702,TRF0006794,7.240000,0.000000,7.240000,7.240000,0.000000,as_expected
FEE0006703,TRF0006795,2.340000,0.000000,2.340000,2.340000,0.000000,as_expected
FEE0006704,TRF0006796,29.940000,3.360000,26.580000,26.580000,0.000000,approved_price_investment
FEE0006705,TRF0006797,18.160000,0.000000,18.160000,11.480000,6.680000,unexpected_shortfall
FEE0006706,TRF0006798,2.240000,0.000000,2.240000,2.240000,0.000000,as_expected
FEE0006707,TRF0006799,3.700000,0.000000,3.700000,3.700000,0.000000,as_expected
FEE0006708,TRF0006800,82.880000,0.000000,82.880000,82.880000,0.000000,as_expected
FEE0006709,TRF0006801,1.990000,0.000000,1.990000,1.990000,0.000000,as_expected
FEE0006710,TRF0006802,13.510000,0.000000,13.510000,13.510000,0.000000,as_expected
FEE0006711,TRF0006803,55.850000,0.000000,55.850000,55.850000,0.000000,as_expected
FEE0006712,TRF0006804,12.820000,0.000000,12.820000,12.820000,0.000000,as_expected
FEE0006713,TRF0006805,7.010000,0.000000,7.010000,7.010000,0.000000,as_expected
FEE0006714,TRF0006806,3.700000,0.000000,3.700000,3.700000,0.000000,as_expected
FEE0006715,TRF0006807,6.790000,0.000000,6.790000,6.790000,0.000000,as_expected
FEE0006716,TRF0006808,17.310000,0.000000,17.310000,17.310000,0.000000,as_expected
FEE0006717,TRF0006809,2.000000,0.000000,2.000000,2.000000,0.000000,as_expected
FEE0006718,TRF0006810,2.880000,0.000000,2.880000,2.880000,0.000000,as_expected
FEE0006719,TRF0006811,10.030000,0.000000,10.030000,10.030000,0.000000,as_expected
FEE0006720,TRF0006812,3.870000,0.000000,3.870000,3.870000,0.000000,as_expected
FEE0006721,TRF0006813,3.470000,0.000000,3.470000,3.470000,0.000000,as_expected
FEE0006722,TRF0006814,1.770000,0.000000,1.770000,1.770000,0.000000,as_expected
FEE0006723,TRF0006815,1.950000,0.000000,1.950000,1.950000,0.000000,as_expected
FEE0006724,TRF0006816,2.770000,0.000000,2.770000,2.770000,0.000000,as_expected
FEE0006725,TRF0006817,24.030000,0.000000,24.030000,24.030000,0.000000,as_expected
FEE0006726,TRF0006818,2.580000,0.000000,2.580000,2.580000,0.000000,as_expected
FEE0006727,TRF0006819,1.840000,0.000000,1.840000,1.840000,0.000000,as_expected
FEE0006728,TRF0006820,2.600000,0.000000,2.600000,2.600000,0.000000,as_expected
FEE0006729,TRF0006821,1.130000,0.000000,1.130000,1.130000,0.000000,as_expected
FEE0006730,TRF0006822,3.500000,0.000000,3.500000,3.500000,0.000000,as_expected
FEE0006731,TRF0006823,49.560000,0.000000,49.560000,49.560000,0.000000,as_expected
FEE0006732,TRF0006825,46.010000,0.000000,46.010000,46.010000,0.000000,as_expected
FEE0006733,TRF0006826,7.170000,0.000000,7.170000,7.170000,0.000000,as_expected
FEE0006734,TRF0006827,20.910000,0.000000,20.910000,20.910000,0.000000,as_expected
FEE0006735,TRF0006828,4.210000,0.000000,4.210000,4.210000,0.000000,as_expected
FEE0006736,TRF0006829,4.760000,0.000000,4.760000,4.760000,0.000000,as_expected
FEE0006737,TRF0006830,9.840000,0.000000,9.840000,9.840000,0.000000,as_expected
FEE0006738,TRF0006831,1.230000,0.000000,1.230000,1.230000,0.000000,as_expected
FEE0006739,TRF0006832,6.220000,0.000000,6.220000,6.220000,0.000000,as_expected
FEE0006740,TRF0006833,6.180000,0.000000,6.180000,6.180000,0.000000,as_expected
FEE0006741,TRF0006834,2.250000,0.000000,2.250000,2.250000,0.000000,as_expected
FEE0006742,TRF0006835,2.980000,0.000000,2.980000,2.980000,0.000000,as_expected
FEE0006743,TRF0006836,1.630000,0.000000,1.630000,1.630000,0.000000,as_expected
FEE0006744,TRF0006837,1.940000,0.000000,1.940000,1.940000,0.000000,as_expected
FEE0006745,TRF0006838,17.030000,0.000000,17.030000,17.030000,0.000000,as_expected
FEE0006746,TRF0006839,4.220000,0.000000,4.220000,4.220000,0.000000,as_expected
FEE0006747,TRF0006840,115.380000,0.000000,115.380000,115.380000,0.000000,as_expected
FEE0006748,TRF0006841,0.820000,0.000000,0.820000,0.820000,0.000000,as_expected
FEE0006749,TRF0006842,4.500000,0.000000,4.500000,4.500000,0.000000,as_expected
FEE0006750,TRF0006843,1.430000,0.100000,1.330000,1.330000,0.000000,approved_price_investment
FEE0006751,TRF0006844,3.940000,0.000000,3.940000,3.940000,0.000000,as_expected
FEE0006752,TRF0006845,3.830000,0.000000,3.830000,3.830000,0.000000,as_expected
FEE0006753,TRF0006846,2.090000,0.000000,2.090000,2.090000,0.000000,as_expected
FEE0006754,TRF0006847,3.990000,0.000000,3.990000,3.990000,0.000000,as_expected
FEE0006755,TRF0006848,3.710000,0.000000,3.710000,3.710000,0.000000,as_expected
FEE0006756,TRF0006849,875.400000,0.000000,875.400000,875.400000,0.000000,as_expected
FEE0006757,TRF0006850,16.590000,0.000000,16.590000,16.590000,0.000000,as_expected
FEE0006758,TRF0006851,1.830000,0.000000,1.830000,1.830000,0.000000,as_expected
FEE0006759,TRF0006852,3.510000,0.000000,3.510000,3.510000,0.000000,as_expected
FEE0006760,TRF0006853,30.550000,0.000000,30.550000,30.550000,0.000000,as_expected
FEE0006761,TRF0006854,77.810000,0.000000,77.810000,77.810000,0.000000,as_expected
FEE0006762,TRF0006855,56.530000,0.000000,56.530000,56.530000,0.000000,as_expected
FEE0006763,TRF0006856,1.810000,0.000000,1.810000,1.810000,0.000000,as_expected
FEE0006764,TRF0006857,2.920000,0.000000,2.920000,2.920000,0.000000,as_expected
FEE0006765,TRF0006858,18.100000,0.000000,18.100000,18.100000,0.000000,as_expected
FEE0006766,TRF0006859,186.600000,0.000000,186.600000,186.600000,0.000000,as_expected
FEE0006767,TRF0006860,2.330000,0.000000,2.330000,2.330000,0.000000,as_expected
FEE0006768,TRF0006861,2.710000,0.000000,2.710000,2.710000,0.000000,as_expected
FEE0006769,TRF0006862,10.280000,0.000000,10.280000,10.280000,0.000000,as_expected
FEE0006770,TRF0006863,149.210000,13.040000,136.170000,136.170000,0.000000,approved_price_investment
FEE0006771,TRF0006864,1.660000,0.000000,1.660000,1.660000,0.000000,as_expected
FEE0006772,TRF0006865,0.910000,0.000000,0.910000,0.910000,0.000000,as_expected
FEE0006773,TRF0006866,48.450000,0.000000,48.450000,48.450000,0.000000,as_expected
FEE0006774,TRF0006867,1.400000,0.060000,1.340000,1.340000,0.000000,approved_price_investment
FEE0006775,TRF0006868,2.240000,0.000000,2.240000,2.240000,0.000000,as_expected
FEE0006776,TRF0006869,26.390000,0.000000,26.390000,26.390000,0.000000,as_expected
FEE0006777,TRF0006870,2.310000,0.000000,2.310000,2.310000,0.000000,as_expected
FEE0006778,TRF0006871,1.410000,0.000000,1.410000,1.410000,0.000000,as_expected
FEE0006779,TRF0006872,2.970000,0.290000,2.680000,2.680000,0.000000,approved_price_investment
FEE0006780,TRF0006873,4.950000,0.000000,4.950000,4.950000,0.000000,as_expected
FEE0006781,TRF0006874,7.390000,0.000000,7.390000,7.390000,0.000000,as_expected
FEE0006782,TRF0006875,19.780000,2.150000,17.630000,17.630000,0.000000,approved_price_investment
FEE0006783,TRF0006876,3.950000,0.000000,3.950000,3.950000,0.000000,as_expected
FEE0006784,TRF0006877,9.480000,0.000000,9.480000,9.480000,0.000000,as_expected
FEE0006785,TRF0006878,12.010000,0.000000,12.010000,12.010000,0.000000,as_expected
FEE0006786,TRF0006879,4.680000,0.000000,4.680000,4.680000,0.000000,as_expected
FEE0006787,TRF0006880,5.850000,0.000000,5.850000,5.850000,0.000000,as_expected
FEE0006788,TRF0006881,197.650000,0.000000,197.650000,197.650000,0.000000,as_expected
FEE0006789,TRF0006882,2.210000,0.000000,2.210000,2.210000,0.000000,as_expected
FEE0006790,TRF0006883,1.420000,0.000000,1.420000,1.420000,0.000000,as_expected
FEE0006791,TRF0006884,55.710000,0.000000,55.710000,55.710000,0.000000,as_expected
FEE0006792,TRF0006885,55.570000,0.000000,55.570000,55.570000,0.000000,as_expected
FEE0006793,TRF0006886,3.240000,0.000000,3.240000,3.240000,0.000000,as_expected
FEE0006794,TRF0006887,15.030000,0.000000,15.030000,15.030000,0.000000,as_expected
FEE0006795,TRF0006888,3.980000,0.000000,3.980000,3.980000,0.000000,as_expected
FEE0006796,TRF0006889,1.990000,0.000000,1.990000,1.990000,0.000000,as_expected
FEE0006797,TRF0006890,5.790000,0.000000,5.790000,5.790000,0.000000,as_expected
FEE0006798,TRF0006891,1.460000,0.000000,1.460000,1.460000,0.000000,as_expected
FEE0006799,TRF0006892,32.650000,0.000000,32.650000,32.650000,0.000000,as_expected
FEE0006800,TRF0006893,10.640000,0.000000,10.640000,10.640000,0.000000,as_expected
FEE0006801,TRF0006894,8.610000,0.000000,8.610000,8.610000,0.000000,as_expected
FEE0006802,TRF0006895,1.500000,0.000000,1.500000,1.500000,0.000000,as_expected
FEE0006803,TRF0006896,24.240000,0.000000,24.240000,15.280000,8.960000,unexpected_shortfall
FEE0006804,TRF0006897,19.900000,0.000000,19.900000,19.900000,0.000000,as_expected
FEE0006805,TRF0006898,2.350000,0.000000,2.350000,2.350000,0.000000,as_expected
FEE0006806,TRF0006899,4.760000,0.000000,4.760000,4.760000,0.000000,as_expected
FEE0006807,TRF0006900,6.090000,0.000000,6.090000,6.090000,0.000000,as_expected
FEE0006808,TRF0006901,120.200000,0.000000,120.200000,120.200000,0.000000,as_expected
FEE0006809,TRF0006902,1225.350000,0.000000,1225.350000,1225.350000,0.000000,as_expected
FEE0006810,TRF0006903,0.910000,0.000000,0.910000,0.910000,0.000000,as_expected
FEE0006811,TRF0006904,16.660000,0.000000,16.660000,16.660000,0.000000,as_expected
FEE0006812,TRF0006905,2.750000,0.000000,2.750000,2.750000,0.000000,as_expected
FEE0006813,TRF0006906,2.340000,0.000000,2.340000,2.340000,0.000000,as_expected
FEE0006814,TRF0006907,4.830000,0.000000,4.830000,4.830000,0.000000,as_expected
FEE0006815,TRF0006908,1.300000,0.000000,1.300000,1.300000,0.000000,as_expected
FEE0006816,TRF0006909,3.970000,0.000000,3.970000,3.970000,0.000000,as_expected
FEE0006817,TRF0006910,5.150000,0.000000,5.150000,5.150000,0.000000,as_expected
FEE0006818,TRF0006911,5.700000,0.000000,5.700000,5.700000,0.000000,as_expected
FEE0006819,TRF0006912,4.010000,0.000000,4.010000,4.010000,0.000000,as_expected
FEE0006820,TRF0006913,1.830000,0.000000,1.830000,1.830000,0.000000,as_expected
FEE0006821,TRF0006914,10.790000,0.000000,10.790000,10.790000,0.000000,as_expected
FEE0006822,TRF0006915,59.290000,0.000000,59.290000,59.290000,0.000000,as_expected
FEE0006823,TRF0006916,67.700000,0.000000,67.700000,67.700000,0.000000,as_expected
FEE0006824,TRF0006917,4.560000,0.000000,4.560000,4.560000,0.000000,as_expected
FEE0006825,TRF0006918,1.870000,0.000000,1.870000,1.870000,0.000000,as_expected
FEE0006826,TRF0006919,4.040000,0.000000,4.040000,4.040000,0.000000,as_expected
FEE0006827,TRF0006920,3.530000,0.000000,3.530000,3.530000,0.000000,as_expected
FEE0006828,TRF0006921,4.360000,0.000000,4.360000,4.360000,0.000000,as_expected
FEE0006829,TRF0006922,44.640000,0.000000,44.640000,44.640000,0.000000,as_expected
FEE0006830,TRF0006923,20.540000,0.000000,20.540000,20.540000,0.000000,as_expected
FEE0006831,TRF0006924,11.710000,0.000000,11.710000,11.710000,0.000000,as_expected
FEE0006832,TRF0006925,105.220000,0.000000,105.220000,105.220000,0.000000,as_expected
FEE0006833,TRF0006926,1.470000,0.110000,1.360000,1.360000,0.000000,approved_price_investment
FEE0006834,TRF0006927,1.760000,0.000000,1.760000,1.760000,0.000000,as_expected
FEE0006835,TRF0006928,74.680000,0.000000,74.680000,74.680000,0.000000,as_expected
FEE0006836,TRF0006929,29.050000,0.000000,29.050000,29.050000,0.000000,as_expected
FEE0006837,TRF0006930,34.380000,0.000000,34.380000,34.380000,0.000000,as_expected
FEE0006838,TRF0006932,2.930000,0.000000,2.930000,2.930000,0.000000,as_expected
FEE0006839,TRF0006933,95.630000,0.000000,95.630000,95.630000,0.000000,as_expected
FEE0006840,TRF0006934,9.520000,1.010000,8.510000,8.510000,0.000000,approved_price_investment
FEE0006841,TRF0006935,1.220000,0.000000,1.220000,1.220000,0.000000,as_expected
FEE0006842,TRF0006936,64.090000,0.000000,64.090000,64.090000,0.000000,as_expected
FEE0006843,TRF0006937,31.620000,0.000000,31.620000,31.620000,0.000000,as_expected
FEE0006844,TRF0006938,3.520000,0.000000,3.520000,3.520000,0.000000,as_expected
FEE0006845,TRF0006939,6.850000,0.000000,6.850000,6.850000,0.000000,as_expected
FEE0006846,TRF0006940,48.860000,0.000000,48.860000,30.670000,18.190000,unexpected_shortfall
FEE0006847,TRF0006941,23.930000,0.000000,23.930000,23.930000,0.000000,as_expected
FEE0006848,TRF0006942,9.200000,0.000000,9.200000,9.200000,0.000000,as_expected
FEE0006849,TRF0006943,4.020000,0.000000,4.020000,4.020000,0.000000,as_expected
FEE0006850,TRF0006944,13.740000,0.000000,13.740000,13.740000,0.000000,as_expected
FEE0006851,TRF0006945,3.000000,0.000000,3.000000,3.000000,0.000000,as_expected
FEE0006852,TRF0006946,25.440000,0.000000,25.440000,25.440000,0.000000,as_expected
FEE0006853,TRF0006947,1.450000,0.000000,1.450000,1.450000,0.000000,as_expected
FEE0006854,TRF0006948,139.840000,0.000000,139.840000,139.840000,0.000000,as_expected
FEE0006855,TRF0006949,11.340000,0.000000,11.340000,11.340000,0.000000,as_expected
FEE0006856,TRF0006950,18.280000,0.000000,18.280000,18.280000,0.000000,as_expected
FEE0006857,TRF0006951,57.290000,0.000000,57.290000,57.290000,0.000000,as_expected
FEE0006858,TRF0006952,15.350000,0.000000,15.350000,15.350000,0.000000,as_expected
FEE0006859,TRF0006953,30.680000,0.000000,30.680000,30.680000,0.000000,as_expected
FEE0006860,TRF0006954,12.030000,0.000000,12.030000,12.030000,0.000000,as_expected
FEE0006861,TRF0006955,24.730000,0.000000,24.730000,24.730000,0.000000,as_expected
FEE0006862,TRF0006956,14.180000,0.000000,14.180000,14.180000,0.000000,as_expected
FEE0006863,TRF0006957,1.180000,0.000000,1.180000,1.180000,0.000000,as_expected
FEE0006864,TRF0006958,3.950000,0.000000,3.950000,3.950000,0.000000,as_expected
FEE0006865,TRF0006959,2.340000,0.000000,2.340000,2.340000,0.000000,as_expected
FEE0006866,TRF0006960,2.650000,0.000000,2.650000,2.650000,0.000000,as_expected
FEE0006867,TRF0006961,41.910000,0.000000,41.910000,41.910000,0.000000,as_expected
FEE0006868,TRF0006962,194.130000,0.000000,194.130000,194.130000,0.000000,as_expected
FEE0006869,TRF0006963,73.910000,0.000000,73.910000,73.910000,0.000000,as_expected
FEE0006870,TRF0006964,9.290000,0.000000,9.290000,9.290000,0.000000,as_expected
FEE0006871,TRF0006965,40.320000,0.000000,40.320000,40.320000,0.000000,as_expected
FEE0006872,TRF0006966,0.750000,0.000000,0.750000,0.750000,0.000000,as_expected
FEE0006873,TRF0006967,0.980000,0.000000,0.980000,0.980000,0.000000,as_expected
FEE0006874,TRF0006968,1.840000,0.000000,1.840000,1.840000,0.000000,as_expected
FEE0006875,TRF0006969,2.470000,0.000000,2.470000,2.470000,0.000000,as_expected
FEE0006876,TRF0006970,2.580000,0.000000,2.580000,2.580000,0.000000,as_expected
FEE0006877,TRF0006971,2.650000,0.000000,2.650000,2.650000,0.000000,as_expected
FEE0006878,TRF0006972,2.240000,0.000000,2.240000,2.240000,0.000000,as_expected
FEE0006879,TRF0006973,25.410000,0.000000,25.410000,25.410000,0.000000,as_expected
FEE0006880,TRF0006974,2.850000,0.000000,2.850000,2.850000,0.000000,as_expected
FEE0006881,TRF0006975,5.080000,0.000000,5.080000,5.080000,0.000000,as_expected
FEE0006882,TRF0006976,3.050000,0.000000,3.050000,3.050000,0.000000,as_expected
FEE0006883,TRF0006977,214.990000,20.230000,194.760000,194.760000,0.000000,approved_price_investment
FEE0006884,TRF0006978,2.470000,0.000000,2.470000,2.470000,0.000000,as_expected
FEE0006885,TRF0006979,1.160000,0.000000,1.160000,1.160000,0.000000,as_expected
FEE0006886,TRF0006980,10.320000,0.000000,10.320000,10.320000,0.000000,as_expected
FEE0006887,TRF0006981,9.130000,0.000000,9.130000,9.130000,0.000000,as_expected
FEE0006888,TRF0006982,4.650000,0.000000,4.650000,4.650000,0.000000,as_expected
FEE0006889,TRF0006983,1.060000,0.000000,1.060000,1.060000,0.000000,as_expected
FEE0006890,TRF0006984,1.020000,0.000000,1.020000,1.020000,0.000000,as_expected
FEE0006891,TRF0006985,0.990000,0.000000,0.990000,0.990000,0.000000,as_expected
FEE0006892,TRF0006986,29.510000,0.000000,29.510000,29.510000,0.000000,as_expected
FEE0006893,TRF0006987,3.100000,0.000000,3.100000,3.100000,0.000000,as_expected
FEE0006894,TRF0006989,32.480000,0.000000,32.480000,32.480000,0.000000,as_expected
FEE0006895,TRF0006990,117.500000,0.000000,117.500000,117.500000,0.000000,as_expected
FEE0006896,TRF0006991,18.180000,0.000000,18.180000,18.180000,0.000000,as_expected
FEE0006897,TRF0006992,5.470000,0.000000,5.470000,5.470000,0.000000,as_expected
FEE0006898,TRF0006993,148.570000,0.000000,148.570000,148.570000,0.000000,as_expected
FEE0006899,TRF0006994,3.780000,0.000000,3.780000,3.780000,0.000000,as_expected
FEE0006900,TRF0006995,2.260000,0.000000,2.260000,2.260000,0.000000,as_expected
FEE0006901,TRF0006996,1.700000,0.000000,1.700000,1.700000,0.000000,as_expected
FEE0006902,TRF0006997,3.480000,0.000000,3.480000,3.480000,0.000000,as_expected
FEE0006903,TRF0006998,5.870000,0.000000,5.870000,5.870000,0.000000,as_expected
FEE0006904,TRF0006999,15.870000,0.000000,15.870000,15.870000,0.000000,as_expected
FEE0006905,TRF0007000,1.910000,0.000000,1.910000,1.910000,0.000000,as_expected
FEE0006906,TRF0007001,12.390000,0.000000,12.390000,12.390000,0.000000,as_expected
FEE0006907,TRF0007002,14.390000,0.000000,14.390000,14.390000,0.000000,as_expected
FEE0006908,TRF0007003,1.650000,0.000000,1.650000,1.650000,0.000000,as_expected
FEE0006909,TRF0007004,11.790000,0.000000,11.790000,11.790000,0.000000,as_expected
FEE0006910,TRF0007005,2.560000,0.000000,2.560000,2.560000,0.000000,as_expected
FEE0006911,TRF0007006,7.320000,0.000000,7.320000,7.320000,0.000000,as_expected
FEE0006912,TRF0007007,1.520000,0.000000,1.520000,1.520000,0.000000,as_expected
FEE0006913,TRF0007008,1.720000,0.000000,1.720000,1.720000,0.000000,as_expected
FEE0006914,TRF0007009,20.690000,0.000000,20.690000,13.060000,7.630000,unexpected_shortfall
FEE0006915,TRF0007010,1.730000,0.000000,1.730000,1.730000,0.000000,as_expected
FEE0006916,TRF0007011,10.700000,1.170000,9.530000,9.530000,0.000000,approved_price_investment
FEE0006917,TRF0007012,4.150000,0.000000,4.150000,4.150000,0.000000,as_expected
FEE0006918,TRF0007013,1.580000,0.000000,1.580000,1.580000,0.000000,as_expected
FEE0006919,TRF0007014,1.590000,0.000000,1.590000,1.590000,0.000000,as_expected
FEE0006920,TRF0007015,69.960000,0.000000,69.960000,43.860000,26.100000,unexpected_shortfall
FEE0006921,TRF0007016,25.790000,0.000000,25.790000,25.790000,0.000000,as_expected
FEE0006922,TRF0007017,46.110000,5.720000,40.390000,40.390000,0.000000,approved_price_investment
FEE0006923,TRF0007018,2.630000,0.000000,2.630000,2.630000,0.000000,as_expected
FEE0006924,TRF0007019,7.230000,0.000000,7.230000,7.230000,0.000000,as_expected
FEE0006925,TRF0007020,34.590000,0.000000,34.590000,34.590000,0.000000,as_expected
FEE0006926,TRF0007021,18.130000,0.000000,18.130000,18.130000,0.000000,as_expected
FEE0006927,TRF0007022,2.290000,0.000000,2.290000,2.290000,0.000000,as_expected
FEE0006928,TRF0007023,46.850000,0.000000,46.850000,29.410000,17.440000,unexpected_shortfall
FEE0006929,TRF0007024,3.980000,0.000000,3.980000,3.980000,0.000000,as_expected
FEE0006930,TRF0007025,2.780000,0.000000,2.780000,2.780000,0.000000,as_expected
FEE0006931,TRF0007026,16.230000,0.000000,16.230000,16.230000,0.000000,as_expected
FEE0006932,TRF0007027,30.520000,0.000000,30.520000,30.520000,0.000000,as_expected
FEE0006933,TRF0007028,49.130000,0.000000,49.130000,49.130000,0.000000,as_expected
FEE0006934,TRF0007029,1.310000,0.000000,1.310000,1.310000,0.000000,as_expected
FEE0006935,TRF0007031,2.620000,0.000000,2.620000,2.620000,0.000000,as_expected
FEE0006936,TRF0007032,1.530000,0.000000,1.530000,1.530000,0.000000,as_expected
FEE0006937,TRF0007033,8.950000,0.000000,8.950000,8.950000,0.000000,as_expected
FEE0006938,TRF0007034,78.140000,0.000000,78.140000,78.140000,0.000000,as_expected
FEE0006939,TRF0007035,467.830000,0.000000,467.830000,467.830000,0.000000,as_expected
FEE0006940,TRF0007036,2.160000,0.000000,2.160000,2.160000,0.000000,as_expected
FEE0006941,TRF0007037,101.340000,12.620000,88.720000,88.720000,0.000000,approved_price_investment
FEE0006942,TRF0007038,2.200000,0.000000,2.200000,2.200000,0.000000,as_expected
FEE0006943,TRF0007039,2.640000,0.000000,2.640000,2.640000,0.000000,as_expected
FEE0006944,TRF0007040,12.700000,0.000000,12.700000,12.700000,0.000000,as_expected
FEE0006945,TRF0007041,4.540000,0.000000,4.540000,4.540000,0.000000,as_expected
FEE0006946,TRF0007042,52.370000,0.000000,52.370000,52.370000,0.000000,as_expected
FEE0006947,TRF0007043,6.740000,0.000000,6.740000,6.740000,0.000000,as_expected
FEE0006948,TRF0007044,39.170000,0.000000,39.170000,39.170000,0.000000,as_expected
FEE0006949,TRF0007045,4.400000,0.000000,4.400000,4.400000,0.000000,as_expected
FEE0006950,TRF0007046,3.660000,0.000000,3.660000,3.660000,0.000000,as_expected
FEE0006951,TRF0007047,3.520000,0.000000,3.520000,3.520000,0.000000,as_expected
FEE0006952,TRF0007048,152.860000,0.000000,152.860000,152.860000,0.000000,as_expected
FEE0006953,TRF0007049,18.550000,0.000000,18.550000,18.550000,0.000000,as_expected
FEE0006954,TRF0007050,23.650000,0.000000,23.650000,23.650000,0.000000,as_expected
FEE0006955,TRF0007051,9.940000,0.000000,9.940000,9.940000,0.000000,as_expected
FEE0006956,TRF0007052,72.970000,0.000000,72.970000,72.970000,0.000000,as_expected
FEE0006957,TRF0007053,2.150000,0.000000,2.150000,2.150000,0.000000,as_expected
FEE0006958,TRF0007054,3.240000,0.000000,3.240000,3.240000,0.000000,as_expected
FEE0006959,TRF0007055,2.620000,0.000000,2.620000,2.620000,0.000000,as_expected
FEE0006960,TRF0007056,9.030000,0.000000,9.030000,5.780000,3.250000,unexpected_shortfall
FEE0006961,TRF0007057,2.760000,0.000000,2.760000,2.760000,0.000000,as_expected
FEE0006962,TRF0007058,164.230000,0.000000,164.230000,164.230000,0.000000,as_expected
FEE0006963,TRF0007059,214.170000,0.000000,214.170000,214.170000,0.000000,as_expected
FEE0006964,TRF0007060,1.680000,0.000000,1.680000,1.680000,0.000000,as_expected
FEE0006965,TRF0007061,2.670000,0.000000,2.670000,2.670000,0.000000,as_expected
FEE0006966,TRF0007062,25.300000,0.000000,25.300000,25.300000,0.000000,as_expected
FEE0006967,TRF0007063,5.270000,0.000000,5.270000,5.270000,0.000000,as_expected
FEE0006968,TRF0007064,10.280000,0.000000,10.280000,10.280000,0.000000,as_expected
FEE0006969,TRF0007065,4.890000,0.000000,4.890000,4.890000,0.000000,as_expected
FEE0006970,TRF0007066,3.720000,0.000000,3.720000,3.720000,0.000000,as_expected
FEE0006971,TRF0007067,48.490000,0.000000,48.490000,48.490000,0.000000,as_expected
FEE0006972,TRF0007068,46.260000,0.000000,46.260000,46.260000,0.000000,as_expected
FEE0006973,TRF0007069,5.920000,0.000000,5.920000,5.920000,0.000000,as_expected
FEE0006974,TRF0007070,3.680000,0.000000,3.680000,3.680000,0.000000,as_expected
FEE0006975,TRF0007071,11.240000,0.000000,11.240000,11.240000,0.000000,as_expected
FEE0006976,TRF0007072,1.170000,0.070000,1.100000,1.100000,0.000000,approved_price_investment
FEE0006977,TRF0007073,10.650000,1.060000,9.590000,9.590000,0.000000,approved_price_investment
FEE0006978,TRF0007074,3.380000,0.000000,3.380000,3.380000,0.000000,as_expected
FEE0006979,TRF0007075,5.930000,0.000000,5.930000,5.930000,0.000000,as_expected
FEE0006980,TRF0007076,17.780000,0.000000,17.780000,17.780000,0.000000,as_expected
FEE0006981,TRF0007077,1.810000,0.000000,1.810000,1.810000,0.000000,as_expected
FEE0006982,TRF0007078,3.420000,0.000000,3.420000,3.420000,0.000000,as_expected
FEE0006983,TRF0007079,3.270000,0.000000,3.270000,3.270000,0.000000,as_expected
FEE0006984,TRF0007080,96.920000,0.000000,96.920000,96.920000,0.000000,as_expected
FEE0006985,TRF0007081,5.870000,0.000000,5.870000,5.870000,0.000000,as_expected
FEE0006986,TRF0007082,9.360000,0.000000,9.360000,9.360000,0.000000,as_expected
FEE0006987,TRF0007083,2.370000,0.000000,2.370000,2.370000,0.000000,as_expected
FEE0006988,TRF0007084,3.300000,0.000000,3.300000,3.300000,0.000000,as_expected
FEE0006989,TRF0007085,14.700000,0.000000,14.700000,14.700000,0.000000,as_expected
FEE0006990,TRF0007086,10.050000,0.000000,10.050000,10.050000,0.000000,as_expected
FEE0006991,TRF0007087,0.590000,0.000000,0.590000,0.590000,0.000000,as_expected
FEE0006992,TRF0007088,16.960000,0.000000,16.960000,16.960000,0.000000,as_expected
FEE0006993,TRF0007089,5.980000,0.000000,5.980000,5.980000,0.000000,as_expected
FEE0006994,TRF0007090,1.280000,0.000000,1.280000,1.280000,0.000000,as_expected
FEE0006995,TRF0007091,4.910000,0.000000,4.910000,4.910000,0.000000,as_expected
FEE0006996,TRF0007092,2.120000,0.000000,2.120000,2.120000,0.000000,as_expected
FEE0006997,TRF0007093,21.210000,0.000000,21.210000,21.210000,0.000000,as_expected
FEE0006998,TRF0007094,2.350000,0.000000,2.350000,2.350000,0.000000,as_expected
FEE0006999,TRF0007095,39.840000,0.000000,39.840000,25.030000,14.810000,unexpected_shortfall
FEE0007000,TRF0007096,5.870000,0.000000,5.870000,5.870000,0.000000,as_expected
FEE0007001,TRF0007097,6.300000,0.000000,6.300000,6.300000,0.000000,as_expected
FEE0007002,TRF0007098,11.740000,0.000000,11.740000,11.740000,0.000000,as_expected
FEE0007003,TRF0007099,9.960000,0.000000,9.960000,9.960000,0.000000,as_expected
FEE0007004,TRF0007100,47.160000,0.000000,47.160000,47.160000,0.000000,as_expected
FEE0007005,TRF0007101,1.400000,0.060000,1.340000,1.340000,0.000000,approved_price_investment
FEE0007006,TRF0007102,21.270000,0.000000,21.270000,21.270000,0.000000,as_expected
FEE0007007,TRF0007103,12.280000,0.000000,12.280000,12.280000,0.000000,as_expected
FEE0007008,TRF0007104,2.170000,0.000000,2.170000,2.170000,0.000000,as_expected
FEE0007009,TRF0007105,8.990000,0.890000,8.100000,8.100000,0.000000,approved_price_investment
FEE0007010,TRF0007106,5.840000,0.000000,5.840000,5.840000,0.000000,as_expected
FEE0007011,TRF0007107,3.650000,0.000000,3.650000,3.650000,0.000000,as_expected
FEE0007012,TRF0007108,1.540000,0.000000,1.540000,1.540000,0.000000,as_expected
FEE0007013,TRF0007109,3.140000,0.000000,3.140000,3.140000,0.000000,as_expected
FEE0007014,TRF0007110,6.790000,0.000000,6.790000,6.790000,0.000000,as_expected
FEE0007015,TRF0007111,71.170000,0.000000,71.170000,71.170000,0.000000,as_expected
FEE0007016,TRF0007112,2.830000,0.000000,2.830000,2.830000,0.000000,as_expected
FEE0007017,TRF0007113,284.010000,0.000000,284.010000,284.010000,0.000000,as_expected
FEE0007018,TRF0007114,7.080000,0.690000,6.390000,6.390000,0.000000,approved_price_investment
FEE0007019,TRF0007115,15.460000,0.000000,15.460000,15.460000,0.000000,as_expected
FEE0007020,TRF0007116,2.950000,0.000000,2.950000,2.950000,0.000000,as_expected
FEE0007021,TRF0007117,3.460000,0.000000,3.460000,3.460000,0.000000,as_expected
FEE0007022,TRF0007118,49.360000,0.000000,49.360000,49.360000,0.000000,as_expected
FEE0007023,TRF0007119,4.980000,0.000000,4.980000,4.980000,0.000000,as_expected
FEE0007024,TRF0007120,6.330000,0.000000,6.330000,6.330000,0.000000,as_expected
FEE0007025,TRF0007121,2.520000,0.000000,2.520000,2.520000,0.000000,as_expected
FEE0007026,TRF0007122,10.200000,0.000000,10.200000,10.200000,0.000000,as_expected
FEE0007027,TRF0007123,17.530000,0.000000,17.530000,17.530000,0.000000,as_expected
FEE0007028,TRF0007124,11.930000,0.000000,11.930000,11.930000,0.000000,as_expected
FEE0007029,TRF0007125,4.510000,0.000000,4.510000,4.510000,0.000000,as_expected
FEE0007030,TRF0007126,1.700000,0.090000,1.610000,1.610000,0.000000,approved_price_investment
FEE0007031,TRF0007127,36.430000,0.000000,36.430000,36.430000,0.000000,as_expected
FEE0007032,TRF0007128,6.950000,0.000000,6.950000,6.950000,0.000000,as_expected
FEE0007033,TRF0007129,7.410000,0.000000,7.410000,7.410000,0.000000,as_expected
FEE0007034,TRF0007130,14.780000,0.000000,14.780000,14.780000,0.000000,as_expected
FEE0007035,TRF0007131,5.910000,0.000000,5.910000,5.910000,0.000000,as_expected
FEE0007036,TRF0007132,2.770000,0.000000,2.770000,2.770000,0.000000,as_expected
FEE0007037,TRF0007133,8.840000,0.000000,8.840000,8.840000,0.000000,as_expected
FEE0007038,TRF0007134,1.500000,0.000000,1.500000,1.500000,0.000000,as_expected
FEE0007039,TRF0007135,1.790000,0.000000,1.790000,1.790000,0.000000,as_expected
FEE0007040,TRF0007136,4.660000,0.000000,4.660000,4.660000,0.000000,as_expected
FEE0007041,TRF0007137,1.590000,0.000000,1.590000,1.590000,0.000000,as_expected
FEE0007042,TRF0007138,7.200000,0.000000,7.200000,7.200000,0.000000,as_expected
FEE0007043,TRF0007139,3.760000,0.000000,3.760000,3.760000,0.000000,as_expected
FEE0007044,TRF0007140,36.600000,0.000000,36.600000,36.600000,0.000000,as_expected
FEE0007045,TRF0007141,3.370000,0.000000,3.370000,3.370000,0.000000,as_expected
FEE0007046,TRF0007142,31.010000,0.000000,31.010000,31.010000,0.000000,as_expected
FEE0007047,TRF0007143,11.360000,0.000000,11.360000,11.360000,0.000000,as_expected
FEE0007048,TRF0007144,16.670000,0.000000,16.670000,16.670000,0.000000,as_expected
FEE0007049,TRF0007145,13.790000,0.000000,13.790000,13.790000,0.000000,as_expected
FEE0007050,TRF0007146,3.110000,0.000000,3.110000,3.110000,0.000000,as_expected
FEE0007051,TRF0007147,13.270000,0.000000,13.270000,13.270000,0.000000,as_expected
FEE0007052,TRF0007148,5.100000,0.000000,5.100000,5.100000,0.000000,as_expected
FEE0007053,TRF0007149,22.570000,0.000000,22.570000,22.570000,0.000000,as_expected
FEE0007054,TRF0007150,2.880000,0.000000,2.880000,2.880000,0.000000,as_expected
FEE0007055,TRF0007151,1.430000,0.000000,1.430000,1.430000,0.000000,as_expected
FEE0007056,TRF0007152,169.920000,0.000000,169.920000,106.330000,63.590000,unexpected_shortfall
FEE0007057,TRF0007153,3.210000,0.000000,3.210000,3.210000,0.000000,as_expected
FEE0007058,TRF0007154,20.720000,0.000000,20.720000,20.720000,0.000000,as_expected
FEE0007059,TRF0007155,2.070000,0.000000,2.070000,2.070000,0.000000,as_expected
FEE0007060,TRF0007156,0.820000,0.000000,0.820000,0.820000,0.000000,as_expected
FEE0007061,TRF0007157,6.750000,0.000000,6.750000,6.750000,0.000000,as_expected
FEE0007062,TRF0007158,9.990000,0.000000,9.990000,9.990000,0.000000,as_expected
FEE0007063,TRF0007159,2.150000,0.000000,2.150000,2.150000,0.000000,as_expected
FEE0007064,TRF0007160,11.490000,0.000000,11.490000,11.490000,0.000000,as_expected
FEE0007065,TRF0007161,2.530000,0.000000,2.530000,2.530000,0.000000,as_expected
FEE0007066,TRF0007162,86.040000,0.000000,86.040000,86.040000,0.000000,as_expected
FEE0007067,TRF0007163,4.490000,0.000000,4.490000,4.490000,0.000000,as_expected
FEE0007068,TRF0007164,4.080000,0.000000,4.080000,4.080000,0.000000,as_expected
FEE0007069,TRF0007165,2.100000,0.000000,2.100000,2.100000,0.000000,as_expected
FEE0007070,TRF0007166,15.590000,0.000000,15.590000,15.590000,0.000000,as_expected
FEE0007071,TRF0007167,3.780000,0.000000,3.780000,3.780000,0.000000,as_expected
FEE0007072,TRF0007169,1.460000,0.000000,1.460000,1.460000,0.000000,as_expected
FEE0007073,TRF0007170,0.880000,0.000000,0.880000,0.880000,0.000000,as_expected
FEE0007074,TRF0007171,2.850000,0.000000,2.850000,2.850000,0.000000,as_expected
FEE0007075,TRF0007172,7.900000,0.000000,7.900000,7.900000,0.000000,as_expected
FEE0007076,TRF0007173,74.240000,0.000000,74.240000,74.240000,0.000000,as_expected
FEE0007077,TRF0007174,2.750000,0.000000,2.750000,2.750000,0.000000,as_expected
FEE0007078,TRF0007175,4.140000,0.000000,4.140000,4.140000,0.000000,as_expected
FEE0007079,TRF0007176,12.710000,0.000000,12.710000,12.710000,0.000000,as_expected
FEE0007080,TRF0007177,19.230000,0.000000,19.230000,19.230000,0.000000,as_expected
FEE0007081,TRF0007178,5.060000,0.000000,5.060000,5.060000,0.000000,as_expected
FEE0007082,TRF0007179,3.390000,0.000000,3.390000,3.390000,0.000000,as_expected
FEE0007083,TRF0007180,2.210000,0.000000,2.210000,2.210000,0.000000,as_expected
FEE0007084,TRF0007181,12.110000,0.000000,12.110000,12.110000,0.000000,as_expected
FEE0007085,TRF0007182,217.090000,27.090000,190.000000,190.000000,0.000000,approved_price_investment
FEE0007086,TRF0007183,2.120000,0.000000,2.120000,2.120000,0.000000,as_expected
FEE0007087,TRF0007184,43.530000,0.000000,43.530000,43.530000,0.000000,as_expected
FEE0007088,TRF0007185,26.760000,0.000000,26.760000,26.760000,0.000000,as_expected
FEE0007089,TRF0007186,8.520000,0.000000,8.520000,8.520000,0.000000,as_expected
FEE0007090,TRF0007187,8.000000,0.000000,8.000000,8.000000,0.000000,as_expected
FEE0007091,TRF0007188,78.190000,0.000000,78.190000,78.190000,0.000000,as_expected
FEE0007092,TRF0007189,9.070000,0.000000,9.070000,9.070000,0.000000,as_expected
FEE0007093,TRF0007190,3.110000,0.000000,3.110000,3.110000,0.000000,as_expected
FEE0007094,TRF0007191,1.610000,0.000000,1.610000,1.610000,0.000000,as_expected
FEE0007095,TRF0007192,28.250000,0.000000,28.250000,28.250000,0.000000,as_expected
FEE0007096,TRF0007193,5.770000,0.000000,5.770000,5.770000,0.000000,as_expected
FEE0007097,TRF0007194,45.620000,0.000000,45.620000,45.620000,0.000000,as_expected
FEE0007098,TRF0007195,34.520000,0.000000,34.520000,34.520000,0.000000,as_expected
FEE0007099,TRF0007196,70.890000,0.000000,70.890000,70.890000,0.000000,as_expected
FEE0007100,TRF0007197,14.050000,0.000000,14.050000,14.050000,0.000000,as_expected
FEE0007101,TRF0007198,1.700000,0.000000,1.700000,1.700000,0.000000,as_expected
FEE0007102,TRF0007199,18.810000,0.000000,18.810000,18.810000,0.000000,as_expected
FEE0007103,TRF0007200,4.760000,0.000000,4.760000,4.760000,0.000000,as_expected
FEE0007104,TRF0007201,4.120000,0.000000,4.120000,4.120000,0.000000,as_expected
FEE0007105,TRF0007202,2.460000,0.000000,2.460000,2.460000,0.000000,as_expected
FEE0007106,TRF0007203,4.850000,0.000000,4.850000,4.850000,0.000000,as_expected
FEE0007107,TRF0007204,2.370000,0.000000,2.370000,2.370000,0.000000,as_expected
FEE0007108,TRF0007205,1.730000,0.000000,1.730000,1.730000,0.000000,as_expected
FEE0007109,TRF0007206,8.300000,0.000000,8.300000,8.300000,0.000000,as_expected
FEE0007110,TRF0007207,17.000000,0.000000,17.000000,17.000000,0.000000,as_expected
FEE0007111,TRF0007208,343.010000,0.000000,343.010000,343.010000,0.000000,as_expected
FEE0007112,TRF0007209,11.890000,0.000000,11.890000,11.890000,0.000000,as_expected
FEE0007113,TRF0007210,3.580000,0.000000,3.580000,3.580000,0.000000,as_expected
FEE0007114,TRF0007211,0.880000,0.000000,0.880000,0.880000,0.000000,as_expected
FEE0007115,TRF0007212,4.160000,0.000000,4.160000,4.160000,0.000000,as_expected
FEE0007116,TRF0007213,1.980000,0.000000,1.980000,1.980000,0.000000,as_expected
FEE0007117,TRF0007214,45.660000,0.000000,45.660000,45.660000,0.000000,as_expected
FEE0007118,TRF0007215,21.540000,0.000000,21.540000,21.540000,0.000000,as_expected
FEE0007119,TRF0007216,13.480000,0.000000,13.480000,13.480000,0.000000,as_expected
FEE0007120,TRF0007217,43.990000,0.000000,43.990000,43.990000,0.000000,as_expected
FEE0007121,TRF0007218,16.160000,0.000000,16.160000,16.160000,0.000000,as_expected
FEE0007122,TRF0007219,1.600000,0.000000,1.600000,1.600000,0.000000,as_expected
FEE0007123,TRF0007220,5.880000,0.430000,5.450000,5.450000,0.000000,approved_price_investment
FEE0007124,TRF0007221,2.570000,0.160000,2.410000,2.410000,0.000000,approved_price_investment
FEE0007125,TRF0007222,62.770000,0.000000,62.770000,62.770000,0.000000,as_expected
FEE0007126,TRF0007223,40.960000,0.000000,40.960000,40.960000,0.000000,as_expected
FEE0007127,TRF0007224,4.580000,0.000000,4.580000,4.580000,0.000000,as_expected
FEE0007128,TRF0007225,10.980000,0.000000,10.980000,10.980000,0.000000,as_expected
FEE0007129,TRF0007226,2.170000,0.000000,2.170000,2.170000,0.000000,as_expected
FEE0007130,TRF0007227,32.110000,0.000000,32.110000,32.110000,0.000000,as_expected
FEE0007131,TRF0007228,177.460000,0.000000,177.460000,177.460000,0.000000,as_expected
FEE0007132,TRF0007229,3.400000,0.000000,3.400000,3.400000,0.000000,as_expected
FEE0007133,TRF0007230,6.520000,0.000000,6.520000,6.520000,0.000000,as_expected
FEE0007134,TRF0007231,30.170000,0.000000,30.170000,30.170000,0.000000,as_expected
FEE0007135,TRF0007232,5.300000,0.000000,5.300000,3.440000,1.860000,unexpected_shortfall
FEE0007136,TRF0007233,16.860000,0.000000,16.860000,16.860000,0.000000,as_expected
FEE0007137,TRF0007234,9.710000,0.000000,9.710000,9.710000,0.000000,as_expected
FEE0007138,TRF0007235,93.700000,0.000000,93.700000,58.700000,35.000000,unexpected_shortfall
FEE0007139,TRF0007236,61.490000,0.000000,61.490000,61.490000,0.000000,as_expected
FEE0007140,TRF0007237,1.840000,0.000000,1.840000,1.840000,0.000000,as_expected
FEE0007141,TRF0007238,40.140000,0.000000,40.140000,25.220000,14.920000,unexpected_shortfall
FEE0007142,TRF0007239,82.040000,0.000000,82.040000,82.040000,0.000000,as_expected
FEE0007143,TRF0007240,1.820000,0.000000,1.820000,1.820000,0.000000,as_expected
FEE0007144,TRF0007241,34.610000,0.000000,34.610000,34.610000,0.000000,as_expected
FEE0007145,TRF0007242,2.010000,0.000000,2.010000,2.010000,0.000000,as_expected
FEE0007146,TRF0007243,3.110000,0.000000,3.110000,3.110000,0.000000,as_expected
FEE0007147,TRF0007244,1.260000,0.000000,1.260000,1.260000,0.000000,as_expected
FEE0007148,TRF0007245,3.010000,0.000000,3.010000,3.010000,0.000000,as_expected
FEE0007149,TRF0007246,29.330000,0.000000,29.330000,29.330000,0.000000,as_expected
FEE0007150,TRF0007247,44.120000,0.000000,44.120000,44.120000,0.000000,as_expected
FEE0007151,TRF0007248,39.420000,0.000000,39.420000,39.420000,0.000000,as_expected
FEE0007152,TRF0007249,1.870000,0.000000,1.870000,1.870000,0.000000,as_expected
FEE0007153,TRF0007250,10.640000,0.000000,10.640000,10.640000,0.000000,as_expected
FEE0007154,TRF0007251,47.050000,0.000000,47.050000,47.050000,0.000000,as_expected
FEE0007155,TRF0007252,22.300000,0.000000,22.300000,22.300000,0.000000,as_expected
FEE0007156,TRF0007253,30.100000,0.000000,30.100000,30.100000,0.000000,as_expected
FEE0007157,TRF0007254,8.380000,0.000000,8.380000,8.380000,0.000000,as_expected
FEE0007158,TRF0007255,3.530000,0.000000,3.530000,3.530000,0.000000,as_expected
FEE0007159,TRF0007256,9.880000,0.000000,9.880000,9.880000,0.000000,as_expected
FEE0007160,TRF0007257,2.460000,0.000000,2.460000,2.460000,0.000000,as_expected
FEE0007161,TRF0007258,4.130000,0.000000,4.130000,4.130000,0.000000,as_expected
FEE0007162,TRF0007259,2.540000,0.000000,2.540000,2.540000,0.000000,as_expected
FEE0007163,TRF0007260,7.330000,0.000000,7.330000,7.330000,0.000000,as_expected
FEE0007164,TRF0007261,2.890000,0.000000,2.890000,2.890000,0.000000,as_expected
FEE0007165,TRF0007262,4.950000,0.000000,4.950000,4.950000,0.000000,as_expected
FEE0007166,TRF0007263,2.040000,0.000000,2.040000,2.040000,0.000000,as_expected
FEE0007167,TRF0007264,100.590000,0.000000,100.590000,100.590000,0.000000,as_expected
FEE0007168,TRF0007265,1.920000,0.000000,1.920000,1.920000,0.000000,as_expected
FEE0007169,TRF0007266,19.900000,0.000000,19.900000,19.900000,0.000000,as_expected
FEE0007170,TRF0007267,1.600000,0.000000,1.600000,1.600000,0.000000,as_expected
FEE0007171,TRF0007268,90.250000,7.860000,82.390000,82.390000,0.000000,approved_price_investment
FEE0007172,TRF0007270,8.210000,0.000000,8.210000,8.210000,0.000000,as_expected
FEE0007173,TRF0007271,2.260000,0.000000,2.260000,2.260000,0.000000,as_expected
FEE0007174,TRF0007272,2.670000,0.000000,2.670000,2.670000,0.000000,as_expected
FEE0007175,TRF0007273,3.150000,0.000000,3.150000,3.150000,0.000000,as_expected
FEE0007176,TRF0007274,3.100000,0.000000,3.100000,3.100000,0.000000,as_expected
FEE0007177,TRF0007275,1.510000,0.000000,1.510000,1.510000,0.000000,as_expected
FEE0007178,TRF0007276,6.750000,0.000000,6.750000,4.350000,2.400000,unexpected_shortfall
FEE0007179,TRF0007277,21.200000,0.000000,21.200000,21.200000,0.000000,as_expected
FEE0007180,TRF0007278,1.780000,0.000000,1.780000,1.780000,0.000000,as_expected
FEE0007181,TRF0007279,28.500000,0.000000,28.500000,28.500000,0.000000,as_expected
FEE0007182,TRF0007280,173.930000,0.000000,173.930000,173.930000,0.000000,as_expected
FEE0007183,TRF0007281,99.360000,0.000000,99.360000,99.360000,0.000000,as_expected
FEE0007184,TRF0007282,5.790000,0.000000,5.790000,5.790000,0.000000,as_expected
FEE0007185,TRF0007283,1.330000,0.000000,1.330000,1.330000,0.000000,as_expected
FEE0007186,TRF0007284,13.410000,1.630000,11.780000,11.780000,0.000000,approved_price_investment
FEE0007187,TRF0007285,0.680000,0.000000,0.680000,0.680000,0.000000,as_expected
FEE0007188,TRF0007286,5.120000,0.000000,5.120000,5.120000,0.000000,as_expected
FEE0007189,TRF0007287,59.220000,0.000000,59.220000,59.220000,0.000000,as_expected
FEE0007190,TRF0007288,8.640000,0.000000,8.640000,8.640000,0.000000,as_expected
FEE0007191,TRF0007289,12.260000,0.000000,12.260000,12.260000,0.000000,as_expected
FEE0007192,TRF0007290,6.500000,0.000000,6.500000,6.500000,0.000000,as_expected
FEE0007193,TRF0007291,2.750000,0.000000,2.750000,2.750000,0.000000,as_expected
FEE0007194,TRF0007292,37.920000,0.000000,37.920000,23.830000,14.090000,unexpected_shortfall
FEE0007195,TRF0007293,11.960000,0.000000,11.960000,11.960000,0.000000,as_expected
FEE0007196,TRF0007294,2.050000,0.000000,2.050000,2.050000,0.000000,as_expected
FEE0007197,TRF0007295,3.420000,0.000000,3.420000,3.420000,0.000000,as_expected
FEE0007198,TRF0007296,14.000000,0.000000,14.000000,14.000000,0.000000,as_expected
FEE0007199,TRF0007297,1.860000,0.000000,1.860000,1.860000,0.000000,as_expected
FEE0007200,TRF0007298,1.520000,0.000000,1.520000,1.520000,0.000000,as_expected
FEE0007201,TRF0007299,7.760000,0.000000,7.760000,7.760000,0.000000,as_expected
FEE0007202,TRF0007300,1.810000,0.000000,1.810000,1.810000,0.000000,as_expected
FEE0007203,TRF0007301,3.610000,0.000000,3.610000,3.610000,0.000000,as_expected
FEE0007204,TRF0007302,28.180000,0.000000,28.180000,28.180000,0.000000,as_expected
FEE0007205,TRF0007303,9.470000,0.000000,9.470000,9.470000,0.000000,as_expected
FEE0007206,TRF0007304,2.400000,0.000000,2.400000,2.400000,0.000000,as_expected
FEE0007207,TRF0007305,119.300000,0.000000,119.300000,119.300000,0.000000,as_expected
FEE0007208,TRF0007306,86.890000,0.000000,86.890000,86.890000,0.000000,as_expected
FEE0007209,TRF0007307,1.600000,0.000000,1.600000,1.600000,0.000000,as_expected
FEE0007210,TRF0007308,14.830000,0.000000,14.830000,14.830000,0.000000,as_expected
FEE0007211,TRF0007309,4.790000,0.000000,4.790000,4.790000,0.000000,as_expected
FEE0007212,TRF0007310,3.660000,0.000000,3.660000,3.660000,0.000000,as_expected
FEE0007213,TRF0007311,2.690000,0.000000,2.690000,2.690000,0.000000,as_expected
FEE0007214,TRF0007312,12.870000,0.000000,12.870000,12.870000,0.000000,as_expected
FEE0007215,TRF0007313,43.440000,0.000000,43.440000,43.440000,0.000000,as_expected
FEE0007216,TRF0007314,14.950000,0.000000,14.950000,14.950000,0.000000,as_expected
FEE0007217,TRF0007315,31.770000,0.000000,31.770000,31.770000,0.000000,as_expected
FEE0007218,TRF0007316,2.890000,0.000000,2.890000,2.890000,0.000000,as_expected
FEE0007219,TRF0007317,0.870000,0.000000,0.870000,0.870000,0.000000,as_expected
FEE0007220,TRF0007318,1.340000,0.000000,1.340000,1.340000,0.000000,as_expected
FEE0007221,TRF0007319,5.790000,0.000000,5.790000,5.790000,0.000000,as_expected
FEE0007222,TRF0007320,3.020000,0.000000,3.020000,3.020000,0.000000,as_expected
FEE0007223,TRF0007321,83.630000,0.000000,83.630000,83.630000,0.000000,as_expected
FEE0007224,TRF0007322,2.410000,0.000000,2.410000,2.410000,0.000000,as_expected
FEE0007225,TRF0007323,4.210000,0.000000,4.210000,4.210000,0.000000,as_expected
FEE0007226,TRF0007324,4.800000,0.000000,4.800000,4.800000,0.000000,as_expected
FEE0007227,TRF0007325,13.600000,0.000000,13.600000,13.600000,0.000000,as_expected
FEE0007228,TRF0007326,1.000000,0.060000,0.940000,0.940000,0.000000,approved_price_investment
FEE0007229,TRF0007327,2.100000,0.000000,2.100000,2.100000,0.000000,as_expected
FEE0007230,TRF0007328,3.230000,0.000000,3.230000,3.230000,0.000000,as_expected
FEE0007231,TRF0007329,14.560000,0.000000,14.560000,14.560000,0.000000,as_expected
FEE0007232,TRF0007330,204.670000,25.540000,179.130000,179.130000,0.000000,approved_price_investment
FEE0007233,TRF0007331,5.540000,0.000000,5.540000,5.540000,0.000000,as_expected
FEE0007234,TRF0007332,4.830000,0.460000,4.370000,4.370000,0.000000,approved_price_investment
FEE0007235,TRF0007333,3.120000,0.000000,3.120000,3.120000,0.000000,as_expected
FEE0007236,TRF0007334,7.580000,0.000000,7.580000,7.580000,0.000000,as_expected
FEE0007237,TRF0007335,6.600000,0.000000,6.600000,6.600000,0.000000,as_expected
FEE0007238,TRF0007336,2.890000,0.000000,2.890000,2.890000,0.000000,as_expected
FEE0007239,TRF0007337,5.640000,0.000000,5.640000,5.640000,0.000000,as_expected
FEE0007240,TRF0007338,5.320000,0.000000,5.320000,5.320000,0.000000,as_expected
FEE0007241,TRF0007339,6.700000,0.000000,6.700000,6.700000,0.000000,as_expected
FEE0007242,TRF0007340,20.130000,0.000000,20.130000,20.130000,0.000000,as_expected
FEE0007243,TRF0007341,24.590000,0.000000,24.590000,24.590000,0.000000,as_expected
FEE0007244,TRF0007342,4.230000,0.000000,4.230000,4.230000,0.000000,as_expected
FEE0007245,TRF0007343,29.830000,0.000000,29.830000,29.830000,0.000000,as_expected
FEE0007246,TRF0007344,2.270000,0.000000,2.270000,2.270000,0.000000,as_expected
FEE0007247,TRF0007345,17.740000,0.000000,17.740000,17.740000,0.000000,as_expected
FEE0007248,TRF0007346,3.220000,0.000000,3.220000,3.220000,0.000000,as_expected
FEE0007249,TRF0007347,2.320000,0.000000,2.320000,2.320000,0.000000,as_expected
FEE0007250,TRF0007348,29.660000,0.000000,29.660000,29.660000,0.000000,as_expected
FEE0007251,TRF0007349,3.390000,0.000000,3.390000,3.390000,0.000000,as_expected
FEE0007252,TRF0007350,4.290000,0.000000,4.290000,4.290000,0.000000,as_expected
FEE0007253,TRF0007351,1.870000,0.000000,1.870000,1.870000,0.000000,as_expected
FEE0007254,TRF0007352,20.420000,1.710000,18.710000,18.710000,0.000000,approved_price_investment
FEE0007255,TRF0007353,3.440000,0.310000,3.130000,3.130000,0.000000,approved_price_investment
FEE0007256,TRF0007354,8.260000,0.000000,8.260000,8.260000,0.000000,as_expected
FEE0007257,TRF0007355,2.480000,0.000000,2.480000,2.480000,0.000000,as_expected
FEE0007258,TRF0007356,4.660000,0.000000,4.660000,4.660000,0.000000,as_expected
FEE0007259,TRF0007357,12.450000,0.000000,12.450000,7.910000,4.540000,unexpected_shortfall
FEE0007260,TRF0007358,6.260000,0.000000,6.260000,6.260000,0.000000,as_expected
FEE0007261,TRF0007359,1.810000,0.000000,1.810000,1.810000,0.000000,as_expected
FEE0007262,TRF0007360,8.790000,0.000000,8.790000,8.790000,0.000000,as_expected
FEE0007263,TRF0007361,2.870000,0.000000,2.870000,2.870000,0.000000,as_expected
FEE0007264,TRF0007362,0.800000,0.000000,0.800000,0.800000,0.000000,as_expected
FEE0007265,TRF0007363,1.880000,0.000000,1.880000,1.880000,0.000000,as_expected
FEE0007266,TRF0007364,35.700000,0.000000,35.700000,35.700000,0.000000,as_expected
FEE0007267,TRF0007365,7.700000,0.000000,7.700000,7.700000,0.000000,as_expected
FEE0007268,TRF0007366,16.360000,0.000000,16.360000,16.360000,0.000000,as_expected
FEE0007269,TRF0007367,2.270000,0.000000,2.270000,2.270000,0.000000,as_expected
FEE0007270,TRF0007368,1.640000,0.080000,1.560000,1.560000,0.000000,approved_price_investment
FEE0007271,TRF0007369,11.570000,0.000000,11.570000,11.570000,0.000000,as_expected
FEE0007272,TRF0007370,2.220000,0.000000,2.220000,2.220000,0.000000,as_expected
FEE0007273,TRF0007371,6.280000,0.000000,6.280000,6.280000,0.000000,as_expected
FEE0007274,TRF0007372,2.430000,0.000000,2.430000,2.430000,0.000000,as_expected
FEE0007275,TRF0007373,32.380000,0.000000,32.380000,32.380000,0.000000,as_expected
FEE0007276,TRF0007374,2.030000,0.000000,2.030000,2.030000,0.000000,as_expected
FEE0007277,TRF0007375,4.600000,0.000000,4.600000,4.600000,0.000000,as_expected
FEE0007278,TRF0007376,1.590000,0.000000,1.590000,1.590000,0.000000,as_expected
FEE0007279,TRF0007377,2.300000,0.000000,2.300000,2.300000,0.000000,as_expected
FEE0007280,TRF0007378,3.970000,0.000000,3.970000,3.970000,0.000000,as_expected
FEE0007281,TRF0007379,1.260000,0.000000,1.260000,1.260000,0.000000,as_expected
FEE0007282,TRF0007380,2.080000,0.000000,2.080000,2.080000,0.000000,as_expected
FEE0007283,TRF0007381,2.550000,0.000000,2.550000,2.550000,0.000000,as_expected
FEE0007284,TRF0007382,3.550000,0.000000,3.550000,3.550000,0.000000,as_expected
FEE0007285,TRF0007383,6.110000,0.450000,5.660000,5.660000,0.000000,approved_price_investment
FEE0007286,TRF0007384,11.360000,0.000000,11.360000,11.360000,0.000000,as_expected
FEE0007287,TRF0007385,88.450000,0.000000,88.450000,88.450000,0.000000,as_expected
FEE0007288,TRF0007386,1.700000,0.000000,1.700000,1.700000,0.000000,as_expected
FEE0007289,TRF0007387,8.240000,0.000000,8.240000,8.240000,0.000000,as_expected
FEE0007290,TRF0007388,3.130000,0.000000,3.130000,3.130000,0.000000,as_expected
FEE0007291,TRF0007389,4.630000,0.000000,4.630000,4.630000,0.000000,as_expected
FEE0007292,TRF0007390,179.180000,0.000000,179.180000,179.180000,0.000000,as_expected
FEE0007293,TRF0007391,2.440000,0.000000,2.440000,2.440000,0.000000,as_expected
FEE0007294,TRF0007392,3.800000,0.000000,3.800000,3.800000,0.000000,as_expected
FEE0007295,TRF0007393,13.570000,0.000000,13.570000,13.570000,0.000000,as_expected
FEE0007296,TRF0007394,6.370000,0.000000,6.370000,6.370000,0.000000,as_expected
FEE0007297,TRF0007395,5.280000,0.000000,5.280000,5.280000,0.000000,as_expected
FEE0007298,TRF0007396,63.260000,0.000000,63.260000,63.260000,0.000000,as_expected
FEE0007299,TRF0007397,1.770000,0.000000,1.770000,1.770000,0.000000,as_expected
FEE0007300,TRF0007398,29.050000,0.000000,29.050000,29.050000,0.000000,as_expected
FEE0007301,TRF0007399,2.570000,0.000000,2.570000,2.570000,0.000000,as_expected
FEE0007302,TRF0007400,1.440000,0.000000,1.440000,1.440000,0.000000,as_expected
FEE0007303,TRF0007401,24.400000,0.000000,24.400000,24.400000,0.000000,as_expected
FEE0007304,TRF0007402,5.840000,0.000000,5.840000,5.840000,0.000000,as_expected
FEE0007305,TRF0007403,2.610000,0.000000,2.610000,2.610000,0.000000,as_expected
FEE0007306,TRF0007404,56.180000,0.000000,56.180000,56.180000,0.000000,as_expected
FEE0007307,TRF0007405,52.220000,5.760000,46.460000,46.460000,0.000000,approved_price_investment
FEE0007308,TRF0007406,21.580000,0.000000,21.580000,21.580000,0.000000,as_expected
FEE0007309,TRF0007407,74.200000,0.000000,74.200000,74.200000,0.000000,as_expected
FEE0007310,TRF0007408,2.430000,0.000000,2.430000,2.430000,0.000000,as_expected
FEE0007311,TRF0007409,59.600000,0.000000,59.600000,59.600000,0.000000,as_expected
FEE0007312,TRF0007410,33.400000,0.000000,33.400000,33.400000,0.000000,as_expected
FEE0007313,TRF0007411,5.420000,0.000000,5.420000,5.420000,0.000000,as_expected
FEE0007314,TRF0007412,25.560000,0.000000,25.560000,25.560000,0.000000,as_expected
FEE0007315,TRF0007413,1.960000,0.000000,1.960000,1.960000,0.000000,as_expected
FEE0007316,TRF0007414,5.040000,0.000000,5.040000,5.040000,0.000000,as_expected
FEE0007317,TRF0007415,5.620000,0.000000,5.620000,5.620000,0.000000,as_expected
FEE0007318,TRF0007416,3.340000,0.000000,3.340000,3.340000,0.000000,as_expected
FEE0007319,TRF0007417,106.070000,0.000000,106.070000,106.070000,0.000000,as_expected
FEE0007320,TRF0007418,11.850000,0.000000,11.850000,11.850000,0.000000,as_expected
FEE0007321,TRF0007419,32.110000,3.300000,28.810000,28.810000,0.000000,approved_price_investment
FEE0007322,TRF0007420,107.110000,0.000000,107.110000,107.110000,0.000000,as_expected
FEE0007323,TRF0007421,1.120000,0.000000,1.120000,1.120000,0.000000,as_expected
FEE0007324,TRF0007422,4.090000,0.280000,3.810000,3.810000,0.000000,approved_price_investment
FEE0007325,TRF0007423,22.560000,0.000000,22.560000,14.230000,8.330000,unexpected_shortfall
FEE0007326,TRF0007424,1.180000,0.000000,1.180000,1.180000,0.000000,as_expected
FEE0007327,TRF0007425,12.790000,0.000000,12.790000,12.790000,0.000000,as_expected
FEE0007328,TRF0007426,5.630000,0.000000,5.630000,5.630000,0.000000,as_expected
FEE0007329,TRF0007427,12.410000,0.000000,12.410000,12.410000,0.000000,as_expected
FEE0007330,TRF0007428,7.350000,0.000000,7.350000,7.350000,0.000000,as_expected
FEE0007331,TRF0007429,5.190000,0.000000,5.190000,5.190000,0.000000,as_expected
FEE0007332,TRF0007430,9.500000,0.000000,9.500000,9.500000,0.000000,as_expected
FEE0007333,TRF0007431,1.460000,0.000000,1.460000,1.460000,0.000000,as_expected
FEE0007334,TRF0007432,13.360000,0.000000,13.360000,13.360000,0.000000,as_expected
FEE0007335,TRF0007433,1.600000,0.000000,1.600000,1.600000,0.000000,as_expected
FEE0007336,TRF0007434,231.970000,0.000000,231.970000,231.970000,0.000000,as_expected
FEE0007337,TRF0007435,33.390000,0.000000,33.390000,33.390000,0.000000,as_expected
FEE0007338,TRF0007436,2.160000,0.000000,2.160000,2.160000,0.000000,as_expected
FEE0007339,TRF0007437,4.840000,0.000000,4.840000,4.840000,0.000000,as_expected
FEE0007340,TRF0007438,27.540000,0.000000,27.540000,27.540000,0.000000,as_expected
FEE0007341,TRF0007439,31.500000,0.000000,31.500000,31.500000,0.000000,as_expected
FEE0007342,TRF0007440,20.970000,0.000000,20.970000,20.970000,0.000000,as_expected
FEE0007343,TRF0007442,2.410000,0.000000,2.410000,2.410000,0.000000,as_expected
FEE0007344,TRF0007443,49.270000,0.000000,49.270000,49.270000,0.000000,as_expected
FEE0007345,TRF0007444,29.710000,0.000000,29.710000,29.710000,0.000000,as_expected
FEE0007346,TRF0007445,229.590000,0.000000,229.590000,229.590000,0.000000,as_expected
FEE0007347,TRF0007446,12.760000,0.000000,12.760000,12.760000,0.000000,as_expected
FEE0007348,TRF0007447,1.370000,0.000000,1.370000,1.370000,0.000000,as_expected
FEE0007349,TRF0007448,31.130000,0.000000,31.130000,31.130000,0.000000,as_expected
FEE0007350,TRF0007449,1.490000,0.000000,1.490000,1.490000,0.000000,as_expected
FEE0007351,TRF0007450,2.690000,0.000000,2.690000,2.690000,0.000000,as_expected
FEE0007352,TRF0007451,59.390000,0.000000,59.390000,59.390000,0.000000,as_expected
FEE0007353,TRF0007452,15.340000,0.000000,15.340000,15.340000,0.000000,as_expected
FEE0007354,TRF0007453,1.940000,0.000000,1.940000,1.940000,0.000000,as_expected
FEE0007355,TRF0007454,19.150000,0.000000,19.150000,19.150000,0.000000,as_expected
FEE0007356,TRF0007455,55.860000,0.000000,55.860000,55.860000,0.000000,as_expected
FEE0007357,TRF0007456,3.540000,0.000000,3.540000,3.540000,0.000000,as_expected
FEE0007358,TRF0007457,5.240000,0.000000,5.240000,5.240000,0.000000,as_expected
FEE0007359,TRF0007458,2.510000,0.000000,2.510000,2.510000,0.000000,as_expected
FEE0007360,TRF0007459,5.440000,0.000000,5.440000,5.440000,0.000000,as_expected
FEE0007361,TRF0007460,3.490000,0.000000,3.490000,3.490000,0.000000,as_expected
FEE0007362,TRF0007461,8.520000,0.000000,8.520000,8.520000,0.000000,as_expected
FEE0007363,TRF0007462,3.430000,0.000000,3.430000,3.430000,0.000000,as_expected
FEE0007364,TRF0007463,77.080000,0.000000,77.080000,48.310000,28.770000,unexpected_shortfall
FEE0007365,TRF0007464,2.000000,0.000000,2.000000,2.000000,0.000000,as_expected
FEE0007366,TRF0007465,32.110000,2.760000,29.350000,29.350000,0.000000,approved_price_investment
FEE0007367,TRF0007466,7.370000,0.000000,7.370000,7.370000,0.000000,as_expected
FEE0007368,TRF0007467,7.120000,0.000000,7.120000,7.120000,0.000000,as_expected
FEE0007369,TRF0007468,1.860000,0.000000,1.860000,1.860000,0.000000,as_expected
FEE0007370,TRF0007469,5.140000,0.000000,5.140000,5.140000,0.000000,as_expected
FEE0007371,TRF0007470,19.740000,1.650000,18.090000,18.090000,0.000000,approved_price_investment
FEE0007372,TRF0007471,15.040000,0.000000,15.040000,15.040000,0.000000,as_expected
FEE0007373,TRF0007472,1.440000,0.000000,1.440000,1.440000,0.000000,as_expected
FEE0007374,TRF0007473,40.750000,0.000000,40.750000,40.750000,0.000000,as_expected
FEE0007375,TRF0007474,1.030000,0.000000,1.030000,1.030000,0.000000,as_expected
FEE0007376,TRF0007475,228.110000,0.000000,228.110000,142.700000,85.410000,unexpected_shortfall
FEE0007377,TRF0007476,16.660000,0.000000,16.660000,16.660000,0.000000,as_expected
FEE0007378,TRF0007477,23.490000,0.000000,23.490000,23.490000,0.000000,as_expected
FEE0007379,TRF0007478,67.180000,0.000000,67.180000,42.120000,25.060000,unexpected_shortfall
FEE0007380,TRF0007479,5.210000,0.000000,5.210000,5.210000,0.000000,as_expected
FEE0007381,TRF0007480,2.960000,0.000000,2.960000,2.960000,0.000000,as_expected
FEE0007382,TRF0007481,2.200000,0.000000,2.200000,2.200000,0.000000,as_expected
FEE0007383,TRF0007482,1.310000,0.000000,1.310000,1.310000,0.000000,as_expected
FEE0007384,TRF0007483,1.610000,0.120000,1.490000,1.490000,0.000000,approved_price_investment
FEE0007385,TRF0007484,1.310000,0.000000,1.310000,1.310000,0.000000,as_expected
FEE0007386,TRF0007485,10.660000,0.000000,10.660000,10.660000,0.000000,as_expected
FEE0007387,TRF0007486,2.620000,0.000000,2.620000,2.620000,0.000000,as_expected
FEE0007388,TRF0007487,2.000000,0.000000,2.000000,2.000000,0.000000,as_expected
FEE0007389,TRF0007488,2.510000,0.000000,2.510000,2.510000,0.000000,as_expected
FEE0007390,TRF0007489,2.620000,0.000000,2.620000,2.620000,0.000000,as_expected
FEE0007391,TRF0007490,38.430000,0.000000,38.430000,24.150000,14.280000,unexpected_shortfall
FEE0007392,TRF0007491,3.330000,0.000000,3.330000,3.330000,0.000000,as_expected
FEE0007393,TRF0007492,4.250000,0.000000,4.250000,4.250000,0.000000,as_expected
FEE0007394,TRF0007493,6.450000,0.000000,6.450000,6.450000,0.000000,as_expected
FEE0007395,TRF0007494,12.440000,0.000000,12.440000,12.440000,0.000000,as_expected
FEE0007396,TRF0007495,2.580000,0.000000,2.580000,2.580000,0.000000,as_expected
FEE0007397,TRF0007496,43.140000,0.000000,43.140000,43.140000,0.000000,as_expected
FEE0007398,TRF0007497,4.390000,0.000000,4.390000,4.390000,0.000000,as_expected
FEE0007399,TRF0007498,10.750000,0.000000,10.750000,10.750000,0.000000,as_expected
FEE0007400,TRF0007499,19.570000,0.000000,19.570000,19.570000,0.000000,as_expected
FEE0007401,TRF0007500,22.510000,0.000000,22.510000,22.510000,0.000000,as_expected
FEE0007402,TRF0007501,1.490000,0.000000,1.490000,1.490000,0.000000,as_expected
FEE0007403,TRF0007502,2.790000,0.000000,2.790000,2.790000,0.000000,as_expected
FEE0007404,TRF0007504,9.790000,0.000000,9.790000,9.790000,0.000000,as_expected
FEE0007405,TRF0007505,3.150000,0.000000,3.150000,3.150000,0.000000,as_expected
FEE0007406,TRF0007506,3.180000,0.000000,3.180000,3.180000,0.000000,as_expected
FEE0007407,TRF0007507,23.020000,0.000000,23.020000,23.020000,0.000000,as_expected
FEE0007408,TRF0007508,8.970000,0.000000,8.970000,8.970000,0.000000,as_expected
FEE0007409,TRF0007509,6.240000,0.000000,6.240000,6.240000,0.000000,as_expected
FEE0007410,TRF0007510,6.020000,0.000000,6.020000,6.020000,0.000000,as_expected
FEE0007411,TRF0007511,12.110000,0.000000,12.110000,12.110000,0.000000,as_expected
FEE0007412,TRF0007512,1.630000,0.000000,1.630000,1.630000,0.000000,as_expected
FEE0007413,TRF0007513,43.000000,0.000000,43.000000,43.000000,0.000000,as_expected
FEE0007414,TRF0007514,1.780000,0.000000,1.780000,1.780000,0.000000,as_expected
FEE0007415,TRF0007515,8.610000,0.000000,8.610000,8.610000,0.000000,as_expected
FEE0007416,TRF0007516,1.020000,0.000000,1.020000,1.020000,0.000000,as_expected
FEE0007417,TRF0007517,2.920000,0.000000,2.920000,2.920000,0.000000,as_expected
FEE0007418,TRF0007518,49.100000,0.000000,49.100000,49.100000,0.000000,as_expected
FEE0007419,TRF0007519,4.200000,0.000000,4.200000,4.200000,0.000000,as_expected
FEE0007420,TRF0007520,1.460000,0.000000,1.460000,1.460000,0.000000,as_expected
FEE0007421,TRF0007521,6.020000,0.000000,6.020000,6.020000,0.000000,as_expected
FEE0007422,TRF0007522,7.480000,0.000000,7.480000,7.480000,0.000000,as_expected
FEE0007423,TRF0007523,5.950000,0.000000,5.950000,5.950000,0.000000,as_expected
FEE0007424,TRF0007524,1.560000,0.000000,1.560000,1.560000,0.000000,as_expected
FEE0007425,TRF0007525,1.430000,0.000000,1.430000,1.430000,0.000000,as_expected
FEE0007426,TRF0007526,3.430000,0.000000,3.430000,3.430000,0.000000,as_expected
FEE0007427,TRF0007527,1.320000,0.090000,1.230000,1.230000,0.000000,approved_price_investment
FEE0007428,TRF0007528,1.760000,0.000000,1.760000,1.760000,0.000000,as_expected
FEE0007429,TRF0007529,42.170000,0.000000,42.170000,42.170000,0.000000,as_expected
FEE0007430,TRF0007530,5.900000,0.000000,5.900000,5.900000,0.000000,as_expected
FEE0007431,TRF0007531,9.590000,0.000000,9.590000,9.590000,0.000000,as_expected
FEE0007432,TRF0007532,2.210000,0.000000,2.210000,2.210000,0.000000,as_expected
FEE0007433,TRF0007533,4.860000,0.000000,4.860000,4.860000,0.000000,as_expected
FEE0007434,TRF0007534,3.080000,0.000000,3.080000,3.080000,0.000000,as_expected
FEE0007435,TRF0007535,3.280000,0.000000,3.280000,3.280000,0.000000,as_expected
FEE0007436,TRF0007536,4.340000,0.000000,4.340000,4.340000,0.000000,as_expected
FEE0007437,TRF0007537,5.940000,0.000000,5.940000,5.940000,0.000000,as_expected
FEE0007438,TRF0007538,15.490000,0.000000,15.490000,15.490000,0.000000,as_expected
FEE0007439,TRF0007539,19.530000,0.000000,19.530000,19.530000,0.000000,as_expected
FEE0007440,TRF0007540,2.230000,0.000000,2.230000,2.230000,0.000000,as_expected
FEE0007441,TRF0007541,3.800000,0.000000,3.800000,3.800000,0.000000,as_expected
FEE0007442,TRF0007542,7.120000,0.000000,7.120000,7.120000,0.000000,as_expected
FEE0007443,TRF0007543,2.670000,0.000000,2.670000,2.670000,0.000000,as_expected
FEE0007444,TRF0007544,4.620000,0.000000,4.620000,4.620000,0.000000,as_expected
FEE0007445,TRF0007545,54.550000,0.000000,54.550000,54.550000,0.000000,as_expected
FEE0007446,TRF0007546,1.880000,0.000000,1.880000,1.880000,0.000000,as_expected
FEE0007447,TRF0007547,5.980000,0.000000,5.980000,5.980000,0.000000,as_expected
FEE0007448,TRF0007548,21.970000,0.000000,21.970000,21.970000,0.000000,as_expected
FEE0007449,TRF0007549,4.150000,0.000000,4.150000,4.150000,0.000000,as_expected
FEE0007450,TRF0007550,3.010000,0.000000,3.010000,3.010000,0.000000,as_expected
FEE0007451,TRF0007551,2.460000,0.000000,2.460000,2.460000,0.000000,as_expected
FEE0007452,TRF0007552,20.500000,0.000000,20.500000,20.500000,0.000000,as_expected
FEE0007453,TRF0007553,2.900000,0.000000,2.900000,2.900000,0.000000,as_expected
FEE0007454,TRF0007554,1.910000,0.000000,1.910000,1.910000,0.000000,as_expected
FEE0007455,TRF0007555,5.300000,0.000000,5.300000,5.300000,0.000000,as_expected
FEE0007456,TRF0007556,1.420000,0.000000,1.420000,1.420000,0.000000,as_expected
FEE0007457,TRF0007557,4.230000,0.000000,4.230000,4.230000,0.000000,as_expected
FEE0007458,TRF0007558,4.540000,0.000000,4.540000,4.540000,0.000000,as_expected
FEE0007459,TRF0007559,3.870000,0.000000,3.870000,3.870000,0.000000,as_expected
FEE0007460,TRF0007560,28.540000,0.000000,28.540000,28.540000,0.000000,as_expected
FEE0007461,TRF0007561,9.440000,0.000000,9.440000,9.440000,0.000000,as_expected
FEE0007462,TRF0007562,1.310000,0.000000,1.310000,1.310000,0.000000,as_expected
FEE0007463,TRF0007563,0.890000,0.000000,0.890000,0.890000,0.000000,as_expected
FEE0007464,TRF0007564,2.600000,0.000000,2.600000,2.600000,0.000000,as_expected
FEE0007465,TRF0007565,6.160000,0.000000,6.160000,6.160000,0.000000,as_expected
FEE0007466,TRF0007566,1.880000,0.000000,1.880000,1.880000,0.000000,as_expected
FEE0007467,TRF0007567,6.300000,0.000000,6.300000,6.300000,0.000000,as_expected
FEE0007468,TRF0007568,204.990000,0.000000,204.990000,204.990000,0.000000,as_expected
FEE0007469,TRF0007569,41.190000,3.560000,37.630000,37.630000,0.000000,approved_price_investment
FEE0007470,TRF0007570,9.570000,0.000000,9.570000,9.570000,0.000000,as_expected
FEE0007471,TRF0007571,34.550000,0.000000,34.550000,34.550000,0.000000,as_expected
FEE0007472,TRF0007572,29.280000,0.000000,29.280000,29.280000,0.000000,as_expected
FEE0007473,TRF0007573,17.600000,0.000000,17.600000,17.600000,0.000000,as_expected
FEE0007474,TRF0007574,4.350000,0.000000,4.350000,4.350000,0.000000,as_expected
FEE0007475,TRF0007575,22.360000,0.000000,22.360000,22.360000,0.000000,as_expected
FEE0007476,TRF0007576,335.700000,0.000000,335.700000,335.700000,0.000000,as_expected
FEE0007477,TRF0007577,1.260000,0.000000,1.260000,1.260000,0.000000,as_expected
FEE0007478,TRF0007578,3.850000,0.000000,3.850000,3.850000,0.000000,as_expected
FEE0007479,TRF0007579,5.310000,0.000000,5.310000,5.310000,0.000000,as_expected
FEE0007480,TRF0007580,14.540000,0.000000,14.540000,14.540000,0.000000,as_expected
FEE0007481,TRF0007581,119.170000,0.000000,119.170000,119.170000,0.000000,as_expected
FEE0007482,TRF0007582,3.590000,0.240000,3.350000,3.350000,0.000000,approved_price_investment
FEE0007483,TRF0007583,8.880000,0.000000,8.880000,8.880000,0.000000,as_expected
FEE0007484,TRF0007584,2.900000,0.280000,2.620000,2.620000,0.000000,approved_price_investment
FEE0007485,TRF0007585,17.690000,0.000000,17.690000,17.690000,0.000000,as_expected
FEE0007486,TRF0007586,2.300000,0.000000,2.300000,2.300000,0.000000,as_expected
FEE0007487,TRF0007587,40.670000,0.000000,40.670000,40.670000,0.000000,as_expected
FEE0007488,TRF0007588,1.130000,0.000000,1.130000,1.130000,0.000000,as_expected
FEE0007489,TRF0007589,40.930000,0.000000,40.930000,40.930000,0.000000,as_expected
FEE0007490,TRF0007590,95.790000,0.000000,95.790000,60.000000,35.790000,unexpected_shortfall
FEE0007491,TRF0007591,21.680000,0.000000,21.680000,21.680000,0.000000,as_expected
FEE0007492,TRF0007592,7.940000,0.000000,7.940000,7.940000,0.000000,as_expected
FEE0007493,TRF0007593,2.710000,0.000000,2.710000,2.710000,0.000000,as_expected
FEE0007494,TRF0007594,14.710000,0.000000,14.710000,14.710000,0.000000,as_expected
FEE0007495,TRF0007595,3.560000,0.000000,3.560000,3.560000,0.000000,as_expected
FEE0007496,TRF0007596,5.010000,0.000000,5.010000,5.010000,0.000000,as_expected
FEE0007497,TRF0007597,180.420000,0.000000,180.420000,180.420000,0.000000,as_expected
FEE0007498,TRF0007598,9.010000,0.000000,9.010000,9.010000,0.000000,as_expected
FEE0007499,TRF0007599,2.590000,0.000000,2.590000,2.590000,0.000000,as_expected
FEE0007500,TRF0007600,7.600000,0.000000,7.600000,7.600000,0.000000,as_expected
FEE0007501,TRF0007601,1.180000,0.000000,1.180000,1.180000,0.000000,as_expected
FEE0007502,TRF0007602,9.350000,0.000000,9.350000,9.350000,0.000000,as_expected
FEE0007503,TRF0007603,5.020000,0.000000,5.020000,5.020000,0.000000,as_expected
FEE0007504,TRF0007604,6.450000,0.000000,6.450000,6.450000,0.000000,as_expected
FEE0007505,TRF0007605,167.620000,0.000000,167.620000,167.620000,0.000000,as_expected
FEE0007506,TRF0007606,3.210000,0.000000,3.210000,3.210000,0.000000,as_expected
FEE0007507,TRF0007607,31.720000,0.000000,31.720000,31.720000,0.000000,as_expected
FEE0007508,TRF0007608,1.550000,0.000000,1.550000,1.550000,0.000000,as_expected
FEE0007509,TRF0007609,10.970000,0.000000,10.970000,10.970000,0.000000,as_expected
FEE0007510,TRF0007610,3.620000,0.000000,3.620000,3.620000,0.000000,as_expected
FEE0007511,TRF0007611,2.010000,0.000000,2.010000,2.010000,0.000000,as_expected
FEE0007512,TRF0007612,39.240000,0.000000,39.240000,39.240000,0.000000,as_expected
FEE0007513,TRF0007613,2.930000,0.260000,2.670000,2.670000,0.000000,approved_price_investment
FEE0007514,TRF0007614,118.770000,0.000000,118.770000,118.770000,0.000000,as_expected
FEE0007515,TRF0007615,5.310000,0.000000,5.310000,5.310000,0.000000,as_expected
FEE0007516,TRF0007616,33.230000,0.000000,33.230000,33.230000,0.000000,as_expected
FEE0007517,TRF0007617,6.470000,0.000000,6.470000,6.470000,0.000000,as_expected
FEE0007518,TRF0007618,1.950000,0.000000,1.950000,1.950000,0.000000,as_expected
FEE0007519,TRF0007619,5.360000,0.000000,5.360000,5.360000,0.000000,as_expected
FEE0007520,TRF0007620,3.330000,0.000000,3.330000,3.330000,0.000000,as_expected
FEE0007521,TRF0007621,3.600000,0.000000,3.600000,3.600000,0.000000,as_expected
FEE0007522,TRF0007622,1.750000,0.000000,1.750000,1.750000,0.000000,as_expected
FEE0007523,TRF0007623,3.980000,0.000000,3.980000,3.980000,0.000000,as_expected
FEE0007524,TRF0007624,42.060000,0.000000,42.060000,42.060000,0.000000,as_expected
FEE0007525,TRF0007625,0.850000,0.000000,0.850000,0.850000,0.000000,as_expected
FEE0007526,TRF0007626,19.160000,0.000000,19.160000,19.160000,0.000000,as_expected
FEE0007527,TRF0007627,244.570000,0.000000,244.570000,244.570000,0.000000,as_expected
FEE0007528,TRF0007628,56.160000,0.000000,56.160000,56.160000,0.000000,as_expected
FEE0007529,TRF0007629,10.210000,0.000000,10.210000,10.210000,0.000000,as_expected
FEE0007530,TRF0007630,165.590000,0.000000,165.590000,165.590000,0.000000,as_expected
FEE0007531,TRF0007631,539.970000,0.000000,539.970000,539.970000,0.000000,as_expected
FEE0007532,TRF0007632,212.800000,0.000000,212.800000,212.800000,0.000000,as_expected
FEE0007533,TRF0007633,1.110000,0.000000,1.110000,1.110000,0.000000,as_expected
FEE0007534,TRF0007634,30.110000,0.000000,30.110000,30.110000,0.000000,as_expected
FEE0007535,TRF0007635,3.860000,0.350000,3.510000,3.510000,0.000000,approved_price_investment
FEE0007536,TRF0007636,116.870000,0.000000,116.870000,116.870000,0.000000,as_expected
FEE0007537,TRF0007637,52.820000,0.000000,52.820000,33.140000,19.680000,unexpected_shortfall
FEE0007538,TRF0007638,21.050000,0.000000,21.050000,21.050000,0.000000,as_expected
FEE0007539,TRF0007639,54.730000,0.000000,54.730000,54.730000,0.000000,as_expected
FEE0007540,TRF0007640,3.430000,0.000000,3.430000,3.430000,0.000000,as_expected
FEE0007541,TRF0007641,2.710000,0.000000,2.710000,2.710000,0.000000,as_expected
FEE0007542,TRF0007642,3.400000,0.000000,3.400000,3.400000,0.000000,as_expected
FEE0007543,TRF0007644,3.230000,0.000000,3.230000,3.230000,0.000000,as_expected
FEE0007544,TRF0007645,26.560000,0.000000,26.560000,26.560000,0.000000,as_expected
FEE0007545,TRF0007646,23.860000,0.000000,23.860000,23.860000,0.000000,as_expected
FEE0007546,TRF0007647,2.330000,0.000000,2.330000,2.330000,0.000000,as_expected
FEE0007547,TRF0007648,4.100000,0.000000,4.100000,4.100000,0.000000,as_expected
FEE0007548,TRF0007649,1.720000,0.000000,1.720000,1.720000,0.000000,as_expected
FEE0007549,TRF0007650,4.410000,0.000000,4.410000,4.410000,0.000000,as_expected
FEE0007550,TRF0007651,7.860000,0.000000,7.860000,7.860000,0.000000,as_expected
FEE0007551,TRF0007652,3.970000,0.000000,3.970000,3.970000,0.000000,as_expected
FEE0007552,TRF0007653,12.810000,0.000000,12.810000,12.810000,0.000000,as_expected
FEE0007553,TRF0007654,1.430000,0.000000,1.430000,1.430000,0.000000,as_expected
FEE0007554,TRF0007655,20.160000,0.000000,20.160000,20.160000,0.000000,as_expected
FEE0007555,TRF0007656,4.890000,0.000000,4.890000,4.890000,0.000000,as_expected
FEE0007556,TRF0007658,3.120000,0.000000,3.120000,3.120000,0.000000,as_expected
FEE0007557,TRF0007659,4.110000,0.000000,4.110000,4.110000,0.000000,as_expected
FEE0007558,TRF0007660,15.770000,0.000000,15.770000,15.770000,0.000000,as_expected
FEE0007559,TRF0007661,29.370000,0.000000,29.370000,29.370000,0.000000,as_expected
FEE0007560,TRF0007662,1.740000,0.000000,1.740000,1.740000,0.000000,as_expected
FEE0007561,TRF0007663,1.500000,0.000000,1.500000,1.500000,0.000000,as_expected
FEE0007562,TRF0007664,21.000000,0.000000,21.000000,21.000000,0.000000,as_expected
FEE0007563,TRF0007665,43.320000,0.000000,43.320000,43.320000,0.000000,as_expected
FEE0007564,TRF0007666,36.620000,0.000000,36.620000,23.020000,13.600000,unexpected_shortfall
FEE0007565,TRF0007667,3.320000,0.000000,3.320000,3.320000,0.000000,as_expected
FEE0007566,TRF0007668,113.010000,0.000000,113.010000,113.010000,0.000000,as_expected
FEE0007567,TRF0007669,1.890000,0.000000,1.890000,1.890000,0.000000,as_expected
FEE0007568,TRF0007670,5.050000,0.000000,5.050000,5.050000,0.000000,as_expected
FEE0007569,TRF0007671,11.540000,0.000000,11.540000,11.540000,0.000000,as_expected
FEE0007570,TRF0007672,4.220000,0.000000,4.220000,4.220000,0.000000,as_expected
FEE0007571,TRF0007673,20.900000,0.000000,20.900000,20.900000,0.000000,as_expected
FEE0007572,TRF0007674,93.970000,0.000000,93.970000,93.970000,0.000000,as_expected
FEE0007573,TRF0007675,25.170000,0.000000,25.170000,25.170000,0.000000,as_expected
FEE0007574,TRF0007676,33.920000,0.000000,33.920000,33.920000,0.000000,as_expected
FEE0007575,TRF0007677,5.080000,0.000000,5.080000,5.080000,0.000000,as_expected
FEE0007576,TRF0007678,2.750000,0.000000,2.750000,2.750000,0.000000,as_expected
FEE0007577,TRF0007679,9.050000,0.000000,9.050000,9.050000,0.000000,as_expected
FEE0007578,TRF0007680,2.820000,0.000000,2.820000,2.820000,0.000000,as_expected
FEE0007579,TRF0007681,2.620000,0.000000,2.620000,2.620000,0.000000,as_expected
FEE0007580,TRF0007682,7.070000,0.000000,7.070000,7.070000,0.000000,as_expected
FEE0007581,TRF0007683,3.930000,0.000000,3.930000,3.930000,0.000000,as_expected
FEE0007582,TRF0007684,1.540000,0.000000,1.540000,1.540000,0.000000,as_expected
FEE0007583,TRF0007685,2.210000,0.000000,2.210000,2.210000,0.000000,as_expected
FEE0007584,TRF0007686,86.840000,0.000000,86.840000,86.840000,0.000000,as_expected
FEE0007585,TRF0007687,23.680000,0.000000,23.680000,23.680000,0.000000,as_expected
FEE0007586,TRF0007688,2.990000,0.000000,2.990000,2.990000,0.000000,as_expected
FEE0007587,TRF0007689,4.810000,0.000000,4.810000,4.810000,0.000000,as_expected
FEE0007588,TRF0007690,9.810000,0.000000,9.810000,9.810000,0.000000,as_expected
FEE0007589,TRF0007691,3.750000,0.000000,3.750000,3.750000,0.000000,as_expected
FEE0007590,TRF0007692,1.500000,0.000000,1.500000,1.500000,0.000000,as_expected
FEE0007591,TRF0007693,11.750000,0.000000,11.750000,11.750000,0.000000,as_expected
FEE0007592,TRF0007694,4.470000,0.000000,4.470000,4.470000,0.000000,as_expected
FEE0007593,TRF0007695,1.720000,0.130000,1.590000,1.590000,0.000000,approved_price_investment
FEE0007594,TRF0007696,3.210000,0.000000,3.210000,3.210000,0.000000,as_expected
FEE0007595,TRF0007697,4.450000,0.000000,4.450000,4.450000,0.000000,as_expected
FEE0007596,TRF0007698,81.540000,0.000000,81.540000,51.090000,30.450000,unexpected_shortfall
FEE0007597,TRF0007699,25.750000,0.000000,25.750000,25.750000,0.000000,as_expected
FEE0007598,TRF0007700,19.730000,0.000000,19.730000,19.730000,0.000000,as_expected
FEE0007599,TRF0007701,4.030000,0.000000,4.030000,4.030000,0.000000,as_expected
FEE0007600,TRF0007702,7.660000,0.000000,7.660000,7.660000,0.000000,as_expected
FEE0007601,TRF0007703,1.130000,0.000000,1.130000,1.130000,0.000000,as_expected
FEE0007602,TRF0007704,11.380000,0.000000,11.380000,11.380000,0.000000,as_expected
FEE0007603,TRF0007705,6.470000,0.000000,6.470000,6.470000,0.000000,as_expected
FEE0007604,TRF0007706,5.430000,0.000000,5.430000,5.430000,0.000000,as_expected
FEE0007605,TRF0007707,20.670000,0.000000,20.670000,20.670000,0.000000,as_expected
FEE0007606,TRF0007708,2.300000,0.000000,2.300000,2.300000,0.000000,as_expected
FEE0007607,TRF0007709,1.650000,0.000000,1.650000,1.650000,0.000000,as_expected
FEE0007608,TRF0007710,137.000000,0.000000,137.000000,85.760000,51.240000,unexpected_shortfall
FEE0007609,TRF0007711,2.720000,0.000000,2.720000,2.720000,0.000000,as_expected
FEE0007610,TRF0007712,33.900000,0.000000,33.900000,33.900000,0.000000,as_expected
FEE0007611,TRF0007713,4.390000,0.000000,4.390000,4.390000,0.000000,as_expected
FEE0007612,TRF0007714,35.520000,0.000000,35.520000,35.520000,0.000000,as_expected
FEE0007613,TRF0007715,6.320000,0.000000,6.320000,6.320000,0.000000,as_expected
FEE0007614,TRF0007716,10.250000,0.000000,10.250000,10.250000,0.000000,as_expected
FEE0007615,TRF0007717,9.060000,0.000000,9.060000,9.060000,0.000000,as_expected
FEE0007616,TRF0007718,3.740000,0.000000,3.740000,3.740000,0.000000,as_expected
FEE0007617,TRF0007719,3.650000,0.000000,3.650000,3.650000,0.000000,as_expected
FEE0007618,TRF0007720,9.270000,0.000000,9.270000,9.270000,0.000000,as_expected
FEE0007619,TRF0007721,7.880000,0.000000,7.880000,7.880000,0.000000,as_expected
FEE0007620,TRF0007722,106.630000,0.000000,106.630000,106.630000,0.000000,as_expected
FEE0007621,TRF0007723,6.230000,0.000000,6.230000,6.230000,0.000000,as_expected
FEE0007622,TRF0007724,2.170000,0.000000,2.170000,2.170000,0.000000,as_expected
FEE0007623,TRF0007725,5.960000,0.000000,5.960000,5.960000,0.000000,as_expected
FEE0007624,TRF0007726,74.400000,0.000000,74.400000,74.400000,0.000000,as_expected
FEE0007625,TRF0007727,6.940000,0.000000,6.940000,6.940000,0.000000,as_expected
FEE0007626,TRF0007728,28.830000,0.000000,28.830000,28.830000,0.000000,as_expected
FEE0007627,TRF0007729,9.600000,0.000000,9.600000,9.600000,0.000000,as_expected
FEE0007628,TRF0007730,5.480000,0.000000,5.480000,5.480000,0.000000,as_expected
FEE0007629,TRF0007731,6.230000,0.000000,6.230000,6.230000,0.000000,as_expected
FEE0007630,TRF0007732,1.650000,0.130000,1.520000,1.520000,0.000000,approved_price_investment
FEE0007631,TRF0007733,1.230000,0.000000,1.230000,1.230000,0.000000,as_expected
FEE0007632,TRF0007734,3.120000,0.000000,3.120000,3.120000,0.000000,as_expected
FEE0007633,TRF0007735,12.120000,0.000000,12.120000,12.120000,0.000000,as_expected
FEE0007634,TRF0007736,4.810000,0.000000,4.810000,4.810000,0.000000,as_expected
FEE0007635,TRF0007737,3.810000,0.000000,3.810000,3.810000,0.000000,as_expected
FEE0007636,TRF0007738,3.830000,0.000000,3.830000,3.830000,0.000000,as_expected
FEE0007637,TRF0007739,1.450000,0.000000,1.450000,1.450000,0.000000,as_expected
FEE0007638,TRF0007740,28.280000,0.000000,28.280000,28.280000,0.000000,as_expected
FEE0007639,TRF0007741,4.030000,0.000000,4.030000,4.030000,0.000000,as_expected
FEE0007640,TRF0007742,8.190000,0.000000,8.190000,5.250000,2.940000,unexpected_shortfall
FEE0007641,TRF0007743,21.020000,0.000000,21.020000,21.020000,0.000000,as_expected
FEE0007642,TRF0007744,3.560000,0.000000,3.560000,3.560000,0.000000,as_expected
FEE0007643,TRF0007745,12.490000,0.000000,12.490000,12.490000,0.000000,as_expected
FEE0007644,TRF0007746,1.790000,0.000000,1.790000,1.790000,0.000000,as_expected
FEE0007645,TRF0007747,17.060000,0.000000,17.060000,17.060000,0.000000,as_expected
FEE0007646,TRF0007748,20.830000,0.000000,20.830000,20.830000,0.000000,as_expected
FEE0007647,TRF0007749,2.220000,0.000000,2.220000,2.220000,0.000000,as_expected
FEE0007648,TRF0007750,1.140000,0.000000,1.140000,1.140000,0.000000,as_expected
FEE0007649,TRF0007751,8.370000,0.000000,8.370000,8.370000,0.000000,as_expected
FEE0007650,TRF0007752,84.040000,0.000000,84.040000,84.040000,0.000000,as_expected
FEE0007651,TRF0007753,5.610000,0.000000,5.610000,5.610000,0.000000,as_expected
FEE0007652,TRF0007754,1.640000,0.000000,1.640000,1.640000,0.000000,as_expected
FEE0007653,TRF0007755,1.460000,0.000000,1.460000,1.460000,0.000000,as_expected
FEE0007654,TRF0007756,107.950000,0.000000,107.950000,107.950000,0.000000,as_expected
FEE0007655,TRF0007758,4.230000,0.000000,4.230000,4.230000,0.000000,as_expected
FEE0007656,TRF0007759,8.920000,0.000000,8.920000,8.920000,0.000000,as_expected
FEE0007657,TRF0007760,4.140000,0.000000,4.140000,4.140000,0.000000,as_expected
FEE0007658,TRF0007761,24.250000,0.000000,24.250000,24.250000,0.000000,as_expected
FEE0007659,TRF0007762,80.740000,0.000000,80.740000,50.590000,30.150000,unexpected_shortfall
FEE0007660,TRF0007763,1.470000,0.000000,1.470000,1.470000,0.000000,as_expected
FEE0007661,TRF0007764,1.860000,0.000000,1.860000,1.860000,0.000000,as_expected
FEE0007662,TRF0007765,3.130000,0.000000,3.130000,3.130000,0.000000,as_expected
FEE0007663,TRF0007766,25.980000,0.000000,25.980000,25.980000,0.000000,as_expected
FEE0007664,TRF0007767,35.250000,0.000000,35.250000,35.250000,0.000000,as_expected
FEE0007665,TRF0007768,7.390000,0.000000,7.390000,7.390000,0.000000,as_expected
FEE0007666,TRF0007769,11.520000,0.000000,11.520000,11.520000,0.000000,as_expected
FEE0007667,TRF0007770,4.540000,0.000000,4.540000,4.540000,0.000000,as_expected
FEE0007668,TRF0007771,2.600000,0.000000,2.600000,2.600000,0.000000,as_expected
FEE0007669,TRF0007772,4.530000,0.000000,4.530000,4.530000,0.000000,as_expected
FEE0007670,TRF0007773,7.600000,0.000000,7.600000,7.600000,0.000000,as_expected
FEE0007671,TRF0007774,39.720000,0.000000,39.720000,39.720000,0.000000,as_expected
FEE0007672,TRF0007775,19.600000,0.000000,19.600000,19.600000,0.000000,as_expected
FEE0007673,TRF0007776,9.200000,0.000000,9.200000,9.200000,0.000000,as_expected
FEE0007674,TRF0007777,12.690000,0.000000,12.690000,12.690000,0.000000,as_expected
FEE0007675,TRF0007778,4.990000,0.000000,4.990000,4.990000,0.000000,as_expected
FEE0007676,TRF0007779,1.850000,0.000000,1.850000,1.850000,0.000000,as_expected
FEE0007677,TRF0007780,13.700000,1.510000,12.190000,12.190000,0.000000,approved_price_investment
FEE0007678,TRF0007781,6.090000,0.000000,6.090000,6.090000,0.000000,as_expected
FEE0007679,TRF0007782,113.820000,0.000000,113.820000,113.820000,0.000000,as_expected
FEE0007680,TRF0007783,2.180000,0.000000,2.180000,2.180000,0.000000,as_expected
FEE0007681,TRF0007784,2.660000,0.000000,2.660000,2.660000,0.000000,as_expected
FEE0007682,TRF0007785,1.690000,0.000000,1.690000,1.690000,0.000000,as_expected
FEE0007683,TRF0007786,22.250000,0.000000,22.250000,22.250000,0.000000,as_expected
FEE0007684,TRF0007787,15.230000,0.000000,15.230000,15.230000,0.000000,as_expected
FEE0007685,TRF0007788,5.310000,0.000000,5.310000,5.310000,0.000000,as_expected
FEE0007686,TRF0007789,2.390000,0.000000,2.390000,2.390000,0.000000,as_expected
FEE0007687,TRF0007790,91.560000,0.000000,91.560000,91.560000,0.000000,as_expected
FEE0007688,TRF0007791,4.690000,0.000000,4.690000,4.690000,0.000000,as_expected
FEE0007689,TRF0007792,57.980000,0.000000,57.980000,57.980000,0.000000,as_expected
FEE0007690,TRF0007793,3.640000,0.000000,3.640000,3.640000,0.000000,as_expected
FEE0007691,TRF0007794,2.030000,0.000000,2.030000,2.030000,0.000000,as_expected
FEE0007692,TRF0007795,4.330000,0.000000,4.330000,4.330000,0.000000,as_expected
FEE0007693,TRF0007796,14.960000,0.000000,14.960000,14.960000,0.000000,as_expected
FEE0007694,TRF0007797,32.710000,0.000000,32.710000,32.710000,0.000000,as_expected
FEE0007695,TRF0007798,79.110000,8.940000,70.170000,70.170000,0.000000,approved_price_investment
FEE0007696,TRF0007799,53.190000,0.000000,53.190000,53.190000,0.000000,as_expected
FEE0007697,TRF0007800,5.590000,0.000000,5.590000,5.590000,0.000000,as_expected
FEE0007698,TRF0007801,14.540000,0.000000,14.540000,14.540000,0.000000,as_expected
FEE0007699,TRF0007802,8.500000,0.690000,7.810000,7.810000,0.000000,approved_price_investment
FEE0007700,TRF0007803,2.640000,0.000000,2.640000,2.640000,0.000000,as_expected
FEE0007701,TRF0007804,6.730000,0.500000,6.230000,6.230000,0.000000,approved_price_investment
FEE0007702,TRF0007805,7.020000,0.000000,7.020000,7.020000,0.000000,as_expected
FEE0007703,TRF0007806,6.000000,0.000000,6.000000,6.000000,0.000000,as_expected
FEE0007704,TRF0007807,0.950000,0.000000,0.950000,0.950000,0.000000,as_expected
FEE0007705,TRF0007808,2.730000,0.000000,2.730000,2.730000,0.000000,as_expected
FEE0007706,TRF0007809,4.930000,0.000000,4.930000,4.930000,0.000000,as_expected
FEE0007707,TRF0007810,2.610000,0.000000,2.610000,2.610000,0.000000,as_expected
FEE0007708,TRF0007811,10.460000,0.000000,10.460000,10.460000,0.000000,as_expected
FEE0007709,TRF0007812,65.750000,0.000000,65.750000,65.750000,0.000000,as_expected
FEE0007710,TRF0007813,6.880000,0.000000,6.880000,6.880000,0.000000,as_expected
FEE0007711,TRF0007814,3.900000,0.000000,3.900000,3.900000,0.000000,as_expected
FEE0007712,TRF0007815,2.490000,0.000000,2.490000,2.490000,0.000000,as_expected
FEE0007713,TRF0007816,6.690000,0.000000,6.690000,6.690000,0.000000,as_expected
FEE0007714,TRF0007817,36.660000,0.000000,36.660000,36.660000,0.000000,as_expected
FEE0007715,TRF0007818,7.380000,0.000000,7.380000,7.380000,0.000000,as_expected
FEE0007716,TRF0007819,1.420000,0.000000,1.420000,1.420000,0.000000,as_expected
FEE0007717,TRF0007820,33.780000,0.000000,33.780000,33.780000,0.000000,as_expected
FEE0007718,TRF0007821,5.240000,0.500000,4.740000,4.740000,0.000000,approved_price_investment
FEE0007719,TRF0007822,2.140000,0.000000,2.140000,2.140000,0.000000,as_expected
FEE0007720,TRF0007823,10.650000,0.000000,10.650000,10.650000,0.000000,as_expected
FEE0007721,TRF0007824,49.250000,0.000000,49.250000,49.250000,0.000000,as_expected
FEE0007722,TRF0007825,20.640000,0.000000,20.640000,20.640000,0.000000,as_expected
FEE0007723,TRF0007826,6.960000,0.000000,6.960000,6.960000,0.000000,as_expected
FEE0007724,TRF0007827,12.720000,0.000000,12.720000,12.720000,0.000000,as_expected
FEE0007725,TRF0007828,23.990000,0.000000,23.990000,23.990000,0.000000,as_expected
FEE0007726,TRF0007829,1.420000,0.000000,1.420000,1.420000,0.000000,as_expected
FEE0007727,TRF0007830,9.330000,0.000000,9.330000,9.330000,0.000000,as_expected
FEE0007728,TRF0007831,15.160000,0.000000,15.160000,15.160000,0.000000,as_expected
FEE0007729,TRF0007832,34.970000,0.000000,34.970000,34.970000,0.000000,as_expected
FEE0007730,TRF0007833,1.950000,0.000000,1.950000,1.950000,0.000000,as_expected
FEE0007731,TRF0007834,1.690000,0.130000,1.560000,1.560000,0.000000,approved_price_investment
FEE0007732,TRF0007835,21.670000,0.000000,21.670000,21.670000,0.000000,as_expected
FEE0007733,TRF0007836,4.900000,0.000000,4.900000,4.900000,0.000000,as_expected
FEE0007734,TRF0007837,21.180000,0.000000,21.180000,21.180000,0.000000,as_expected
FEE0007735,TRF0007838,187.260000,0.000000,187.260000,187.260000,0.000000,as_expected
FEE0007736,TRF0007839,6.830000,0.000000,6.830000,6.830000,0.000000,as_expected
FEE0007737,TRF0007840,55.040000,0.000000,55.040000,55.040000,0.000000,as_expected
FEE0007738,TRF0007841,9.730000,0.000000,9.730000,9.730000,0.000000,as_expected
FEE0007739,TRF0007842,42.390000,3.600000,38.790000,38.790000,0.000000,approved_price_investment
FEE0007740,TRF0007843,64.190000,0.000000,64.190000,64.190000,0.000000,as_expected
FEE0007741,TRF0007844,2.730000,0.000000,2.730000,2.730000,0.000000,as_expected
FEE0007742,TRF0007845,4.540000,0.000000,4.540000,4.540000,0.000000,as_expected
FEE0007743,TRF0007846,2.470000,0.000000,2.470000,2.470000,0.000000,as_expected
FEE0007744,TRF0007847,82.190000,0.000000,82.190000,82.190000,0.000000,as_expected
FEE0007745,TRF0007848,7.410000,0.000000,7.410000,7.410000,0.000000,as_expected
FEE0007746,TRF0007849,2.440000,0.000000,2.440000,2.440000,0.000000,as_expected
FEE0007747,TRF0007850,6.440000,0.000000,6.440000,6.440000,0.000000,as_expected
FEE0007748,TRF0007851,4.480000,0.000000,4.480000,4.480000,0.000000,as_expected
FEE0007749,TRF0007852,30.890000,0.000000,30.890000,30.890000,0.000000,as_expected
FEE0007750,TRF0007853,81.330000,0.000000,81.330000,81.330000,0.000000,as_expected
FEE0007751,TRF0007854,37.670000,0.000000,37.670000,37.670000,0.000000,as_expected
FEE0007752,TRF0007855,20.220000,0.000000,20.220000,20.220000,0.000000,as_expected
FEE0007753,TRF0007856,3.590000,0.000000,3.590000,3.590000,0.000000,as_expected
FEE0007754,TRF0007857,8.890000,0.000000,8.890000,8.890000,0.000000,as_expected
FEE0007755,TRF0007858,116.890000,0.000000,116.890000,116.890000,0.000000,as_expected
FEE0007756,TRF0007859,81.110000,0.000000,81.110000,81.110000,0.000000,as_expected
FEE0007757,TRF0007860,107.940000,10.130000,97.810000,97.810000,0.000000,approved_price_investment
FEE0007758,TRF0007861,15.760000,0.000000,15.760000,15.760000,0.000000,as_expected
FEE0007759,TRF0007862,2.080000,0.000000,2.080000,2.080000,0.000000,as_expected
FEE0007760,TRF0007863,11.900000,0.000000,11.900000,11.900000,0.000000,as_expected
FEE0007761,TRF0007864,55.610000,0.000000,55.610000,55.610000,0.000000,as_expected
FEE0007762,TRF0007865,19.810000,0.000000,19.810000,19.810000,0.000000,as_expected
FEE0007763,TRF0007866,1.080000,0.000000,1.080000,1.080000,0.000000,as_expected
FEE0007764,TRF0007867,6.260000,0.000000,6.260000,6.260000,0.000000,as_expected
FEE0007765,TRF0007868,2.320000,0.000000,2.320000,2.320000,0.000000,as_expected
FEE0007766,TRF0007869,4.030000,0.370000,3.660000,3.660000,0.000000,approved_price_investment
FEE0007767,TRF0007870,38.860000,0.000000,38.860000,38.860000,0.000000,as_expected
FEE0007768,TRF0007871,11.650000,0.000000,11.650000,7.410000,4.240000,unexpected_shortfall
FEE0007769,TRF0007872,26.940000,0.000000,26.940000,26.940000,0.000000,as_expected
FEE0007770,TRF0007873,17.840000,0.000000,17.840000,17.840000,0.000000,as_expected
FEE0007771,TRF0007874,11.840000,0.000000,11.840000,7.530000,4.310000,unexpected_shortfall
FEE0007772,TRF0007875,214.440000,0.000000,214.440000,134.160000,80.280000,unexpected_shortfall
FEE0007773,TRF0007876,3.030000,0.000000,3.030000,3.030000,0.000000,as_expected
FEE0007774,TRF0007877,15.940000,0.000000,15.940000,15.940000,0.000000,as_expected
FEE0007775,TRF0007878,4.140000,0.000000,4.140000,4.140000,0.000000,as_expected
FEE0007776,TRF0007879,2.210000,0.180000,2.030000,2.030000,0.000000,approved_price_investment
FEE0007777,TRF0007880,2.620000,0.000000,2.620000,2.620000,0.000000,as_expected
FEE0007778,TRF0007881,110.880000,0.000000,110.880000,110.880000,0.000000,as_expected
FEE0007779,TRF0007882,10.000000,0.000000,10.000000,10.000000,0.000000,as_expected
FEE0007780,TRF0007883,2.050000,0.000000,2.050000,2.050000,0.000000,as_expected
FEE0007781,TRF0007884,156.960000,0.000000,156.960000,156.960000,0.000000,as_expected
FEE0007782,TRF0007885,0.960000,0.000000,0.960000,0.960000,0.000000,as_expected
FEE0007783,TRF0007886,171.140000,0.000000,171.140000,171.140000,0.000000,as_expected
FEE0007784,TRF0007887,406.730000,0.000000,406.730000,406.730000,0.000000,as_expected
FEE0007785,TRF0007888,4.510000,0.000000,4.510000,4.510000,0.000000,as_expected
FEE0007786,TRF0007889,50.930000,0.000000,50.930000,50.930000,0.000000,as_expected
FEE0007787,TRF0007890,8.390000,0.000000,8.390000,8.390000,0.000000,as_expected
FEE0007788,TRF0007891,47.360000,0.000000,47.360000,47.360000,0.000000,as_expected
FEE0007789,TRF0007892,8.450000,0.000000,8.450000,8.450000,0.000000,as_expected
FEE0007790,TRF0007893,7.910000,0.780000,7.130000,7.130000,0.000000,approved_price_investment
FEE0007791,TRF0007894,26.390000,0.000000,26.390000,26.390000,0.000000,as_expected
FEE0007792,TRF0007895,2.300000,0.000000,2.300000,2.300000,0.000000,as_expected
FEE0007793,TRF0007896,23.640000,0.000000,23.640000,23.640000,0.000000,as_expected
FEE0007794,TRF0007897,1.560000,0.000000,1.560000,1.560000,0.000000,as_expected
FEE0007795,TRF0007898,150.760000,0.000000,150.760000,150.760000,0.000000,as_expected
FEE0007796,TRF0007899,26.610000,0.000000,26.610000,26.610000,0.000000,as_expected
FEE0007797,TRF0007900,56.210000,4.790000,51.420000,51.420000,0.000000,approved_price_investment
FEE0007798,TRF0007901,1.490000,0.000000,1.490000,1.490000,0.000000,as_expected
FEE0007799,TRF0007902,5.940000,0.000000,5.940000,5.940000,0.000000,as_expected
FEE0007800,TRF0007903,3.710000,0.000000,3.710000,3.710000,0.000000,as_expected
FEE0007801,TRF0007904,7.850000,0.000000,7.850000,7.850000,0.000000,as_expected
FEE0007802,TRF0007905,2.000000,0.000000,2.000000,2.000000,0.000000,as_expected
FEE0007803,TRF0007906,9.180000,0.000000,9.180000,9.180000,0.000000,as_expected
FEE0007804,TRF0007907,2.530000,0.000000,2.530000,2.530000,0.000000,as_expected
FEE0007805,TRF0007908,5.020000,0.000000,5.020000,5.020000,0.000000,as_expected
FEE0007806,TRF0007909,47.790000,0.000000,47.790000,47.790000,0.000000,as_expected
FEE0007807,TRF0007910,5.600000,0.000000,5.600000,5.600000,0.000000,as_expected
FEE0007808,TRF0007911,8.460000,0.000000,8.460000,8.460000,0.000000,as_expected
FEE0007809,TRF0007912,12.900000,0.000000,12.900000,12.900000,0.000000,as_expected
FEE0007810,TRF0007913,3.330000,0.000000,3.330000,3.330000,0.000000,as_expected
FEE0007811,TRF0007914,10.230000,0.000000,10.230000,10.230000,0.000000,as_expected
FEE0007812,TRF0007915,42.700000,4.810000,37.890000,37.890000,0.000000,approved_price_investment
FEE0007813,TRF0007916,115.110000,0.000000,115.110000,115.110000,0.000000,as_expected
FEE0007814,TRF0007917,4.070000,0.000000,4.070000,4.070000,0.000000,as_expected
FEE0007815,TRF0007918,83.430000,0.000000,83.430000,83.430000,0.000000,as_expected
FEE0007816,TRF0007919,206.230000,0.000000,206.230000,206.230000,0.000000,as_expected
FEE0007817,TRF0007920,2.880000,0.180000,2.700000,2.700000,0.000000,approved_price_investment
FEE0007818,TRF0007921,6.560000,0.000000,6.560000,6.560000,0.000000,as_expected
FEE0007819,TRF0007922,1.820000,0.000000,1.820000,1.820000,0.000000,as_expected
FEE0007820,TRF0007923,9.830000,0.000000,9.830000,9.830000,0.000000,as_expected
FEE0007821,TRF0007924,3.240000,0.000000,3.240000,3.240000,0.000000,as_expected
FEE0007822,TRF0007925,9.550000,0.000000,9.550000,9.550000,0.000000,as_expected
FEE0007823,TRF0007926,16.560000,0.000000,16.560000,16.560000,0.000000,as_expected
FEE0007824,TRF0007927,5.990000,0.000000,5.990000,5.990000,0.000000,as_expected
FEE0007825,TRF0007928,1.830000,0.000000,1.830000,1.830000,0.000000,as_expected
FEE0007826,TRF0007929,10.140000,0.780000,9.360000,9.360000,0.000000,approved_price_investment
FEE0007827,TRF0007930,5.120000,0.000000,5.120000,5.120000,0.000000,as_expected
FEE0007828,TRF0007931,2.340000,0.000000,2.340000,2.340000,0.000000,as_expected
FEE0007829,TRF0007932,181.510000,0.000000,181.510000,181.510000,0.000000,as_expected
FEE0007830,TRF0007933,1.550000,0.000000,1.550000,1.550000,0.000000,as_expected
FEE0007831,TRF0007934,23.390000,0.000000,23.390000,23.390000,0.000000,as_expected
FEE0007832,TRF0007935,24.540000,0.000000,24.540000,15.470000,9.070000,unexpected_shortfall
FEE0007833,TRF0007936,22.480000,0.000000,22.480000,22.480000,0.000000,as_expected
FEE0007834,TRF0007937,50.200000,0.000000,50.200000,50.200000,0.000000,as_expected
FEE0007835,TRF0007938,14.230000,0.000000,14.230000,14.230000,0.000000,as_expected
FEE0007836,TRF0007939,25.660000,0.000000,25.660000,25.660000,0.000000,as_expected
FEE0007837,TRF0007940,8.720000,0.000000,8.720000,8.720000,0.000000,as_expected
FEE0007838,TRF0007941,49.620000,0.000000,49.620000,49.620000,0.000000,as_expected
FEE0007839,TRF0007942,6.990000,0.000000,6.990000,6.990000,0.000000,as_expected
FEE0007840,TRF0007943,3.870000,0.000000,3.870000,3.870000,0.000000,as_expected
FEE0007841,TRF0007944,3.800000,0.000000,3.800000,3.800000,0.000000,as_expected
FEE0007842,TRF0007945,3.700000,0.000000,3.700000,3.700000,0.000000,as_expected
FEE0007843,TRF0007946,4.810000,0.000000,4.810000,4.810000,0.000000,as_expected
FEE0007844,TRF0007947,4.310000,0.000000,4.310000,4.310000,0.000000,as_expected
FEE0007845,TRF0007948,8.210000,0.000000,8.210000,8.210000,0.000000,as_expected
FEE0007846,TRF0007949,5.170000,0.000000,5.170000,5.170000,0.000000,as_expected
FEE0007847,TRF0007950,10.930000,0.000000,10.930000,10.930000,0.000000,as_expected
FEE0007848,TRF0007951,2.410000,0.000000,2.410000,2.410000,0.000000,as_expected
FEE0007849,TRF0007952,19.130000,0.000000,19.130000,19.130000,0.000000,as_expected
FEE0007850,TRF0007953,5.390000,0.000000,5.390000,5.390000,0.000000,as_expected
FEE0007851,TRF0007954,9.540000,0.000000,9.540000,9.540000,0.000000,as_expected
FEE0007852,TRF0007955,2.850000,0.000000,2.850000,2.850000,0.000000,as_expected
FEE0007853,TRF0007956,1.810000,0.000000,1.810000,1.810000,0.000000,as_expected
FEE0007854,TRF0007957,2.930000,0.000000,2.930000,2.930000,0.000000,as_expected
FEE0007855,TRF0007958,7.180000,0.000000,7.180000,7.180000,0.000000,as_expected
FEE0007856,TRF0007959,6.290000,0.000000,6.290000,6.290000,0.000000,as_expected
FEE0007857,TRF0007960,47.000000,5.180000,41.820000,41.820000,0.000000,approved_price_investment
FEE0007858,TRF0007961,11.480000,0.000000,11.480000,11.480000,0.000000,as_expected
FEE0007859,TRF0007962,103.260000,0.000000,103.260000,103.260000,0.000000,as_expected
FEE0007860,TRF0007963,133.730000,0.000000,133.730000,133.730000,0.000000,as_expected
FEE0007861,TRF0007964,4.320000,0.000000,4.320000,4.320000,0.000000,as_expected
FEE0007862,TRF0007965,1.420000,0.000000,1.420000,1.420000,0.000000,as_expected
FEE0007863,TRF0007966,33.690000,0.000000,33.690000,33.690000,0.000000,as_expected
FEE0007864,TRF0007967,1.420000,0.100000,1.320000,1.320000,0.000000,approved_price_investment
FEE0007865,TRF0007968,15.690000,0.000000,15.690000,15.690000,0.000000,as_expected
FEE0007866,TRF0007969,1.640000,0.000000,1.640000,1.640000,0.000000,as_expected
FEE0007867,TRF0007970,9.820000,0.000000,9.820000,9.820000,0.000000,as_expected
FEE0007868,TRF0007971,22.280000,0.000000,22.280000,22.280000,0.000000,as_expected
FEE0007869,TRF0007972,10.950000,0.000000,10.950000,10.950000,0.000000,as_expected
FEE0007870,TRF0007973,1.520000,0.000000,1.520000,1.520000,0.000000,as_expected
FEE0007871,TRF0007974,8.170000,0.000000,8.170000,8.170000,0.000000,as_expected
FEE0007872,TRF0007975,10.960000,0.000000,10.960000,10.960000,0.000000,as_expected
FEE0007873,TRF0007976,5.020000,0.000000,5.020000,5.020000,0.000000,as_expected
FEE0007874,TRF0007977,2.810000,0.000000,2.810000,2.810000,0.000000,as_expected
FEE0007875,TRF0007978,63.950000,0.000000,63.950000,63.950000,0.000000,as_expected
FEE0007876,TRF0007979,21.310000,0.000000,21.310000,21.310000,0.000000,as_expected
FEE0007877,TRF0007980,12.240000,0.000000,12.240000,12.240000,0.000000,as_expected
FEE0007878,TRF0007981,25.850000,0.000000,25.850000,25.850000,0.000000,as_expected
FEE0007879,TRF0007982,2.460000,0.000000,2.460000,2.460000,0.000000,as_expected
FEE0007880,TRF0007983,31.490000,0.000000,31.490000,31.490000,0.000000,as_expected
FEE0007881,TRF0007984,2.400000,0.200000,2.200000,2.200000,0.000000,approved_price_investment
FEE0007882,TRF0007985,4.300000,0.300000,4.000000,4.000000,0.000000,approved_price_investment
FEE0007883,TRF0007986,2.900000,0.000000,2.900000,2.900000,0.000000,as_expected
FEE0007884,TRF0007987,14.300000,0.000000,14.300000,14.300000,0.000000,as_expected
FEE0007885,TRF0007988,1.890000,0.000000,1.890000,1.890000,0.000000,as_expected
FEE0007886,TRF0007989,5.010000,0.000000,5.010000,5.010000,0.000000,as_expected
FEE0007887,TRF0007990,1.100000,0.000000,1.100000,1.100000,0.000000,as_expected
FEE0007888,TRF0007991,37.370000,0.000000,37.370000,37.370000,0.000000,as_expected
FEE0007889,TRF0007992,3.390000,0.310000,3.080000,3.080000,0.000000,approved_price_investment
FEE0007890,TRF0007993,17.820000,0.000000,17.820000,17.820000,0.000000,as_expected
FEE0007891,TRF0007994,58.900000,0.000000,58.900000,58.900000,0.000000,as_expected
FEE0007892,TRF0007995,42.400000,0.000000,42.400000,42.400000,0.000000,as_expected
FEE0007893,TRF0007996,3.340000,0.000000,3.340000,3.340000,0.000000,as_expected
FEE0007894,TRF0007997,0.920000,0.000000,0.920000,0.920000,0.000000,as_expected
FEE0007895,TRF0007998,9.720000,0.000000,9.720000,9.720000,0.000000,as_expected
FEE0007896,TRF0007999,9.130000,0.700000,8.430000,8.430000,0.000000,approved_price_investment
FEE0007897,TRF0008000,3.030000,0.000000,3.030000,3.030000,0.000000,as_expected
FEE0007898,TRF0008001,1.880000,0.000000,1.880000,1.880000,0.000000,as_expected
FEE0007899,TRF0008002,0.720000,0.000000,0.720000,0.720000,0.000000,as_expected
FEE0007900,TRF0008003,4.560000,0.000000,4.560000,4.560000,0.000000,as_expected
FEE0007901,TRF0008004,52.980000,0.000000,52.980000,52.980000,0.000000,as_expected
FEE0007902,TRF0008005,38.430000,0.000000,38.430000,38.430000,0.000000,as_expected
FEE0007903,TRF0008006,119.180000,0.000000,119.180000,119.180000,0.000000,as_expected
FEE0007904,TRF0008007,2.520000,0.000000,2.520000,2.520000,0.000000,as_expected
FEE0007905,TRF0008008,2.970000,0.000000,2.970000,2.970000,0.000000,as_expected
FEE0007906,TRF0008009,1.830000,0.000000,1.830000,1.830000,0.000000,as_expected
FEE0007907,TRF0008010,16.010000,0.000000,16.010000,16.010000,0.000000,as_expected
FEE0007908,TRF0008011,11.800000,0.000000,11.800000,11.800000,0.000000,as_expected
FEE0007909,TRF0008012,1.230000,0.000000,1.230000,1.230000,0.000000,as_expected
FEE0007910,TRF0008013,2.030000,0.000000,2.030000,2.030000,0.000000,as_expected
FEE0007911,TRF0008014,24.530000,2.100000,22.430000,22.430000,0.000000,approved_price_investment
FEE0007912,TRF0008015,198.470000,0.000000,198.470000,198.470000,0.000000,as_expected
FEE0007913,TRF0008016,64.190000,0.000000,64.190000,64.190000,0.000000,as_expected
FEE0007914,TRF0008017,104.090000,0.000000,104.090000,104.090000,0.000000,as_expected
FEE0007915,TRF0008018,4.310000,0.000000,4.310000,4.310000,0.000000,as_expected
FEE0007916,TRF0008019,6.090000,0.000000,6.090000,6.090000,0.000000,as_expected
FEE0007917,TRF0008020,13.790000,0.000000,13.790000,13.790000,0.000000,as_expected
FEE0007918,TRF0008021,1.040000,0.000000,1.040000,1.040000,0.000000,as_expected
FEE0007919,TRF0008022,1.290000,0.000000,1.290000,1.290000,0.000000,as_expected
FEE0007920,TRF0008023,2.030000,0.000000,2.030000,2.030000,0.000000,as_expected
FEE0007921,TRF0008024,2.210000,0.130000,2.080000,2.080000,0.000000,approved_price_investment
FEE0007922,TRF0008025,3.910000,0.000000,3.910000,3.910000,0.000000,as_expected
FEE0007923,TRF0008026,28.640000,0.000000,28.640000,28.640000,0.000000,as_expected
FEE0007924,TRF0008027,3.150000,0.000000,3.150000,3.150000,0.000000,as_expected
FEE0007925,TRF0008028,2.470000,0.000000,2.470000,2.470000,0.000000,as_expected
FEE0007926,TRF0008029,4.380000,0.000000,4.380000,4.380000,0.000000,as_expected
FEE0007927,TRF0008030,11.490000,0.000000,11.490000,11.490000,0.000000,as_expected
FEE0007928,TRF0008031,23.500000,0.000000,23.500000,23.500000,0.000000,as_expected
FEE0007929,TRF0008032,42.730000,0.000000,42.730000,42.730000,0.000000,as_expected
FEE0007930,TRF0008033,40.110000,0.000000,40.110000,40.110000,0.000000,as_expected
FEE0007931,TRF0008034,5.470000,0.000000,5.470000,5.470000,0.000000,as_expected
FEE0007932,TRF0008035,2.650000,0.000000,2.650000,2.650000,0.000000,as_expected
FEE0007933,TRF0008036,7.380000,0.000000,7.380000,7.380000,0.000000,as_expected
FEE0007934,TRF0008037,14.660000,0.000000,14.660000,14.660000,0.000000,as_expected
FEE0007935,TRF0008038,1.690000,0.000000,1.690000,1.690000,0.000000,as_expected
FEE0007936,TRF0008039,3.380000,0.000000,3.380000,3.380000,0.000000,as_expected
FEE0007937,TRF0008040,1.170000,0.080000,1.090000,1.090000,0.000000,approved_price_investment
FEE0007938,TRF0008041,42.700000,0.000000,42.700000,42.700000,0.000000,as_expected
FEE0007939,TRF0008042,80.320000,0.000000,80.320000,80.320000,0.000000,as_expected
FEE0007940,TRF0008043,124.860000,0.000000,124.860000,124.860000,0.000000,as_expected
FEE0007941,TRF0008044,5.330000,0.000000,5.330000,5.330000,0.000000,as_expected
FEE0007942,TRF0008045,2.890000,0.000000,2.890000,2.890000,0.000000,as_expected
FEE0007943,TRF0008046,2.780000,0.000000,2.780000,2.780000,0.000000,as_expected
FEE0007944,TRF0008047,28.610000,0.000000,28.610000,28.610000,0.000000,as_expected
FEE0007945,TRF0008048,34.690000,0.000000,34.690000,34.690000,0.000000,as_expected
FEE0007946,TRF0008049,6.000000,0.000000,6.000000,6.000000,0.000000,as_expected
FEE0007947,TRF0008050,25.040000,0.000000,25.040000,15.780000,9.260000,unexpected_shortfall
FEE0007948,TRF0008051,2.720000,0.000000,2.720000,2.720000,0.000000,as_expected
FEE0007949,TRF0008052,3.140000,0.000000,3.140000,3.140000,0.000000,as_expected
FEE0007950,TRF0008053,10.340000,0.000000,10.340000,10.340000,0.000000,as_expected
FEE0007951,TRF0008054,1.590000,0.000000,1.590000,1.590000,0.000000,as_expected
FEE0007952,TRF0008055,3.730000,0.340000,3.390000,3.390000,0.000000,approved_price_investment
FEE0007953,TRF0008056,3.620000,0.000000,3.620000,3.620000,0.000000,as_expected
FEE0007954,TRF0008057,5.020000,0.000000,5.020000,5.020000,0.000000,as_expected
FEE0007955,TRF0008058,50.640000,0.000000,50.640000,50.640000,0.000000,as_expected
FEE0007956,TRF0008059,18.620000,0.000000,18.620000,18.620000,0.000000,as_expected
FEE0007957,TRF0008060,37.890000,0.000000,37.890000,37.890000,0.000000,as_expected
FEE0007958,TRF0008061,24.260000,0.000000,24.260000,24.260000,0.000000,as_expected
FEE0007959,TRF0008062,18.450000,0.000000,18.450000,11.660000,6.790000,unexpected_shortfall
FEE0007960,TRF0008063,3.330000,0.000000,3.330000,3.330000,0.000000,as_expected
FEE0007961,TRF0008064,1.740000,0.000000,1.740000,1.740000,0.000000,as_expected
FEE0007962,TRF0008065,4.420000,0.000000,4.420000,4.420000,0.000000,as_expected
FEE0007963,TRF0008066,3.030000,0.000000,3.030000,3.030000,0.000000,as_expected
FEE0007964,TRF0008067,50.840000,0.000000,50.840000,50.840000,0.000000,as_expected
FEE0007965,TRF0008068,19.170000,0.000000,19.170000,19.170000,0.000000,as_expected
FEE0007966,TRF0008069,6.730000,0.000000,6.730000,6.730000,0.000000,as_expected
FEE0007967,TRF0008070,3.420000,0.000000,3.420000,3.420000,0.000000,as_expected
FEE0007968,TRF0008071,2.750000,0.000000,2.750000,2.750000,0.000000,as_expected
FEE0007969,TRF0008073,2.070000,0.000000,2.070000,2.070000,0.000000,as_expected
FEE0007970,TRF0008074,1.930000,0.000000,1.930000,1.930000,0.000000,as_expected
FEE0007971,TRF0008075,3.770000,0.000000,3.770000,3.770000,0.000000,as_expected
FEE0007972,TRF0008076,2.040000,0.000000,2.040000,2.040000,0.000000,as_expected
FEE0007973,TRF0008077,1.080000,0.000000,1.080000,1.080000,0.000000,as_expected
FEE0007974,TRF0008078,64.270000,0.000000,64.270000,64.270000,0.000000,as_expected
FEE0007975,TRF0008079,3.940000,0.000000,3.940000,3.940000,0.000000,as_expected
FEE0007976,TRF0008080,3.430000,0.000000,3.430000,3.430000,0.000000,as_expected
FEE0007977,TRF0008081,5.690000,0.000000,5.690000,5.690000,0.000000,as_expected
FEE0007978,TRF0008082,87.090000,0.000000,87.090000,87.090000,0.000000,as_expected
FEE0007979,TRF0008083,2.640000,0.000000,2.640000,2.640000,0.000000,as_expected
FEE0007980,TRF0008084,2.000000,0.000000,2.000000,2.000000,0.000000,as_expected
FEE0007981,TRF0008085,8.930000,0.880000,8.050000,8.050000,0.000000,approved_price_investment
FEE0007982,TRF0008086,4.920000,0.000000,4.920000,4.920000,0.000000,as_expected
FEE0007983,TRF0008087,2.520000,0.000000,2.520000,2.520000,0.000000,as_expected
FEE0007984,TRF0008088,10.630000,0.000000,10.630000,10.630000,0.000000,as_expected
FEE0007985,TRF0008089,1.310000,0.000000,1.310000,1.310000,0.000000,as_expected
FEE0007986,TRF0008090,32.180000,0.000000,32.180000,32.180000,0.000000,as_expected
FEE0007987,TRF0008091,3.370000,0.000000,3.370000,3.370000,0.000000,as_expected
FEE0007988,TRF0008092,9.960000,0.760000,9.200000,9.200000,0.000000,approved_price_investment
FEE0007989,TRF0008093,4.930000,0.000000,4.930000,4.930000,0.000000,as_expected
FEE0007990,TRF0008094,2.190000,0.000000,2.190000,2.190000,0.000000,as_expected
FEE0007991,TRF0008095,11.870000,0.000000,11.870000,11.870000,0.000000,as_expected
FEE0007992,TRF0008096,48.030000,0.000000,48.030000,48.030000,0.000000,as_expected
FEE0007993,TRF0008097,18.180000,1.850000,16.330000,16.330000,0.000000,approved_price_investment
FEE0007994,TRF0008098,29.250000,0.000000,29.250000,18.410000,10.840000,unexpected_shortfall
FEE0007995,TRF0008099,14.380000,0.000000,14.380000,14.380000,0.000000,as_expected
FEE0007996,TRF0008100,4.480000,0.000000,4.480000,4.480000,0.000000,as_expected
FEE0007997,TRF0008101,1.630000,0.000000,1.630000,1.630000,0.000000,as_expected
FEE0007998,TRF0008102,46.920000,0.000000,46.920000,29.460000,17.460000,unexpected_shortfall
FEE0007999,TRF0008103,1.990000,0.000000,1.990000,1.990000,0.000000,as_expected
FEE0008000,TRF0008104,10.340000,0.000000,10.340000,10.340000,0.000000,as_expected
FEE0008001,TRF0008105,2.740000,0.000000,2.740000,2.740000,0.000000,as_expected
FEE0008002,TRF0008106,26.920000,0.000000,26.920000,26.920000,0.000000,as_expected
FEE0008003,TRF0008109,1.520000,0.000000,1.520000,1.520000,0.000000,as_expected
FEE0008004,TRF0008110,3.220000,0.000000,3.220000,3.220000,0.000000,as_expected
FEE0008005,TRF0008111,2.540000,0.000000,2.540000,2.540000,0.000000,as_expected
FEE0008006,TRF0008112,1.240000,0.000000,1.240000,1.240000,0.000000,as_expected
FEE0008007,TRF0008113,6.930000,0.000000,6.930000,6.930000,0.000000,as_expected
FEE0008008,TRF0008114,9.260000,0.000000,9.260000,9.260000,0.000000,as_expected
FEE0008009,TRF0008115,2.170000,0.000000,2.170000,2.170000,0.000000,as_expected
FEE0008010,TRF0008116,2.230000,0.000000,2.230000,2.230000,0.000000,as_expected
FEE0008011,TRF0008117,16.680000,0.000000,16.680000,16.680000,0.000000,as_expected
FEE0008012,TRF0008118,4.610000,0.000000,4.610000,4.610000,0.000000,as_expected
FEE0008013,TRF0008120,18.530000,0.000000,18.530000,18.530000,0.000000,as_expected
FEE0008014,TRF0008121,73.340000,0.000000,73.340000,73.340000,0.000000,as_expected
FEE0008015,TRF0008122,3.080000,0.000000,3.080000,3.080000,0.000000,as_expected
FEE0008016,TRF0008123,3.510000,0.000000,3.510000,3.510000,0.000000,as_expected
FEE0008017,TRF0008124,20.780000,0.000000,20.780000,20.780000,0.000000,as_expected
FEE0008018,TRF0008125,1.590000,0.000000,1.590000,1.590000,0.000000,as_expected
FEE0008019,TRF0008126,17.880000,0.000000,17.880000,17.880000,0.000000,as_expected
FEE0008020,TRF0008127,5.400000,0.000000,5.400000,5.400000,0.000000,as_expected
FEE0008021,TRF0008128,5.940000,0.000000,5.940000,5.940000,0.000000,as_expected
FEE0008022,TRF0008129,1.230000,0.000000,1.230000,1.230000,0.000000,as_expected
FEE0008023,TRF0008130,400.980000,0.000000,400.980000,400.980000,0.000000,as_expected
FEE0008024,TRF0008131,112.190000,0.000000,112.190000,112.190000,0.000000,as_expected
FEE0008025,TRF0008132,2.440000,0.000000,2.440000,2.440000,0.000000,as_expected
FEE0008026,TRF0008133,61.640000,0.000000,61.640000,61.640000,0.000000,as_expected
FEE0008027,TRF0008134,1.360000,0.000000,1.360000,1.360000,0.000000,as_expected
FEE0008028,TRF0008135,4.780000,0.000000,4.780000,4.780000,0.000000,as_expected
FEE0008029,TRF0008136,0.790000,0.000000,0.790000,0.790000,0.000000,as_expected
FEE0008030,TRF0008137,5.620000,0.000000,5.620000,5.620000,0.000000,as_expected
FEE0008031,TRF0008138,37.030000,0.000000,37.030000,37.030000,0.000000,as_expected
FEE0008032,TRF0008139,11.330000,0.000000,11.330000,11.330000,0.000000,as_expected
FEE0008033,TRF0008140,5.480000,0.000000,5.480000,5.480000,0.000000,as_expected
FEE0008034,TRF0008141,69.220000,0.000000,69.220000,69.220000,0.000000,as_expected
FEE0008035,TRF0008142,3.780000,0.000000,3.780000,3.780000,0.000000,as_expected
FEE0008036,TRF0008143,54.360000,0.000000,54.360000,54.360000,0.000000,as_expected
FEE0008037,TRF0008144,13.720000,0.000000,13.720000,13.720000,0.000000,as_expected
FEE0008038,TRF0008145,2.920000,0.000000,2.920000,2.920000,0.000000,as_expected
FEE0008039,TRF0008146,3.260000,0.000000,3.260000,3.260000,0.000000,as_expected
FEE0008040,TRF0008147,1.650000,0.000000,1.650000,1.650000,0.000000,as_expected
FEE0008041,TRF0008148,3.790000,0.000000,3.790000,3.790000,0.000000,as_expected
FEE0008042,TRF0008149,1.100000,0.000000,1.100000,1.100000,0.000000,as_expected
FEE0008043,TRF0008150,317.740000,0.000000,317.740000,317.740000,0.000000,as_expected
FEE0008044,TRF0008151,57.170000,0.000000,57.170000,57.170000,0.000000,as_expected
FEE0008045,TRF0008152,3.480000,0.000000,3.480000,3.480000,0.000000,as_expected
FEE0008046,TRF0008154,74.560000,0.000000,74.560000,74.560000,0.000000,as_expected
FEE0008047,TRF0008155,6.340000,0.000000,6.340000,6.340000,0.000000,as_expected
FEE0008048,TRF0008156,3.110000,0.000000,3.110000,3.110000,0.000000,as_expected
FEE0008049,TRF0008157,4.850000,0.000000,4.850000,4.850000,0.000000,as_expected
FEE0008050,TRF0008159,2.350000,0.000000,2.350000,2.350000,0.000000,as_expected
FEE0008051,TRF0008160,4.730000,0.000000,4.730000,4.730000,0.000000,as_expected
FEE0008052,TRF0008161,2.740000,0.000000,2.740000,2.740000,0.000000,as_expected
FEE0008053,TRF0008162,55.420000,0.000000,55.420000,55.420000,0.000000,as_expected
FEE0008054,TRF0008163,9.820000,0.000000,9.820000,9.820000,0.000000,as_expected
FEE0008055,TRF0008164,102.900000,0.000000,102.900000,102.900000,0.000000,as_expected
FEE0008056,TRF0008165,4.750000,0.000000,4.750000,4.750000,0.000000,as_expected
FEE0008057,TRF0008166,4.320000,0.000000,4.320000,4.320000,0.000000,as_expected
FEE0008058,TRF0008167,5.150000,0.000000,5.150000,5.150000,0.000000,as_expected
FEE0008059,TRF0008168,7.000000,0.000000,7.000000,7.000000,0.000000,as_expected
FEE0008060,TRF0008169,6.320000,0.000000,6.320000,6.320000,0.000000,as_expected
FEE0008061,TRF0008170,3.760000,0.000000,3.760000,3.760000,0.000000,as_expected
FEE0008062,TRF0008171,6.630000,0.000000,6.630000,6.630000,0.000000,as_expected
FEE0008063,TRF0008172,5.240000,0.000000,5.240000,5.240000,0.000000,as_expected
FEE0008064,TRF0008173,23.400000,0.000000,23.400000,23.400000,0.000000,as_expected
FEE0008065,TRF0008175,112.750000,0.000000,112.750000,112.750000,0.000000,as_expected
FEE0008066,TRF0008176,160.190000,0.000000,160.190000,160.190000,0.000000,as_expected
FEE0008067,TRF0008177,13.980000,0.000000,13.980000,13.980000,0.000000,as_expected
FEE0008068,TRF0008178,4.360000,0.000000,4.360000,4.360000,0.000000,as_expected
FEE0008069,TRF0008179,3.380000,0.000000,3.380000,3.380000,0.000000,as_expected
FEE0008070,TRF0008181,5.240000,0.000000,5.240000,5.240000,0.000000,as_expected
FEE0008071,TRF0008182,9.000000,0.000000,9.000000,9.000000,0.000000,as_expected
FEE0008072,TRF0008183,5.020000,0.000000,5.020000,5.020000,0.000000,as_expected
FEE0008073,TRF0008184,6.550000,0.000000,6.550000,6.550000,0.000000,as_expected
FEE0008074,TRF0008185,29.950000,0.000000,29.950000,29.950000,0.000000,as_expected
FEE0008075,TRF0008186,8.830000,0.000000,8.830000,8.830000,0.000000,as_expected
FEE0008076,TRF0008187,76.640000,0.000000,76.640000,76.640000,0.000000,as_expected
FEE0008077,TRF0008188,12.410000,0.000000,12.410000,12.410000,0.000000,as_expected
FEE0008078,TRF0008189,32.210000,0.000000,32.210000,32.210000,0.000000,as_expected
FEE0008079,TRF0008190,4.540000,0.000000,4.540000,4.540000,0.000000,as_expected
FEE0008080,TRF0008191,2.270000,0.000000,2.270000,2.270000,0.000000,as_expected
FEE0008081,TRF0008192,78.300000,0.000000,78.300000,78.300000,0.000000,as_expected
FEE0008082,TRF0008193,2.650000,0.000000,2.650000,2.650000,0.000000,as_expected
FEE0008083,TRF0008194,3.000000,0.000000,3.000000,3.000000,0.000000,as_expected
FEE0008084,TRF0008195,2.080000,0.000000,2.080000,2.080000,0.000000,as_expected
FEE0008085,TRF0008196,8.610000,0.000000,8.610000,8.610000,0.000000,as_expected
FEE0008086,TRF0008197,3.370000,0.300000,3.070000,3.070000,0.000000,approved_price_investment
FEE0008087,TRF0008198,71.040000,0.000000,71.040000,71.040000,0.000000,as_expected
FEE0008088,TRF0008199,29.500000,0.000000,29.500000,29.500000,0.000000,as_expected
FEE0008089,TRF0008200,7.450000,0.000000,7.450000,7.450000,0.000000,as_expected
FEE0008090,TRF0008201,2.280000,0.000000,2.280000,2.280000,0.000000,as_expected
FEE0008091,TRF0008202,1.780000,0.000000,1.780000,1.780000,0.000000,as_expected
FEE0008092,TRF0008203,7.830000,0.000000,7.830000,7.830000,0.000000,as_expected
FEE0008093,TRF0008204,2.690000,0.000000,2.690000,2.690000,0.000000,as_expected
FEE0008094,TRF0008205,3.030000,0.000000,3.030000,3.030000,0.000000,as_expected
FEE0008095,TRF0008206,15.280000,0.000000,15.280000,15.280000,0.000000,as_expected
FEE0008096,TRF0008207,1.720000,0.000000,1.720000,1.720000,0.000000,as_expected
FEE0008097,TRF0008208,6.970000,0.000000,6.970000,6.970000,0.000000,as_expected
FEE0008098,TRF0008209,15.830000,0.000000,15.830000,15.830000,0.000000,as_expected
FEE0008099,TRF0008210,11.400000,0.000000,11.400000,11.400000,0.000000,as_expected
FEE0008100,TRF0008211,1.970000,0.000000,1.970000,1.970000,0.000000,as_expected
FEE0008101,TRF0008212,4.760000,0.000000,4.760000,4.760000,0.000000,as_expected
FEE0008102,TRF0008213,37.850000,4.160000,33.690000,33.690000,0.000000,approved_price_investment
FEE0008103,TRF0008214,3.270000,0.000000,3.270000,3.270000,0.000000,as_expected
FEE0008104,TRF0008215,12.140000,0.000000,12.140000,12.140000,0.000000,as_expected
FEE0008105,TRF0008216,4.730000,0.000000,4.730000,4.730000,0.000000,as_expected
FEE0008106,TRF0008217,6.260000,0.000000,6.260000,6.260000,0.000000,as_expected
FEE0008107,TRF0008218,10.860000,0.000000,10.860000,10.860000,0.000000,as_expected
FEE0008108,TRF0008219,1.980000,0.000000,1.980000,1.980000,0.000000,as_expected
FEE0008109,TRF0008220,15.940000,0.000000,15.940000,15.940000,0.000000,as_expected
FEE0008110,TRF0008221,6.170000,0.000000,6.170000,6.170000,0.000000,as_expected
FEE0008111,TRF0008222,3.330000,0.000000,3.330000,3.330000,0.000000,as_expected
FEE0008112,TRF0008223,7.940000,0.000000,7.940000,7.940000,0.000000,as_expected
FEE0008113,TRF0008224,129.760000,0.000000,129.760000,129.760000,0.000000,as_expected
FEE0008114,TRF0008225,0.770000,0.000000,0.770000,0.770000,0.000000,as_expected
FEE0008115,TRF0008226,2.680000,0.230000,2.450000,2.450000,0.000000,approved_price_investment
FEE0008116,TRF0008227,2.680000,0.000000,2.680000,2.680000,0.000000,as_expected
FEE0008117,TRF0008228,25.360000,0.000000,25.360000,25.360000,0.000000,as_expected
FEE0008118,TRF0008229,2.860000,0.000000,2.860000,2.860000,0.000000,as_expected
FEE0008119,TRF0008230,5.160000,0.000000,5.160000,5.160000,0.000000,as_expected
FEE0008120,TRF0008231,2.970000,0.000000,2.970000,2.970000,0.000000,as_expected
FEE0008121,TRF0008232,43.250000,0.000000,43.250000,43.250000,0.000000,as_expected
FEE0008122,TRF0008233,92.020000,0.000000,92.020000,92.020000,0.000000,as_expected
FEE0008123,TRF0008234,5.450000,0.000000,5.450000,5.450000,0.000000,as_expected
FEE0008124,TRF0008235,32.810000,0.000000,32.810000,32.810000,0.000000,as_expected
FEE0008125,TRF0008236,19.130000,0.000000,19.130000,19.130000,0.000000,as_expected
FEE0008126,TRF0008237,3.450000,0.000000,3.450000,3.450000,0.000000,as_expected
FEE0008127,TRF0008238,2.110000,0.000000,2.110000,2.110000,0.000000,as_expected
FEE0008128,TRF0008239,12.900000,0.000000,12.900000,12.900000,0.000000,as_expected
FEE0008129,TRF0008240,277.770000,0.000000,277.770000,277.770000,0.000000,as_expected
FEE0008130,TRF0008241,8.840000,0.000000,8.840000,8.840000,0.000000,as_expected
FEE0008131,TRF0008242,69.950000,0.000000,69.950000,69.950000,0.000000,as_expected
FEE0008132,TRF0008243,30.200000,0.000000,30.200000,30.200000,0.000000,as_expected
FEE0008133,TRF0008244,3.820000,0.000000,3.820000,3.820000,0.000000,as_expected
FEE0008134,TRF0008245,19.830000,0.000000,19.830000,19.830000,0.000000,as_expected
FEE0008135,TRF0008246,7.780000,0.000000,7.780000,7.780000,0.000000,as_expected
FEE0008136,TRF0008247,28.720000,0.000000,28.720000,28.720000,0.000000,as_expected
FEE0008137,TRF0008248,6.140000,0.000000,6.140000,6.140000,0.000000,as_expected
FEE0008138,TRF0008249,6.800000,0.000000,6.800000,6.800000,0.000000,as_expected
FEE0008139,TRF0008250,39.250000,0.000000,39.250000,39.250000,0.000000,as_expected
FEE0008140,TRF0008251,12.810000,0.000000,12.810000,12.810000,0.000000,as_expected
FEE0008141,TRF0008252,10.630000,1.160000,9.470000,9.470000,0.000000,approved_price_investment
FEE0008142,TRF0008253,1.440000,0.000000,1.440000,1.440000,0.000000,as_expected
FEE0008143,TRF0008254,1.770000,0.000000,1.770000,1.770000,0.000000,as_expected
FEE0008144,TRF0008255,43.490000,0.000000,43.490000,43.490000,0.000000,as_expected
FEE0008145,TRF0008256,1.920000,0.000000,1.920000,1.920000,0.000000,as_expected
FEE0008146,TRF0008257,2.060000,0.000000,2.060000,2.060000,0.000000,as_expected
FEE0008147,TRF0008258,2.900000,0.000000,2.900000,2.900000,0.000000,as_expected
FEE0008148,TRF0008259,78.110000,0.000000,78.110000,78.110000,0.000000,as_expected
FEE0008149,TRF0008260,7.610000,0.000000,7.610000,7.610000,0.000000,as_expected
FEE0008150,TRF0008261,3.170000,0.280000,2.890000,2.890000,0.000000,approved_price_investment
FEE0008151,TRF0008262,5.030000,0.000000,5.030000,5.030000,0.000000,as_expected
FEE0008152,TRF0008263,5.580000,0.000000,5.580000,5.580000,0.000000,as_expected
FEE0008153,TRF0008264,1.300000,0.000000,1.300000,1.300000,0.000000,as_expected
FEE0008154,TRF0008265,2.340000,0.000000,2.340000,2.340000,0.000000,as_expected
FEE0008155,TRF0008266,1.620000,0.000000,1.620000,1.620000,0.000000,as_expected
FEE0008156,TRF0008267,4.900000,0.350000,4.550000,4.550000,0.000000,approved_price_investment
FEE0008157,TRF0008268,10.860000,0.000000,10.860000,10.860000,0.000000,as_expected
FEE0008158,TRF0008269,1.620000,0.000000,1.620000,1.620000,0.000000,as_expected
FEE0008159,TRF0008270,1.140000,0.000000,1.140000,1.140000,0.000000,as_expected
FEE0008160,TRF0008271,152.840000,0.000000,152.840000,152.840000,0.000000,as_expected
FEE0008161,TRF0008272,119.800000,0.000000,119.800000,119.800000,0.000000,as_expected
FEE0008162,TRF0008273,2.060000,0.000000,2.060000,2.060000,0.000000,as_expected
FEE0008163,TRF0008274,1.710000,0.000000,1.710000,1.710000,0.000000,as_expected
FEE0008164,TRF0008275,62.800000,0.000000,62.800000,62.800000,0.000000,as_expected
FEE0008165,TRF0008276,48.330000,0.000000,48.330000,30.340000,17.990000,unexpected_shortfall
FEE0008166,TRF0008277,7.100000,0.000000,7.100000,7.100000,0.000000,as_expected
FEE0008167,TRF0008278,10.350000,0.000000,10.350000,10.350000,0.000000,as_expected
FEE0008168,TRF0008279,3.430000,0.000000,3.430000,3.430000,0.000000,as_expected
FEE0008169,TRF0008280,2.960000,0.000000,2.960000,2.960000,0.000000,as_expected
FEE0008170,TRF0008281,6.350000,0.000000,6.350000,6.350000,0.000000,as_expected
FEE0008171,TRF0008282,2.710000,0.000000,2.710000,2.710000,0.000000,as_expected
FEE0008172,TRF0008283,17.340000,0.000000,17.340000,17.340000,0.000000,as_expected
FEE0008173,TRF0008284,3.630000,0.000000,3.630000,3.630000,0.000000,as_expected
FEE0008174,TRF0008285,5.630000,0.000000,5.630000,5.630000,0.000000,as_expected
FEE0008175,TRF0008286,7.800000,0.000000,7.800000,7.800000,0.000000,as_expected
FEE0008176,TRF0008287,56.450000,0.000000,56.450000,56.450000,0.000000,as_expected
FEE0008177,TRF0008288,1.090000,0.000000,1.090000,1.090000,0.000000,as_expected
FEE0008178,TRF0008290,14.950000,0.000000,14.950000,14.950000,0.000000,as_expected
FEE0008179,TRF0008291,36.700000,0.000000,36.700000,36.700000,0.000000,as_expected
FEE0008180,TRF0008292,3.740000,0.000000,3.740000,3.740000,0.000000,as_expected
FEE0008181,TRF0008293,3.960000,0.000000,3.960000,3.960000,0.000000,as_expected
FEE0008182,TRF0008294,85.680000,0.000000,85.680000,85.680000,0.000000,as_expected
FEE0008183,TRF0008295,2.210000,0.000000,2.210000,2.210000,0.000000,as_expected
FEE0008184,TRF0008296,4.520000,0.000000,4.520000,4.520000,0.000000,as_expected
FEE0008185,TRF0008297,2.080000,0.000000,2.080000,2.080000,0.000000,as_expected
FEE0008186,TRF0008298,2.080000,0.000000,2.080000,2.080000,0.000000,as_expected
FEE0008187,TRF0008299,2.250000,0.000000,2.250000,2.250000,0.000000,as_expected
FEE0008188,TRF0008300,70.590000,0.000000,70.590000,70.590000,0.000000,as_expected
FEE0008189,TRF0008301,6.240000,0.000000,6.240000,6.240000,0.000000,as_expected
FEE0008190,TRF0008302,25.380000,0.000000,25.380000,25.380000,0.000000,as_expected
FEE0008191,TRF0008303,23.850000,0.000000,23.850000,23.850000,0.000000,as_expected
FEE0008192,TRF0008304,1.680000,0.000000,1.680000,1.680000,0.000000,as_expected
FEE0008193,TRF0008305,80.990000,0.000000,80.990000,80.990000,0.000000,as_expected
FEE0008194,TRF0008306,3.310000,0.000000,3.310000,3.310000,0.000000,as_expected
FEE0008195,TRF0008307,2.430000,0.000000,2.430000,2.430000,0.000000,as_expected
FEE0008196,TRF0008308,1.880000,0.000000,1.880000,1.880000,0.000000,as_expected
FEE0008197,TRF0008309,3.540000,0.000000,3.540000,3.540000,0.000000,as_expected
FEE0008198,TRF0008310,538.080000,0.000000,538.080000,538.080000,0.000000,as_expected
FEE0008199,TRF0008311,4.700000,0.000000,4.700000,4.700000,0.000000,as_expected
FEE0008200,TRF0008312,1.570000,0.000000,1.570000,1.570000,0.000000,as_expected
FEE0008201,TRF0008313,2.050000,0.000000,2.050000,2.050000,0.000000,as_expected
FEE0008202,TRF0008314,7.820000,0.000000,7.820000,7.820000,0.000000,as_expected
FEE0008203,TRF0008315,86.770000,0.000000,86.770000,86.770000,0.000000,as_expected
FEE0008204,TRF0008316,18.500000,0.000000,18.500000,18.500000,0.000000,as_expected
FEE0008205,TRF0008317,1.900000,0.000000,1.900000,1.900000,0.000000,as_expected
FEE0008206,TRF0008319,6.820000,0.000000,6.820000,6.820000,0.000000,as_expected
FEE0008207,TRF0008320,1.240000,0.000000,1.240000,1.240000,0.000000,as_expected
FEE0008208,TRF0008321,2.920000,0.000000,2.920000,2.920000,0.000000,as_expected
FEE0008209,TRF0008322,1.470000,0.000000,1.470000,1.470000,0.000000,as_expected
FEE0008210,TRF0008323,3.030000,0.000000,3.030000,3.030000,0.000000,as_expected
FEE0008211,TRF0008324,5.900000,0.000000,5.900000,5.900000,0.000000,as_expected
FEE0008212,TRF0008325,7.530000,0.000000,7.530000,7.530000,0.000000,as_expected
FEE0008213,TRF0008326,42.930000,0.000000,42.930000,42.930000,0.000000,as_expected
FEE0008214,TRF0008327,30.340000,0.000000,30.340000,30.340000,0.000000,as_expected
FEE0008215,TRF0008328,2.180000,0.000000,2.180000,2.180000,0.000000,as_expected
FEE0008216,TRF0008329,2.910000,0.000000,2.910000,2.910000,0.000000,as_expected
FEE0008217,TRF0008330,18.920000,0.000000,18.920000,18.920000,0.000000,as_expected
FEE0008218,TRF0008331,27.210000,0.000000,27.210000,27.210000,0.000000,as_expected
FEE0008219,TRF0008332,1.430000,0.000000,1.430000,1.430000,0.000000,as_expected
FEE0008220,TRF0008333,2.750000,0.000000,2.750000,2.750000,0.000000,as_expected
FEE0008221,TRF0008334,4.940000,0.000000,4.940000,4.940000,0.000000,as_expected
FEE0008222,TRF0008335,2.150000,0.000000,2.150000,2.150000,0.000000,as_expected
FEE0008223,TRF0008336,1.500000,0.000000,1.500000,1.500000,0.000000,as_expected
FEE0008224,TRF0008337,2.890000,0.000000,2.890000,2.890000,0.000000,as_expected
FEE0008225,TRF0008338,68.330000,0.000000,68.330000,68.330000,0.000000,as_expected
FEE0008226,TRF0008339,1.930000,0.000000,1.930000,1.930000,0.000000,as_expected
FEE0008227,TRF0008340,15.620000,0.000000,15.620000,9.890000,5.730000,unexpected_shortfall
FEE0008228,TRF0008341,3.860000,0.000000,3.860000,3.860000,0.000000,as_expected
FEE0008229,TRF0008342,1.130000,0.070000,1.060000,1.060000,0.000000,approved_price_investment
FEE0008230,TRF0008343,118.560000,0.000000,118.560000,118.560000,0.000000,as_expected
FEE0008231,TRF0008344,2.560000,0.000000,2.560000,2.560000,0.000000,as_expected
FEE0008232,TRF0008345,54.270000,0.000000,54.270000,54.270000,0.000000,as_expected
FEE0008233,TRF0008346,1.640000,0.000000,1.640000,1.640000,0.000000,as_expected
FEE0008234,TRF0008347,10.140000,0.000000,10.140000,10.140000,0.000000,as_expected
FEE0008235,TRF0008348,16.000000,0.000000,16.000000,16.000000,0.000000,as_expected
FEE0008236,TRF0008349,10.500000,0.000000,10.500000,10.500000,0.000000,as_expected
FEE0008237,TRF0008350,42.830000,0.000000,42.830000,42.830000,0.000000,as_expected
FEE0008238,TRF0008351,16.240000,0.000000,16.240000,16.240000,0.000000,as_expected
FEE0008239,TRF0008352,2.060000,0.000000,2.060000,2.060000,0.000000,as_expected
FEE0008240,TRF0008353,13.700000,0.000000,13.700000,13.700000,0.000000,as_expected
FEE0008241,TRF0008354,3.660000,0.000000,3.660000,3.660000,0.000000,as_expected
FEE0008242,TRF0008355,7.690000,0.000000,7.690000,7.690000,0.000000,as_expected
FEE0008243,TRF0008356,24.840000,0.000000,24.840000,24.840000,0.000000,as_expected
FEE0008244,TRF0008357,2.040000,0.000000,2.040000,2.040000,0.000000,as_expected
FEE0008245,TRF0008358,3.200000,0.000000,3.200000,3.200000,0.000000,as_expected
FEE0008246,TRF0008359,7.180000,0.000000,7.180000,7.180000,0.000000,as_expected
FEE0008247,TRF0008360,0.880000,0.000000,0.880000,0.880000,0.000000,as_expected
FEE0008248,TRF0008361,1.290000,0.000000,1.290000,1.290000,0.000000,as_expected
FEE0008249,TRF0008362,62.810000,0.000000,62.810000,39.390000,23.420000,unexpected_shortfall
FEE0008250,TRF0008363,33.110000,0.000000,33.110000,33.110000,0.000000,as_expected
FEE0008251,TRF0008364,7.780000,0.000000,7.780000,7.780000,0.000000,as_expected
FEE0008252,TRF0008365,9.710000,0.000000,9.710000,9.710000,0.000000,as_expected
FEE0008253,TRF0008366,6.760000,0.000000,6.760000,6.760000,0.000000,as_expected
FEE0008254,TRF0008367,4.470000,0.000000,4.470000,4.470000,0.000000,as_expected
FEE0008255,TRF0008368,12.440000,0.000000,12.440000,12.440000,0.000000,as_expected
FEE0008256,TRF0008369,6.630000,0.000000,6.630000,6.630000,0.000000,as_expected
FEE0008257,TRF0008370,2.080000,0.000000,2.080000,2.080000,0.000000,as_expected
FEE0008258,TRF0008371,31.210000,0.000000,31.210000,31.210000,0.000000,as_expected
FEE0008259,TRF0008372,4.240000,0.000000,4.240000,4.240000,0.000000,as_expected
FEE0008260,TRF0008373,1.340000,0.000000,1.340000,1.340000,0.000000,as_expected
FEE0008261,TRF0008374,2.430000,0.000000,2.430000,2.430000,0.000000,as_expected
FEE0008262,TRF0008375,7.390000,0.000000,7.390000,7.390000,0.000000,as_expected
FEE0008263,TRF0008376,230.370000,0.000000,230.370000,230.370000,0.000000,as_expected
FEE0008264,TRF0008377,3.460000,0.000000,3.460000,3.460000,0.000000,as_expected
FEE0008265,TRF0008378,4.380000,0.000000,4.380000,4.380000,0.000000,as_expected
FEE0008266,TRF0008379,8.630000,0.000000,8.630000,8.630000,0.000000,as_expected
FEE0008267,TRF0008380,2.140000,0.000000,2.140000,2.140000,0.000000,as_expected
FEE0008268,TRF0008381,2.690000,0.000000,2.690000,2.690000,0.000000,as_expected
FEE0008269,TRF0008382,28.280000,0.000000,28.280000,28.280000,0.000000,as_expected
FEE0008270,TRF0008383,71.770000,0.000000,71.770000,44.990000,26.780000,unexpected_shortfall
FEE0008271,TRF0008384,91.730000,0.000000,91.730000,91.730000,0.000000,as_expected
FEE0008272,TRF0008385,23.230000,0.000000,23.230000,23.230000,0.000000,as_expected
FEE0008273,TRF0008386,2.910000,0.000000,2.910000,2.910000,0.000000,as_expected
FEE0008274,TRF0008387,2.540000,0.000000,2.540000,2.540000,0.000000,as_expected
FEE0008275,TRF0008389,3.470000,0.000000,3.470000,3.470000,0.000000,as_expected
FEE0008276,TRF0008390,2.120000,0.000000,2.120000,2.120000,0.000000,as_expected
FEE0008277,TRF0008391,6.270000,0.000000,6.270000,6.270000,0.000000,as_expected
FEE0008278,TRF0008392,4.100000,0.000000,4.100000,4.100000,0.000000,as_expected
FEE0008279,TRF0008393,12.300000,0.000000,12.300000,12.300000,0.000000,as_expected
FEE0008280,TRF0008394,7.300000,0.000000,7.300000,7.300000,0.000000,as_expected
FEE0008281,TRF0008395,13.660000,0.000000,13.660000,13.660000,0.000000,as_expected
FEE0008282,TRF0008396,4.490000,0.000000,4.490000,4.490000,0.000000,as_expected
FEE0008283,TRF0008397,1.360000,0.000000,1.360000,1.360000,0.000000,as_expected
FEE0008284,TRF0008398,2.720000,0.000000,2.720000,2.720000,0.000000,as_expected
FEE0008285,TRF0008399,3.950000,0.000000,3.950000,3.950000,0.000000,as_expected
FEE0008286,TRF0008400,2.130000,0.000000,2.130000,2.130000,0.000000,as_expected
FEE0008287,TRF0008401,5.190000,0.000000,5.190000,5.190000,0.000000,as_expected
FEE0008288,TRF0008402,26.430000,0.000000,26.430000,26.430000,0.000000,as_expected
FEE0008289,TRF0008403,9.530000,0.000000,9.530000,9.530000,0.000000,as_expected
FEE0008290,TRF0008404,2.690000,0.000000,2.690000,2.690000,0.000000,as_expected
FEE0008291,TRF0008405,6.390000,0.000000,6.390000,6.390000,0.000000,as_expected
FEE0008292,TRF0008406,1.400000,0.000000,1.400000,1.400000,0.000000,as_expected
FEE0008293,TRF0008407,8.780000,0.000000,8.780000,8.780000,0.000000,as_expected
FEE0008294,TRF0008408,2.580000,0.000000,2.580000,2.580000,0.000000,as_expected
FEE0008295,TRF0008409,83.260000,0.000000,83.260000,83.260000,0.000000,as_expected
FEE0008296,TRF0008410,36.040000,0.000000,36.040000,36.040000,0.000000,as_expected
FEE0008297,TRF0008411,1.650000,0.000000,1.650000,1.650000,0.000000,as_expected
FEE0008298,TRF0008412,36.890000,0.000000,36.890000,36.890000,0.000000,as_expected
FEE0008299,TRF0008413,4.550000,0.000000,4.550000,4.550000,0.000000,as_expected
FEE0008300,TRF0008414,65.010000,0.000000,65.010000,65.010000,0.000000,as_expected
FEE0008301,TRF0008415,2.790000,0.000000,2.790000,2.790000,0.000000,as_expected
FEE0008302,TRF0008416,3.670000,0.000000,3.670000,3.670000,0.000000,as_expected
FEE0008303,TRF0008417,5.240000,0.000000,5.240000,5.240000,0.000000,as_expected
FEE0008304,TRF0008418,5.050000,0.000000,5.050000,5.050000,0.000000,as_expected
FEE0008305,TRF0008419,2.670000,0.000000,2.670000,2.670000,0.000000,as_expected
FEE0008306,TRF0008420,46.090000,0.000000,46.090000,46.090000,0.000000,as_expected
FEE0008307,TRF0008421,18.500000,0.000000,18.500000,18.500000,0.000000,as_expected
FEE0008308,TRF0008422,7.720000,0.000000,7.720000,7.720000,0.000000,as_expected
FEE0008309,TRF0008423,129.990000,0.000000,129.990000,129.990000,0.000000,as_expected
FEE0008310,TRF0008424,31.520000,0.000000,31.520000,31.520000,0.000000,as_expected
FEE0008311,TRF0008425,60.530000,0.000000,60.530000,60.530000,0.000000,as_expected
FEE0008312,TRF0008426,68.060000,0.000000,68.060000,68.060000,0.000000,as_expected
FEE0008313,TRF0008427,41.560000,0.000000,41.560000,41.560000,0.000000,as_expected
FEE0008314,TRF0008428,37.700000,0.000000,37.700000,37.700000,0.000000,as_expected
FEE0008315,TRF0008429,1.190000,0.000000,1.190000,1.190000,0.000000,as_expected
FEE0008316,TRF0008430,49.610000,0.000000,49.610000,49.610000,0.000000,as_expected
FEE0008317,TRF0008431,9.810000,0.000000,9.810000,9.810000,0.000000,as_expected
FEE0008318,TRF0008432,9.910000,0.760000,9.150000,9.150000,0.000000,approved_price_investment
FEE0008319,TRF0008433,92.190000,0.000000,92.190000,92.190000,0.000000,as_expected
FEE0008320,TRF0008434,20.230000,2.060000,18.170000,18.170000,0.000000,approved_price_investment
FEE0008321,TRF0008435,15.240000,0.000000,15.240000,15.240000,0.000000,as_expected
FEE0008322,TRF0008436,8.940000,0.000000,8.940000,8.940000,0.000000,as_expected
FEE0008323,TRF0008437,3.040000,0.000000,3.040000,3.040000,0.000000,as_expected
FEE0008324,TRF0008438,36.980000,0.000000,36.980000,36.980000,0.000000,as_expected
FEE0008325,TRF0008439,6.690000,0.000000,6.690000,6.690000,0.000000,as_expected
FEE0008326,TRF0008440,5.350000,0.000000,5.350000,5.350000,0.000000,as_expected
FEE0008327,TRF0008441,12.680000,0.000000,12.680000,12.680000,0.000000,as_expected
FEE0008328,TRF0008442,37.550000,0.000000,37.550000,37.550000,0.000000,as_expected
FEE0008329,TRF0008443,28.590000,0.000000,28.590000,28.590000,0.000000,as_expected
FEE0008330,TRF0008444,8.900000,0.000000,8.900000,8.900000,0.000000,as_expected
FEE0008331,TRF0008445,11.080000,0.000000,11.080000,11.080000,0.000000,as_expected
FEE0008332,TRF0008446,54.140000,0.000000,54.140000,54.140000,0.000000,as_expected
FEE0008333,TRF0008447,3.300000,0.000000,3.300000,3.300000,0.000000,as_expected
FEE0008334,TRF0008448,5.740000,0.000000,5.740000,5.740000,0.000000,as_expected
FEE0008335,TRF0008450,6.000000,0.000000,6.000000,6.000000,0.000000,as_expected
FEE0008336,TRF0008451,10.940000,0.000000,10.940000,10.940000,0.000000,as_expected
FEE0008337,TRF0008452,3.530000,0.000000,3.530000,3.530000,0.000000,as_expected
FEE0008338,TRF0008453,65.940000,0.000000,65.940000,65.940000,0.000000,as_expected
FEE0008339,TRF0008454,3.780000,0.000000,3.780000,3.780000,0.000000,as_expected
FEE0008340,TRF0008455,2.290000,0.000000,2.290000,2.290000,0.000000,as_expected
FEE0008341,TRF0008456,53.290000,0.000000,53.290000,33.440000,19.850000,unexpected_shortfall
FEE0008342,TRF0008457,438.870000,0.000000,438.870000,438.870000,0.000000,as_expected
FEE0008343,TRF0008458,56.270000,0.000000,56.270000,56.270000,0.000000,as_expected
FEE0008344,TRF0008459,4.860000,0.000000,4.860000,4.860000,0.000000,as_expected
FEE0008345,TRF0008460,9.800000,0.000000,9.800000,9.800000,0.000000,as_expected
FEE0008346,TRF0008461,62.460000,0.000000,62.460000,62.460000,0.000000,as_expected
FEE0008347,TRF0008462,53.920000,0.000000,53.920000,53.920000,0.000000,as_expected
FEE0008348,TRF0008463,4.280000,0.000000,4.280000,4.280000,0.000000,as_expected
FEE0008349,TRF0008464,2.260000,0.000000,2.260000,2.260000,0.000000,as_expected
FEE0008350,TRF0008465,4.990000,0.000000,4.990000,4.990000,0.000000,as_expected
FEE0008351,TRF0008466,15.820000,0.000000,15.820000,15.820000,0.000000,as_expected
FEE0008352,TRF0008467,28.920000,0.000000,28.920000,28.920000,0.000000,as_expected
FEE0008353,TRF0008468,4.340000,0.000000,4.340000,4.340000,0.000000,as_expected
FEE0008354,TRF0008469,1.090000,0.000000,1.090000,1.090000,0.000000,as_expected
FEE0008355,TRF0008470,1.260000,0.000000,1.260000,1.260000,0.000000,as_expected
FEE0008356,TRF0008471,2.060000,0.000000,2.060000,2.060000,0.000000,as_expected
FEE0008357,TRF0008472,16.390000,0.000000,16.390000,16.390000,0.000000,as_expected
FEE0008358,TRF0008473,1.400000,0.000000,1.400000,1.400000,0.000000,as_expected
FEE0008359,TRF0008474,6.330000,0.000000,6.330000,6.330000,0.000000,as_expected
FEE0008360,TRF0008475,45.380000,0.000000,45.380000,45.380000,0.000000,as_expected
FEE0008361,TRF0008476,19.030000,0.000000,19.030000,19.030000,0.000000,as_expected
FEE0008362,TRF0008477,6.510000,0.000000,6.510000,6.510000,0.000000,as_expected
FEE0008363,TRF0008478,229.360000,0.000000,229.360000,229.360000,0.000000,as_expected
FEE0008364,TRF0008479,7.530000,0.000000,7.530000,7.530000,0.000000,as_expected
FEE0008365,TRF0008480,2.270000,0.000000,2.270000,2.270000,0.000000,as_expected
FEE0008366,TRF0008481,82.650000,0.000000,82.650000,51.790000,30.860000,unexpected_shortfall
FEE0008367,TRF0008482,3.440000,0.000000,3.440000,3.440000,0.000000,as_expected
FEE0008368,TRF0008483,4.410000,0.000000,4.410000,4.410000,0.000000,as_expected
FEE0008369,TRF0008484,14.110000,0.000000,14.110000,14.110000,0.000000,as_expected
FEE0008370,TRF0008485,3.480000,0.000000,3.480000,3.480000,0.000000,as_expected
FEE0008371,TRF0008486,0.740000,0.000000,0.740000,0.740000,0.000000,as_expected
FEE0008372,TRF0008487,19.490000,0.000000,19.490000,19.490000,0.000000,as_expected
FEE0008373,TRF0008488,16.310000,0.000000,16.310000,16.310000,0.000000,as_expected
FEE0008374,TRF0008489,3.260000,0.000000,3.260000,3.260000,0.000000,as_expected
FEE0008375,TRF0008490,5.010000,0.000000,5.010000,5.010000,0.000000,as_expected
FEE0008376,TRF0008491,71.400000,0.000000,71.400000,71.400000,0.000000,as_expected
FEE0008377,TRF0008492,5.450000,0.000000,5.450000,5.450000,0.000000,as_expected
FEE0008378,TRF0008493,7.640000,0.000000,7.640000,7.640000,0.000000,as_expected
FEE0008379,TRF0008494,2.300000,0.000000,2.300000,2.300000,0.000000,as_expected
FEE0008380,TRF0008495,27.080000,0.000000,27.080000,27.080000,0.000000,as_expected
FEE0008381,TRF0008496,3.620000,0.000000,3.620000,3.620000,0.000000,as_expected
FEE0008382,TRF0008497,2.110000,0.000000,2.110000,2.110000,0.000000,as_expected
FEE0008383,TRF0008498,1.590000,0.000000,1.590000,1.590000,0.000000,as_expected
FEE0008384,TRF0008500,114.750000,0.000000,114.750000,114.750000,0.000000,as_expected
FEE0008385,TRF0008501,22.130000,0.000000,22.130000,22.130000,0.000000,as_expected
FEE0008386,TRF0008502,3.970000,0.000000,3.970000,3.970000,0.000000,as_expected
FEE0008387,TRF0008503,18.380000,0.000000,18.380000,18.380000,0.000000,as_expected
FEE0008388,TRF0008504,9.210000,0.000000,9.210000,5.890000,3.320000,unexpected_shortfall
FEE0008389,TRF0008505,2.630000,0.160000,2.470000,2.470000,0.000000,approved_price_investment
FEE0008390,TRF0008506,180.790000,0.000000,180.790000,180.790000,0.000000,as_expected
FEE0008391,TRF0008507,3.040000,0.000000,3.040000,3.040000,0.000000,as_expected
FEE0008392,TRF0008508,4.850000,0.000000,4.850000,4.850000,0.000000,as_expected
FEE0008393,TRF0008509,3.300000,0.000000,3.300000,3.300000,0.000000,as_expected
FEE0008394,TRF0008510,32.500000,0.000000,32.500000,32.500000,0.000000,as_expected
FEE0008395,TRF0008511,4.210000,0.000000,4.210000,4.210000,0.000000,as_expected
FEE0008396,TRF0008512,18.400000,0.000000,18.400000,18.400000,0.000000,as_expected
FEE0008397,TRF0008513,3.130000,0.000000,3.130000,3.130000,0.000000,as_expected
FEE0008398,TRF0008514,4.420000,0.000000,4.420000,4.420000,0.000000,as_expected
FEE0008399,TRF0008515,18.330000,0.000000,18.330000,18.330000,0.000000,as_expected
FEE0008400,TRF0008516,1.590000,0.000000,1.590000,1.590000,0.000000,as_expected
FEE0008401,TRF0008517,49.730000,0.000000,49.730000,49.730000,0.000000,as_expected
FEE0008402,TRF0008518,5.120000,0.000000,5.120000,5.120000,0.000000,as_expected
FEE0008403,TRF0008519,18.790000,0.000000,18.790000,18.790000,0.000000,as_expected
FEE0008404,TRF0008520,367.150000,0.000000,367.150000,367.150000,0.000000,as_expected
FEE0008405,TRF0008521,81.870000,0.000000,81.870000,81.870000,0.000000,as_expected
FEE0008406,TRF0008522,12.010000,0.000000,12.010000,12.010000,0.000000,as_expected
FEE0008407,TRF0008523,22.470000,0.000000,22.470000,22.470000,0.000000,as_expected
FEE0008408,TRF0008524,28.600000,0.000000,28.600000,28.600000,0.000000,as_expected
FEE0008409,TRF0008525,3.440000,0.000000,3.440000,3.440000,0.000000,as_expected
FEE0008410,TRF0008526,1.400000,0.100000,1.300000,1.300000,0.000000,approved_price_investment
FEE0008411,TRF0008527,6.360000,0.000000,6.360000,6.360000,0.000000,as_expected
FEE0008412,TRF0008528,4.100000,0.000000,4.100000,4.100000,0.000000,as_expected
FEE0008413,TRF0008529,9.860000,0.000000,9.860000,9.860000,0.000000,as_expected
FEE0008414,TRF0008530,16.930000,1.880000,15.050000,15.050000,0.000000,approved_price_investment
FEE0008415,TRF0008531,3.080000,0.000000,3.080000,3.080000,0.000000,as_expected
FEE0008416,TRF0008532,3.560000,0.000000,3.560000,3.560000,0.000000,as_expected
FEE0008417,TRF0008533,8.930000,0.000000,8.930000,8.930000,0.000000,as_expected
FEE0008418,TRF0008534,17.980000,0.000000,17.980000,17.980000,0.000000,as_expected
FEE0008419,TRF0008535,21.260000,0.000000,21.260000,21.260000,0.000000,as_expected
FEE0008420,TRF0008536,1.520000,0.000000,1.520000,1.520000,0.000000,as_expected
FEE0008421,TRF0008537,3.250000,0.000000,3.250000,3.250000,0.000000,as_expected
FEE0008422,TRF0008538,6.350000,0.000000,6.350000,6.350000,0.000000,as_expected
FEE0008423,TRF0008539,1.680000,0.000000,1.680000,1.680000,0.000000,as_expected
FEE0008424,TRF0008540,55.710000,0.000000,55.710000,55.710000,0.000000,as_expected
FEE0008425,TRF0008541,31.980000,0.000000,31.980000,31.980000,0.000000,as_expected
FEE0008426,TRF0008542,7.280000,0.000000,7.280000,7.280000,0.000000,as_expected
FEE0008427,TRF0008543,43.410000,0.000000,43.410000,43.410000,0.000000,as_expected
FEE0008428,TRF0008544,2.690000,0.000000,2.690000,2.690000,0.000000,as_expected
FEE0008429,TRF0008545,4.330000,0.000000,4.330000,4.330000,0.000000,as_expected
FEE0008430,TRF0008546,37.540000,0.000000,37.540000,23.590000,13.950000,unexpected_shortfall
FEE0008431,TRF0008547,19.280000,0.000000,19.280000,19.280000,0.000000,as_expected
FEE0008432,TRF0008548,135.190000,0.000000,135.190000,135.190000,0.000000,as_expected
FEE0008433,TRF0008549,10.280000,0.000000,10.280000,10.280000,0.000000,as_expected
FEE0008434,TRF0008550,1.180000,0.000000,1.180000,1.180000,0.000000,as_expected
FEE0008435,TRF0008551,1.040000,0.000000,1.040000,1.040000,0.000000,as_expected
FEE0008436,TRF0008552,13.890000,0.000000,13.890000,13.890000,0.000000,as_expected
FEE0008437,TRF0008553,7.940000,0.000000,7.940000,7.940000,0.000000,as_expected
FEE0008438,TRF0008554,1.970000,0.000000,1.970000,1.970000,0.000000,as_expected
FEE0008439,TRF0008555,1.450000,0.000000,1.450000,1.450000,0.000000,as_expected
FEE0008440,TRF0008556,2.720000,0.000000,2.720000,2.720000,0.000000,as_expected
FEE0008441,TRF0008557,7.800000,0.000000,7.800000,7.800000,0.000000,as_expected
FEE0008442,TRF0008558,7.610000,0.000000,7.610000,7.610000,0.000000,as_expected
FEE0008443,TRF0008559,4.300000,0.000000,4.300000,4.300000,0.000000,as_expected
FEE0008444,TRF0008560,3.380000,0.000000,3.380000,3.380000,0.000000,as_expected
FEE0008445,TRF0008561,7.430000,0.000000,7.430000,7.430000,0.000000,as_expected
FEE0008446,TRF0008562,4.690000,0.000000,4.690000,4.690000,0.000000,as_expected
FEE0008447,TRF0008563,8.590000,0.000000,8.590000,8.590000,0.000000,as_expected
FEE0008448,TRF0008564,2.740000,0.000000,2.740000,2.740000,0.000000,as_expected
FEE0008449,TRF0008565,2.310000,0.000000,2.310000,2.310000,0.000000,as_expected
FEE0008450,TRF0008566,438.340000,0.000000,438.340000,438.340000,0.000000,as_expected
FEE0008451,TRF0008567,3.710000,0.000000,3.710000,3.710000,0.000000,as_expected
FEE0008452,TRF0008568,2.620000,0.000000,2.620000,2.620000,0.000000,as_expected
FEE0008453,TRF0008569,3.660000,0.000000,3.660000,3.660000,0.000000,as_expected
FEE0008454,TRF0008570,5.070000,0.000000,5.070000,5.070000,0.000000,as_expected
FEE0008455,TRF0008571,19.690000,0.000000,19.690000,19.690000,0.000000,as_expected
FEE0008456,TRF0008572,157.480000,0.000000,157.480000,157.480000,0.000000,as_expected
FEE0008457,TRF0008573,4.120000,0.000000,4.120000,4.120000,0.000000,as_expected
FEE0008458,TRF0008574,2.450000,0.000000,2.450000,2.450000,0.000000,as_expected
FEE0008459,TRF0008575,80.610000,0.000000,80.610000,80.610000,0.000000,as_expected
FEE0008460,TRF0008576,4.370000,0.000000,4.370000,4.370000,0.000000,as_expected
FEE0008461,TRF0008577,2.450000,0.000000,2.450000,2.450000,0.000000,as_expected
FEE0008462,TRF0008578,60.530000,0.000000,60.530000,60.530000,0.000000,as_expected
FEE0008463,TRF0008579,10.530000,0.000000,10.530000,10.530000,0.000000,as_expected
FEE0008464,TRF0008580,1.840000,0.000000,1.840000,1.840000,0.000000,as_expected
FEE0008465,TRF0008581,3.440000,0.000000,3.440000,3.440000,0.000000,as_expected
FEE0008466,TRF0008582,3.220000,0.000000,3.220000,3.220000,0.000000,as_expected
FEE0008467,TRF0008583,4.330000,0.000000,4.330000,4.330000,0.000000,as_expected
FEE0008468,TRF0008584,8.400000,0.000000,8.400000,8.400000,0.000000,as_expected
FEE0008469,TRF0008585,4.070000,0.000000,4.070000,4.070000,0.000000,as_expected
FEE0008470,TRF0008586,101.250000,0.000000,101.250000,101.250000,0.000000,as_expected
FEE0008471,TRF0008587,4.910000,0.000000,4.910000,4.910000,0.000000,as_expected
FEE0008472,TRF0008588,2.980000,0.000000,2.980000,2.980000,0.000000,as_expected
FEE0008473,TRF0008589,2.400000,0.000000,2.400000,2.400000,0.000000,as_expected
FEE0008474,TRF0008590,9.470000,0.000000,9.470000,9.470000,0.000000,as_expected
FEE0008475,TRF0008592,7.210000,0.000000,7.210000,7.210000,0.000000,as_expected
FEE0008476,TRF0008593,90.240000,0.000000,90.240000,90.240000,0.000000,as_expected
FEE0008477,TRF0008594,29.580000,0.000000,29.580000,29.580000,0.000000,as_expected
FEE0008478,TRF0008595,5.650000,0.000000,5.650000,5.650000,0.000000,as_expected
FEE0008479,TRF0008596,19.490000,0.000000,19.490000,19.490000,0.000000,as_expected
FEE0008480,TRF0008597,54.900000,0.000000,54.900000,54.900000,0.000000,as_expected
FEE0008481,TRF0008598,1.650000,0.000000,1.650000,1.650000,0.000000,as_expected
FEE0008482,TRF0008599,4.770000,0.000000,4.770000,4.770000,0.000000,as_expected
FEE0008483,TRF0008600,4.080000,0.000000,4.080000,4.080000,0.000000,as_expected
FEE0008484,TRF0008601,7.070000,0.000000,7.070000,7.070000,0.000000,as_expected
FEE0008485,TRF0008602,2.640000,0.000000,2.640000,2.640000,0.000000,as_expected
FEE0008486,TRF0008603,11.160000,0.000000,11.160000,11.160000,0.000000,as_expected
FEE0008487,TRF0008604,2.250000,0.000000,2.250000,2.250000,0.000000,as_expected
FEE0008488,TRF0008605,2.150000,0.000000,2.150000,2.150000,0.000000,as_expected
FEE0008489,TRF0008606,2.960000,0.000000,2.960000,2.960000,0.000000,as_expected
FEE0008490,TRF0008607,1.550000,0.000000,1.550000,1.550000,0.000000,as_expected
FEE0008491,TRF0008608,3.680000,0.000000,3.680000,3.680000,0.000000,as_expected
FEE0008492,TRF0008610,25.190000,0.000000,25.190000,15.870000,9.320000,unexpected_shortfall
FEE0008493,TRF0008611,7.410000,0.000000,7.410000,7.410000,0.000000,as_expected
FEE0008494,TRF0008612,3.050000,0.000000,3.050000,3.050000,0.000000,as_expected
FEE0008495,TRF0008613,19.080000,0.000000,19.080000,19.080000,0.000000,as_expected
FEE0008496,TRF0008614,2.370000,0.000000,2.370000,2.370000,0.000000,as_expected
FEE0008497,TRF0008615,10.760000,0.000000,10.760000,10.760000,0.000000,as_expected
FEE0008498,TRF0008616,6.880000,0.000000,6.880000,6.880000,0.000000,as_expected
FEE0008499,TRF0008618,5.430000,0.000000,5.430000,5.430000,0.000000,as_expected
FEE0008500,TRF0008619,6.770000,0.000000,6.770000,6.770000,0.000000,as_expected
FEE0008501,TRF0008620,8.920000,0.000000,8.920000,8.920000,0.000000,as_expected
FEE0008502,TRF0008621,1.520000,0.000000,1.520000,1.520000,0.000000,as_expected
FEE0008503,TRF0008622,51.680000,0.000000,51.680000,51.680000,0.000000,as_expected
FEE0008504,TRF0008623,28.520000,0.000000,28.520000,28.520000,0.000000,as_expected
FEE0008505,TRF0008625,3.910000,0.000000,3.910000,3.910000,0.000000,as_expected
FEE0008506,TRF0008626,34.060000,0.000000,34.060000,34.060000,0.000000,as_expected
FEE0008507,TRF0008627,18.020000,0.000000,18.020000,18.020000,0.000000,as_expected
FEE0008508,TRF0008628,17.710000,0.000000,17.710000,17.710000,0.000000,as_expected
FEE0008509,TRF0008629,3.670000,0.000000,3.670000,3.670000,0.000000,as_expected
FEE0008510,TRF0008630,11.270000,0.920000,10.350000,10.350000,0.000000,approved_price_investment
FEE0008511,TRF0008631,16.170000,0.000000,16.170000,10.240000,5.930000,unexpected_shortfall
FEE0008512,TRF0008632,3.990000,0.000000,3.990000,3.990000,0.000000,as_expected
FEE0008513,TRF0008633,4.930000,0.000000,4.930000,4.930000,0.000000,as_expected
FEE0008514,TRF0008634,22.910000,0.000000,22.910000,22.910000,0.000000,as_expected
FEE0008515,TRF0008635,2.920000,0.000000,2.920000,2.920000,0.000000,as_expected
FEE0008516,TRF0008636,22.540000,0.000000,22.540000,22.540000,0.000000,as_expected
FEE0008517,TRF0008637,3.840000,0.000000,3.840000,3.840000,0.000000,as_expected
FEE0008518,TRF0008638,159.060000,0.000000,159.060000,159.060000,0.000000,as_expected
FEE0008519,TRF0008639,3.400000,0.000000,3.400000,3.400000,0.000000,as_expected
FEE0008520,TRF0008640,2.810000,0.000000,2.810000,2.810000,0.000000,as_expected
FEE0008521,TRF0008641,8.220000,0.000000,8.220000,8.220000,0.000000,as_expected
FEE0008522,TRF0008642,13.650000,0.000000,13.650000,13.650000,0.000000,as_expected
FEE0008523,TRF0008643,39.320000,0.000000,39.320000,39.320000,0.000000,as_expected
FEE0008524,TRF0008644,3.490000,0.000000,3.490000,3.490000,0.000000,as_expected
FEE0008525,TRF0008645,3.340000,0.000000,3.340000,3.340000,0.000000,as_expected
FEE0008526,TRF0008646,2.010000,0.000000,2.010000,2.010000,0.000000,as_expected
FEE0008527,TRF0008647,8.940000,0.000000,8.940000,8.940000,0.000000,as_expected
FEE0008528,TRF0008648,9.570000,0.000000,9.570000,9.570000,0.000000,as_expected
FEE0008529,TRF0008649,50.630000,0.000000,50.630000,31.770000,18.860000,unexpected_shortfall
FEE0008530,TRF0008650,1.640000,0.000000,1.640000,1.640000,0.000000,as_expected
FEE0008531,TRF0008651,12.080000,0.000000,12.080000,12.080000,0.000000,as_expected
FEE0008532,TRF0008652,3.760000,0.000000,3.760000,3.760000,0.000000,as_expected
FEE0008533,TRF0008653,2.580000,0.000000,2.580000,2.580000,0.000000,as_expected
FEE0008534,TRF0008654,290.150000,0.000000,290.150000,290.150000,0.000000,as_expected
FEE0008535,TRF0008655,0.860000,0.000000,0.860000,0.860000,0.000000,as_expected
FEE0008536,TRF0008656,2.700000,0.000000,2.700000,2.700000,0.000000,as_expected
FEE0008537,TRF0008657,3.990000,0.000000,3.990000,3.990000,0.000000,as_expected
FEE0008538,TRF0008658,5.730000,0.550000,5.180000,5.180000,0.000000,approved_price_investment
FEE0008539,TRF0008659,13.060000,0.000000,13.060000,13.060000,0.000000,as_expected
FEE0008540,TRF0008660,2.620000,0.000000,2.620000,2.620000,0.000000,as_expected
FEE0008541,TRF0008661,3.050000,0.000000,3.050000,3.050000,0.000000,as_expected
FEE0008542,TRF0008662,2.880000,0.000000,2.880000,2.880000,0.000000,as_expected
FEE0008543,TRF0008663,4.420000,0.000000,4.420000,4.420000,0.000000,as_expected
FEE0008544,TRF0008665,2.120000,0.000000,2.120000,2.120000,0.000000,as_expected
FEE0008545,TRF0008666,1.700000,0.000000,1.700000,1.700000,0.000000,as_expected
FEE0008546,TRF0008667,19.360000,0.000000,19.360000,19.360000,0.000000,as_expected
FEE0008547,TRF0008668,2.080000,0.000000,2.080000,2.080000,0.000000,as_expected
FEE0008548,TRF0008669,77.330000,0.000000,77.330000,77.330000,0.000000,as_expected
FEE0008549,TRF0008670,1.520000,0.000000,1.520000,1.520000,0.000000,as_expected
FEE0008550,TRF0008671,4.540000,0.000000,4.540000,4.540000,0.000000,as_expected
FEE0008551,TRF0008672,3.810000,0.000000,3.810000,3.810000,0.000000,as_expected
FEE0008552,TRF0008673,31.990000,0.000000,31.990000,31.990000,0.000000,as_expected
FEE0008553,TRF0008674,9.810000,0.000000,9.810000,6.260000,3.550000,unexpected_shortfall
FEE0008554,TRF0008675,4.310000,0.000000,4.310000,4.310000,0.000000,as_expected
FEE0008555,TRF0008676,2.470000,0.000000,2.470000,2.470000,0.000000,as_expected
FEE0008556,TRF0008677,5.170000,0.000000,5.170000,5.170000,0.000000,as_expected
FEE0008557,TRF0008678,77.860000,0.000000,77.860000,77.860000,0.000000,as_expected
FEE0008558,TRF0008679,31.350000,0.000000,31.350000,31.350000,0.000000,as_expected
FEE0008559,TRF0008680,7.940000,0.000000,7.940000,7.940000,0.000000,as_expected
FEE0008560,TRF0008681,11.270000,0.000000,11.270000,11.270000,0.000000,as_expected
FEE0008561,TRF0008682,9.590000,0.000000,9.590000,9.590000,0.000000,as_expected
FEE0008562,TRF0008683,42.010000,0.000000,42.010000,42.010000,0.000000,as_expected
FEE0008563,TRF0008684,422.700000,0.000000,422.700000,422.700000,0.000000,as_expected
FEE0008564,TRF0008685,25.580000,0.000000,25.580000,25.580000,0.000000,as_expected
FEE0008565,TRF0008686,6.230000,0.000000,6.230000,6.230000,0.000000,as_expected
FEE0008566,TRF0008687,3.030000,0.000000,3.030000,3.030000,0.000000,as_expected
FEE0008567,TRF0008688,140.730000,0.000000,140.730000,140.730000,0.000000,as_expected
FEE0008568,TRF0008689,98.950000,0.000000,98.950000,98.950000,0.000000,as_expected
FEE0008569,TRF0008690,105.070000,9.010000,96.060000,96.060000,0.000000,approved_price_investment
FEE0008570,TRF0008691,3.230000,0.000000,3.230000,3.230000,0.000000,as_expected
FEE0008571,TRF0008692,150.260000,0.000000,150.260000,150.260000,0.000000,as_expected
FEE0008572,TRF0008693,1.800000,0.000000,1.800000,1.800000,0.000000,as_expected
FEE0008573,TRF0008694,3.620000,0.000000,3.620000,3.620000,0.000000,as_expected
FEE0008574,TRF0008695,2.130000,0.000000,2.130000,2.130000,0.000000,as_expected
FEE0008575,TRF0008696,13.320000,0.000000,13.320000,13.320000,0.000000,as_expected
FEE0008576,TRF0008697,2.030000,0.000000,2.030000,2.030000,0.000000,as_expected
FEE0008577,TRF0008698,18.800000,0.000000,18.800000,18.800000,0.000000,as_expected
FEE0008578,TRF0008699,3.350000,0.000000,3.350000,3.350000,0.000000,as_expected
FEE0008579,TRF0008700,37.670000,0.000000,37.670000,37.670000,0.000000,as_expected
FEE0008580,TRF0008701,7.660000,0.000000,7.660000,7.660000,0.000000,as_expected
FEE0008581,TRF0008702,47.520000,0.000000,47.520000,47.520000,0.000000,as_expected
FEE0008582,TRF0008703,4.390000,0.000000,4.390000,4.390000,0.000000,as_expected
FEE0008583,TRF0008704,5.720000,0.000000,5.720000,5.720000,0.000000,as_expected
FEE0008584,TRF0008705,138.100000,17.220000,120.880000,120.880000,0.000000,approved_price_investment
FEE0008585,TRF0008706,1.750000,0.000000,1.750000,1.750000,0.000000,as_expected
FEE0008586,TRF0008707,5.900000,0.000000,5.900000,5.900000,0.000000,as_expected
FEE0008587,TRF0008708,43.580000,0.000000,43.580000,43.580000,0.000000,as_expected
FEE0008588,TRF0008709,83.950000,0.000000,83.950000,83.950000,0.000000,as_expected
FEE0008589,TRF0008710,2.770000,0.000000,2.770000,2.770000,0.000000,as_expected
FEE0008590,TRF0008711,3.070000,0.000000,3.070000,3.070000,0.000000,as_expected
FEE0008591,TRF0008712,7.290000,0.000000,7.290000,7.290000,0.000000,as_expected
FEE0008592,TRF0008713,2.610000,0.000000,2.610000,2.610000,0.000000,as_expected
FEE0008593,TRF0008714,1.770000,0.000000,1.770000,1.770000,0.000000,as_expected
FEE0008594,TRF0008715,16.610000,1.800000,14.810000,14.810000,0.000000,approved_price_investment
FEE0008595,TRF0008716,1.250000,0.000000,1.250000,1.250000,0.000000,as_expected
FEE0008596,TRF0008717,23.670000,0.000000,23.670000,23.670000,0.000000,as_expected
FEE0008597,TRF0008718,1.980000,0.000000,1.980000,1.980000,0.000000,as_expected
FEE0008598,TRF0008719,31.550000,0.000000,31.550000,31.550000,0.000000,as_expected
FEE0008599,TRF0008720,127.310000,0.000000,127.310000,127.310000,0.000000,as_expected
FEE0008600,TRF0008721,3.440000,0.000000,3.440000,3.440000,0.000000,as_expected
FEE0008601,TRF0008722,6.400000,0.000000,6.400000,6.400000,0.000000,as_expected
FEE0008602,TRF0008723,43.290000,0.000000,43.290000,43.290000,0.000000,as_expected
FEE0008603,TRF0008724,1.420000,0.000000,1.420000,1.420000,0.000000,as_expected
FEE0008604,TRF0008725,2.800000,0.000000,2.800000,2.800000,0.000000,as_expected
FEE0008605,TRF0008726,12.380000,0.000000,12.380000,12.380000,0.000000,as_expected
FEE0008606,TRF0008727,45.750000,0.000000,45.750000,45.750000,0.000000,as_expected
FEE0008607,TRF0008728,19.150000,0.000000,19.150000,19.150000,0.000000,as_expected
FEE0008608,TRF0008729,25.800000,2.060000,23.740000,23.740000,0.000000,approved_price_investment
FEE0008609,TRF0008730,1.630000,0.000000,1.630000,1.630000,0.000000,as_expected
FEE0008610,TRF0008731,24.020000,0.000000,24.020000,24.020000,0.000000,as_expected
FEE0008611,TRF0008732,57.770000,0.000000,57.770000,57.770000,0.000000,as_expected
FEE0008612,TRF0008733,1.930000,0.000000,1.930000,1.930000,0.000000,as_expected
FEE0008613,TRF0008734,1.760000,0.000000,1.760000,1.760000,0.000000,as_expected
FEE0008614,TRF0008735,3.250000,0.290000,2.960000,2.960000,0.000000,approved_price_investment
FEE0008615,TRF0008736,7.710000,0.000000,7.710000,7.710000,0.000000,as_expected
FEE0008616,TRF0008737,1.830000,0.000000,1.830000,1.830000,0.000000,as_expected
FEE0008617,TRF0008738,1.070000,0.000000,1.070000,1.070000,0.000000,as_expected
FEE0008618,TRF0008739,2.280000,0.000000,2.280000,2.280000,0.000000,as_expected
FEE0008619,TRF0008740,4.780000,0.000000,4.780000,4.780000,0.000000,as_expected
FEE0008620,TRF0008741,48.450000,0.000000,48.450000,48.450000,0.000000,as_expected
FEE0008621,TRF0008742,6.540000,0.000000,6.540000,6.540000,0.000000,as_expected
FEE0008622,TRF0008743,3.830000,0.000000,3.830000,3.830000,0.000000,as_expected
FEE0008623,TRF0008744,31.470000,0.000000,31.470000,31.470000,0.000000,as_expected
FEE0008624,TRF0008745,6.020000,0.000000,6.020000,6.020000,0.000000,as_expected
FEE0008625,TRF0008746,43.780000,0.000000,43.780000,43.780000,0.000000,as_expected
FEE0008626,TRF0008747,66.660000,0.000000,66.660000,66.660000,0.000000,as_expected
FEE0008627,TRF0008748,8.120000,0.000000,8.120000,5.210000,2.910000,unexpected_shortfall
FEE0008628,TRF0008749,65.020000,0.000000,65.020000,65.020000,0.000000,as_expected
FEE0008629,TRF0008750,26.040000,0.000000,26.040000,26.040000,0.000000,as_expected
FEE0008630,TRF0008751,4.970000,0.470000,4.500000,4.500000,0.000000,approved_price_investment
FEE0008631,TRF0008752,14.290000,0.000000,14.290000,14.290000,0.000000,as_expected
FEE0008632,TRF0008753,4.180000,0.000000,4.180000,4.180000,0.000000,as_expected
FEE0008633,TRF0008754,2.570000,0.000000,2.570000,2.570000,0.000000,as_expected
FEE0008634,TRF0008755,5.570000,0.000000,5.570000,5.570000,0.000000,as_expected
FEE0008635,TRF0008756,19.770000,2.200000,17.570000,17.570000,0.000000,approved_price_investment
FEE0008636,TRF0008757,96.160000,0.000000,96.160000,96.160000,0.000000,as_expected
FEE0008637,TRF0008758,78.670000,0.000000,78.670000,78.670000,0.000000,as_expected
FEE0008638,TRF0008759,4.070000,0.000000,4.070000,4.070000,0.000000,as_expected
FEE0008639,TRF0008760,2.400000,0.000000,2.400000,2.400000,0.000000,as_expected
FEE0008640,TRF0008761,10.720000,0.000000,10.720000,10.720000,0.000000,as_expected
FEE0008641,TRF0008762,32.320000,0.000000,32.320000,32.320000,0.000000,as_expected
FEE0008642,TRF0008763,6.410000,0.000000,6.410000,6.410000,0.000000,as_expected
FEE0008643,TRF0008764,6.890000,0.000000,6.890000,6.890000,0.000000,as_expected
FEE0008644,TRF0008765,3.470000,0.000000,3.470000,3.470000,0.000000,as_expected
FEE0008645,TRF0008766,57.940000,0.000000,57.940000,57.940000,0.000000,as_expected
FEE0008646,TRF0008767,15.170000,0.000000,15.170000,15.170000,0.000000,as_expected
FEE0008647,TRF0008768,149.220000,0.000000,149.220000,93.390000,55.830000,unexpected_shortfall
FEE0008648,TRF0008769,4.290000,0.000000,4.290000,4.290000,0.000000,as_expected
FEE0008649,TRF0008770,27.510000,0.000000,27.510000,27.510000,0.000000,as_expected
FEE0008650,TRF0008771,1.260000,0.000000,1.260000,1.260000,0.000000,as_expected
FEE0008651,TRF0008772,4.610000,0.000000,4.610000,4.610000,0.000000,as_expected
FEE0008652,TRF0008773,2.250000,0.190000,2.060000,2.060000,0.000000,approved_price_investment
FEE0008653,TRF0008774,55.660000,0.000000,55.660000,55.660000,0.000000,as_expected
FEE0008654,TRF0008775,3.430000,0.000000,3.430000,3.430000,0.000000,as_expected
FEE0008655,TRF0008776,13.900000,0.000000,13.900000,13.900000,0.000000,as_expected
FEE0008656,TRF0008777,9.270000,0.000000,9.270000,9.270000,0.000000,as_expected
FEE0008657,TRF0008778,45.260000,0.000000,45.260000,45.260000,0.000000,as_expected
FEE0008658,TRF0008779,2.790000,0.000000,2.790000,2.790000,0.000000,as_expected
FEE0008659,TRF0008780,3.780000,0.000000,3.780000,3.780000,0.000000,as_expected
FEE0008660,TRF0008781,47.630000,0.000000,47.630000,47.630000,0.000000,as_expected
FEE0008661,TRF0008782,8.590000,0.000000,8.590000,8.590000,0.000000,as_expected
FEE0008662,TRF0008783,6.110000,0.000000,6.110000,6.110000,0.000000,as_expected
FEE0008663,TRF0008784,1.610000,0.000000,1.610000,1.610000,0.000000,as_expected
FEE0008664,TRF0008785,38.250000,0.000000,38.250000,38.250000,0.000000,as_expected
FEE0008665,TRF0008786,1.460000,0.000000,1.460000,1.460000,0.000000,as_expected
FEE0008666,TRF0008787,2.080000,0.000000,2.080000,2.080000,0.000000,as_expected
FEE0008667,TRF0008788,38.280000,0.000000,38.280000,24.060000,14.220000,unexpected_shortfall
FEE0008668,TRF0008789,64.200000,0.000000,64.200000,64.200000,0.000000,as_expected
FEE0008669,TRF0008790,6.400000,0.000000,6.400000,6.400000,0.000000,as_expected
FEE0008670,TRF0008791,193.410000,0.000000,193.410000,193.410000,0.000000,as_expected
FEE0008671,TRF0008792,2.020000,0.000000,2.020000,2.020000,0.000000,as_expected
FEE0008672,TRF0008793,8.170000,0.000000,8.170000,8.170000,0.000000,as_expected
FEE0008673,TRF0008794,3.550000,0.000000,3.550000,3.550000,0.000000,as_expected
FEE0008674,TRF0008795,40.380000,0.000000,40.380000,40.380000,0.000000,as_expected
FEE0008675,TRF0008796,4.110000,0.000000,4.110000,4.110000,0.000000,as_expected
FEE0008676,TRF0008797,28.960000,0.000000,28.960000,28.960000,0.000000,as_expected
FEE0008677,TRF0008798,49.350000,0.000000,49.350000,49.350000,0.000000,as_expected
FEE0008678,TRF0008799,9.250000,0.000000,9.250000,9.250000,0.000000,as_expected
FEE0008679,TRF0008800,27.890000,0.000000,27.890000,27.890000,0.000000,as_expected
FEE0008680,TRF0008801,2.680000,0.000000,2.680000,2.680000,0.000000,as_expected
FEE0008681,TRF0008802,6.140000,0.000000,6.140000,6.140000,0.000000,as_expected
FEE0008682,TRF0008803,37.430000,0.000000,37.430000,37.430000,0.000000,as_expected
FEE0008683,TRF0008804,54.710000,0.000000,54.710000,54.710000,0.000000,as_expected
FEE0008684,TRF0008805,1.600000,0.000000,1.600000,1.600000,0.000000,as_expected
FEE0008685,TRF0008806,6.820000,0.000000,6.820000,6.820000,0.000000,as_expected
FEE0008686,TRF0008807,2.900000,0.260000,2.640000,2.640000,0.000000,approved_price_investment
FEE0008687,TRF0008808,306.420000,0.000000,306.420000,306.420000,0.000000,as_expected
FEE0008688,TRF0008809,36.990000,0.000000,36.990000,23.250000,13.740000,unexpected_shortfall
FEE0008689,TRF0008810,1.430000,0.000000,1.430000,1.430000,0.000000,as_expected
FEE0008690,TRF0008811,37.930000,0.000000,37.930000,37.930000,0.000000,as_expected
FEE0008691,TRF0008812,5.520000,0.000000,5.520000,5.520000,0.000000,as_expected
FEE0008692,TRF0008813,39.450000,0.000000,39.450000,39.450000,0.000000,as_expected
FEE0008693,TRF0008814,4.280000,0.000000,4.280000,4.280000,0.000000,as_expected
FEE0008694,TRF0008815,44.380000,0.000000,44.380000,44.380000,0.000000,as_expected
FEE0008695,TRF0008816,96.320000,0.000000,96.320000,96.320000,0.000000,as_expected
FEE0008696,TRF0008817,7.340000,0.550000,6.790000,6.790000,0.000000,approved_price_investment
FEE0008697,TRF0008818,1.490000,0.000000,1.490000,1.490000,0.000000,as_expected
FEE0008698,TRF0008819,2.930000,0.000000,2.930000,2.930000,0.000000,as_expected
FEE0008699,TRF0008820,1.830000,0.000000,1.830000,1.830000,0.000000,as_expected
FEE0008700,TRF0008821,47.910000,0.000000,47.910000,47.910000,0.000000,as_expected
FEE0008701,TRF0008822,23.580000,0.000000,23.580000,23.580000,0.000000,as_expected
FEE0008702,TRF0008823,2.190000,0.000000,2.190000,2.190000,0.000000,as_expected
FEE0008703,TRF0008824,2.190000,0.000000,2.190000,2.190000,0.000000,as_expected
FEE0008704,TRF0008825,238.470000,0.000000,238.470000,238.470000,0.000000,as_expected
FEE0008705,TRF0008826,16.250000,0.000000,16.250000,16.250000,0.000000,as_expected
FEE0008706,TRF0008827,65.800000,0.000000,65.800000,65.800000,0.000000,as_expected
FEE0008707,TRF0008828,5.510000,0.000000,5.510000,5.510000,0.000000,as_expected
FEE0008708,TRF0008829,7.440000,0.000000,7.440000,7.440000,0.000000,as_expected
FEE0008709,TRF0008830,2.060000,0.000000,2.060000,2.060000,0.000000,as_expected
FEE0008710,TRF0008831,8.600000,0.000000,8.600000,8.600000,0.000000,as_expected
FEE0008711,TRF0008832,2.050000,0.000000,2.050000,2.050000,0.000000,as_expected
FEE0008712,TRF0008833,15.810000,0.000000,15.810000,15.810000,0.000000,as_expected
FEE0008713,TRF0008834,1.620000,0.000000,1.620000,1.620000,0.000000,as_expected
FEE0008714,TRF0008835,16.000000,0.000000,16.000000,16.000000,0.000000,as_expected
FEE0008715,TRF0008836,5.390000,0.000000,5.390000,5.390000,0.000000,as_expected
FEE0008716,TRF0008837,4.620000,0.000000,4.620000,4.620000,0.000000,as_expected
FEE0008717,TRF0008838,1.610000,0.000000,1.610000,1.610000,0.000000,as_expected
FEE0008718,TRF0008839,78.400000,0.000000,78.400000,78.400000,0.000000,as_expected
FEE0008719,TRF0008840,2.870000,0.000000,2.870000,2.870000,0.000000,as_expected
FEE0008720,TRF0008841,265.760000,0.000000,265.760000,265.760000,0.000000,as_expected
FEE0008721,TRF0008842,3.820000,0.000000,3.820000,3.820000,0.000000,as_expected
FEE0008722,TRF0008843,9.440000,0.000000,9.440000,9.440000,0.000000,as_expected
FEE0008723,TRF0008844,8.720000,0.000000,8.720000,8.720000,0.000000,as_expected
FEE0008724,TRF0008845,92.220000,0.000000,92.220000,92.220000,0.000000,as_expected
FEE0008725,TRF0008847,3.830000,0.000000,3.830000,3.830000,0.000000,as_expected
FEE0008726,TRF0008848,3.380000,0.000000,3.380000,3.380000,0.000000,as_expected
FEE0008727,TRF0008850,147.330000,0.000000,147.330000,147.330000,0.000000,as_expected
FEE0008728,TRF0008851,57.840000,0.000000,57.840000,57.840000,0.000000,as_expected
FEE0008729,TRF0008852,2.260000,0.000000,2.260000,2.260000,0.000000,as_expected
FEE0008730,TRF0008853,70.430000,0.000000,70.430000,70.430000,0.000000,as_expected
FEE0008731,TRF0008854,3.350000,0.000000,3.350000,3.350000,0.000000,as_expected
FEE0008732,TRF0008855,104.340000,0.000000,104.340000,104.340000,0.000000,as_expected
FEE0008733,TRF0008856,5.420000,0.000000,5.420000,5.420000,0.000000,as_expected
FEE0008734,TRF0008857,53.850000,0.000000,53.850000,53.850000,0.000000,as_expected
FEE0008735,TRF0008858,43.370000,0.000000,43.370000,43.370000,0.000000,as_expected
FEE0008736,TRF0008859,23.050000,0.000000,23.050000,23.050000,0.000000,as_expected
FEE0008737,TRF0008860,2.040000,0.000000,2.040000,2.040000,0.000000,as_expected
FEE0008738,TRF0008861,1.730000,0.000000,1.730000,1.730000,0.000000,as_expected
FEE0008739,TRF0008862,2.010000,0.000000,2.010000,2.010000,0.000000,as_expected
FEE0008740,TRF0008863,38.830000,0.000000,38.830000,38.830000,0.000000,as_expected
FEE0008741,TRF0008864,8.650000,0.000000,8.650000,8.650000,0.000000,as_expected
FEE0008742,TRF0008865,1.520000,0.000000,1.520000,1.520000,0.000000,as_expected
FEE0008743,TRF0008866,160.150000,0.000000,160.150000,100.230000,59.920000,unexpected_shortfall
FEE0008744,TRF0008867,12.270000,1.350000,10.920000,10.920000,0.000000,approved_price_investment
FEE0008745,TRF0008868,5.140000,0.000000,5.140000,5.140000,0.000000,as_expected
FEE0008746,TRF0008869,3.640000,0.330000,3.310000,3.310000,0.000000,approved_price_investment
FEE0008747,TRF0008870,4.710000,0.000000,4.710000,4.710000,0.000000,as_expected
FEE0008748,TRF0008871,4.320000,0.000000,4.320000,4.320000,0.000000,as_expected
FEE0008749,TRF0008872,3.940000,0.000000,3.940000,3.940000,0.000000,as_expected
FEE0008750,TRF0008873,10.410000,0.000000,10.410000,10.410000,0.000000,as_expected
FEE0008751,TRF0008875,5.090000,0.000000,5.090000,5.090000,0.000000,as_expected
FEE0008752,TRF0008876,214.360000,0.000000,214.360000,214.360000,0.000000,as_expected
FEE0008753,TRF0008877,1.520000,0.000000,1.520000,1.520000,0.000000,as_expected
FEE0008754,TRF0008878,10.260000,1.120000,9.140000,9.140000,0.000000,approved_price_investment
FEE0008755,TRF0008879,10.030000,0.000000,10.030000,10.030000,0.000000,as_expected
FEE0008756,TRF0008880,12.000000,0.000000,12.000000,12.000000,0.000000,as_expected
FEE0008757,TRF0008881,39.150000,0.000000,39.150000,39.150000,0.000000,as_expected
FEE0008758,TRF0008882,2.460000,0.000000,2.460000,2.460000,0.000000,as_expected
FEE0008759,TRF0008883,50.670000,0.000000,50.670000,50.670000,0.000000,as_expected
FEE0008760,TRF0008884,7.730000,0.000000,7.730000,7.730000,0.000000,as_expected
FEE0008761,TRF0008885,111.220000,0.000000,111.220000,111.220000,0.000000,as_expected
FEE0008762,TRF0008886,21.410000,0.000000,21.410000,21.410000,0.000000,as_expected
FEE0008763,TRF0008887,17.320000,0.000000,17.320000,17.320000,0.000000,as_expected
FEE0008764,TRF0008888,1.910000,0.000000,1.910000,1.910000,0.000000,as_expected
FEE0008765,TRF0008889,1.240000,0.000000,1.240000,1.240000,0.000000,as_expected
FEE0008766,TRF0008890,34.880000,0.000000,34.880000,34.880000,0.000000,as_expected
FEE0008767,TRF0008891,14.300000,0.000000,14.300000,14.300000,0.000000,as_expected
FEE0008768,TRF0008892,66.170000,0.000000,66.170000,66.170000,0.000000,as_expected
FEE0008769,TRF0008893,5.500000,0.430000,5.070000,5.070000,0.000000,approved_price_investment
FEE0008770,TRF0008894,5.020000,0.480000,4.540000,4.540000,0.000000,approved_price_investment
FEE0008771,TRF0008895,14.970000,0.000000,14.970000,14.970000,0.000000,as_expected
FEE0008772,TRF0008896,53.960000,6.090000,47.870000,47.870000,0.000000,approved_price_investment
FEE0008773,TRF0008897,2.570000,0.220000,2.350000,2.350000,0.000000,approved_price_investment
FEE0008774,TRF0008898,2.120000,0.000000,2.120000,2.120000,0.000000,as_expected
FEE0008775,TRF0008899,8.100000,0.000000,8.100000,8.100000,0.000000,as_expected
FEE0008776,TRF0008901,2.440000,0.000000,2.440000,2.440000,0.000000,as_expected
FEE0008777,TRF0008902,4.970000,0.000000,4.970000,4.970000,0.000000,as_expected
FEE0008778,TRF0008903,3.350000,0.000000,3.350000,3.350000,0.000000,as_expected
FEE0008779,TRF0008904,1.520000,0.000000,1.520000,1.520000,0.000000,as_expected
FEE0008780,TRF0008905,12.680000,0.000000,12.680000,12.680000,0.000000,as_expected
FEE0008781,TRF0008906,5.630000,0.000000,5.630000,5.630000,0.000000,as_expected
FEE0008782,TRF0008907,6.720000,0.650000,6.070000,6.070000,0.000000,approved_price_investment
FEE0008783,TRF0008908,30.560000,0.000000,30.560000,30.560000,0.000000,as_expected
FEE0008784,TRF0008909,2.550000,0.000000,2.550000,2.550000,0.000000,as_expected
FEE0008785,TRF0008910,6.270000,0.000000,6.270000,6.270000,0.000000,as_expected
FEE0008786,TRF0008911,12.850000,0.000000,12.850000,12.850000,0.000000,as_expected
FEE0008787,TRF0008912,6.080000,0.000000,6.080000,6.080000,0.000000,as_expected
FEE0008788,TRF0008913,0.960000,0.000000,0.960000,0.960000,0.000000,as_expected
FEE0008789,TRF0008914,10.960000,0.000000,10.960000,10.960000,0.000000,as_expected
FEE0008790,TRF0008915,4.020000,0.000000,4.020000,4.020000,0.000000,as_expected
FEE0008791,TRF0008916,6.560000,0.000000,6.560000,6.560000,0.000000,as_expected
FEE0008792,TRF0008917,2.500000,0.000000,2.500000,2.500000,0.000000,as_expected
FEE0008793,TRF0008918,6.180000,0.000000,6.180000,6.180000,0.000000,as_expected
FEE0008794,TRF0008919,6.780000,0.000000,6.780000,6.780000,0.000000,as_expected
FEE0008795,TRF0008920,4.410000,0.000000,4.410000,4.410000,0.000000,as_expected
FEE0008796,TRF0008921,5.020000,0.000000,5.020000,5.020000,0.000000,as_expected
FEE0008797,TRF0008922,9.940000,0.000000,9.940000,9.940000,0.000000,as_expected
FEE0008798,TRF0008923,52.090000,0.000000,52.090000,52.090000,0.000000,as_expected
FEE0008799,TRF0008924,7.810000,0.000000,7.810000,7.810000,0.000000,as_expected
FEE0008800,TRF0008925,12.570000,0.000000,12.570000,12.570000,0.000000,as_expected
FEE0008801,TRF0008926,4.070000,0.000000,4.070000,4.070000,0.000000,as_expected
FEE0008802,TRF0008927,2.900000,0.000000,2.900000,2.900000,0.000000,as_expected
FEE0008803,TRF0008928,47.370000,5.340000,42.030000,42.030000,0.000000,approved_price_investment
FEE0008804,TRF0008929,56.720000,0.000000,56.720000,56.720000,0.000000,as_expected
FEE0008805,TRF0008930,96.670000,0.000000,96.670000,96.670000,0.000000,as_expected
FEE0008806,TRF0008931,3.090000,0.200000,2.890000,2.890000,0.000000,approved_price_investment
FEE0008807,TRF0008932,2.700000,0.000000,2.700000,2.700000,0.000000,as_expected
FEE0008808,TRF0008933,6.160000,0.000000,6.160000,6.160000,0.000000,as_expected
FEE0008809,TRF0008934,3.360000,0.000000,3.360000,3.360000,0.000000,as_expected
FEE0008810,TRF0008935,1.360000,0.090000,1.270000,1.270000,0.000000,approved_price_investment
FEE0008811,TRF0008936,104.660000,0.000000,104.660000,104.660000,0.000000,as_expected
FEE0008812,TRF0008937,4.600000,0.000000,4.600000,4.600000,0.000000,as_expected
FEE0008813,TRF0008938,52.600000,0.000000,52.600000,52.600000,0.000000,as_expected
FEE0008814,TRF0008939,115.050000,0.000000,115.050000,115.050000,0.000000,as_expected
FEE0008815,TRF0008940,3.980000,0.000000,3.980000,3.980000,0.000000,as_expected
FEE0008816,TRF0008941,2.410000,0.000000,2.410000,2.410000,0.000000,as_expected
FEE0008817,TRF0008942,7.250000,0.000000,7.250000,7.250000,0.000000,as_expected
FEE0008818,TRF0008943,11.520000,0.000000,11.520000,11.520000,0.000000,as_expected
FEE0008819,TRF0008944,8.530000,0.000000,8.530000,8.530000,0.000000,as_expected
FEE0008820,TRF0008945,3.510000,0.000000,3.510000,3.510000,0.000000,as_expected
FEE0008821,TRF0008946,1.310000,0.090000,1.220000,1.220000,0.000000,approved_price_investment
FEE0008822,TRF0008947,7.510000,0.000000,7.510000,7.510000,0.000000,as_expected
FEE0008823,TRF0008948,4.600000,0.000000,4.600000,4.600000,0.000000,as_expected
FEE0008824,TRF0008949,22.620000,0.000000,22.620000,22.620000,0.000000,as_expected
FEE0008825,TRF0008950,44.260000,0.000000,44.260000,44.260000,0.000000,as_expected
FEE0008826,TRF0008951,14.470000,0.000000,14.470000,9.170000,5.300000,unexpected_shortfall
FEE0008827,TRF0008952,10.150000,0.000000,10.150000,10.150000,0.000000,as_expected
FEE0008828,TRF0008953,3.030000,0.000000,3.030000,3.030000,0.000000,as_expected
FEE0008829,TRF0008954,8.200000,0.000000,8.200000,8.200000,0.000000,as_expected
FEE0008830,TRF0008955,5.920000,0.000000,5.920000,5.920000,0.000000,as_expected
FEE0008831,TRF0008956,78.930000,0.000000,78.930000,78.930000,0.000000,as_expected
FEE0008832,TRF0008957,82.930000,0.000000,82.930000,82.930000,0.000000,as_expected
FEE0008833,TRF0008958,2.540000,0.000000,2.540000,2.540000,0.000000,as_expected
FEE0008834,TRF0008959,4.280000,0.000000,4.280000,4.280000,0.000000,as_expected
FEE0008835,TRF0008960,62.610000,0.000000,62.610000,62.610000,0.000000,as_expected
FEE0008836,TRF0008961,5.010000,0.000000,5.010000,5.010000,0.000000,as_expected
FEE0008837,TRF0008962,2.180000,0.000000,2.180000,2.180000,0.000000,as_expected
FEE0008838,TRF0008963,6.250000,0.000000,6.250000,6.250000,0.000000,as_expected
FEE0008839,TRF0008964,6.800000,0.000000,6.800000,6.800000,0.000000,as_expected
FEE0008840,TRF0008965,1.420000,0.000000,1.420000,1.420000,0.000000,as_expected
FEE0008841,TRF0008967,16.790000,0.000000,16.790000,16.790000,0.000000,as_expected
FEE0008842,TRF0008968,44.320000,0.000000,44.320000,44.320000,0.000000,as_expected
FEE0008843,TRF0008969,5.900000,0.430000,5.470000,5.470000,0.000000,approved_price_investment
FEE0008844,TRF0008970,0.740000,0.000000,0.740000,0.740000,0.000000,as_expected
FEE0008845,TRF0008971,7.210000,0.540000,6.670000,6.670000,0.000000,approved_price_investment
FEE0008846,TRF0008972,6.620000,0.000000,6.620000,6.620000,0.000000,as_expected
FEE0008847,TRF0008973,30.620000,0.000000,30.620000,30.620000,0.000000,as_expected
FEE0008848,TRF0008974,2.580000,0.000000,2.580000,2.580000,0.000000,as_expected
FEE0008849,TRF0008975,2.980000,0.000000,2.980000,2.980000,0.000000,as_expected
FEE0008850,TRF0008976,10.010000,0.000000,10.010000,10.010000,0.000000,as_expected
FEE0008851,TRF0008977,1.790000,0.000000,1.790000,1.790000,0.000000,as_expected
FEE0008852,TRF0008978,9.440000,0.000000,9.440000,9.440000,0.000000,as_expected
FEE0008853,TRF0008979,8.480000,0.000000,8.480000,8.480000,0.000000,as_expected
FEE0008854,TRF0008980,1.110000,0.000000,1.110000,1.110000,0.000000,as_expected
FEE0008855,TRF0008981,31.630000,0.000000,31.630000,31.630000,0.000000,as_expected
FEE0008856,TRF0008982,15.330000,0.000000,15.330000,15.330000,0.000000,as_expected
FEE0008857,TRF0008983,5.320000,0.000000,5.320000,5.320000,0.000000,as_expected
FEE0008858,TRF0008984,83.950000,0.000000,83.950000,83.950000,0.000000,as_expected
FEE0008859,TRF0008985,1.820000,0.000000,1.820000,1.820000,0.000000,as_expected
FEE0008860,TRF0008986,1.750000,0.000000,1.750000,1.750000,0.000000,as_expected
FEE0008861,TRF0008987,8.640000,0.000000,8.640000,8.640000,0.000000,as_expected
FEE0008862,TRF0008988,2.580000,0.000000,2.580000,2.580000,0.000000,as_expected
FEE0008863,TRF0008989,64.480000,0.000000,64.480000,64.480000,0.000000,as_expected
FEE0008864,TRF0008990,1.830000,0.000000,1.830000,1.830000,0.000000,as_expected
FEE0008865,TRF0008991,9.650000,0.000000,9.650000,9.650000,0.000000,as_expected
FEE0008866,TRF0008992,5.020000,0.000000,5.020000,5.020000,0.000000,as_expected
FEE0008867,TRF0008993,4.400000,0.000000,4.400000,4.400000,0.000000,as_expected
FEE0008868,TRF0008994,2.810000,0.000000,2.810000,2.810000,0.000000,as_expected
FEE0008869,TRF0008995,3.370000,0.000000,3.370000,3.370000,0.000000,as_expected
FEE0008870,TRF0008996,46.140000,0.000000,46.140000,46.140000,0.000000,as_expected
FEE0008871,TRF0008997,9.120000,0.000000,9.120000,9.120000,0.000000,as_expected
FEE0008872,TRF0008998,3.440000,0.000000,3.440000,3.440000,0.000000,as_expected
FEE0008873,TRF0008999,93.250000,0.000000,93.250000,93.250000,0.000000,as_expected
FEE0008874,TRF0009000,68.950000,0.000000,68.950000,68.950000,0.000000,as_expected
FEE0008875,TRF0009001,4.830000,0.000000,4.830000,4.830000,0.000000,as_expected
FEE0008876,TRF0009002,8.780000,0.000000,8.780000,8.780000,0.000000,as_expected
FEE0008877,TRF0009003,3.470000,0.000000,3.470000,3.470000,0.000000,as_expected
FEE0008878,TRF0009004,20.550000,0.000000,20.550000,20.550000,0.000000,as_expected
FEE0008879,TRF0009005,3.020000,0.000000,3.020000,3.020000,0.000000,as_expected
FEE0008880,TRF0009006,6.450000,0.000000,6.450000,6.450000,0.000000,as_expected
FEE0008881,TRF0009007,5.540000,0.000000,5.540000,5.540000,0.000000,as_expected
FEE0008882,TRF0009008,1.080000,0.000000,1.080000,1.080000,0.000000,as_expected
FEE0008883,TRF0009009,1.230000,0.080000,1.150000,1.150000,0.000000,approved_price_investment
FEE0008884,TRF0009010,1.280000,0.000000,1.280000,1.280000,0.000000,as_expected
FEE0008885,TRF0009011,8.480000,0.000000,8.480000,8.480000,0.000000,as_expected
FEE0008886,TRF0009012,1.980000,0.000000,1.980000,1.980000,0.000000,as_expected
FEE0008887,TRF0009013,2.640000,0.000000,2.640000,2.640000,0.000000,as_expected
FEE0008888,TRF0009014,25.640000,0.000000,25.640000,25.640000,0.000000,as_expected
FEE0008889,TRF0009015,6.820000,0.000000,6.820000,6.820000,0.000000,as_expected
FEE0008890,TRF0009016,2.680000,0.000000,2.680000,2.680000,0.000000,as_expected
FEE0008891,TRF0009017,3.260000,0.000000,3.260000,3.260000,0.000000,as_expected
FEE0008892,TRF0009018,2.350000,0.000000,2.350000,2.350000,0.000000,as_expected
FEE0008893,TRF0009019,3.200000,0.000000,3.200000,3.200000,0.000000,as_expected
FEE0008894,TRF0009020,1.840000,0.000000,1.840000,1.840000,0.000000,as_expected
FEE0008895,TRF0009021,2.170000,0.000000,2.170000,2.170000,0.000000,as_expected
FEE0008896,TRF0009022,225.180000,0.000000,225.180000,225.180000,0.000000,as_expected
FEE0008897,TRF0009023,56.520000,0.000000,56.520000,56.520000,0.000000,as_expected
FEE0008898,TRF0009024,26.300000,0.000000,26.300000,26.300000,0.000000,as_expected
FEE0008899,TRF0009025,0.870000,0.000000,0.870000,0.870000,0.000000,as_expected
FEE0008900,TRF0009026,129.090000,0.000000,129.090000,129.090000,0.000000,as_expected
FEE0008901,TRF0009027,44.530000,0.000000,44.530000,44.530000,0.000000,as_expected
FEE0008902,TRF0009028,25.460000,0.000000,25.460000,25.460000,0.000000,as_expected
FEE0008903,TRF0009029,6.870000,0.000000,6.870000,6.870000,0.000000,as_expected
FEE0008904,TRF0009030,1.900000,0.000000,1.900000,1.900000,0.000000,as_expected
FEE0008905,TRF0009031,2.350000,0.000000,2.350000,2.350000,0.000000,as_expected
FEE0008906,TRF0009032,1.690000,0.000000,1.690000,1.690000,0.000000,as_expected
FEE0008907,TRF0009033,13.410000,0.000000,13.410000,13.410000,0.000000,as_expected
FEE0008908,TRF0009034,7.690000,0.000000,7.690000,7.690000,0.000000,as_expected
FEE0008909,TRF0009035,49.320000,0.000000,49.320000,49.320000,0.000000,as_expected
FEE0008910,TRF0009036,4.630000,0.000000,4.630000,4.630000,0.000000,as_expected
FEE0008911,TRF0009037,9.710000,0.000000,9.710000,9.710000,0.000000,as_expected
FEE0008912,TRF0009038,77.090000,0.000000,77.090000,48.310000,28.780000,unexpected_shortfall
FEE0008913,TRF0009039,4.490000,0.310000,4.180000,4.180000,0.000000,approved_price_investment
FEE0008914,TRF0009040,1.500000,0.000000,1.500000,1.500000,0.000000,as_expected
FEE0008915,TRF0009041,5.620000,0.000000,5.620000,5.620000,0.000000,as_expected
FEE0008916,TRF0009042,21.380000,0.000000,21.380000,21.380000,0.000000,as_expected
FEE0008917,TRF0009043,11.260000,1.130000,10.130000,10.130000,0.000000,approved_price_investment
FEE0008918,TRF0009044,4.040000,0.000000,4.040000,4.040000,0.000000,as_expected
FEE0008919,TRF0009045,49.550000,0.000000,49.550000,49.550000,0.000000,as_expected
FEE0008920,TRF0009046,22.830000,0.000000,22.830000,22.830000,0.000000,as_expected
FEE0008921,TRF0009047,1.220000,0.000000,1.220000,1.220000,0.000000,as_expected
FEE0008922,TRF0009048,2.490000,0.000000,2.490000,2.490000,0.000000,as_expected
FEE0008923,TRF0009049,3.090000,0.000000,3.090000,3.090000,0.000000,as_expected
FEE0008924,TRF0009050,49.240000,0.000000,49.240000,49.240000,0.000000,as_expected
FEE0008925,TRF0009051,1.530000,0.000000,1.530000,1.530000,0.000000,as_expected
FEE0008926,TRF0009052,17.250000,0.000000,17.250000,17.250000,0.000000,as_expected
FEE0008927,TRF0009053,13.740000,0.000000,13.740000,13.740000,0.000000,as_expected
FEE0008928,TRF0009054,4.320000,0.000000,4.320000,4.320000,0.000000,as_expected
FEE0008929,TRF0009055,3.470000,0.000000,3.470000,3.470000,0.000000,as_expected
FEE0008930,TRF0009056,5.020000,0.000000,5.020000,5.020000,0.000000,as_expected
FEE0008931,TRF0009057,2.620000,0.000000,2.620000,2.620000,0.000000,as_expected
FEE0008932,TRF0009058,2.950000,0.000000,2.950000,2.950000,0.000000,as_expected
FEE0008933,TRF0009059,2.800000,0.000000,2.800000,2.800000,0.000000,as_expected
FEE0008934,TRF0009060,1.540000,0.000000,1.540000,1.540000,0.000000,as_expected
FEE0008935,TRF0009061,9.740000,0.000000,9.740000,9.740000,0.000000,as_expected
FEE0008936,TRF0009062,144.050000,0.000000,144.050000,144.050000,0.000000,as_expected
FEE0008937,TRF0009063,72.550000,0.000000,72.550000,72.550000,0.000000,as_expected
FEE0008938,TRF0009064,2.640000,0.000000,2.640000,2.640000,0.000000,as_expected
FEE0008939,TRF0009065,3.150000,0.000000,3.150000,3.150000,0.000000,as_expected
FEE0008940,TRF0009066,1.640000,0.000000,1.640000,1.640000,0.000000,as_expected
FEE0008941,TRF0009067,29.320000,0.000000,29.320000,29.320000,0.000000,as_expected
FEE0008942,TRF0009068,1.150000,0.000000,1.150000,1.150000,0.000000,as_expected
FEE0008943,TRF0009069,138.700000,0.000000,138.700000,138.700000,0.000000,as_expected
FEE0008944,TRF0009070,11.720000,0.000000,11.720000,11.720000,0.000000,as_expected
FEE0008945,TRF0009071,35.800000,0.000000,35.800000,35.800000,0.000000,as_expected
FEE0008946,TRF0009072,36.170000,0.000000,36.170000,36.170000,0.000000,as_expected
FEE0008947,TRF0009073,13.160000,0.000000,13.160000,13.160000,0.000000,as_expected
FEE0008948,TRF0009074,11.820000,0.000000,11.820000,11.820000,0.000000,as_expected
FEE0008949,TRF0009075,1.920000,0.000000,1.920000,1.920000,0.000000,as_expected
FEE0008950,TRF0009076,2.250000,0.000000,2.250000,2.250000,0.000000,as_expected
FEE0008951,TRF0009077,6.560000,0.000000,6.560000,6.560000,0.000000,as_expected
FEE0008952,TRF0009078,4.310000,0.000000,4.310000,4.310000,0.000000,as_expected
FEE0008953,TRF0009079,7.210000,0.540000,6.670000,6.670000,0.000000,approved_price_investment
FEE0008954,TRF0009080,18.640000,0.000000,18.640000,18.640000,0.000000,as_expected
FEE0008955,TRF0009081,0.850000,0.000000,0.850000,0.850000,0.000000,as_expected
FEE0008956,TRF0009082,5.890000,0.000000,5.890000,5.890000,0.000000,as_expected
FEE0008957,TRF0009083,48.040000,0.000000,48.040000,48.040000,0.000000,as_expected
FEE0008958,TRF0009084,1.780000,0.000000,1.780000,1.780000,0.000000,as_expected
FEE0008959,TRF0009085,3.480000,0.000000,3.480000,3.480000,0.000000,as_expected
FEE0008960,TRF0009086,20.680000,0.000000,20.680000,20.680000,0.000000,as_expected
FEE0008961,TRF0009087,111.540000,0.000000,111.540000,111.540000,0.000000,as_expected
FEE0008962,TRF0009088,4.130000,0.000000,4.130000,4.130000,0.000000,as_expected
FEE0008963,TRF0009089,21.480000,0.000000,21.480000,21.480000,0.000000,as_expected
FEE0008964,TRF0009090,6.090000,0.000000,6.090000,6.090000,0.000000,as_expected
FEE0008965,TRF0009091,18.200000,1.980000,16.220000,16.220000,0.000000,approved_price_investment
FEE0008966,TRF0009092,2.160000,0.000000,2.160000,2.160000,0.000000,as_expected
FEE0008967,TRF0009093,11.990000,0.000000,11.990000,11.990000,0.000000,as_expected
FEE0008968,TRF0009094,6.880000,0.000000,6.880000,6.880000,0.000000,as_expected
FEE0008969,TRF0009095,2.700000,0.000000,2.700000,2.700000,0.000000,as_expected
FEE0008970,TRF0009096,17.730000,0.000000,17.730000,17.730000,0.000000,as_expected
FEE0008971,TRF0009097,19.270000,0.000000,19.270000,19.270000,0.000000,as_expected
FEE0008972,TRF0009098,8.830000,0.870000,7.960000,7.960000,0.000000,approved_price_investment
FEE0008973,TRF0009099,9.280000,0.000000,9.280000,9.280000,0.000000,as_expected
FEE0008974,TRF0009100,2.020000,0.000000,2.020000,2.020000,0.000000,as_expected
FEE0008975,TRF0009101,6.880000,0.000000,6.880000,6.880000,0.000000,as_expected
FEE0008976,TRF0009102,7.720000,0.000000,7.720000,7.720000,0.000000,as_expected
FEE0008977,TRF0009103,22.240000,0.000000,22.240000,22.240000,0.000000,as_expected
FEE0008978,TRF0009104,24.670000,0.000000,24.670000,24.670000,0.000000,as_expected
FEE0008979,TRF0009105,2.990000,0.000000,2.990000,2.990000,0.000000,as_expected
FEE0008980,TRF0009106,12.150000,0.000000,12.150000,12.150000,0.000000,as_expected
FEE0008981,TRF0009107,4.220000,0.000000,4.220000,4.220000,0.000000,as_expected
FEE0008982,TRF0009108,13.900000,0.000000,13.900000,13.900000,0.000000,as_expected
FEE0008983,TRF0009110,27.140000,0.000000,27.140000,27.140000,0.000000,as_expected
FEE0008984,TRF0009111,4.160000,0.000000,4.160000,4.160000,0.000000,as_expected
FEE0008985,TRF0009112,28.000000,3.140000,24.860000,24.860000,0.000000,approved_price_investment
FEE0008986,TRF0009113,78.820000,0.000000,78.820000,78.820000,0.000000,as_expected
FEE0008987,TRF0009114,3.960000,0.000000,3.960000,3.960000,0.000000,as_expected
FEE0008988,TRF0009115,22.620000,0.000000,22.620000,22.620000,0.000000,as_expected
FEE0008989,TRF0009116,2.450000,0.000000,2.450000,2.450000,0.000000,as_expected
FEE0008990,TRF0009117,38.500000,0.000000,38.500000,38.500000,0.000000,as_expected
FEE0008991,TRF0009118,3.810000,0.000000,3.810000,3.810000,0.000000,as_expected
FEE0008992,TRF0009119,2.730000,0.000000,2.730000,2.730000,0.000000,as_expected
FEE0008993,TRF0009120,5.090000,0.000000,5.090000,5.090000,0.000000,as_expected
FEE0008994,TRF0009121,13.140000,0.000000,13.140000,13.140000,0.000000,as_expected
FEE0008995,TRF0009122,2.080000,0.000000,2.080000,2.080000,0.000000,as_expected
FEE0008996,TRF0009123,12.740000,0.000000,12.740000,12.740000,0.000000,as_expected
FEE0008997,TRF0009124,8.270000,0.000000,8.270000,8.270000,0.000000,as_expected
FEE0008998,TRF0009125,8.770000,0.000000,8.770000,8.770000,0.000000,as_expected
FEE0008999,TRF0009126,5.880000,0.000000,5.880000,5.880000,0.000000,as_expected
FEE0009000,TRF0009127,1.030000,0.000000,1.030000,1.030000,0.000000,as_expected
FEE0009001,TRF0009128,2.400000,0.000000,2.400000,2.400000,0.000000,as_expected
FEE0009002,TRF0009129,3.690000,0.000000,3.690000,3.690000,0.000000,as_expected
FEE0009003,TRF0009130,3.540000,0.000000,3.540000,3.540000,0.000000,as_expected
FEE0009004,TRF0009131,148.080000,0.000000,148.080000,148.080000,0.000000,as_expected
FEE0009005,TRF0009132,1.780000,0.140000,1.640000,1.640000,0.000000,approved_price_investment
FEE0009006,TRF0009133,8.920000,0.000000,8.920000,8.920000,0.000000,as_expected
FEE0009007,TRF0009134,38.600000,0.000000,38.600000,38.600000,0.000000,as_expected
FEE0009008,TRF0009135,3.840000,0.000000,3.840000,3.840000,0.000000,as_expected
FEE0009009,TRF0009136,6.130000,0.000000,6.130000,3.960000,2.170000,unexpected_shortfall
FEE0009010,TRF0009137,1.130000,0.000000,1.130000,1.130000,0.000000,as_expected
FEE0009011,TRF0009138,81.350000,0.000000,81.350000,81.350000,0.000000,as_expected
FEE0009012,TRF0009139,2.750000,0.000000,2.750000,2.750000,0.000000,as_expected
FEE0009013,TRF0009140,92.780000,0.000000,92.780000,92.780000,0.000000,as_expected
FEE0009014,TRF0009141,29.400000,0.000000,29.400000,29.400000,0.000000,as_expected
FEE0009015,TRF0009142,2.020000,0.000000,2.020000,2.020000,0.000000,as_expected
FEE0009016,TRF0009143,39.930000,0.000000,39.930000,39.930000,0.000000,as_expected
FEE0009017,TRF0009144,2.180000,0.000000,2.180000,2.180000,0.000000,as_expected
FEE0009018,TRF0009145,7.000000,0.000000,7.000000,7.000000,0.000000,as_expected
FEE0009019,TRF0009146,14.940000,0.000000,14.940000,14.940000,0.000000,as_expected
FEE0009020,TRF0009147,19.050000,0.000000,19.050000,19.050000,0.000000,as_expected
FEE0009021,TRF0009148,2.880000,0.000000,2.880000,2.880000,0.000000,as_expected
FEE0009022,TRF0009149,35.480000,0.000000,35.480000,35.480000,0.000000,as_expected
FEE0009023,TRF0009150,28.610000,0.000000,28.610000,28.610000,0.000000,as_expected
FEE0009024,TRF0009151,3.950000,0.000000,3.950000,3.950000,0.000000,as_expected
FEE0009025,TRF0009152,10.540000,0.000000,10.540000,10.540000,0.000000,as_expected
FEE0009026,TRF0009153,3.000000,0.000000,3.000000,3.000000,0.000000,as_expected
FEE0009027,TRF0009154,3.990000,0.000000,3.990000,3.990000,0.000000,as_expected
FEE0009028,TRF0009155,151.840000,0.000000,151.840000,151.840000,0.000000,as_expected
FEE0009029,TRF0009156,0.780000,0.000000,0.780000,0.780000,0.000000,as_expected
FEE0009030,TRF0009158,30.110000,0.000000,30.110000,18.950000,11.160000,unexpected_shortfall
FEE0009031,TRF0009159,1.860000,0.000000,1.860000,1.860000,0.000000,as_expected
FEE0009032,TRF0009160,216.090000,0.000000,216.090000,216.090000,0.000000,as_expected
FEE0009033,TRF0009161,7.710000,0.000000,7.710000,7.710000,0.000000,as_expected
FEE0009034,TRF0009162,1.410000,0.000000,1.410000,1.410000,0.000000,as_expected
FEE0009035,TRF0009163,63.750000,0.000000,63.750000,63.750000,0.000000,as_expected
FEE0009036,TRF0009164,4.140000,0.000000,4.140000,4.140000,0.000000,as_expected
FEE0009037,TRF0009165,31.170000,0.000000,31.170000,31.170000,0.000000,as_expected
FEE0009038,TRF0009166,19.170000,0.000000,19.170000,19.170000,0.000000,as_expected
FEE0009039,TRF0009167,1.660000,0.000000,1.660000,1.660000,0.000000,as_expected
FEE0009040,TRF0009168,26.980000,0.000000,26.980000,26.980000,0.000000,as_expected
FEE0009041,TRF0009169,4.200000,0.000000,4.200000,4.200000,0.000000,as_expected
FEE0009042,TRF0009170,17.620000,1.960000,15.660000,15.660000,0.000000,approved_price_investment
FEE0009043,TRF0009171,2.840000,0.000000,2.840000,2.840000,0.000000,as_expected
FEE0009044,TRF0009172,12.620000,0.000000,12.620000,12.620000,0.000000,as_expected
FEE0009045,TRF0009173,111.730000,0.000000,111.730000,111.730000,0.000000,as_expected
FEE0009046,TRF0009174,5.560000,0.000000,5.560000,5.560000,0.000000,as_expected
FEE0009047,TRF0009175,2.370000,0.000000,2.370000,2.370000,0.000000,as_expected
FEE0009048,TRF0009176,7.060000,0.000000,7.060000,7.060000,0.000000,as_expected
FEE0009049,TRF0009177,2.820000,0.000000,2.820000,2.820000,0.000000,as_expected
FEE0009050,TRF0009178,1.430000,0.000000,1.430000,1.430000,0.000000,as_expected
FEE0009051,TRF0009179,9.080000,0.000000,9.080000,9.080000,0.000000,as_expected
FEE0009052,TRF0009180,72.710000,0.000000,72.710000,72.710000,0.000000,as_expected
FEE0009053,TRF0009182,1.370000,0.000000,1.370000,1.370000,0.000000,as_expected
FEE0009054,TRF0009183,1.310000,0.000000,1.310000,1.310000,0.000000,as_expected
FEE0009055,TRF0009184,1.990000,0.000000,1.990000,1.990000,0.000000,as_expected
FEE0009056,TRF0009185,1.920000,0.000000,1.920000,1.920000,0.000000,as_expected
FEE0009057,TRF0009186,13.920000,0.000000,13.920000,13.920000,0.000000,as_expected
FEE0009058,TRF0009187,1.480000,0.000000,1.480000,1.480000,0.000000,as_expected
FEE0009059,TRF0009188,8.610000,0.000000,8.610000,8.610000,0.000000,as_expected
FEE0009060,TRF0009189,20.740000,0.000000,20.740000,20.740000,0.000000,as_expected
FEE0009061,TRF0009190,9.940000,0.000000,9.940000,9.940000,0.000000,as_expected
FEE0009062,TRF0009191,6.240000,0.000000,6.240000,6.240000,0.000000,as_expected
FEE0009063,TRF0009192,3.570000,0.000000,3.570000,3.570000,0.000000,as_expected
FEE0009064,TRF0009193,1.300000,0.000000,1.300000,1.300000,0.000000,as_expected
FEE0009065,TRF0009194,6.600000,0.000000,6.600000,6.600000,0.000000,as_expected
FEE0009066,TRF0009195,2.010000,0.000000,2.010000,2.010000,0.000000,as_expected
FEE0009067,TRF0009196,23.430000,0.000000,23.430000,23.430000,0.000000,as_expected
FEE0009068,TRF0009197,4.850000,0.000000,4.850000,4.850000,0.000000,as_expected
FEE0009069,TRF0009198,6.740000,0.530000,6.210000,6.210000,0.000000,approved_price_investment
FEE0009070,TRF0009199,2.480000,0.000000,2.480000,2.480000,0.000000,as_expected
FEE0009071,TRF0009200,6.810000,0.000000,6.810000,6.810000,0.000000,as_expected
FEE0009072,TRF0009201,3.240000,0.000000,3.240000,3.240000,0.000000,as_expected
FEE0009073,TRF0009202,5.100000,0.000000,5.100000,5.100000,0.000000,as_expected
FEE0009074,TRF0009203,56.340000,0.000000,56.340000,56.340000,0.000000,as_expected
FEE0009075,TRF0009204,5.690000,0.000000,5.690000,5.690000,0.000000,as_expected
FEE0009076,TRF0009205,3.100000,0.000000,3.100000,3.100000,0.000000,as_expected
FEE0009077,TRF0009206,2.150000,0.180000,1.970000,1.970000,0.000000,approved_price_investment
FEE0009078,TRF0009207,9.240000,0.000000,9.240000,9.240000,0.000000,as_expected
FEE0009079,TRF0009208,3.270000,0.290000,2.980000,2.980000,0.000000,approved_price_investment
FEE0009080,TRF0009209,70.300000,0.000000,70.300000,70.300000,0.000000,as_expected
FEE0009081,TRF0009210,88.120000,0.000000,88.120000,88.120000,0.000000,as_expected
FEE0009082,TRF0009211,16.560000,0.000000,16.560000,16.560000,0.000000,as_expected
FEE0009083,TRF0009212,2.140000,0.000000,2.140000,2.140000,0.000000,as_expected
FEE0009084,TRF0009213,4.510000,0.000000,4.510000,4.510000,0.000000,as_expected
FEE0009085,TRF0009214,73.630000,0.000000,73.630000,73.630000,0.000000,as_expected
FEE0009086,TRF0009215,19.370000,0.000000,19.370000,19.370000,0.000000,as_expected
FEE0009087,TRF0009216,1.560000,0.000000,1.560000,1.560000,0.000000,as_expected
FEE0009088,TRF0009217,3.500000,0.000000,3.500000,3.500000,0.000000,as_expected
FEE0009089,TRF0009218,20.250000,0.000000,20.250000,20.250000,0.000000,as_expected
FEE0009090,TRF0009219,24.920000,0.000000,24.920000,24.920000,0.000000,as_expected
FEE0009091,TRF0009220,4.410000,0.000000,4.410000,4.410000,0.000000,as_expected
FEE0009092,TRF0009221,151.290000,0.000000,151.290000,151.290000,0.000000,as_expected
FEE0009093,TRF0009222,8.650000,0.000000,8.650000,8.650000,0.000000,as_expected
FEE0009094,TRF0009223,1.720000,0.000000,1.720000,1.720000,0.000000,as_expected
FEE0009095,TRF0009224,30.620000,0.000000,30.620000,30.620000,0.000000,as_expected
FEE0009096,TRF0009225,7.850000,0.000000,7.850000,7.850000,0.000000,as_expected
FEE0009097,TRF0009226,130.150000,0.000000,130.150000,130.150000,0.000000,as_expected
FEE0009098,TRF0009227,1.320000,0.000000,1.320000,1.320000,0.000000,as_expected
FEE0009099,TRF0009229,38.630000,0.000000,38.630000,38.630000,0.000000,as_expected
FEE0009100,TRF0009230,44.910000,0.000000,44.910000,44.910000,0.000000,as_expected
FEE0009101,TRF0009231,7.370000,0.000000,7.370000,7.370000,0.000000,as_expected
FEE0009102,TRF0009232,4.280000,0.000000,4.280000,4.280000,0.000000,as_expected
FEE0009103,TRF0009233,75.640000,0.000000,75.640000,75.640000,0.000000,as_expected
FEE0009104,TRF0009234,1.730000,0.000000,1.730000,1.730000,0.000000,as_expected
FEE0009105,TRF0009235,14.920000,0.000000,14.920000,14.920000,0.000000,as_expected
FEE0009106,TRF0009236,1.750000,0.000000,1.750000,1.750000,0.000000,as_expected
FEE0009107,TRF0009237,2.910000,0.000000,2.910000,2.910000,0.000000,as_expected
FEE0009108,TRF0009238,7.640000,0.000000,7.640000,7.640000,0.000000,as_expected
FEE0009109,TRF0009239,2.660000,0.000000,2.660000,2.660000,0.000000,as_expected
FEE0009110,TRF0009240,235.360000,0.000000,235.360000,235.360000,0.000000,as_expected
FEE0009111,TRF0009241,1.260000,0.080000,1.180000,1.180000,0.000000,approved_price_investment
FEE0009112,TRF0009242,23.800000,2.660000,21.140000,21.140000,0.000000,approved_price_investment
FEE0009113,TRF0009243,2.330000,0.000000,2.330000,2.330000,0.000000,as_expected
FEE0009114,TRF0009244,3.060000,0.000000,3.060000,3.060000,0.000000,as_expected
FEE0009115,TRF0009245,12.910000,0.000000,12.910000,12.910000,0.000000,as_expected
FEE0009116,TRF0009246,32.740000,0.000000,32.740000,32.740000,0.000000,as_expected
FEE0009117,TRF0009247,1.810000,0.000000,1.810000,1.810000,0.000000,as_expected
FEE0009118,TRF0009248,1.220000,0.000000,1.220000,1.220000,0.000000,as_expected
FEE0009119,TRF0009249,24.250000,0.000000,24.250000,24.250000,0.000000,as_expected
FEE0009120,TRF0009250,2.330000,0.000000,2.330000,2.330000,0.000000,as_expected
FEE0009121,TRF0009251,42.730000,0.000000,42.730000,42.730000,0.000000,as_expected
FEE0009122,TRF0009252,2.050000,0.000000,2.050000,2.050000,0.000000,as_expected
FEE0009123,TRF0009253,6.190000,0.000000,6.190000,6.190000,0.000000,as_expected
FEE0009124,TRF0009254,7.090000,0.000000,7.090000,7.090000,0.000000,as_expected
FEE0009125,TRF0009255,6.320000,0.000000,6.320000,6.320000,0.000000,as_expected
FEE0009126,TRF0009256,3.590000,0.000000,3.590000,3.590000,0.000000,as_expected
FEE0009127,TRF0009257,1.780000,0.000000,1.780000,1.780000,0.000000,as_expected
FEE0009128,TRF0009258,17.050000,0.000000,17.050000,17.050000,0.000000,as_expected
FEE0009129,TRF0009259,4.810000,0.000000,4.810000,4.810000,0.000000,as_expected
FEE0009130,TRF0009260,14.090000,0.000000,14.090000,14.090000,0.000000,as_expected
FEE0009131,TRF0009261,2.750000,0.000000,2.750000,2.750000,0.000000,as_expected
FEE0009132,TRF0009262,189.200000,0.000000,189.200000,189.200000,0.000000,as_expected
FEE0009133,TRF0009263,11.150000,0.000000,11.150000,11.150000,0.000000,as_expected
FEE0009134,TRF0009264,18.850000,0.000000,18.850000,18.850000,0.000000,as_expected
FEE0009135,TRF0009265,6.750000,0.660000,6.090000,6.090000,0.000000,approved_price_investment
FEE0009136,TRF0009267,2.100000,0.000000,2.100000,2.100000,0.000000,as_expected
FEE0009137,TRF0009268,53.130000,5.860000,47.270000,47.270000,0.000000,approved_price_investment
FEE0009138,TRF0009269,27.450000,0.000000,27.450000,27.450000,0.000000,as_expected
FEE0009139,TRF0009270,133.070000,0.000000,133.070000,133.070000,0.000000,as_expected
FEE0009140,TRF0009271,33.820000,0.000000,33.820000,33.820000,0.000000,as_expected
FEE0009141,TRF0009272,11.910000,0.000000,11.910000,11.910000,0.000000,as_expected
FEE0009142,TRF0009273,4.510000,0.000000,4.510000,4.510000,0.000000,as_expected
FEE0009143,TRF0009274,1.080000,0.000000,1.080000,1.080000,0.000000,as_expected
FEE0009144,TRF0009275,3.050000,0.000000,3.050000,3.050000,0.000000,as_expected
FEE0009145,TRF0009276,0.920000,0.000000,0.920000,0.920000,0.000000,as_expected
FEE0009146,TRF0009277,3.770000,0.260000,3.510000,3.510000,0.000000,approved_price_investment
FEE0009147,TRF0009278,27.680000,0.000000,27.680000,27.680000,0.000000,as_expected
FEE0009148,TRF0009279,51.400000,0.000000,51.400000,51.400000,0.000000,as_expected
FEE0009149,TRF0009280,1.870000,0.000000,1.870000,1.870000,0.000000,as_expected
FEE0009150,TRF0009281,17.540000,0.000000,17.540000,17.540000,0.000000,as_expected
FEE0009151,TRF0009282,2.080000,0.170000,1.910000,1.910000,0.000000,approved_price_investment
FEE0009152,TRF0009283,1.120000,0.000000,1.120000,1.120000,0.000000,as_expected
FEE0009153,TRF0009284,2.060000,0.000000,2.060000,2.060000,0.000000,as_expected
FEE0009154,TRF0009285,13.820000,0.000000,13.820000,13.820000,0.000000,as_expected
FEE0009155,TRF0009286,149.480000,0.000000,149.480000,149.480000,0.000000,as_expected
FEE0009156,TRF0009287,1.610000,0.000000,1.610000,1.610000,0.000000,as_expected
FEE0009157,TRF0009288,19.730000,0.000000,19.730000,12.460000,7.270000,unexpected_shortfall
FEE0009158,TRF0009289,4.420000,0.000000,4.420000,4.420000,0.000000,as_expected
FEE0009159,TRF0009290,2.040000,0.000000,2.040000,2.040000,0.000000,as_expected
FEE0009160,TRF0009291,11.340000,0.000000,11.340000,11.340000,0.000000,as_expected
FEE0009161,TRF0009292,38.520000,0.000000,38.520000,24.210000,14.310000,unexpected_shortfall
FEE0009162,TRF0009293,13.540000,0.000000,13.540000,13.540000,0.000000,as_expected
FEE0009163,TRF0009294,75.760000,0.000000,75.760000,75.760000,0.000000,as_expected
FEE0009164,TRF0009295,19.420000,0.000000,19.420000,19.420000,0.000000,as_expected
FEE0009165,TRF0009296,1.650000,0.000000,1.650000,1.650000,0.000000,as_expected
FEE0009166,TRF0009297,3.500000,0.000000,3.500000,3.500000,0.000000,as_expected
FEE0009167,TRF0009298,3.210000,0.000000,3.210000,3.210000,0.000000,as_expected
FEE0009168,TRF0009299,3.270000,0.000000,3.270000,3.270000,0.000000,as_expected
FEE0009169,TRF0009300,2.480000,0.000000,2.480000,2.480000,0.000000,as_expected
FEE0009170,TRF0009301,4.910000,0.460000,4.450000,4.450000,0.000000,approved_price_investment
FEE0009171,TRF0009302,2.260000,0.000000,2.260000,2.260000,0.000000,as_expected
FEE0009172,TRF0009303,3.160000,0.000000,3.160000,3.160000,0.000000,as_expected
FEE0009173,TRF0009304,60.420000,0.000000,60.420000,60.420000,0.000000,as_expected
FEE0009174,TRF0009305,2.200000,0.000000,2.200000,2.200000,0.000000,as_expected
FEE0009175,TRF0009306,3.200000,0.000000,3.200000,3.200000,0.000000,as_expected
FEE0009176,TRF0009307,3.430000,0.000000,3.430000,3.430000,0.000000,as_expected
FEE0009177,TRF0009308,7.890000,0.000000,7.890000,7.890000,0.000000,as_expected
FEE0009178,TRF0009309,6.860000,0.000000,6.860000,6.860000,0.000000,as_expected
FEE0009179,TRF0009310,8.540000,0.000000,8.540000,8.540000,0.000000,as_expected
FEE0009180,TRF0009311,5.220000,0.000000,5.220000,5.220000,0.000000,as_expected
FEE0009181,TRF0009312,5.590000,0.000000,5.590000,5.590000,0.000000,as_expected
FEE0009182,TRF0009313,6.460000,0.000000,6.460000,6.460000,0.000000,as_expected
FEE0009183,TRF0009314,1.250000,0.000000,1.250000,1.250000,0.000000,as_expected
FEE0009184,TRF0009315,4.880000,0.000000,4.880000,4.880000,0.000000,as_expected
FEE0009185,TRF0009316,3.010000,0.000000,3.010000,3.010000,0.000000,as_expected
FEE0009186,TRF0009317,1.540000,0.110000,1.430000,1.430000,0.000000,approved_price_investment
FEE0009187,TRF0009318,5.450000,0.000000,5.450000,5.450000,0.000000,as_expected
FEE0009188,TRF0009319,208.180000,0.000000,208.180000,208.180000,0.000000,as_expected
FEE0009189,TRF0009320,1.690000,0.000000,1.690000,1.690000,0.000000,as_expected
FEE0009190,TRF0009321,5.330000,0.000000,5.330000,5.330000,0.000000,as_expected
FEE0009191,TRF0009322,96.780000,0.000000,96.780000,60.620000,36.160000,unexpected_shortfall
FEE0009192,TRF0009323,7.800000,0.000000,7.800000,7.800000,0.000000,as_expected
FEE0009193,TRF0009324,35.180000,0.000000,35.180000,35.180000,0.000000,as_expected
FEE0009194,TRF0009325,11.980000,0.000000,11.980000,11.980000,0.000000,as_expected
FEE0009195,TRF0009327,1.650000,0.000000,1.650000,1.650000,0.000000,as_expected
FEE0009196,TRF0009328,3.150000,0.000000,3.150000,3.150000,0.000000,as_expected
FEE0009197,TRF0009329,54.660000,0.000000,54.660000,54.660000,0.000000,as_expected
FEE0009198,TRF0009330,3.480000,0.000000,3.480000,3.480000,0.000000,as_expected
FEE0009199,TRF0009331,16.700000,0.000000,16.700000,16.700000,0.000000,as_expected
FEE0009200,TRF0009332,7.080000,0.000000,7.080000,7.080000,0.000000,as_expected
FEE0009201,TRF0009333,5.920000,0.000000,5.920000,5.920000,0.000000,as_expected
FEE0009202,TRF0009334,18.490000,0.000000,18.490000,18.490000,0.000000,as_expected
FEE0009203,TRF0009335,4.780000,0.000000,4.780000,4.780000,0.000000,as_expected
FEE0009204,TRF0009336,20.720000,0.000000,20.720000,20.720000,0.000000,as_expected
FEE0009205,TRF0009337,25.530000,0.000000,25.530000,25.530000,0.000000,as_expected
FEE0009206,TRF0009338,4.060000,0.000000,4.060000,4.060000,0.000000,as_expected
FEE0009207,TRF0009339,131.300000,0.000000,131.300000,131.300000,0.000000,as_expected
FEE0009208,TRF0009340,5.090000,0.000000,5.090000,5.090000,0.000000,as_expected
FEE0009209,TRF0009341,21.060000,0.000000,21.060000,21.060000,0.000000,as_expected
FEE0009210,TRF0009342,18.490000,0.000000,18.490000,18.490000,0.000000,as_expected
FEE0009211,TRF0009343,27.830000,0.000000,27.830000,27.830000,0.000000,as_expected
FEE0009212,TRF0009344,56.420000,0.000000,56.420000,56.420000,0.000000,as_expected
FEE0009213,TRF0009345,13.670000,0.000000,13.670000,13.670000,0.000000,as_expected
FEE0009214,TRF0009346,5.380000,0.000000,5.380000,5.380000,0.000000,as_expected
FEE0009215,TRF0009347,4.540000,0.000000,4.540000,4.540000,0.000000,as_expected
FEE0009216,TRF0009348,1.070000,0.000000,1.070000,1.070000,0.000000,as_expected
FEE0009217,TRF0009349,6.100000,0.000000,6.100000,6.100000,0.000000,as_expected
FEE0009218,TRF0009350,4.460000,0.000000,4.460000,4.460000,0.000000,as_expected
FEE0009219,TRF0009351,98.430000,0.000000,98.430000,98.430000,0.000000,as_expected
FEE0009220,TRF0009352,1.230000,0.000000,1.230000,1.230000,0.000000,as_expected
FEE0009221,TRF0009353,4.960000,0.000000,4.960000,4.960000,0.000000,as_expected
FEE0009222,TRF0009354,5.220000,0.000000,5.220000,5.220000,0.000000,as_expected
FEE0009223,TRF0009355,41.490000,0.000000,41.490000,41.490000,0.000000,as_expected
FEE0009224,TRF0009356,19.480000,0.000000,19.480000,19.480000,0.000000,as_expected
FEE0009225,TRF0009357,2.300000,0.000000,2.300000,2.300000,0.000000,as_expected
FEE0009226,TRF0009358,6.870000,0.000000,6.870000,6.870000,0.000000,as_expected
FEE0009227,TRF0009359,56.820000,0.000000,56.820000,56.820000,0.000000,as_expected
FEE0009228,TRF0009360,12.360000,0.000000,12.360000,12.360000,0.000000,as_expected
FEE0009229,TRF0009361,3.280000,0.000000,3.280000,3.280000,0.000000,as_expected
FEE0009230,TRF0009362,7.530000,0.000000,7.530000,7.530000,0.000000,as_expected
FEE0009231,TRF0009363,7.730000,0.000000,7.730000,7.730000,0.000000,as_expected
FEE0009232,TRF0009364,37.840000,0.000000,37.840000,37.840000,0.000000,as_expected
FEE0009233,TRF0009365,2.980000,0.000000,2.980000,2.980000,0.000000,as_expected
FEE0009234,TRF0009366,32.850000,0.000000,32.850000,32.850000,0.000000,as_expected
FEE0009235,TRF0009367,14.600000,0.000000,14.600000,14.600000,0.000000,as_expected
FEE0009236,TRF0009368,15.630000,0.000000,15.630000,15.630000,0.000000,as_expected
FEE0009237,TRF0009369,23.650000,0.000000,23.650000,23.650000,0.000000,as_expected
FEE0009238,TRF0009370,2.800000,0.000000,2.800000,2.800000,0.000000,as_expected
FEE0009239,TRF0009371,72.880000,0.000000,72.880000,72.880000,0.000000,as_expected
FEE0009240,TRF0009372,5.900000,0.000000,5.900000,5.900000,0.000000,as_expected
FEE0009241,TRF0009373,123.680000,0.000000,123.680000,123.680000,0.000000,as_expected
FEE0009242,TRF0009374,20.980000,0.000000,20.980000,20.980000,0.000000,as_expected
FEE0009243,TRF0009375,12.670000,0.000000,12.670000,12.670000,0.000000,as_expected
FEE0009244,TRF0009376,2.940000,0.000000,2.940000,2.940000,0.000000,as_expected
FEE0009245,TRF0009377,98.380000,0.000000,98.380000,98.380000,0.000000,as_expected
FEE0009246,TRF0009378,5.240000,0.000000,5.240000,5.240000,0.000000,as_expected
FEE0009247,TRF0009379,4.390000,0.000000,4.390000,4.390000,0.000000,as_expected
FEE0009248,TRF0009380,3.420000,0.000000,3.420000,3.420000,0.000000,as_expected
FEE0009249,TRF0009381,96.430000,0.000000,96.430000,96.430000,0.000000,as_expected
FEE0009250,TRF0009383,1.630000,0.000000,1.630000,1.630000,0.000000,as_expected
FEE0009251,TRF0009384,10.590000,1.060000,9.530000,9.530000,0.000000,approved_price_investment
FEE0009252,TRF0009385,1.680000,0.000000,1.680000,1.680000,0.000000,as_expected
FEE0009253,TRF0009386,3.330000,0.000000,3.330000,3.330000,0.000000,as_expected
FEE0009254,TRF0009387,1.280000,0.000000,1.280000,1.280000,0.000000,as_expected
FEE0009255,TRF0009389,103.840000,0.000000,103.840000,103.840000,0.000000,as_expected
FEE0009256,TRF0009390,1.400000,0.000000,1.400000,1.400000,0.000000,as_expected
FEE0009257,TRF0009391,3.060000,0.000000,3.060000,3.060000,0.000000,as_expected
FEE0009258,TRF0009392,4.630000,0.000000,4.630000,4.630000,0.000000,as_expected
FEE0009259,TRF0009393,6.410000,0.000000,6.410000,6.410000,0.000000,as_expected
FEE0009260,TRF0009394,1.430000,0.000000,1.430000,1.430000,0.000000,as_expected
FEE0009261,TRF0009395,2.170000,0.000000,2.170000,2.170000,0.000000,as_expected
FEE0009262,TRF0009396,54.950000,6.200000,48.750000,48.750000,0.000000,approved_price_investment
FEE0009263,TRF0009397,52.170000,0.000000,52.170000,52.170000,0.000000,as_expected
FEE0009264,TRF0009398,12.190000,0.000000,12.190000,12.190000,0.000000,as_expected
FEE0009265,TRF0009399,10.130000,0.000000,10.130000,10.130000,0.000000,as_expected
FEE0009266,TRF0009400,9.050000,0.000000,9.050000,9.050000,0.000000,as_expected
FEE0009267,TRF0009401,0.950000,0.000000,0.950000,0.950000,0.000000,as_expected
FEE0009268,TRF0009402,24.750000,0.000000,24.750000,24.750000,0.000000,as_expected
FEE0009269,TRF0009403,4.190000,0.000000,4.190000,4.190000,0.000000,as_expected
FEE0009270,TRF0009404,7.990000,0.000000,7.990000,7.990000,0.000000,as_expected
FEE0009271,TRF0009405,7.040000,0.000000,7.040000,7.040000,0.000000,as_expected
FEE0009272,TRF0009406,6.470000,0.000000,6.470000,6.470000,0.000000,as_expected
FEE0009273,TRF0009407,30.740000,0.000000,30.740000,30.740000,0.000000,as_expected
FEE0009274,TRF0009409,3.020000,0.000000,3.020000,3.020000,0.000000,as_expected
FEE0009275,TRF0009410,20.710000,0.000000,20.710000,20.710000,0.000000,as_expected
FEE0009276,TRF0009411,4.310000,0.000000,4.310000,4.310000,0.000000,as_expected
FEE0009277,TRF0009412,38.470000,0.000000,38.470000,24.170000,14.300000,unexpected_shortfall
FEE0009278,TRF0009413,2.330000,0.000000,2.330000,2.330000,0.000000,as_expected
FEE0009279,TRF0009414,26.940000,0.000000,26.940000,26.940000,0.000000,as_expected
FEE0009280,TRF0009415,1.820000,0.000000,1.820000,1.820000,0.000000,as_expected
FEE0009281,TRF0009416,4.240000,0.000000,4.240000,4.240000,0.000000,as_expected
FEE0009282,TRF0009417,22.330000,0.000000,22.330000,22.330000,0.000000,as_expected
FEE0009283,TRF0009418,8.580000,0.000000,8.580000,8.580000,0.000000,as_expected
FEE0009284,TRF0009419,141.210000,0.000000,141.210000,141.210000,0.000000,as_expected
FEE0009285,TRF0009420,16.680000,0.000000,16.680000,16.680000,0.000000,as_expected
FEE0009286,TRF0009421,52.990000,0.000000,52.990000,33.250000,19.740000,unexpected_shortfall
FEE0009287,TRF0009422,1.340000,0.000000,1.340000,1.340000,0.000000,as_expected
FEE0009288,TRF0009423,13.760000,0.000000,13.760000,13.760000,0.000000,as_expected
FEE0009289,TRF0009424,8.160000,0.000000,8.160000,8.160000,0.000000,as_expected
FEE0009290,TRF0009425,2.490000,0.000000,2.490000,2.490000,0.000000,as_expected
FEE0009291,TRF0009426,2.770000,0.000000,2.770000,2.770000,0.000000,as_expected
FEE0009292,TRF0009427,4.870000,0.000000,4.870000,4.870000,0.000000,as_expected
FEE0009293,TRF0009428,5.370000,0.000000,5.370000,5.370000,0.000000,as_expected
FEE0009294,TRF0009429,1.800000,0.140000,1.660000,1.660000,0.000000,approved_price_investment
FEE0009295,TRF0009430,116.860000,0.000000,116.860000,116.860000,0.000000,as_expected
FEE0009296,TRF0009431,1.210000,0.000000,1.210000,1.210000,0.000000,as_expected
FEE0009297,TRF0009432,5.600000,0.000000,5.600000,5.600000,0.000000,as_expected
FEE0009298,TRF0009433,2.150000,0.000000,2.150000,2.150000,0.000000,as_expected
FEE0009299,TRF0009434,41.810000,0.000000,41.810000,41.810000,0.000000,as_expected
FEE0009300,TRF0009435,167.350000,0.000000,167.350000,167.350000,0.000000,as_expected
FEE0009301,TRF0009436,4.980000,0.000000,4.980000,4.980000,0.000000,as_expected
FEE0009302,TRF0009437,2.620000,0.000000,2.620000,2.620000,0.000000,as_expected
FEE0009303,TRF0009438,2.170000,0.000000,2.170000,2.170000,0.000000,as_expected
FEE0009304,TRF0009439,1.680000,0.000000,1.680000,1.680000,0.000000,as_expected
FEE0009305,TRF0009440,6.990000,0.000000,6.990000,6.990000,0.000000,as_expected
FEE0009306,TRF0009441,4.940000,0.000000,4.940000,4.940000,0.000000,as_expected
FEE0009307,TRF0009442,43.560000,0.000000,43.560000,43.560000,0.000000,as_expected
FEE0009308,TRF0009443,4.980000,0.000000,4.980000,4.980000,0.000000,as_expected
FEE0009309,TRF0009444,1.530000,0.000000,1.530000,1.530000,0.000000,as_expected
FEE0009310,TRF0009445,1.440000,0.000000,1.440000,1.440000,0.000000,as_expected
FEE0009311,TRF0009446,2.960000,0.000000,2.960000,2.960000,0.000000,as_expected
FEE0009312,TRF0009447,4.040000,0.000000,4.040000,4.040000,0.000000,as_expected
FEE0009313,TRF0009448,8.210000,0.000000,8.210000,8.210000,0.000000,as_expected
FEE0009314,TRF0009449,5.790000,0.000000,5.790000,5.790000,0.000000,as_expected
FEE0009315,TRF0009450,3.090000,0.000000,3.090000,3.090000,0.000000,as_expected
FEE0009316,TRF0009451,0.940000,0.000000,0.940000,0.940000,0.000000,as_expected
FEE0009317,TRF0009452,3.580000,0.000000,3.580000,3.580000,0.000000,as_expected
FEE0009318,TRF0009453,4.080000,0.000000,4.080000,4.080000,0.000000,as_expected
FEE0009319,TRF0009454,14.990000,0.000000,14.990000,14.990000,0.000000,as_expected
FEE0009320,TRF0009455,54.790000,0.000000,54.790000,54.790000,0.000000,as_expected
FEE0009321,TRF0009456,2.770000,0.000000,2.770000,2.770000,0.000000,as_expected
FEE0009322,TRF0009457,3.400000,0.000000,3.400000,3.400000,0.000000,as_expected
FEE0009323,TRF0009458,55.440000,0.000000,55.440000,55.440000,0.000000,as_expected
FEE0009324,TRF0009459,3.350000,0.000000,3.350000,3.350000,0.000000,as_expected
FEE0009325,TRF0009460,6.300000,0.000000,6.300000,6.300000,0.000000,as_expected
FEE0009326,TRF0009461,1.090000,0.000000,1.090000,1.090000,0.000000,as_expected
FEE0009327,TRF0009462,16.960000,0.000000,16.960000,16.960000,0.000000,as_expected
FEE0009328,TRF0009463,312.770000,0.000000,312.770000,312.770000,0.000000,as_expected
FEE0009329,TRF0009464,81.420000,0.000000,81.420000,81.420000,0.000000,as_expected
FEE0009330,TRF0009465,2.160000,0.000000,2.160000,2.160000,0.000000,as_expected
FEE0009331,TRF0009466,20.870000,0.000000,20.870000,20.870000,0.000000,as_expected
FEE0009332,TRF0009467,8.190000,0.000000,8.190000,8.190000,0.000000,as_expected
FEE0009333,TRF0009468,11.110000,1.190000,9.920000,9.920000,0.000000,approved_price_investment
FEE0009334,TRF0009469,4.480000,0.000000,4.480000,4.480000,0.000000,as_expected
FEE0009335,TRF0009470,8.930000,0.000000,8.930000,8.930000,0.000000,as_expected
FEE0009336,TRF0009471,3.310000,0.000000,3.310000,3.310000,0.000000,as_expected
FEE0009337,TRF0009472,4.520000,0.000000,4.520000,4.520000,0.000000,as_expected
FEE0009338,TRF0009473,2.490000,0.000000,2.490000,2.490000,0.000000,as_expected
FEE0009339,TRF0009474,279.980000,0.000000,279.980000,279.980000,0.000000,as_expected
FEE0009340,TRF0009475,30.500000,0.000000,30.500000,30.500000,0.000000,as_expected
FEE0009341,TRF0009476,3.600000,0.000000,3.600000,3.600000,0.000000,as_expected
FEE0009342,TRF0009477,5.650000,0.540000,5.110000,5.110000,0.000000,approved_price_investment
FEE0009343,TRF0009478,156.380000,0.000000,156.380000,156.380000,0.000000,as_expected
FEE0009344,TRF0009479,6.480000,0.000000,6.480000,6.480000,0.000000,as_expected
FEE0009345,TRF0009480,6.030000,0.000000,6.030000,6.030000,0.000000,as_expected
FEE0009346,TRF0009481,7.090000,0.000000,7.090000,7.090000,0.000000,as_expected
FEE0009347,TRF0009482,2.070000,0.000000,2.070000,2.070000,0.000000,as_expected
FEE0009348,TRF0009483,3.780000,0.000000,3.780000,3.780000,0.000000,as_expected
FEE0009349,TRF0009484,1.520000,0.000000,1.520000,1.520000,0.000000,as_expected
FEE0009350,TRF0009485,2.670000,0.000000,2.670000,2.670000,0.000000,as_expected
FEE0009351,TRF0009486,19.940000,0.000000,19.940000,19.940000,0.000000,as_expected
FEE0009352,TRF0009487,55.280000,0.000000,55.280000,55.280000,0.000000,as_expected
FEE0009353,TRF0009488,3.320000,0.000000,3.320000,3.320000,0.000000,as_expected
FEE0009354,TRF0009489,4.490000,0.000000,4.490000,4.490000,0.000000,as_expected
FEE0009355,TRF0009490,0.880000,0.000000,0.880000,0.880000,0.000000,as_expected
FEE0009356,TRF0009491,2.980000,0.000000,2.980000,2.980000,0.000000,as_expected
FEE0009357,TRF0009492,1.560000,0.070000,1.490000,1.490000,0.000000,approved_price_investment
FEE0009358,TRF0009493,25.920000,0.000000,25.920000,25.920000,0.000000,as_expected
FEE0009359,TRF0009494,9.630000,0.000000,9.630000,9.630000,0.000000,as_expected
FEE0009360,TRF0009495,44.300000,0.000000,44.300000,44.300000,0.000000,as_expected
FEE0009361,TRF0009496,5.450000,0.000000,5.450000,5.450000,0.000000,as_expected
FEE0009362,TRF0009497,1.960000,0.000000,1.960000,1.960000,0.000000,as_expected
FEE0009363,TRF0009498,3.110000,0.000000,3.110000,3.110000,0.000000,as_expected
FEE0009364,TRF0009499,1.630000,0.080000,1.550000,1.550000,0.000000,approved_price_investment
FEE0009365,TRF0009500,1.500000,0.000000,1.500000,1.500000,0.000000,as_expected
FEE0009366,TRF0009501,2.140000,0.000000,2.140000,2.140000,0.000000,as_expected
FEE0009367,TRF0009503,36.120000,0.000000,36.120000,36.120000,0.000000,as_expected
FEE0009368,TRF0009504,2.520000,0.150000,2.370000,2.370000,0.000000,approved_price_investment
FEE0009369,TRF0009505,1.340000,0.000000,1.340000,1.340000,0.000000,as_expected
FEE0009370,TRF0009506,58.730000,0.000000,58.730000,58.730000,0.000000,as_expected
FEE0009371,TRF0009507,2.290000,0.000000,2.290000,2.290000,0.000000,as_expected
FEE0009372,TRF0009508,60.020000,0.000000,60.020000,60.020000,0.000000,as_expected
FEE0009373,TRF0009509,9.730000,0.000000,9.730000,9.730000,0.000000,as_expected
FEE0009374,TRF0009510,7.770000,0.000000,7.770000,7.770000,0.000000,as_expected
FEE0009375,TRF0009511,2.140000,0.000000,2.140000,2.140000,0.000000,as_expected
FEE0009376,TRF0009512,5.020000,0.000000,5.020000,5.020000,0.000000,as_expected
FEE0009377,TRF0009513,1.600000,0.000000,1.600000,1.600000,0.000000,as_expected
FEE0009378,TRF0009514,2.160000,0.000000,2.160000,2.160000,0.000000,as_expected
FEE0009379,TRF0009515,2.400000,0.000000,2.400000,2.400000,0.000000,as_expected
FEE0009380,TRF0009516,79.970000,0.000000,79.970000,79.970000,0.000000,as_expected
FEE0009381,TRF0009517,1.600000,0.000000,1.600000,1.600000,0.000000,as_expected
FEE0009382,TRF0009518,5.540000,0.400000,5.140000,5.140000,0.000000,approved_price_investment
FEE0009383,TRF0009519,3.410000,0.000000,3.410000,3.410000,0.000000,as_expected
FEE0009384,TRF0009520,12.940000,0.000000,12.940000,12.940000,0.000000,as_expected
FEE0009385,TRF0009521,1.730000,0.000000,1.730000,1.730000,0.000000,as_expected
FEE0009386,TRF0009522,5.710000,0.000000,5.710000,5.710000,0.000000,as_expected
FEE0009387,TRF0009523,6.100000,0.000000,6.100000,6.100000,0.000000,as_expected
FEE0009388,TRF0009524,34.530000,0.000000,34.530000,34.530000,0.000000,as_expected
FEE0009389,TRF0009525,4.900000,0.000000,4.900000,4.900000,0.000000,as_expected
FEE0009390,TRF0009526,1.990000,0.000000,1.990000,1.990000,0.000000,as_expected
FEE0009391,TRF0009527,239.070000,0.000000,239.070000,239.070000,0.000000,as_expected
FEE0009392,TRF0009528,8.670000,0.000000,8.670000,8.670000,0.000000,as_expected
FEE0009393,TRF0009529,3.610000,0.000000,3.610000,3.610000,0.000000,as_expected
FEE0009394,TRF0009530,11.310000,0.000000,11.310000,11.310000,0.000000,as_expected
FEE0009395,TRF0009531,2.180000,0.000000,2.180000,2.180000,0.000000,as_expected
FEE0009396,TRF0009532,45.770000,0.000000,45.770000,45.770000,0.000000,as_expected
FEE0009397,TRF0009533,13.660000,0.000000,13.660000,13.660000,0.000000,as_expected
FEE0009398,TRF0009534,7.090000,0.000000,7.090000,7.090000,0.000000,as_expected
FEE0009399,TRF0009535,1.070000,0.000000,1.070000,1.070000,0.000000,as_expected
FEE0009400,TRF0009536,4.990000,0.000000,4.990000,4.990000,0.000000,as_expected
FEE0009401,TRF0009537,21.790000,0.000000,21.790000,21.790000,0.000000,as_expected
FEE0009402,TRF0009538,4.600000,0.000000,4.600000,4.600000,0.000000,as_expected
FEE0009403,TRF0009539,8.530000,0.000000,8.530000,8.530000,0.000000,as_expected
FEE0009404,TRF0009540,3.750000,0.000000,3.750000,3.750000,0.000000,as_expected
FEE0009405,TRF0009541,7.270000,0.000000,7.270000,7.270000,0.000000,as_expected
FEE0009406,TRF0009542,105.070000,11.890000,93.180000,93.180000,0.000000,approved_price_investment
FEE0009407,TRF0009543,2.140000,0.000000,2.140000,2.140000,0.000000,as_expected
FEE0009408,TRF0009544,169.180000,0.000000,169.180000,169.180000,0.000000,as_expected
FEE0009409,TRF0009545,16.960000,0.000000,16.960000,16.960000,0.000000,as_expected
FEE0009410,TRF0009546,5.030000,0.360000,4.670000,4.670000,0.000000,approved_price_investment
FEE0009411,TRF0009547,1.980000,0.000000,1.980000,1.980000,0.000000,as_expected
FEE0009412,TRF0009548,10.670000,0.000000,10.670000,10.670000,0.000000,as_expected
FEE0009413,TRF0009549,3.920000,0.000000,3.920000,3.920000,0.000000,as_expected
FEE0009414,TRF0009550,4.410000,0.000000,4.410000,4.410000,0.000000,as_expected
FEE0009415,TRF0009551,2.310000,0.000000,2.310000,2.310000,0.000000,as_expected
FEE0009416,TRF0009552,4.090000,0.000000,4.090000,4.090000,0.000000,as_expected
FEE0009417,TRF0009553,16.740000,0.000000,16.740000,16.740000,0.000000,as_expected
FEE0009418,TRF0009554,4.110000,0.000000,4.110000,4.110000,0.000000,as_expected
FEE0009419,TRF0009555,8.270000,0.000000,8.270000,8.270000,0.000000,as_expected
FEE0009420,TRF0009556,8.070000,0.000000,8.070000,8.070000,0.000000,as_expected
FEE0009421,TRF0009557,3.360000,0.000000,3.360000,3.360000,0.000000,as_expected
FEE0009422,TRF0009558,1.350000,0.000000,1.350000,1.350000,0.000000,as_expected
FEE0009423,TRF0009559,17.430000,0.000000,17.430000,17.430000,0.000000,as_expected
FEE0009424,TRF0009560,301.720000,0.000000,301.720000,301.720000,0.000000,as_expected
FEE0009425,TRF0009561,8.780000,0.000000,8.780000,8.780000,0.000000,as_expected
FEE0009426,TRF0009562,53.030000,0.000000,53.030000,53.030000,0.000000,as_expected
FEE0009427,TRF0009563,36.670000,0.000000,36.670000,36.670000,0.000000,as_expected
FEE0009428,TRF0009564,47.940000,0.000000,47.940000,47.940000,0.000000,as_expected
FEE0009429,TRF0009565,3.180000,0.000000,3.180000,3.180000,0.000000,as_expected
FEE0009430,TRF0009566,24.500000,0.000000,24.500000,24.500000,0.000000,as_expected
FEE0009431,TRF0009567,4.160000,0.000000,4.160000,4.160000,0.000000,as_expected
FEE0009432,TRF0009568,1.840000,0.000000,1.840000,1.840000,0.000000,as_expected
FEE0009433,TRF0009569,55.110000,0.000000,55.110000,55.110000,0.000000,as_expected
FEE0009434,TRF0009570,15.630000,0.000000,15.630000,15.630000,0.000000,as_expected
FEE0009435,TRF0009571,33.330000,0.000000,33.330000,33.330000,0.000000,as_expected
FEE0009436,TRF0009572,43.250000,0.000000,43.250000,43.250000,0.000000,as_expected
FEE0009437,TRF0009573,3.950000,0.000000,3.950000,3.950000,0.000000,as_expected
FEE0009438,TRF0009574,2.750000,0.000000,2.750000,2.750000,0.000000,as_expected
FEE0009439,TRF0009575,2.170000,0.000000,2.170000,2.170000,0.000000,as_expected
FEE0009440,TRF0009576,1.530000,0.000000,1.530000,1.530000,0.000000,as_expected
FEE0009441,TRF0009577,0.960000,0.000000,0.960000,0.960000,0.000000,as_expected
FEE0009442,TRF0009578,5.560000,0.000000,5.560000,5.560000,0.000000,as_expected
FEE0009443,TRF0009579,16.350000,0.000000,16.350000,16.350000,0.000000,as_expected
FEE0009444,TRF0009580,1.540000,0.000000,1.540000,1.540000,0.000000,as_expected
FEE0009445,TRF0009581,40.180000,0.000000,40.180000,40.180000,0.000000,as_expected
FEE0009446,TRF0009582,72.650000,0.000000,72.650000,72.650000,0.000000,as_expected
FEE0009447,TRF0009583,1.520000,0.000000,1.520000,1.520000,0.000000,as_expected
FEE0009448,TRF0009584,2.850000,0.000000,2.850000,2.850000,0.000000,as_expected
FEE0009449,TRF0009585,3.730000,0.000000,3.730000,3.730000,0.000000,as_expected
FEE0009450,TRF0009586,50.790000,0.000000,50.790000,50.790000,0.000000,as_expected
FEE0009451,TRF0009587,6.890000,0.000000,6.890000,6.890000,0.000000,as_expected
FEE0009452,TRF0009588,159.370000,0.000000,159.370000,159.370000,0.000000,as_expected
FEE0009453,TRF0009589,8.250000,0.000000,8.250000,8.250000,0.000000,as_expected
FEE0009454,TRF0009590,5.560000,0.000000,5.560000,5.560000,0.000000,as_expected
FEE0009455,TRF0009591,4.280000,0.000000,4.280000,4.280000,0.000000,as_expected
FEE0009456,TRF0009592,15.010000,0.000000,15.010000,15.010000,0.000000,as_expected
FEE0009457,TRF0009593,39.730000,0.000000,39.730000,39.730000,0.000000,as_expected
FEE0009458,TRF0009594,89.880000,0.000000,89.880000,89.880000,0.000000,as_expected
FEE0009459,TRF0009595,6.210000,0.000000,6.210000,6.210000,0.000000,as_expected
FEE0009460,TRF0009596,2.420000,0.000000,2.420000,2.420000,0.000000,as_expected
FEE0009461,TRF0009598,2.190000,0.000000,2.190000,2.190000,0.000000,as_expected
FEE0009462,TRF0009599,10.300000,0.000000,10.300000,10.300000,0.000000,as_expected
FEE0009463,TRF0009600,3.340000,0.000000,3.340000,3.340000,0.000000,as_expected
FEE0009464,TRF0009601,1.300000,0.000000,1.300000,1.300000,0.000000,as_expected
FEE0009465,TRF0009602,5.680000,0.000000,5.680000,5.680000,0.000000,as_expected
FEE0009466,TRF0009603,12.650000,0.000000,12.650000,12.650000,0.000000,as_expected
FEE0009467,TRF0009604,33.460000,0.000000,33.460000,33.460000,0.000000,as_expected
FEE0009468,TRF0009605,2.480000,0.000000,2.480000,2.480000,0.000000,as_expected
FEE0009469,TRF0009606,27.390000,0.000000,27.390000,27.390000,0.000000,as_expected
FEE0009470,TRF0009607,4.600000,0.000000,4.600000,4.600000,0.000000,as_expected
FEE0009471,TRF0009608,3.920000,0.000000,3.920000,3.920000,0.000000,as_expected
FEE0009472,TRF0009609,24.910000,0.000000,24.910000,24.910000,0.000000,as_expected
FEE0009473,TRF0009610,14.930000,0.000000,14.930000,14.930000,0.000000,as_expected
FEE0009474,TRF0009611,4.200000,0.000000,4.200000,4.200000,0.000000,as_expected
FEE0009475,TRF0009612,11.210000,0.000000,11.210000,11.210000,0.000000,as_expected
FEE0009476,TRF0009613,11.210000,0.000000,11.210000,11.210000,0.000000,as_expected
FEE0009477,TRF0009614,7.490000,0.000000,7.490000,7.490000,0.000000,as_expected
FEE0009478,TRF0009615,3.440000,0.000000,3.440000,3.440000,0.000000,as_expected
FEE0009479,TRF0009616,4.200000,0.290000,3.910000,3.910000,0.000000,approved_price_investment
FEE0009480,TRF0009617,4.210000,0.000000,4.210000,4.210000,0.000000,as_expected
FEE0009481,TRF0009618,3.200000,0.000000,3.200000,3.200000,0.000000,as_expected
FEE0009482,TRF0009619,7.770000,0.000000,7.770000,7.770000,0.000000,as_expected
FEE0009483,TRF0009620,10.300000,0.000000,10.300000,10.300000,0.000000,as_expected
FEE0009484,TRF0009621,7.200000,0.000000,7.200000,7.200000,0.000000,as_expected
FEE0009485,TRF0009622,0.870000,0.000000,0.870000,0.870000,0.000000,as_expected
FEE0009486,TRF0009623,22.100000,0.000000,22.100000,22.100000,0.000000,as_expected
FEE0009487,TRF0009624,11.040000,0.000000,11.040000,11.040000,0.000000,as_expected
FEE0009488,TRF0009625,95.310000,0.000000,95.310000,59.700000,35.610000,unexpected_shortfall
FEE0009489,TRF0009626,5.380000,0.000000,5.380000,5.380000,0.000000,as_expected
FEE0009490,TRF0009627,4.810000,0.000000,4.810000,4.810000,0.000000,as_expected
FEE0009491,TRF0009628,6.420000,0.000000,6.420000,4.140000,2.280000,unexpected_shortfall
FEE0009492,TRF0009629,54.990000,0.000000,54.990000,54.990000,0.000000,as_expected
FEE0009493,TRF0009630,2.960000,0.000000,2.960000,2.960000,0.000000,as_expected
FEE0009494,TRF0009631,1.650000,0.000000,1.650000,1.650000,0.000000,as_expected
FEE0009495,TRF0009632,1.710000,0.000000,1.710000,1.710000,0.000000,as_expected
FEE0009496,TRF0009633,4.040000,0.000000,4.040000,4.040000,0.000000,as_expected
FEE0009497,TRF0009634,7.980000,0.000000,7.980000,7.980000,0.000000,as_expected
FEE0009498,TRF0009635,47.470000,4.110000,43.360000,43.360000,0.000000,approved_price_investment
FEE0009499,TRF0009636,2.610000,0.000000,2.610000,2.610000,0.000000,as_expected
FEE0009500,TRF0009637,9.530000,0.000000,9.530000,9.530000,0.000000,as_expected
FEE0009501,TRF0009638,3.360000,0.000000,3.360000,3.360000,0.000000,as_expected
FEE0009502,TRF0009639,2.110000,0.120000,1.990000,1.990000,0.000000,approved_price_investment
FEE0009503,TRF0009640,5.910000,0.000000,5.910000,5.910000,0.000000,as_expected
FEE0009504,TRF0009641,1.300000,0.000000,1.300000,1.300000,0.000000,as_expected
FEE0009505,TRF0009642,7.600000,0.000000,7.600000,7.600000,0.000000,as_expected
FEE0009506,TRF0009643,3.340000,0.000000,3.340000,3.340000,0.000000,as_expected
FEE0009507,TRF0009644,3.500000,0.000000,3.500000,3.500000,0.000000,as_expected
FEE0009508,TRF0009645,44.780000,0.000000,44.780000,44.780000,0.000000,as_expected
FEE0009509,TRF0009646,8.810000,0.000000,8.810000,8.810000,0.000000,as_expected
FEE0009510,TRF0009647,1.710000,0.000000,1.710000,1.710000,0.000000,as_expected
FEE0009511,TRF0009648,4.150000,0.000000,4.150000,4.150000,0.000000,as_expected
FEE0009512,TRF0009649,118.990000,0.000000,118.990000,118.990000,0.000000,as_expected
FEE0009513,TRF0009650,12.550000,0.000000,12.550000,12.550000,0.000000,as_expected
FEE0009514,TRF0009651,4.740000,0.000000,4.740000,4.740000,0.000000,as_expected
FEE0009515,TRF0009652,2.250000,0.000000,2.250000,2.250000,0.000000,as_expected
FEE0009516,TRF0009653,1.300000,0.000000,1.300000,1.300000,0.000000,as_expected
FEE0009517,TRF0009654,3.920000,0.270000,3.650000,3.650000,0.000000,approved_price_investment
FEE0009518,TRF0009655,68.670000,0.000000,68.670000,68.670000,0.000000,as_expected
FEE0009519,TRF0009656,22.970000,0.000000,22.970000,22.970000,0.000000,as_expected
FEE0009520,TRF0009657,2.220000,0.000000,2.220000,2.220000,0.000000,as_expected
FEE0009521,TRF0009658,9.970000,0.000000,9.970000,9.970000,0.000000,as_expected
FEE0009522,TRF0009659,13.360000,0.000000,13.360000,13.360000,0.000000,as_expected
FEE0009523,TRF0009660,6.620000,0.000000,6.620000,6.620000,0.000000,as_expected
FEE0009524,TRF0009661,5.930000,0.000000,5.930000,5.930000,0.000000,as_expected
FEE0009525,TRF0009662,0.890000,0.000000,0.890000,0.890000,0.000000,as_expected
FEE0009526,TRF0009663,27.130000,0.000000,27.130000,27.130000,0.000000,as_expected
FEE0009527,TRF0009664,5.690000,0.000000,5.690000,5.690000,0.000000,as_expected
FEE0009528,TRF0009665,4.090000,0.000000,4.090000,4.090000,0.000000,as_expected
FEE0009529,TRF0009666,38.340000,0.000000,38.340000,38.340000,0.000000,as_expected
FEE0009530,TRF0009667,179.540000,0.000000,179.540000,179.540000,0.000000,as_expected
FEE0009531,TRF0009668,9.140000,0.000000,9.140000,9.140000,0.000000,as_expected
FEE0009532,TRF0009669,3.540000,0.000000,3.540000,3.540000,0.000000,as_expected
FEE0009533,TRF0009670,7.980000,0.000000,7.980000,7.980000,0.000000,as_expected
FEE0009534,TRF0009671,3.170000,0.000000,3.170000,3.170000,0.000000,as_expected
FEE0009535,TRF0009672,5.590000,0.000000,5.590000,5.590000,0.000000,as_expected
FEE0009536,TRF0009673,208.620000,0.000000,208.620000,208.620000,0.000000,as_expected
FEE0009537,TRF0009674,4.490000,0.420000,4.070000,4.070000,0.000000,approved_price_investment
FEE0009538,TRF0009675,2.000000,0.000000,2.000000,2.000000,0.000000,as_expected
FEE0009539,TRF0009676,8.660000,0.000000,8.660000,8.660000,0.000000,as_expected
FEE0009540,TRF0009677,28.900000,0.000000,28.900000,28.900000,0.000000,as_expected
FEE0009541,TRF0009678,23.520000,0.000000,23.520000,23.520000,0.000000,as_expected
FEE0009542,TRF0009679,6.640000,0.000000,6.640000,6.640000,0.000000,as_expected
FEE0009543,TRF0009680,5.600000,0.000000,5.600000,5.600000,0.000000,as_expected
FEE0009544,TRF0009681,2.570000,0.000000,2.570000,2.570000,0.000000,as_expected
FEE0009545,TRF0009682,147.100000,0.000000,147.100000,147.100000,0.000000,as_expected
FEE0009546,TRF0009683,4.240000,0.000000,4.240000,4.240000,0.000000,as_expected
FEE0009547,TRF0009684,20.220000,1.690000,18.530000,18.530000,0.000000,approved_price_investment
FEE0009548,TRF0009685,2.140000,0.000000,2.140000,2.140000,0.000000,as_expected
FEE0009549,TRF0009686,92.420000,0.000000,92.420000,92.420000,0.000000,as_expected
FEE0009550,TRF0009687,1.690000,0.000000,1.690000,1.690000,0.000000,as_expected
FEE0009551,TRF0009688,2.400000,0.000000,2.400000,2.400000,0.000000,as_expected
FEE0009552,TRF0009689,17.110000,0.000000,17.110000,17.110000,0.000000,as_expected
FEE0009553,TRF0009690,1.580000,0.000000,1.580000,1.580000,0.000000,as_expected
FEE0009554,TRF0009691,2.000000,0.160000,1.840000,1.840000,0.000000,approved_price_investment
FEE0009555,TRF0009692,38.270000,0.000000,38.270000,24.050000,14.220000,unexpected_shortfall
FEE0009556,TRF0009693,45.410000,0.000000,45.410000,45.410000,0.000000,as_expected
FEE0009557,TRF0009694,2.150000,0.000000,2.150000,2.150000,0.000000,as_expected
FEE0009558,TRF0009695,30.250000,0.000000,30.250000,19.040000,11.210000,unexpected_shortfall
FEE0009559,TRF0009696,2.580000,0.000000,2.580000,2.580000,0.000000,as_expected
FEE0009560,TRF0009697,5.680000,0.000000,5.680000,5.680000,0.000000,as_expected
FEE0009561,TRF0009698,8.890000,0.000000,8.890000,8.890000,0.000000,as_expected
FEE0009562,TRF0009699,6.390000,0.000000,6.390000,6.390000,0.000000,as_expected
FEE0009563,TRF0009700,30.380000,0.000000,30.380000,30.380000,0.000000,as_expected
FEE0009564,TRF0009701,30.230000,0.000000,30.230000,30.230000,0.000000,as_expected
FEE0009565,TRF0009702,10.870000,0.000000,10.870000,10.870000,0.000000,as_expected
FEE0009566,TRF0009703,24.890000,0.000000,24.890000,24.890000,0.000000,as_expected
FEE0009567,TRF0009704,45.200000,0.000000,45.200000,45.200000,0.000000,as_expected
FEE0009568,TRF0009705,57.400000,0.000000,57.400000,36.000000,21.400000,unexpected_shortfall
FEE0009569,TRF0009706,140.570000,0.000000,140.570000,140.570000,0.000000,as_expected
FEE0009570,TRF0009707,1.480000,0.000000,1.480000,1.480000,0.000000,as_expected
FEE0009571,TRF0009708,6.180000,0.000000,6.180000,6.180000,0.000000,as_expected
FEE0009572,TRF0009709,53.400000,0.000000,53.400000,53.400000,0.000000,as_expected
FEE0009573,TRF0009710,3.090000,0.000000,3.090000,3.090000,0.000000,as_expected
FEE0009574,TRF0009711,8.810000,0.000000,8.810000,8.810000,0.000000,as_expected
FEE0009575,TRF0009712,2.980000,0.000000,2.980000,2.980000,0.000000,as_expected
FEE0009576,TRF0009713,12.320000,0.000000,12.320000,12.320000,0.000000,as_expected
FEE0009577,TRF0009715,27.010000,0.000000,27.010000,27.010000,0.000000,as_expected
FEE0009578,TRF0009716,3.170000,0.000000,3.170000,3.170000,0.000000,as_expected
FEE0009579,TRF0009717,13.190000,0.000000,13.190000,13.190000,0.000000,as_expected
FEE0009580,TRF0009718,3.480000,0.000000,3.480000,3.480000,0.000000,as_expected
FEE0009581,TRF0009719,13.880000,0.000000,13.880000,13.880000,0.000000,as_expected
FEE0009582,TRF0009720,7.660000,0.000000,7.660000,7.660000,0.000000,as_expected
FEE0009583,TRF0009721,91.750000,0.000000,91.750000,57.470000,34.280000,unexpected_shortfall
FEE0009584,TRF0009722,2.310000,0.000000,2.310000,2.310000,0.000000,as_expected
FEE0009585,TRF0009723,31.040000,0.000000,31.040000,31.040000,0.000000,as_expected
FEE0009586,TRF0009724,3.390000,0.000000,3.390000,3.390000,0.000000,as_expected
FEE0009587,TRF0009725,2.670000,0.000000,2.670000,2.670000,0.000000,as_expected
FEE0009588,TRF0009727,162.940000,0.000000,162.940000,162.940000,0.000000,as_expected
FEE0009589,TRF0009728,8.770000,0.000000,8.770000,8.770000,0.000000,as_expected
FEE0009590,TRF0009729,3.830000,0.000000,3.830000,3.830000,0.000000,as_expected
FEE0009591,TRF0009730,31.620000,0.000000,31.620000,31.620000,0.000000,as_expected
FEE0009592,TRF0009731,9.390000,0.000000,9.390000,9.390000,0.000000,as_expected
FEE0009593,TRF0009732,10.060000,0.000000,10.060000,10.060000,0.000000,as_expected
FEE0009594,TRF0009734,220.360000,0.000000,220.360000,220.360000,0.000000,as_expected
FEE0009595,TRF0009735,2.210000,0.000000,2.210000,2.210000,0.000000,as_expected
FEE0009596,TRF0009736,24.680000,0.000000,24.680000,24.680000,0.000000,as_expected
FEE0009597,TRF0009737,7.230000,0.000000,7.230000,7.230000,0.000000,as_expected
FEE0009598,TRF0009738,7.580000,0.000000,7.580000,7.580000,0.000000,as_expected
FEE0009599,TRF0009739,5.860000,0.000000,5.860000,5.860000,0.000000,as_expected
FEE0009600,TRF0009740,1.100000,0.000000,1.100000,1.100000,0.000000,as_expected
FEE0009601,TRF0009741,2.420000,0.000000,2.420000,2.420000,0.000000,as_expected
FEE0009602,TRF0009742,1.650000,0.120000,1.530000,1.530000,0.000000,approved_price_investment
FEE0009603,TRF0009743,5.190000,0.000000,5.190000,5.190000,0.000000,as_expected
FEE0009604,TRF0009744,4.720000,0.000000,4.720000,4.720000,0.000000,as_expected
FEE0009605,TRF0009745,6.670000,0.000000,6.670000,6.670000,0.000000,as_expected
FEE0009606,TRF0009746,5.690000,0.000000,5.690000,5.690000,0.000000,as_expected
FEE0009607,TRF0009747,12.980000,0.000000,12.980000,12.980000,0.000000,as_expected
FEE0009608,TRF0009748,6.400000,0.000000,6.400000,6.400000,0.000000,as_expected
FEE0009609,TRF0009749,236.960000,0.000000,236.960000,236.960000,0.000000,as_expected
FEE0009610,TRF0009750,334.620000,0.000000,334.620000,334.620000,0.000000,as_expected
FEE0009611,TRF0009751,3.100000,0.000000,3.100000,3.100000,0.000000,as_expected
FEE0009612,TRF0009752,7.190000,0.000000,7.190000,7.190000,0.000000,as_expected
FEE0009613,TRF0009753,0.890000,0.000000,0.890000,0.890000,0.000000,as_expected
FEE0009614,TRF0009754,1.100000,0.000000,1.100000,1.100000,0.000000,as_expected
FEE0009615,TRF0009755,7.820000,0.000000,7.820000,7.820000,0.000000,as_expected
FEE0009616,TRF0009756,32.590000,0.000000,32.590000,32.590000,0.000000,as_expected
FEE0009617,TRF0009757,31.210000,0.000000,31.210000,31.210000,0.000000,as_expected
FEE0009618,TRF0009758,2.310000,0.000000,2.310000,2.310000,0.000000,as_expected
FEE0009619,TRF0009759,44.240000,0.000000,44.240000,44.240000,0.000000,as_expected
FEE0009620,TRF0009760,5.790000,0.000000,5.790000,5.790000,0.000000,as_expected
FEE0009621,TRF0009761,16.110000,0.000000,16.110000,16.110000,0.000000,as_expected
FEE0009622,TRF0009762,204.000000,0.000000,204.000000,204.000000,0.000000,as_expected
FEE0009623,TRF0009763,13.100000,0.000000,13.100000,13.100000,0.000000,as_expected
FEE0009624,TRF0009764,1.610000,0.000000,1.610000,1.610000,0.000000,as_expected
FEE0009625,TRF0009765,4.820000,0.000000,4.820000,4.820000,0.000000,as_expected
FEE0009626,TRF0009766,120.960000,0.000000,120.960000,75.730000,45.230000,unexpected_shortfall
FEE0009627,TRF0009767,12.870000,0.000000,12.870000,12.870000,0.000000,as_expected
FEE0009628,TRF0009768,13.770000,0.000000,13.770000,13.770000,0.000000,as_expected
FEE0009629,TRF0009769,1.730000,0.000000,1.730000,1.730000,0.000000,as_expected
FEE0009630,TRF0009770,6.710000,0.000000,6.710000,6.710000,0.000000,as_expected
FEE0009631,TRF0009771,11.430000,0.000000,11.430000,11.430000,0.000000,as_expected
FEE0009632,TRF0009772,2.230000,0.000000,2.230000,2.230000,0.000000,as_expected
FEE0009633,TRF0009773,98.560000,0.000000,98.560000,98.560000,0.000000,as_expected
FEE0009634,TRF0009774,5.450000,0.000000,5.450000,5.450000,0.000000,as_expected
FEE0009635,TRF0009775,12.550000,0.000000,12.550000,12.550000,0.000000,as_expected
FEE0009636,TRF0009776,8.030000,0.000000,8.030000,8.030000,0.000000,as_expected
FEE0009637,TRF0009777,56.210000,0.000000,56.210000,56.210000,0.000000,as_expected
FEE0009638,TRF0009778,4.700000,0.000000,4.700000,4.700000,0.000000,as_expected
FEE0009639,TRF0009779,12.590000,0.000000,12.590000,12.590000,0.000000,as_expected
FEE0009640,TRF0009780,193.770000,0.000000,193.770000,193.770000,0.000000,as_expected
FEE0009641,TRF0009781,1.570000,0.000000,1.570000,1.570000,0.000000,as_expected
FEE0009642,TRF0009782,5.650000,0.000000,5.650000,5.650000,0.000000,as_expected
FEE0009643,TRF0009783,111.110000,0.000000,111.110000,111.110000,0.000000,as_expected
FEE0009644,TRF0009784,30.450000,0.000000,30.450000,30.450000,0.000000,as_expected
FEE0009645,TRF0009785,1.350000,0.000000,1.350000,1.350000,0.000000,as_expected
FEE0009646,TRF0009786,2.990000,0.000000,2.990000,2.990000,0.000000,as_expected
FEE0009647,TRF0009787,19.140000,0.000000,19.140000,19.140000,0.000000,as_expected
FEE0009648,TRF0009789,2.760000,0.000000,2.760000,2.760000,0.000000,as_expected
FEE0009649,TRF0009790,5.770000,0.000000,5.770000,5.770000,0.000000,as_expected
FEE0009650,TRF0009791,13.980000,0.000000,13.980000,13.980000,0.000000,as_expected
FEE0009651,TRF0009792,17.630000,0.000000,17.630000,17.630000,0.000000,as_expected
FEE0009652,TRF0009793,2.150000,0.000000,2.150000,2.150000,0.000000,as_expected
FEE0009653,TRF0009794,3.920000,0.000000,3.920000,3.920000,0.000000,as_expected
FEE0009654,TRF0009795,20.900000,0.000000,20.900000,20.900000,0.000000,as_expected
FEE0009655,TRF0009796,5.270000,0.000000,5.270000,5.270000,0.000000,as_expected
FEE0009656,TRF0009797,10.500000,0.000000,10.500000,10.500000,0.000000,as_expected
FEE0009657,TRF0009798,9.860000,0.000000,9.860000,9.860000,0.000000,as_expected
FEE0009658,TRF0009799,1.190000,0.000000,1.190000,1.190000,0.000000,as_expected
FEE0009659,TRF0009800,3.460000,0.000000,3.460000,3.460000,0.000000,as_expected
FEE0009660,TRF0009801,2.130000,0.000000,2.130000,2.130000,0.000000,as_expected
FEE0009661,TRF0009802,16.170000,0.000000,16.170000,16.170000,0.000000,as_expected
FEE0009662,TRF0009803,7.100000,0.000000,7.100000,7.100000,0.000000,as_expected
FEE0009663,TRF0009804,95.060000,0.000000,95.060000,95.060000,0.000000,as_expected
FEE0009664,TRF0009805,5.940000,0.000000,5.940000,5.940000,0.000000,as_expected
FEE0009665,TRF0009806,2.940000,0.000000,2.940000,2.940000,0.000000,as_expected
FEE0009666,TRF0009807,8.750000,0.000000,8.750000,8.750000,0.000000,as_expected
FEE0009667,TRF0009808,3.440000,0.000000,3.440000,3.440000,0.000000,as_expected
FEE0009668,TRF0009809,11.710000,0.000000,11.710000,11.710000,0.000000,as_expected
FEE0009669,TRF0009810,3.020000,0.000000,3.020000,3.020000,0.000000,as_expected
FEE0009670,TRF0009811,65.790000,5.620000,60.170000,60.170000,0.000000,approved_price_investment
FEE0009671,TRF0009812,2.670000,0.000000,2.670000,2.670000,0.000000,as_expected
FEE0009672,TRF0009813,35.120000,0.000000,35.120000,35.120000,0.000000,as_expected
FEE0009673,TRF0009814,1.770000,0.000000,1.770000,1.770000,0.000000,as_expected
FEE0009674,TRF0009815,60.570000,0.000000,60.570000,60.570000,0.000000,as_expected
FEE0009675,TRF0009816,1.210000,0.000000,1.210000,1.210000,0.000000,as_expected
FEE0009676,TRF0009817,25.030000,0.000000,25.030000,25.030000,0.000000,as_expected
FEE0009677,TRF0009818,3.340000,0.000000,3.340000,3.340000,0.000000,as_expected
FEE0009678,TRF0009820,4.810000,0.000000,4.810000,4.810000,0.000000,as_expected
FEE0009679,TRF0009821,21.320000,0.000000,21.320000,21.320000,0.000000,as_expected
FEE0009680,TRF0009822,80.220000,0.000000,80.220000,80.220000,0.000000,as_expected
FEE0009681,TRF0009823,5.880000,0.000000,5.880000,5.880000,0.000000,as_expected
FEE0009682,TRF0009824,4.620000,0.000000,4.620000,4.620000,0.000000,as_expected
FEE0009683,TRF0009825,3.860000,0.000000,3.860000,3.860000,0.000000,as_expected
FEE0009684,TRF0009826,1.030000,0.000000,1.030000,1.030000,0.000000,as_expected
FEE0009685,TRF0009827,8.260000,0.000000,8.260000,8.260000,0.000000,as_expected
FEE0009686,TRF0009828,5.180000,0.000000,5.180000,5.180000,0.000000,as_expected
FEE0009687,TRF0009829,8.260000,0.000000,8.260000,8.260000,0.000000,as_expected
FEE0009688,TRF0009830,3.190000,0.000000,3.190000,3.190000,0.000000,as_expected
FEE0009689,TRF0009831,18.120000,0.000000,18.120000,18.120000,0.000000,as_expected
FEE0009690,TRF0009833,15.030000,0.000000,15.030000,15.030000,0.000000,as_expected
FEE0009691,TRF0009834,5.810000,0.000000,5.810000,5.810000,0.000000,as_expected
FEE0009692,TRF0009835,1.910000,0.000000,1.910000,1.910000,0.000000,as_expected
FEE0009693,TRF0009836,3.610000,0.000000,3.610000,3.610000,0.000000,as_expected
FEE0009694,TRF0009837,12.500000,0.000000,12.500000,12.500000,0.000000,as_expected
FEE0009695,TRF0009838,38.950000,0.000000,38.950000,38.950000,0.000000,as_expected
FEE0009696,TRF0009840,96.970000,0.000000,96.970000,96.970000,0.000000,as_expected
FEE0009697,TRF0009841,3.110000,0.000000,3.110000,3.110000,0.000000,as_expected
FEE0009698,TRF0009842,60.190000,0.000000,60.190000,60.190000,0.000000,as_expected
FEE0009699,TRF0009843,1.820000,0.000000,1.820000,1.820000,0.000000,as_expected
FEE0009700,TRF0009844,33.160000,0.000000,33.160000,33.160000,0.000000,as_expected
FEE0009701,TRF0009845,2.200000,0.000000,2.200000,2.200000,0.000000,as_expected
FEE0009702,TRF0009846,2.980000,0.000000,2.980000,2.980000,0.000000,as_expected
FEE0009703,TRF0009847,3.590000,0.000000,3.590000,3.590000,0.000000,as_expected
FEE0009704,TRF0009848,27.380000,0.000000,27.380000,17.250000,10.130000,unexpected_shortfall
FEE0009705,TRF0009849,104.450000,0.000000,104.450000,104.450000,0.000000,as_expected
FEE0009706,TRF0009850,4.750000,0.000000,4.750000,4.750000,0.000000,as_expected
FEE0009707,TRF0009851,57.260000,0.000000,57.260000,57.260000,0.000000,as_expected
FEE0009708,TRF0009852,26.020000,0.000000,26.020000,16.390000,9.630000,unexpected_shortfall
FEE0009709,TRF0009853,5.480000,0.000000,5.480000,5.480000,0.000000,as_expected
FEE0009710,TRF0009854,92.440000,0.000000,92.440000,92.440000,0.000000,as_expected
FEE0009711,TRF0009855,2.310000,0.000000,2.310000,2.310000,0.000000,as_expected
FEE0009712,TRF0009856,5.820000,0.000000,5.820000,5.820000,0.000000,as_expected
FEE0009713,TRF0009857,14.210000,0.000000,14.210000,14.210000,0.000000,as_expected
FEE0009714,TRF0009858,2.640000,0.000000,2.640000,2.640000,0.000000,as_expected
FEE0009715,TRF0009859,6.930000,0.000000,6.930000,6.930000,0.000000,as_expected
FEE0009716,TRF0009860,13.360000,0.000000,13.360000,13.360000,0.000000,as_expected
FEE0009717,TRF0009861,20.350000,0.000000,20.350000,12.850000,7.500000,unexpected_shortfall
FEE0009718,TRF0009862,2.750000,0.000000,2.750000,2.750000,0.000000,as_expected
FEE0009719,TRF0009863,3.190000,0.290000,2.900000,2.900000,0.000000,approved_price_investment
FEE0009720,TRF0009864,2.710000,0.000000,2.710000,2.710000,0.000000,as_expected
FEE0009721,TRF0009865,131.330000,0.000000,131.330000,131.330000,0.000000,as_expected
FEE0009722,TRF0009866,15.060000,0.000000,15.060000,15.060000,0.000000,as_expected
FEE0009723,TRF0009867,6.220000,0.000000,6.220000,6.220000,0.000000,as_expected
FEE0009724,TRF0009868,5.450000,0.000000,5.450000,5.450000,0.000000,as_expected
FEE0009725,TRF0009869,9.900000,0.000000,9.900000,9.900000,0.000000,as_expected
FEE0009726,TRF0009870,14.030000,1.100000,12.930000,12.930000,0.000000,approved_price_investment
FEE0009727,TRF0009871,2.020000,0.000000,2.020000,2.020000,0.000000,as_expected
FEE0009728,TRF0009872,5.920000,0.000000,5.920000,5.920000,0.000000,as_expected
FEE0009729,TRF0009873,17.100000,0.000000,17.100000,17.100000,0.000000,as_expected
FEE0009730,TRF0009874,1.940000,0.000000,1.940000,1.940000,0.000000,as_expected
FEE0009731,TRF0009875,15.760000,1.240000,14.520000,14.520000,0.000000,approved_price_investment
FEE0009732,TRF0009876,9.280000,0.000000,9.280000,9.280000,0.000000,as_expected
FEE0009733,TRF0009877,12.660000,0.000000,12.660000,12.660000,0.000000,as_expected
FEE0009734,TRF0009878,2.180000,0.000000,2.180000,2.180000,0.000000,as_expected
FEE0009735,TRF0009880,2.310000,0.000000,2.310000,2.310000,0.000000,as_expected
FEE0009736,TRF0009881,2.260000,0.000000,2.260000,2.260000,0.000000,as_expected
FEE0009737,TRF0009882,1.570000,0.000000,1.570000,1.570000,0.000000,as_expected
FEE0009738,TRF0009883,1.590000,0.000000,1.590000,1.590000,0.000000,as_expected
FEE0009739,TRF0009884,2.900000,0.000000,2.900000,2.900000,0.000000,as_expected
FEE0009740,TRF0009885,70.300000,0.000000,70.300000,70.300000,0.000000,as_expected
FEE0009741,TRF0009886,70.140000,0.000000,70.140000,43.970000,26.170000,unexpected_shortfall
FEE0009742,TRF0009887,3.510000,0.000000,3.510000,3.510000,0.000000,as_expected
FEE0009743,TRF0009888,8.550000,0.000000,8.550000,8.550000,0.000000,as_expected
FEE0009744,TRF0009889,18.590000,0.000000,18.590000,18.590000,0.000000,as_expected
FEE0009745,TRF0009890,8.620000,0.000000,8.620000,8.620000,0.000000,as_expected
FEE0009746,TRF0009891,3.410000,0.000000,3.410000,3.410000,0.000000,as_expected
FEE0009747,TRF0009892,2.660000,0.000000,2.660000,2.660000,0.000000,as_expected
FEE0009748,TRF0009893,3.170000,0.000000,3.170000,3.170000,0.000000,as_expected
FEE0009749,TRF0009894,25.700000,0.000000,25.700000,25.700000,0.000000,as_expected
FEE0009750,TRF0009895,3.400000,0.000000,3.400000,3.400000,0.000000,as_expected
FEE0009751,TRF0009896,2.600000,0.000000,2.600000,2.600000,0.000000,as_expected
FEE0009752,TRF0009897,12.990000,0.000000,12.990000,12.990000,0.000000,as_expected
FEE0009753,TRF0009898,5.510000,0.000000,5.510000,5.510000,0.000000,as_expected
FEE0009754,TRF0009899,4.280000,0.000000,4.280000,4.280000,0.000000,as_expected
FEE0009755,TRF0009900,8.770000,0.000000,8.770000,8.770000,0.000000,as_expected
FEE0009756,TRF0009901,4.390000,0.000000,4.390000,4.390000,0.000000,as_expected
FEE0009757,TRF0009902,6.470000,0.000000,6.470000,6.470000,0.000000,as_expected
FEE0009758,TRF0009903,1.880000,0.000000,1.880000,1.880000,0.000000,as_expected
FEE0009759,TRF0009904,3.110000,0.000000,3.110000,3.110000,0.000000,as_expected
FEE0009760,TRF0009905,1.890000,0.000000,1.890000,1.890000,0.000000,as_expected
FEE0009761,TRF0009906,1.750000,0.000000,1.750000,1.750000,0.000000,as_expected
FEE0009762,TRF0009907,22.240000,0.000000,22.240000,22.240000,0.000000,as_expected
FEE0009763,TRF0009908,8.820000,0.000000,8.820000,8.820000,0.000000,as_expected
FEE0009764,TRF0009909,4.350000,0.000000,4.350000,4.350000,0.000000,as_expected
FEE0009765,TRF0009910,4.500000,0.000000,4.500000,4.500000,0.000000,as_expected
FEE0009766,TRF0009911,1.680000,0.000000,1.680000,1.680000,0.000000,as_expected
FEE0009767,TRF0009912,24.270000,0.000000,24.270000,24.270000,0.000000,as_expected
FEE0009768,TRF0009913,3.220000,0.000000,3.220000,3.220000,0.000000,as_expected
FEE0009769,TRF0009914,28.530000,0.000000,28.530000,28.530000,0.000000,as_expected
FEE0009770,TRF0009915,6.400000,0.000000,6.400000,6.400000,0.000000,as_expected
FEE0009771,TRF0009916,5.620000,0.000000,5.620000,5.620000,0.000000,as_expected
FEE0009772,TRF0009917,7.930000,0.000000,7.930000,7.930000,0.000000,as_expected
FEE0009773,TRF0009918,8.400000,0.000000,8.400000,8.400000,0.000000,as_expected
FEE0009774,TRF0009919,14.150000,0.000000,14.150000,14.150000,0.000000,as_expected
FEE0009775,TRF0009920,6.200000,0.000000,6.200000,6.200000,0.000000,as_expected
FEE0009776,TRF0009921,74.880000,0.000000,74.880000,74.880000,0.000000,as_expected
FEE0009777,TRF0009922,158.810000,0.000000,158.810000,158.810000,0.000000,as_expected
FEE0009778,TRF0009923,34.430000,0.000000,34.430000,34.430000,0.000000,as_expected
FEE0009779,TRF0009925,20.420000,0.000000,20.420000,20.420000,0.000000,as_expected
FEE0009780,TRF0009926,4.850000,0.000000,4.850000,4.850000,0.000000,as_expected
FEE0009781,TRF0009927,1.570000,0.080000,1.490000,1.490000,0.000000,approved_price_investment
FEE0009782,TRF0009928,2.770000,0.000000,2.770000,2.770000,0.000000,as_expected
FEE0009783,TRF0009929,0.710000,0.000000,0.710000,0.710000,0.000000,as_expected
FEE0009784,TRF0009930,5.640000,0.000000,5.640000,5.640000,0.000000,as_expected
FEE0009785,TRF0009931,67.770000,0.000000,67.770000,67.770000,0.000000,as_expected
FEE0009786,TRF0009932,7.390000,0.000000,7.390000,7.390000,0.000000,as_expected
FEE0009787,TRF0009933,9.410000,0.000000,9.410000,9.410000,0.000000,as_expected
FEE0009788,TRF0009934,6.510000,0.000000,6.510000,6.510000,0.000000,as_expected
FEE0009789,TRF0009935,2.020000,0.000000,2.020000,2.020000,0.000000,as_expected
FEE0009790,TRF0009936,20.200000,0.000000,20.200000,20.200000,0.000000,as_expected
FEE0009791,TRF0009938,1.800000,0.000000,1.800000,1.800000,0.000000,as_expected
FEE0009792,TRF0009939,11.460000,0.000000,11.460000,11.460000,0.000000,as_expected
FEE0009793,TRF0009940,120.170000,0.000000,120.170000,120.170000,0.000000,as_expected
FEE0009794,TRF0009941,14.270000,0.000000,14.270000,14.270000,0.000000,as_expected
FEE0009795,TRF0009942,3.250000,0.000000,3.250000,3.250000,0.000000,as_expected
FEE0009796,TRF0009943,2.160000,0.000000,2.160000,2.160000,0.000000,as_expected
FEE0009797,TRF0009944,7.790000,0.000000,7.790000,7.790000,0.000000,as_expected
FEE0009798,TRF0009945,69.090000,0.000000,69.090000,69.090000,0.000000,as_expected
FEE0009799,TRF0009946,10.750000,0.000000,10.750000,10.750000,0.000000,as_expected
FEE0009800,TRF0009947,57.340000,0.000000,57.340000,57.340000,0.000000,as_expected
FEE0009801,TRF0009948,10.380000,0.000000,10.380000,10.380000,0.000000,as_expected
FEE0009802,TRF0009949,2.850000,0.000000,2.850000,2.850000,0.000000,as_expected
FEE0009803,TRF0009950,31.590000,0.000000,31.590000,31.590000,0.000000,as_expected
FEE0009804,TRF0009951,14.480000,0.000000,14.480000,14.480000,0.000000,as_expected
FEE0009805,TRF0009952,79.960000,0.000000,79.960000,79.960000,0.000000,as_expected
FEE0009806,TRF0009954,3.580000,0.000000,3.580000,3.580000,0.000000,as_expected
FEE0009807,TRF0009955,12.430000,1.020000,11.410000,11.410000,0.000000,approved_price_investment
FEE0009808,TRF0009956,5.030000,0.000000,5.030000,5.030000,0.000000,as_expected
FEE0009809,TRF0009957,26.890000,0.000000,26.890000,26.890000,0.000000,as_expected
FEE0009810,TRF0009958,2.000000,0.000000,2.000000,2.000000,0.000000,as_expected
FEE0009811,TRF0009959,4.580000,0.000000,4.580000,4.580000,0.000000,as_expected
FEE0009812,TRF0009960,8.540000,0.000000,8.540000,8.540000,0.000000,as_expected
FEE0009813,TRF0009961,29.860000,3.350000,26.510000,26.510000,0.000000,approved_price_investment
FEE0009814,TRF0009962,1.000000,0.000000,1.000000,1.000000,0.000000,as_expected
FEE0009815,TRF0009963,37.580000,0.000000,37.580000,37.580000,0.000000,as_expected
FEE0009816,TRF0009964,19.130000,0.000000,19.130000,19.130000,0.000000,as_expected
FEE0009817,TRF0009965,64.850000,0.000000,64.850000,64.850000,0.000000,as_expected
FEE0009818,TRF0009966,10.500000,0.000000,10.500000,10.500000,0.000000,as_expected
FEE0009819,TRF0009967,60.270000,0.000000,60.270000,60.270000,0.000000,as_expected
FEE0009820,TRF0009968,38.510000,0.000000,38.510000,38.510000,0.000000,as_expected
FEE0009821,TRF0009969,8.560000,0.000000,8.560000,8.560000,0.000000,as_expected
FEE0009822,TRF0009970,2.670000,0.000000,2.670000,2.670000,0.000000,as_expected
FEE0009823,TRF0009971,9.020000,0.000000,9.020000,9.020000,0.000000,as_expected
FEE0009824,TRF0009972,8.130000,0.000000,8.130000,8.130000,0.000000,as_expected
FEE0009825,TRF0009973,14.700000,0.000000,14.700000,14.700000,0.000000,as_expected
FEE0009826,TRF0009974,1.420000,0.000000,1.420000,1.420000,0.000000,as_expected
FEE0009827,TRF0009975,1.770000,0.000000,1.770000,1.770000,0.000000,as_expected
FEE0009828,TRF0009976,150.550000,0.000000,150.550000,150.550000,0.000000,as_expected
FEE0009829,TRF0009977,29.950000,0.000000,29.950000,29.950000,0.000000,as_expected
FEE0009830,TRF0009978,2.080000,0.000000,2.080000,2.080000,0.000000,as_expected
FEE0009831,TRF0009979,4.950000,0.000000,4.950000,4.950000,0.000000,as_expected
FEE0009832,TRF0009980,2.460000,0.000000,2.460000,2.460000,0.000000,as_expected
FEE0009833,TRF0009981,4.700000,0.000000,4.700000,4.700000,0.000000,as_expected
FEE0009834,TRF0009982,13.240000,0.000000,13.240000,13.240000,0.000000,as_expected
FEE0009835,TRF0009983,22.300000,0.000000,22.300000,22.300000,0.000000,as_expected
FEE0009836,TRF0009984,1.680000,0.000000,1.680000,1.680000,0.000000,as_expected
FEE0009837,TRF0009985,8.110000,0.000000,8.110000,5.200000,2.910000,unexpected_shortfall
FEE0009838,TRF0009986,4.160000,0.000000,4.160000,4.160000,0.000000,as_expected
FEE0009839,TRF0009987,29.960000,0.000000,29.960000,29.960000,0.000000,as_expected
FEE0009840,TRF0009988,2.360000,0.000000,2.360000,2.360000,0.000000,as_expected
FEE0009841,TRF0009989,3.470000,0.000000,3.470000,3.470000,0.000000,as_expected
FEE0009842,TRF0009990,11.000000,0.000000,11.000000,11.000000,0.000000,as_expected
FEE0009843,TRF0009992,6.550000,0.000000,6.550000,6.550000,0.000000,as_expected
FEE0009844,TRF0009993,2.300000,0.000000,2.300000,2.300000,0.000000,as_expected
FEE0009845,TRF0009994,5.790000,0.000000,5.790000,5.790000,0.000000,as_expected
FEE0009846,TRF0009995,8.910000,0.000000,8.910000,8.910000,0.000000,as_expected
FEE0009847,TRF0009996,51.250000,0.000000,51.250000,51.250000,0.000000,as_expected
FEE0009848,TRF0009997,1.790000,0.000000,1.790000,1.790000,0.000000,as_expected
FEE0009849,TRF0009998,1.970000,0.000000,1.970000,1.970000,0.000000,as_expected
FEE0009850,TRF0009999,127.650000,0.000000,127.650000,127.650000,0.000000,as_expected
FEE0009851,TRF0010000,23.570000,0.000000,23.570000,23.570000,0.000000,as_expected
