provider_cost_id,transfer_id,provider_id,provider_cost_bps,provider_fixed_cost_usd,provider_cost_usd,routing_tier
PCO0000001,TRF0000001,P03,11.223000,0.180000,1.390000,standard
PCO0000002,TRF0000002,P02,7.988000,0.180000,0.570000,standard
PCO0000003,TRF0000003,P03,9.899000,0.180000,4.000000,standard
PCO0000004,TRF0000004,P01,7.894000,0.180000,14.540000,standard
PCO0000005,TRF0000005,P05,5.845000,0.180000,3.950000,standard
PCO0000006,TRF0000006,P05,6.714000,0.180000,37.060000,standard
PCO0000007,TRF0000007,P04,13.467000,0.180000,0.540000,standard
PCO0000008,TRF0000008,P03,8.679000,0.180000,2.170000,standard
PCO0000009,TRF0000009,P02,10.942000,0.180000,0.320000,standard
PCO0000010,TRF0000010,P04,11.937000,0.180000,7.760000,standard
PCO0000011,TRF0000011,P02,20.649000,0.180000,0.290000,priority
PCO0000012,TRF0000012,P03,10.790000,0.180000,0.390000,standard
PCO0000013,TRF0000013,P06,9.230000,0.180000,1.260000,standard
PCO0000014,TRF0000014,P03,11.052000,0.180000,0.760000,standard
PCO0000015,TRF0000015,P02,11.228000,0.180000,6.600000,standard
PCO0000016,TRF0000016,P02,8.624000,0.180000,0.560000,standard
PCO0000017,TRF0000017,P02,7.814000,0.180000,0.280000,standard
PCO0000018,TRF0000018,P02,10.058000,0.180000,0.380000,standard
PCO0000019,TRF0000019,P03,10.076000,0.180000,0.680000,standard
PCO0000020,TRF0000020,P05,7.073000,0.180000,0.650000,standard
PCO0000021,TRF0000021,P05,8.713000,0.180000,18.320000,standard
PCO0000022,TRF0000022,P01,6.886000,0.180000,1.000000,standard
PCO0000023,TRF0000023,P01,8.791000,0.180000,1.680000,standard
PCO0000024,TRF0000024,P03,8.654000,0.180000,0.520000,standard
PCO0000025,TRF0000025,P04,11.960000,0.180000,2.240000,standard
PCO0000026,TRF0000026,P05,7.230000,0.180000,0.450000,standard
PCO0000027,TRF0000027,P05,9.147000,0.180000,0.650000,standard
PCO0000028,TRF0000028,P03,9.299000,0.180000,11.240000,standard
PCO0000029,TRF0000029,P01,7.983000,0.180000,0.520000,standard
PCO0000030,TRF0000030,P02,9.370000,0.180000,2.330000,standard
PCO0000031,TRF0000031,P02,20.641000,0.180000,1.190000,priority
PCO0000032,TRF0000032,P02,10.578000,0.180000,0.970000,standard
PCO0000033,TRF0000033,P02,8.080000,0.180000,0.510000,standard
PCO0000034,TRF0000034,P04,9.896000,0.180000,0.410000,standard
PCO0000035,TRF0000035,P04,10.578000,0.180000,0.840000,standard
PCO0000036,TRF0000036,P05,8.124000,0.180000,1.430000,standard
PCO0000037,TRF0000037,P04,9.831000,0.180000,3.380000,standard
PCO0000038,TRF0000038,P04,12.031000,0.180000,0.760000,standard
PCO0000039,TRF0000039,P02,20.944000,0.180000,0.610000,priority
PCO0000040,TRF0000040,P01,7.596000,0.180000,1.080000,standard
PCO0000041,TRF0000042,P01,7.551000,0.180000,0.900000,standard
PCO0000042,TRF0000043,P06,8.467000,0.180000,2.580000,standard
PCO0000043,TRF0000044,P04,10.300000,0.180000,1.440000,standard
PCO0000044,TRF0000045,P02,8.210000,0.180000,2.080000,standard
PCO0000045,TRF0000046,P02,8.527000,0.180000,0.420000,standard
PCO0000046,TRF0000047,P03,9.610000,0.180000,0.610000,standard
PCO0000047,TRF0000048,P02,8.574000,0.180000,0.600000,standard
PCO0000048,TRF0000049,P05,6.581000,0.180000,0.420000,standard
PCO0000049,TRF0000050,P03,10.698000,0.180000,0.240000,standard
PCO0000050,TRF0000051,P04,13.012000,0.180000,2.830000,standard
PCO0000051,TRF0000052,P06,11.488000,0.180000,56.000000,standard
PCO0000052,TRF0000053,P05,9.424000,0.180000,2.240000,standard
PCO0000053,TRF0000054,P05,10.144000,0.180000,1.280000,standard
PCO0000054,TRF0000055,P02,10.170000,0.180000,1.430000,standard
PCO0000055,TRF0000056,P06,10.881000,0.180000,2.840000,standard
PCO0000056,TRF0000057,P03,11.034000,0.180000,0.680000,standard
PCO0000057,TRF0000058,P01,10.140000,0.180000,112.120000,standard
PCO0000058,TRF0000059,P05,6.737000,0.180000,1.250000,standard
PCO0000059,TRF0000060,P02,10.298000,0.180000,0.680000,standard
PCO0000060,TRF0000061,P02,10.870000,0.180000,8.000000,standard
PCO0000061,TRF0000062,P04,12.394000,0.180000,4.160000,standard
PCO0000062,TRF0000063,P03,9.398000,0.180000,1.280000,standard
PCO0000063,TRF0000064,P02,10.670000,0.180000,0.540000,standard
PCO0000064,TRF0000065,P01,8.752000,0.180000,0.670000,standard
PCO0000065,TRF0000066,P01,9.204000,0.180000,0.620000,standard
PCO0000066,TRF0000067,P03,8.908000,0.180000,1.210000,standard
PCO0000067,TRF0000068,P05,7.796000,0.180000,0.620000,standard
PCO0000068,TRF0000069,P03,9.477000,0.180000,16.570000,standard
PCO0000069,TRF0000070,P05,8.515000,0.180000,0.380000,standard
PCO0000070,TRF0000071,P01,7.199000,0.180000,8.130000,standard
PCO0000071,TRF0000072,P04,10.485000,0.180000,3.390000,standard
PCO0000072,TRF0000073,P02,9.759000,0.180000,0.500000,standard
PCO0000073,TRF0000074,P05,8.938000,0.180000,0.770000,standard
PCO0000074,TRF0000075,P06,10.538000,0.180000,0.310000,standard
PCO0000075,TRF0000076,P02,20.846000,0.180000,1.220000,priority
PCO0000076,TRF0000077,P06,8.467000,0.180000,0.810000,standard
PCO0000077,TRF0000078,P02,7.655000,0.180000,1.920000,standard
PCO0000078,TRF0000079,P05,7.546000,0.180000,1.330000,standard
PCO0000079,TRF0000080,P05,9.043000,0.180000,2.440000,standard
PCO0000080,TRF0000081,P02,10.945000,0.180000,0.650000,standard
PCO0000081,TRF0000082,P01,7.115000,0.180000,2.650000,standard
PCO0000082,TRF0000083,P01,9.687000,0.180000,39.150000,standard
PCO0000083,TRF0000084,P03,9.585000,0.180000,2.390000,standard
PCO0000084,TRF0000085,P05,8.281000,0.180000,0.340000,standard
PCO0000085,TRF0000086,P05,7.635000,0.180000,4.010000,standard
PCO0000086,TRF0000087,P03,9.415000,0.180000,0.260000,standard
PCO0000087,TRF0000088,P04,12.705000,0.180000,2.980000,standard
PCO0000088,TRF0000089,P02,10.746000,0.180000,1.190000,standard
PCO0000089,TRF0000090,P02,8.904000,0.180000,4.370000,standard
PCO0000090,TRF0000091,P04,11.374000,0.180000,0.960000,standard
PCO0000091,TRF0000092,P02,11.041000,0.180000,3.080000,standard
PCO0000092,TRF0000093,P01,8.501000,0.180000,0.590000,standard
PCO0000093,TRF0000094,P02,8.317000,0.180000,2.820000,standard
PCO0000094,TRF0000095,P02,8.292000,0.180000,0.950000,standard
PCO0000095,TRF0000096,P02,9.537000,0.180000,0.370000,standard
PCO0000096,TRF0000097,P04,10.097000,0.180000,1.340000,standard
PCO0000097,TRF0000098,P03,8.854000,0.180000,1.340000,standard
PCO0000098,TRF0000099,P02,20.435000,0.180000,1.010000,priority
PCO0000099,TRF0000100,P04,13.171000,0.180000,3.170000,standard
PCO0000100,TRF0000101,P05,8.409000,0.180000,2.580000,standard
PCO0000101,TRF0000102,P01,7.350000,0.180000,2.390000,standard
PCO0000102,TRF0000103,P02,7.778000,0.180000,1.330000,standard
PCO0000103,TRF0000104,P05,7.390000,0.180000,14.100000,standard
PCO0000104,TRF0000105,P04,13.394000,0.180000,14.790000,standard
PCO0000105,TRF0000106,P02,8.113000,0.180000,3.920000,standard
PCO0000106,TRF0000107,P03,10.448000,0.180000,1.990000,standard
PCO0000107,TRF0000108,P01,8.274000,0.180000,0.370000,standard
PCO0000108,TRF0000109,P05,6.332000,0.180000,2.430000,standard
PCO0000109,TRF0000110,P05,7.015000,0.180000,4.930000,standard
PCO0000110,TRF0000111,P04,10.215000,0.180000,2.850000,standard
PCO0000111,TRF0000112,P02,8.947000,0.180000,1.660000,standard
PCO0000112,TRF0000113,P01,9.995000,0.180000,0.870000,standard
PCO0000113,TRF0000114,P04,10.472000,0.180000,2.450000,standard
PCO0000114,TRF0000115,P03,9.968000,0.180000,0.720000,standard
PCO0000115,TRF0000116,P03,11.624000,0.180000,0.500000,standard
PCO0000116,TRF0000117,P04,10.675000,0.180000,0.780000,standard
PCO0000117,TRF0000118,P04,11.094000,0.180000,0.710000,standard
PCO0000118,TRF0000119,P04,11.521000,0.180000,1.500000,standard
PCO0000119,TRF0000120,P02,8.140000,0.180000,17.300000,standard
PCO0000120,TRF0000121,P03,10.369000,0.180000,0.840000,standard
PCO0000121,TRF0000122,P02,8.967000,0.180000,0.510000,standard
PCO0000122,TRF0000123,P03,11.087000,0.180000,8.300000,standard
PCO0000123,TRF0000124,P03,11.090000,0.180000,0.400000,standard
PCO0000124,TRF0000125,P02,9.249000,0.180000,1.300000,standard
PCO0000125,TRF0000126,P02,21.014000,0.180000,6.830000,priority
PCO0000126,TRF0000127,P05,6.566000,0.180000,0.330000,standard
PCO0000127,TRF0000128,P05,8.160000,0.180000,0.480000,standard
PCO0000128,TRF0000129,P01,9.520000,0.180000,1.870000,standard
PCO0000129,TRF0000130,P01,7.903000,0.180000,2.130000,standard
PCO0000130,TRF0000131,P05,6.599000,0.180000,3.680000,standard
PCO0000131,TRF0000132,P06,10.500000,0.180000,1.310000,standard
PCO0000132,TRF0000133,P03,9.898000,0.180000,0.460000,standard
PCO0000133,TRF0000134,P02,8.799000,0.180000,2.210000,standard
PCO0000134,TRF0000135,P04,12.766000,0.180000,0.810000,standard
PCO0000135,TRF0000136,P02,8.845000,0.180000,1.270000,standard
PCO0000136,TRF0000137,P02,9.703000,0.180000,0.740000,standard
PCO0000137,TRF0000138,P05,7.151000,0.180000,2.200000,standard
PCO0000138,TRF0000139,P03,11.960000,0.180000,0.570000,standard
PCO0000139,TRF0000140,P04,10.092000,0.180000,0.560000,standard
PCO0000140,TRF0000141,P02,9.847000,0.180000,5.490000,standard
PCO0000141,TRF0000142,P04,12.023000,0.180000,0.630000,standard
PCO0000142,TRF0000143,P03,9.424000,0.180000,0.650000,standard
PCO0000143,TRF0000144,P05,9.231000,0.180000,0.330000,standard
PCO0000144,TRF0000145,P05,9.500000,0.180000,0.880000,standard
PCO0000145,TRF0000146,P04,11.110000,0.180000,0.640000,standard
PCO0000146,TRF0000147,P01,7.490000,0.180000,0.520000,standard
PCO0000147,TRF0000148,P04,11.117000,0.180000,1.770000,standard
PCO0000148,TRF0000149,P04,10.488000,0.180000,0.860000,standard
PCO0000149,TRF0000150,P03,9.926000,0.180000,0.410000,standard
PCO0000150,TRF0000151,P03,10.147000,0.180000,17.120000,standard
PCO0000151,TRF0000152,P01,8.494000,0.180000,0.810000,standard
PCO0000152,TRF0000153,P01,9.617000,0.180000,0.420000,standard
PCO0000153,TRF0000154,P03,9.829000,0.180000,30.450000,standard
PCO0000154,TRF0000155,P01,8.720000,0.180000,0.400000,standard
PCO0000155,TRF0000156,P03,8.888000,0.180000,3.050000,standard
PCO0000156,TRF0000157,P02,10.238000,0.180000,6.820000,standard
PCO0000157,TRF0000158,P05,6.241000,0.180000,0.440000,standard
PCO0000158,TRF0000159,P06,10.285000,0.180000,0.690000,standard
PCO0000159,TRF0000160,P03,9.633000,0.180000,32.930000,standard
PCO0000160,TRF0000161,P01,9.152000,0.180000,0.300000,standard
PCO0000161,TRF0000163,P01,7.084000,0.180000,1.590000,standard
PCO0000162,TRF0000164,P06,8.227000,0.180000,8.110000,standard
PCO0000163,TRF0000165,P01,7.164000,0.180000,0.330000,standard
PCO0000164,TRF0000167,P04,12.993000,0.180000,0.760000,standard
PCO0000165,TRF0000168,P04,9.837000,0.180000,0.550000,standard
PCO0000166,TRF0000169,P03,10.317000,0.180000,3.620000,standard
PCO0000167,TRF0000170,P06,12.053000,0.180000,0.560000,standard
PCO0000168,TRF0000171,P01,7.480000,0.180000,4.640000,standard
PCO0000169,TRF0000172,P03,10.055000,0.180000,2.310000,standard
PCO0000170,TRF0000173,P03,9.528000,0.180000,13.260000,standard
PCO0000171,TRF0000174,P01,7.922000,0.180000,2.500000,standard
PCO0000172,TRF0000175,P03,9.670000,0.180000,0.390000,standard
PCO0000173,TRF0000176,P02,8.588000,0.180000,1.240000,standard
PCO0000174,TRF0000177,P06,8.430000,0.180000,1.930000,standard
PCO0000175,TRF0000178,P03,8.918000,0.180000,0.820000,standard
PCO0000176,TRF0000179,P05,9.396000,0.180000,10.390000,standard
PCO0000177,TRF0000180,P06,8.950000,0.180000,1.850000,standard
PCO0000178,TRF0000181,P01,6.857000,0.180000,3.970000,standard
PCO0000179,TRF0000182,P02,9.297000,0.180000,0.420000,standard
PCO0000180,TRF0000183,P02,9.638000,0.180000,10.180000,standard
PCO0000181,TRF0000184,P04,11.483000,0.180000,2.400000,standard
PCO0000182,TRF0000185,P02,8.674000,0.180000,1.040000,standard
PCO0000183,TRF0000186,P01,8.016000,0.180000,0.900000,standard
PCO0000184,TRF0000187,P05,7.418000,0.180000,0.250000,standard
PCO0000185,TRF0000188,P01,8.748000,0.180000,3.390000,standard
PCO0000186,TRF0000189,P01,8.272000,0.180000,2.820000,standard
PCO0000187,TRF0000190,P01,7.727000,0.180000,7.480000,standard
PCO0000188,TRF0000191,P06,11.104000,0.180000,0.800000,standard
PCO0000189,TRF0000192,P04,9.859000,0.180000,1.070000,standard
PCO0000190,TRF0000193,P01,7.758000,0.180000,0.280000,standard
PCO0000191,TRF0000194,P03,11.330000,0.180000,0.680000,standard
PCO0000192,TRF0000195,P06,10.115000,0.180000,5.390000,standard
PCO0000193,TRF0000196,P06,11.017000,0.180000,8.940000,standard
PCO0000194,TRF0000197,P02,9.476000,0.180000,18.310000,standard
PCO0000195,TRF0000198,P02,9.219000,0.180000,14.660000,standard
PCO0000196,TRF0000199,P02,9.878000,0.180000,2.140000,standard
PCO0000197,TRF0000200,P01,7.486000,0.180000,0.670000,standard
PCO0000198,TRF0000201,P01,9.030000,0.180000,6.470000,standard
PCO0000199,TRF0000202,P03,9.746000,0.180000,1.250000,standard
PCO0000200,TRF0000203,P03,8.997000,0.180000,0.470000,standard
PCO0000201,TRF0000204,P04,10.045000,0.180000,13.050000,standard
PCO0000202,TRF0000205,P02,7.344000,0.180000,0.980000,standard
PCO0000203,TRF0000206,P01,7.459000,0.180000,4.080000,standard
PCO0000204,TRF0000207,P04,10.514000,0.180000,6.770000,standard
PCO0000205,TRF0000208,P06,9.356000,0.180000,13.190000,standard
PCO0000206,TRF0000209,P04,13.066000,0.180000,9.880000,standard
PCO0000207,TRF0000210,P03,10.117000,0.180000,0.430000,standard
PCO0000208,TRF0000211,P02,9.219000,0.180000,2.240000,standard
PCO0000209,TRF0000212,P05,7.013000,0.180000,11.360000,standard
PCO0000210,TRF0000213,P02,8.797000,0.180000,71.970000,standard
PCO0000211,TRF0000214,P01,8.144000,0.180000,13.790000,standard
PCO0000212,TRF0000215,P03,10.086000,0.180000,16.520000,standard
PCO0000213,TRF0000216,P06,11.790000,0.180000,8.100000,standard
PCO0000214,TRF0000217,P05,8.343000,0.180000,0.420000,standard
PCO0000215,TRF0000218,P03,11.659000,0.180000,1.340000,standard
PCO0000216,TRF0000219,P04,11.871000,0.180000,6.800000,standard
PCO0000217,TRF0000220,P04,11.652000,0.180000,4.030000,standard
PCO0000218,TRF0000221,P01,7.345000,0.180000,7.020000,standard
PCO0000219,TRF0000222,P04,11.967000,0.180000,0.550000,standard
PCO0000220,TRF0000223,P04,10.267000,0.180000,5.270000,standard
PCO0000221,TRF0000224,P04,10.842000,0.180000,2.100000,standard
PCO0000222,TRF0000225,P02,9.942000,0.180000,0.740000,standard
PCO0000223,TRF0000226,P03,9.484000,0.180000,0.930000,standard
PCO0000224,TRF0000227,P05,9.263000,0.180000,3.340000,standard
PCO0000225,TRF0000228,P02,8.590000,0.180000,0.730000,standard
PCO0000226,TRF0000229,P01,8.302000,0.180000,5.410000,standard
PCO0000227,TRF0000230,P05,7.432000,0.180000,3.130000,standard
PCO0000228,TRF0000231,P03,9.462000,0.180000,0.470000,standard
PCO0000229,TRF0000232,P03,9.045000,0.180000,1.690000,standard
PCO0000230,TRF0000233,P01,7.854000,0.180000,4.310000,standard
PCO0000231,TRF0000234,P01,9.168000,0.180000,0.980000,standard
PCO0000232,TRF0000235,P05,6.769000,0.180000,0.730000,standard
PCO0000233,TRF0000236,P06,8.386000,0.180000,32.570000,standard
PCO0000234,TRF0000237,P04,10.330000,0.180000,0.940000,standard
PCO0000235,TRF0000238,P04,10.866000,0.180000,0.470000,standard
PCO0000236,TRF0000239,P06,9.051000,0.180000,9.120000,standard
PCO0000237,TRF0000240,P04,12.088000,0.180000,2.760000,standard
PCO0000238,TRF0000241,P01,8.975000,0.180000,59.950000,standard
PCO0000239,TRF0000242,P03,9.298000,0.180000,0.300000,standard
PCO0000240,TRF0000243,P02,9.740000,0.180000,0.410000,standard
PCO0000241,TRF0000244,P04,11.035000,0.180000,6.860000,standard
PCO0000242,TRF0000245,P03,10.303000,0.180000,11.780000,standard
PCO0000243,TRF0000246,P03,11.076000,0.180000,0.900000,standard
PCO0000244,TRF0000247,P02,8.435000,0.180000,1.510000,standard
PCO0000245,TRF0000248,P04,11.637000,0.180000,0.500000,standard
PCO0000246,TRF0000249,P03,12.259000,0.180000,4.970000,standard
PCO0000247,TRF0000250,P06,7.970000,0.180000,0.580000,standard
PCO0000248,TRF0000251,P05,6.512000,0.180000,1.690000,standard
PCO0000249,TRF0000252,P03,9.107000,0.180000,3.140000,standard
PCO0000250,TRF0000253,P03,9.990000,0.180000,1.220000,standard
PCO0000251,TRF0000254,P04,12.688000,0.180000,17.870000,standard
PCO0000252,TRF0000255,P04,13.082000,0.180000,0.360000,standard
PCO0000253,TRF0000256,P01,7.226000,0.180000,0.480000,standard
PCO0000254,TRF0000257,P04,11.480000,0.180000,1.550000,standard
PCO0000255,TRF0000258,P03,11.679000,0.180000,0.340000,standard
PCO0000256,TRF0000259,P02,8.561000,0.180000,0.690000,standard
PCO0000257,TRF0000260,P04,11.691000,0.180000,9.580000,standard
PCO0000258,TRF0000261,P05,7.734000,0.180000,0.810000,standard
PCO0000259,TRF0000262,P06,10.571000,0.180000,0.330000,standard
PCO0000260,TRF0000263,P04,10.391000,0.180000,0.400000,standard
PCO0000261,TRF0000264,P05,5.908000,0.180000,4.590000,standard
PCO0000262,TRF0000265,P01,7.114000,0.180000,0.390000,standard
PCO0000263,TRF0000266,P02,20.225000,0.180000,1.750000,priority
PCO0000264,TRF0000267,P01,7.470000,0.180000,2.480000,standard
PCO0000265,TRF0000268,P04,9.840000,0.180000,20.740000,standard
PCO0000266,TRF0000269,P04,10.923000,0.180000,1.100000,standard
PCO0000267,TRF0000270,P04,12.136000,0.180000,0.420000,standard
PCO0000268,TRF0000271,P03,9.023000,0.180000,1.070000,standard
PCO0000269,TRF0000272,P05,8.052000,0.180000,9.500000,standard
PCO0000270,TRF0000273,P04,13.071000,0.180000,1.610000,standard
PCO0000271,TRF0000274,P03,11.467000,0.180000,2.600000,standard
PCO0000272,TRF0000275,P04,12.282000,0.180000,14.420000,standard
PCO0000273,TRF0000276,P03,9.713000,0.180000,0.340000,standard
PCO0000274,TRF0000277,P03,9.134000,0.180000,0.430000,standard
PCO0000275,TRF0000278,P03,12.134000,0.180000,0.250000,standard
PCO0000276,TRF0000279,P05,7.055000,0.180000,0.490000,standard
PCO0000277,TRF0000280,P02,8.688000,0.180000,1.360000,standard
PCO0000278,TRF0000281,P05,6.945000,0.180000,0.560000,standard
PCO0000279,TRF0000282,P01,9.434000,0.180000,0.770000,standard
PCO0000280,TRF0000283,P02,8.825000,0.180000,8.600000,standard
PCO0000281,TRF0000284,P04,10.021000,0.180000,1.090000,standard
PCO0000282,TRF0000285,P01,8.090000,0.180000,18.780000,standard
PCO0000283,TRF0000286,P03,8.640000,0.180000,3.090000,standard
PCO0000284,TRF0000287,P03,11.637000,0.180000,0.710000,standard
PCO0000285,TRF0000288,P05,8.552000,0.180000,0.590000,standard
PCO0000286,TRF0000289,P05,8.585000,0.180000,0.670000,standard
PCO0000287,TRF0000290,P05,9.161000,0.180000,0.330000,standard
PCO0000288,TRF0000291,P06,9.490000,0.180000,109.890000,standard
PCO0000289,TRF0000292,P04,10.503000,0.180000,2.900000,standard
PCO0000290,TRF0000293,P02,9.600000,0.180000,2.470000,standard
PCO0000291,TRF0000294,P04,9.321000,0.180000,0.820000,standard
PCO0000292,TRF0000295,P03,9.608000,0.180000,0.460000,standard
PCO0000293,TRF0000296,P02,9.710000,0.180000,0.450000,standard
PCO0000294,TRF0000297,P06,11.976000,0.180000,0.360000,standard
PCO0000295,TRF0000298,P02,8.267000,0.180000,11.630000,standard
PCO0000296,TRF0000299,P03,9.231000,0.180000,1.220000,standard
PCO0000297,TRF0000300,P06,11.349000,0.180000,1.380000,standard
PCO0000298,TRF0000301,P02,8.730000,0.180000,0.390000,standard
PCO0000299,TRF0000302,P02,8.892000,0.180000,0.850000,standard
PCO0000300,TRF0000303,P06,11.547000,0.180000,0.520000,standard
PCO0000301,TRF0000304,P04,12.128000,0.180000,0.890000,standard
PCO0000302,TRF0000305,P03,11.704000,0.180000,6.980000,standard
PCO0000303,TRF0000307,P02,9.382000,0.180000,0.990000,standard
PCO0000304,TRF0000308,P06,9.030000,0.180000,12.840000,standard
PCO0000305,TRF0000309,P04,12.125000,0.180000,0.580000,standard
PCO0000306,TRF0000310,P02,10.516000,0.180000,0.840000,standard
PCO0000307,TRF0000311,P01,8.701000,0.180000,4.440000,standard
PCO0000308,TRF0000312,P05,7.292000,0.180000,1.390000,standard
PCO0000309,TRF0000313,P02,9.534000,0.180000,0.500000,standard
PCO0000310,TRF0000314,P04,11.419000,0.180000,0.960000,standard
PCO0000311,TRF0000315,P02,10.310000,0.180000,1.390000,standard
PCO0000312,TRF0000317,P02,8.385000,0.180000,0.280000,standard
PCO0000313,TRF0000318,P03,9.514000,0.180000,0.700000,standard
PCO0000314,TRF0000319,P03,11.306000,0.180000,0.410000,standard
PCO0000315,TRF0000320,P03,9.101000,0.180000,0.280000,standard
PCO0000316,TRF0000321,P03,10.193000,0.180000,0.710000,standard
PCO0000317,TRF0000322,P04,10.842000,0.180000,5.950000,standard
PCO0000318,TRF0000323,P04,11.221000,0.180000,0.930000,standard
PCO0000319,TRF0000324,P04,13.668000,0.180000,4.290000,standard
PCO0000320,TRF0000325,P02,20.828000,0.180000,5.350000,priority
PCO0000321,TRF0000326,P06,10.957000,0.180000,1.070000,standard
PCO0000322,TRF0000327,P02,20.201000,0.180000,0.920000,priority
PCO0000323,TRF0000328,P04,10.685000,0.180000,7.300000,standard
PCO0000324,TRF0000329,P01,7.317000,0.180000,2.050000,standard
PCO0000325,TRF0000330,P05,8.758000,0.180000,22.670000,standard
PCO0000326,TRF0000331,P05,8.996000,0.180000,0.560000,standard
PCO0000327,TRF0000332,P04,12.062000,0.180000,0.570000,standard
PCO0000328,TRF0000333,P02,10.074000,0.180000,5.310000,standard
PCO0000329,TRF0000334,P01,10.664000,0.180000,1.020000,standard
PCO0000330,TRF0000335,P03,9.463000,0.180000,3.280000,standard
PCO0000331,TRF0000336,P02,9.115000,0.180000,0.450000,standard
PCO0000332,TRF0000337,P02,10.635000,0.180000,0.430000,standard
PCO0000333,TRF0000338,P03,9.337000,0.180000,9.420000,standard
PCO0000334,TRF0000339,P02,10.743000,0.180000,6.060000,standard
PCO0000335,TRF0000340,P05,9.629000,0.180000,0.680000,standard
PCO0000336,TRF0000341,P06,10.563000,0.180000,5.080000,standard
PCO0000337,TRF0000342,P03,8.748000,0.180000,1.390000,standard
PCO0000338,TRF0000343,P03,9.502000,0.180000,8.960000,standard
PCO0000339,TRF0000344,P01,10.447000,0.180000,0.840000,standard
PCO0000340,TRF0000345,P04,10.098000,0.180000,5.570000,standard
PCO0000341,TRF0000346,P03,9.005000,0.180000,5.020000,standard
PCO0000342,TRF0000348,P05,7.165000,0.180000,7.520000,standard
PCO0000343,TRF0000349,P05,8.992000,0.180000,0.960000,standard
PCO0000344,TRF0000350,P04,12.700000,0.180000,27.650000,standard
PCO0000345,TRF0000351,P01,9.127000,0.180000,4.840000,standard
PCO0000346,TRF0000352,P06,9.521000,0.180000,0.670000,standard
PCO0000347,TRF0000353,P01,7.061000,0.180000,0.760000,standard
PCO0000348,TRF0000354,P04,12.414000,0.180000,1.640000,standard
PCO0000349,TRF0000355,P02,8.139000,0.180000,1.610000,standard
PCO0000350,TRF0000356,P06,9.736000,0.180000,0.840000,standard
PCO0000351,TRF0000357,P01,9.908000,0.180000,1.860000,standard
PCO0000352,TRF0000358,P06,9.920000,0.180000,0.430000,standard
PCO0000353,TRF0000359,P03,9.765000,0.180000,0.680000,standard
PCO0000354,TRF0000360,P02,20.759000,0.180000,14.500000,priority
PCO0000355,TRF0000361,P03,9.803000,0.180000,1.200000,standard
PCO0000356,TRF0000362,P01,8.859000,0.180000,0.760000,standard
PCO0000357,TRF0000363,P04,12.879000,0.180000,0.550000,standard
PCO0000358,TRF0000364,P01,7.551000,0.180000,1.510000,standard
PCO0000359,TRF0000365,P03,9.044000,0.180000,51.220000,standard
PCO0000360,TRF0000366,P02,21.542000,0.180000,2.170000,priority
PCO0000361,TRF0000367,P01,7.346000,0.180000,9.200000,standard
PCO0000362,TRF0000368,P05,8.509000,0.180000,3.490000,standard
PCO0000363,TRF0000369,P05,9.243000,0.180000,4.440000,standard
PCO0000364,TRF0000370,P03,11.326000,0.180000,0.550000,standard
PCO0000365,TRF0000371,P04,10.199000,0.180000,0.370000,standard
PCO0000366,TRF0000372,P03,11.039000,0.180000,74.960000,standard
PCO0000367,TRF0000373,P03,9.793000,0.180000,0.610000,standard
PCO0000368,TRF0000374,P03,9.207000,0.180000,3.640000,standard
PCO0000369,TRF0000375,P04,11.158000,0.180000,0.660000,standard
PCO0000370,TRF0000376,P02,8.080000,0.180000,1.910000,standard
PCO0000371,TRF0000377,P06,9.421000,0.180000,0.450000,standard
PCO0000372,TRF0000378,P06,9.298000,0.180000,20.370000,standard
PCO0000373,TRF0000379,P01,9.845000,0.180000,0.890000,standard
PCO0000374,TRF0000380,P05,9.374000,0.180000,6.530000,standard
PCO0000375,TRF0000381,P02,8.308000,0.180000,1.740000,standard
PCO0000376,TRF0000382,P06,9.670000,0.180000,2.790000,standard
PCO0000377,TRF0000383,P02,9.002000,0.180000,11.730000,standard
PCO0000378,TRF0000384,P05,7.596000,0.180000,0.450000,standard
PCO0000379,TRF0000385,P04,12.700000,0.180000,26.330000,standard
PCO0000380,TRF0000387,P01,8.904000,0.180000,14.310000,standard
PCO0000381,TRF0000388,P06,8.274000,0.180000,1.600000,standard
PCO0000382,TRF0000389,P01,8.151000,0.180000,0.440000,standard
PCO0000383,TRF0000390,P06,11.219000,0.180000,0.710000,standard
PCO0000384,TRF0000391,P06,10.797000,0.180000,0.340000,standard
PCO0000385,TRF0000392,P03,10.162000,0.180000,2.630000,standard
PCO0000386,TRF0000393,P06,10.808000,0.180000,5.950000,standard
PCO0000387,TRF0000394,P05,7.592000,0.180000,6.890000,standard
PCO0000388,TRF0000395,P06,10.446000,0.180000,2.610000,standard
PCO0000389,TRF0000396,P02,20.577000,0.180000,2.020000,priority
PCO0000390,TRF0000397,P04,9.917000,0.180000,1.250000,standard
PCO0000391,TRF0000398,P05,7.857000,0.180000,1.280000,standard
PCO0000392,TRF0000399,P02,11.448000,0.180000,0.710000,standard
PCO0000393,TRF0000400,P04,13.090000,0.180000,1.690000,standard
PCO0000394,TRF0000401,P01,7.400000,0.180000,4.810000,standard
PCO0000395,TRF0000402,P02,7.844000,0.180000,0.580000,standard
PCO0000396,TRF0000403,P01,9.123000,0.180000,1.300000,standard
PCO0000397,TRF0000404,P06,8.967000,0.180000,0.480000,standard
PCO0000398,TRF0000405,P04,10.088000,0.180000,0.500000,standard
PCO0000399,TRF0000406,P02,11.413000,0.180000,1.820000,standard
PCO0000400,TRF0000407,P03,11.370000,0.180000,0.550000,standard
PCO0000401,TRF0000408,P05,7.543000,0.180000,1.120000,standard
PCO0000402,TRF0000409,P02,11.052000,0.180000,0.320000,standard
PCO0000403,TRF0000410,P01,7.590000,0.180000,0.500000,standard
PCO0000404,TRF0000411,P02,9.704000,0.180000,1.700000,standard
PCO0000405,TRF0000412,P03,10.940000,0.180000,1.540000,standard
PCO0000406,TRF0000413,P03,8.887000,0.180000,1.510000,standard
PCO0000407,TRF0000414,P05,7.013000,0.180000,0.340000,standard
PCO0000408,TRF0000415,P04,10.956000,0.180000,0.810000,standard
PCO0000409,TRF0000416,P05,8.419000,0.180000,0.390000,standard
PCO0000410,TRF0000417,P05,9.368000,0.180000,1.050000,standard
PCO0000411,TRF0000418,P04,10.147000,0.180000,0.630000,standard
PCO0000412,TRF0000419,P04,10.487000,0.180000,0.450000,standard
PCO0000413,TRF0000420,P05,7.076000,0.180000,0.240000,standard
PCO0000414,TRF0000421,P05,7.174000,0.180000,1.210000,standard
PCO0000415,TRF0000422,P03,9.621000,0.180000,2.190000,standard
PCO0000416,TRF0000423,P01,9.853000,0.180000,0.540000,standard
PCO0000417,TRF0000424,P06,8.423000,0.180000,7.850000,standard
PCO0000418,TRF0000425,P02,9.362000,0.180000,0.440000,standard
PCO0000419,TRF0000426,P05,8.247000,0.180000,0.760000,standard
PCO0000420,TRF0000427,P01,9.148000,0.180000,0.960000,standard
PCO0000421,TRF0000428,P06,8.764000,0.180000,0.640000,standard
PCO0000422,TRF0000429,P04,10.626000,0.180000,0.450000,standard
PCO0000423,TRF0000430,P06,9.436000,0.180000,0.550000,standard
PCO0000424,TRF0000431,P05,7.335000,0.180000,0.330000,standard
PCO0000425,TRF0000432,P06,9.672000,0.180000,0.260000,standard
PCO0000426,TRF0000433,P02,21.505000,0.180000,6.810000,priority
PCO0000427,TRF0000434,P04,10.573000,0.180000,3.310000,standard
PCO0000428,TRF0000435,P05,6.554000,0.180000,37.290000,standard
PCO0000429,TRF0000436,P06,8.243000,0.180000,0.570000,standard
PCO0000430,TRF0000437,P04,9.726000,0.180000,0.770000,standard
PCO0000431,TRF0000438,P02,11.486000,0.180000,1.940000,standard
PCO0000432,TRF0000439,P01,8.040000,0.180000,1.530000,standard
PCO0000433,TRF0000440,P02,8.775000,0.180000,3.180000,standard
PCO0000434,TRF0000441,P04,10.964000,0.180000,0.830000,standard
PCO0000435,TRF0000442,P04,10.256000,0.180000,1.610000,standard
PCO0000436,TRF0000443,P03,9.822000,0.180000,0.790000,standard
PCO0000437,TRF0000444,P02,20.933000,0.180000,2.410000,priority
PCO0000438,TRF0000445,P05,7.742000,0.180000,2.110000,standard
PCO0000439,TRF0000446,P03,11.765000,0.180000,2.090000,standard
PCO0000440,TRF0000447,P06,10.422000,0.180000,1.090000,standard
PCO0000441,TRF0000448,P04,11.312000,0.180000,0.520000,standard
PCO0000442,TRF0000449,P01,8.364000,0.180000,0.630000,standard
PCO0000443,TRF0000450,P06,9.328000,0.180000,7.100000,standard
PCO0000444,TRF0000451,P02,7.969000,0.180000,0.560000,standard
PCO0000445,TRF0000452,P01,9.723000,0.180000,1.250000,standard
PCO0000446,TRF0000453,P05,6.871000,0.180000,0.370000,standard
PCO0000447,TRF0000454,P06,9.133000,0.180000,1.810000,standard
PCO0000448,TRF0000455,P04,12.377000,0.180000,2.180000,standard
PCO0000449,TRF0000456,P05,6.150000,0.180000,0.440000,standard
PCO0000450,TRF0000457,P02,9.489000,0.180000,4.580000,standard
PCO0000451,TRF0000458,P03,11.774000,0.180000,20.850000,standard
PCO0000452,TRF0000459,P03,8.795000,0.180000,0.440000,standard
PCO0000453,TRF0000460,P05,8.451000,0.180000,55.830000,standard
PCO0000454,TRF0000461,P04,11.652000,0.180000,0.830000,standard
PCO0000455,TRF0000462,P01,7.365000,0.180000,0.430000,standard
PCO0000456,TRF0000463,P04,12.808000,0.180000,13.230000,standard
PCO0000457,TRF0000464,P02,20.971000,0.180000,0.740000,priority
PCO0000458,TRF0000465,P03,10.365000,0.180000,0.910000,standard
PCO0000459,TRF0000466,P01,7.868000,0.180000,0.680000,standard
PCO0000460,TRF0000467,P01,6.604000,0.180000,5.800000,standard
PCO0000461,TRF0000468,P05,7.701000,0.180000,2.760000,standard
PCO0000462,TRF0000469,P03,9.062000,0.180000,3.760000,standard
PCO0000463,TRF0000470,P01,9.115000,0.180000,0.270000,standard
PCO0000464,TRF0000471,P03,9.443000,0.180000,0.560000,standard
PCO0000465,TRF0000472,P01,8.759000,0.180000,0.450000,standard
PCO0000466,TRF0000473,P06,9.167000,0.180000,0.920000,standard
PCO0000467,TRF0000474,P02,8.792000,0.180000,0.770000,standard
PCO0000468,TRF0000475,P01,9.291000,0.180000,0.470000,standard
PCO0000469,TRF0000476,P05,9.464000,0.180000,1.470000,standard
PCO0000470,TRF0000477,P05,9.077000,0.180000,1.250000,standard
PCO0000471,TRF0000478,P06,10.718000,0.180000,0.740000,standard
PCO0000472,TRF0000479,P03,11.049000,0.180000,0.620000,standard
PCO0000473,TRF0000480,P02,8.438000,0.180000,0.470000,standard
PCO0000474,TRF0000481,P06,11.499000,0.180000,1.020000,standard
PCO0000475,TRF0000482,P01,7.158000,0.180000,6.570000,standard
PCO0000476,TRF0000483,P01,8.960000,0.180000,12.870000,standard
PCO0000477,TRF0000484,P01,9.997000,0.180000,0.580000,standard
PCO0000478,TRF0000485,P04,12.489000,0.180000,188.990000,standard
PCO0000479,TRF0000486,P05,8.099000,0.180000,0.530000,standard
PCO0000480,TRF0000487,P05,5.978000,0.180000,3.760000,standard
PCO0000481,TRF0000488,P06,11.805000,0.180000,0.650000,standard
PCO0000482,TRF0000489,P04,10.398000,0.180000,54.890000,standard
PCO0000483,TRF0000490,P06,10.606000,0.180000,0.670000,standard
PCO0000484,TRF0000491,P04,10.793000,0.180000,0.400000,standard
PCO0000485,TRF0000492,P02,7.914000,0.180000,0.370000,standard
PCO0000486,TRF0000493,P03,11.966000,0.180000,0.640000,standard
PCO0000487,TRF0000494,P04,12.701000,0.180000,0.670000,standard
PCO0000488,TRF0000495,P01,7.467000,0.180000,1.150000,standard
PCO0000489,TRF0000496,P05,8.806000,0.180000,0.640000,standard
PCO0000490,TRF0000497,P02,8.976000,0.180000,0.350000,standard
PCO0000491,TRF0000498,P04,11.280000,0.180000,0.640000,standard
PCO0000492,TRF0000499,P02,8.336000,0.180000,2.170000,standard
PCO0000493,TRF0000500,P06,10.329000,0.180000,1.130000,standard
PCO0000494,TRF0000501,P04,12.223000,0.180000,5.090000,standard
PCO0000495,TRF0000502,P04,11.091000,0.180000,2.150000,standard
PCO0000496,TRF0000503,P02,9.918000,0.180000,0.810000,standard
PCO0000497,TRF0000504,P03,9.010000,0.180000,6.820000,standard
PCO0000498,TRF0000505,P03,11.346000,0.180000,1.020000,standard
PCO0000499,TRF0000506,P06,9.549000,0.180000,10.970000,standard
PCO0000500,TRF0000507,P01,10.032000,0.180000,1.320000,standard
PCO0000501,TRF0000508,P03,10.855000,0.180000,0.970000,standard
PCO0000502,TRF0000509,P05,8.325000,0.180000,5.850000,standard
PCO0000503,TRF0000510,P03,11.349000,0.180000,3.800000,standard
PCO0000504,TRF0000511,P01,9.177000,0.180000,0.360000,standard
PCO0000505,TRF0000512,P04,10.390000,0.180000,1.680000,standard
PCO0000506,TRF0000513,P02,8.305000,0.180000,1.810000,standard
PCO0000507,TRF0000514,P03,12.900000,0.180000,0.670000,standard
PCO0000508,TRF0000515,P03,10.854000,0.180000,0.840000,standard
PCO0000509,TRF0000516,P04,13.014000,0.180000,3.470000,standard
PCO0000510,TRF0000517,P02,8.159000,0.180000,3.050000,standard
PCO0000511,TRF0000518,P01,7.180000,0.180000,1.660000,standard
PCO0000512,TRF0000519,P05,6.823000,0.180000,0.710000,standard
PCO0000513,TRF0000520,P06,9.075000,0.180000,2.260000,standard
PCO0000514,TRF0000521,P01,8.965000,0.180000,0.320000,standard
PCO0000515,TRF0000522,P02,9.586000,0.180000,2.410000,standard
PCO0000516,TRF0000523,P04,12.878000,0.180000,0.480000,standard
PCO0000517,TRF0000524,P01,8.168000,0.180000,0.730000,standard
PCO0000518,TRF0000525,P02,7.822000,0.180000,1.990000,standard
PCO0000519,TRF0000526,P01,9.415000,0.180000,0.630000,standard
PCO0000520,TRF0000527,P02,20.655000,0.180000,2.250000,priority
PCO0000521,TRF0000528,P02,9.437000,0.180000,1.530000,standard
PCO0000522,TRF0000529,P01,7.404000,0.180000,2.340000,standard
PCO0000523,TRF0000530,P06,10.681000,0.180000,0.740000,standard
PCO0000524,TRF0000531,P05,9.509000,0.180000,2.190000,standard
PCO0000525,TRF0000532,P01,9.011000,0.180000,8.290000,standard
PCO0000526,TRF0000533,P04,9.696000,0.180000,2.280000,standard
PCO0000527,TRF0000534,P02,21.706000,0.180000,8.230000,priority
PCO0000528,TRF0000535,P04,12.350000,0.180000,1.350000,standard
PCO0000529,TRF0000536,P05,7.798000,0.180000,1.060000,standard
PCO0000530,TRF0000537,P03,8.983000,0.180000,4.140000,standard
PCO0000531,TRF0000538,P01,7.360000,0.180000,0.410000,standard
PCO0000532,TRF0000539,P02,11.247000,0.180000,0.730000,standard
PCO0000533,TRF0000540,P04,12.251000,0.180000,2.630000,standard
PCO0000534,TRF0000541,P01,7.386000,0.180000,0.310000,standard
PCO0000535,TRF0000542,P04,12.665000,0.180000,0.450000,standard
PCO0000536,TRF0000543,P04,10.627000,0.180000,0.370000,standard
PCO0000537,TRF0000544,P01,9.367000,0.180000,0.580000,standard
PCO0000538,TRF0000545,P04,10.656000,0.180000,0.270000,standard
PCO0000539,TRF0000546,P02,7.853000,0.180000,0.800000,standard
PCO0000540,TRF0000547,P03,9.545000,0.180000,0.690000,standard
PCO0000541,TRF0000548,P01,9.602000,0.180000,173.780000,standard
PCO0000542,TRF0000549,P04,12.767000,0.180000,1.420000,standard
PCO0000543,TRF0000550,P05,9.388000,0.180000,1.290000,standard
PCO0000544,TRF0000551,P03,12.669000,0.180000,1.210000,standard
PCO0000545,TRF0000552,P04,10.641000,0.180000,0.830000,standard
PCO0000546,TRF0000553,P01,7.500000,0.180000,7.560000,standard
PCO0000547,TRF0000554,P02,10.678000,0.180000,0.770000,standard
PCO0000548,TRF0000555,P02,7.618000,0.180000,0.400000,standard
PCO0000549,TRF0000556,P01,7.581000,0.180000,3.090000,standard
PCO0000550,TRF0000557,P04,10.667000,0.180000,5.610000,standard
PCO0000551,TRF0000558,P02,8.061000,0.180000,19.310000,standard
PCO0000552,TRF0000559,P01,8.513000,0.180000,0.360000,standard
PCO0000553,TRF0000560,P02,8.225000,0.180000,0.250000,standard
PCO0000554,TRF0000561,P01,9.124000,0.180000,67.840000,standard
PCO0000555,TRF0000562,P02,20.523000,0.180000,6.650000,priority
PCO0000556,TRF0000563,P01,7.626000,0.180000,0.500000,standard
PCO0000557,TRF0000564,P01,7.334000,0.180000,1.220000,standard
PCO0000558,TRF0000565,P04,12.153000,0.180000,0.940000,standard
PCO0000559,TRF0000566,P02,10.151000,0.180000,1.220000,standard
PCO0000560,TRF0000567,P02,10.019000,0.180000,0.360000,standard
PCO0000561,TRF0000568,P04,12.577000,0.180000,0.560000,standard
PCO0000562,TRF0000569,P05,8.852000,0.180000,1.420000,standard
PCO0000563,TRF0000570,P03,9.925000,0.180000,4.480000,standard
PCO0000564,TRF0000571,P02,8.897000,0.180000,49.480000,standard
PCO0000565,TRF0000572,P05,7.790000,0.180000,0.560000,standard
PCO0000566,TRF0000573,P02,19.980000,0.180000,63.680000,priority
PCO0000567,TRF0000574,P03,10.650000,0.180000,0.800000,standard
PCO0000568,TRF0000575,P05,6.570000,0.180000,3.560000,standard
PCO0000569,TRF0000576,P06,10.234000,0.180000,1.250000,standard
PCO0000570,TRF0000577,P02,8.629000,0.180000,6.000000,standard
PCO0000571,TRF0000578,P02,8.097000,0.180000,0.630000,standard
PCO0000572,TRF0000579,P05,6.225000,0.180000,0.360000,standard
PCO0000573,TRF0000580,P04,11.250000,0.180000,22.680000,standard
PCO0000574,TRF0000581,P02,8.227000,0.180000,4.090000,standard
PCO0000575,TRF0000582,P02,8.588000,0.180000,0.600000,standard
PCO0000576,TRF0000583,P04,10.416000,0.180000,7.850000,standard
PCO0000577,TRF0000584,P04,12.769000,0.180000,1.500000,standard
PCO0000578,TRF0000585,P03,10.795000,0.180000,1.850000,standard
PCO0000579,TRF0000586,P04,10.960000,0.180000,35.640000,standard
PCO0000580,TRF0000587,P03,11.693000,0.180000,0.400000,standard
PCO0000581,TRF0000588,P02,10.334000,0.180000,10.660000,standard
PCO0000582,TRF0000589,P03,9.108000,0.180000,0.380000,standard
PCO0000583,TRF0000590,P03,9.732000,0.180000,3.140000,standard
PCO0000584,TRF0000591,P01,7.952000,0.180000,1.230000,standard
PCO0000585,TRF0000592,P04,9.592000,0.180000,1.110000,standard
PCO0000586,TRF0000593,P02,10.331000,0.180000,0.610000,standard
PCO0000587,TRF0000594,P03,10.398000,0.180000,11.520000,standard
PCO0000588,TRF0000595,P06,10.431000,0.180000,6.130000,standard
PCO0000589,TRF0000596,P01,8.223000,0.180000,1.000000,standard
PCO0000590,TRF0000597,P01,8.626000,0.180000,0.820000,standard
PCO0000591,TRF0000598,P04,10.179000,0.180000,0.610000,standard
PCO0000592,TRF0000599,P01,9.323000,0.180000,1.510000,standard
PCO0000593,TRF0000600,P02,7.883000,0.180000,0.490000,standard
PCO0000594,TRF0000601,P04,10.737000,0.180000,12.290000,standard
PCO0000595,TRF0000602,P01,8.348000,0.180000,0.380000,standard
PCO0000596,TRF0000603,P02,20.699000,0.180000,2.230000,priority
PCO0000597,TRF0000604,P03,10.255000,0.180000,1.920000,standard
PCO0000598,TRF0000605,P02,9.028000,0.180000,4.880000,standard
PCO0000599,TRF0000606,P05,7.505000,0.180000,0.470000,standard
PCO0000600,TRF0000607,P02,8.960000,0.180000,2.500000,standard
PCO0000601,TRF0000608,P02,8.079000,0.180000,1.690000,standard
PCO0000602,TRF0000609,P05,8.653000,0.180000,1.260000,standard
PCO0000603,TRF0000610,P04,12.015000,0.180000,0.620000,standard
PCO0000604,TRF0000611,P05,8.951000,0.180000,0.880000,standard
PCO0000605,TRF0000612,P03,10.650000,0.180000,14.110000,standard
PCO0000606,TRF0000613,P01,9.661000,0.180000,6.310000,standard
PCO0000607,TRF0000614,P01,7.658000,0.180000,5.200000,standard
PCO0000608,TRF0000615,P02,21.103000,0.180000,0.990000,priority
PCO0000609,TRF0000616,P02,8.199000,0.180000,5.740000,standard
PCO0000610,TRF0000617,P03,11.214000,0.180000,0.440000,standard
PCO0000611,TRF0000618,P04,11.281000,0.180000,27.650000,standard
PCO0000612,TRF0000619,P05,6.666000,0.180000,0.360000,standard
PCO0000613,TRF0000620,P05,9.370000,0.180000,13.100000,standard
PCO0000614,TRF0000622,P06,8.581000,0.180000,4.020000,standard
PCO0000615,TRF0000623,P04,11.189000,0.180000,1.820000,standard
PCO0000616,TRF0000624,P02,9.104000,0.180000,1.020000,standard
PCO0000617,TRF0000625,P06,11.233000,0.180000,12.190000,standard
PCO0000618,TRF0000626,P02,9.286000,0.180000,0.500000,standard
PCO0000619,TRF0000627,P03,9.226000,0.180000,0.390000,standard
PCO0000620,TRF0000628,P04,13.414000,0.180000,1.090000,standard
PCO0000621,TRF0000629,P03,10.016000,0.180000,18.580000,standard
PCO0000622,TRF0000630,P05,7.396000,0.180000,0.310000,standard
PCO0000623,TRF0000631,P04,10.597000,0.180000,0.480000,standard
PCO0000624,TRF0000632,P02,7.990000,0.180000,0.620000,standard
PCO0000625,TRF0000633,P05,8.438000,0.180000,2.260000,standard
PCO0000626,TRF0000634,P05,6.181000,0.180000,0.410000,standard
PCO0000627,TRF0000635,P02,20.216000,0.180000,13.210000,priority
PCO0000628,TRF0000636,P01,8.527000,0.180000,0.800000,standard
PCO0000629,TRF0000637,P01,7.419000,0.180000,0.590000,standard
PCO0000630,TRF0000638,P04,12.082000,0.180000,0.940000,standard
PCO0000631,TRF0000639,P03,10.981000,0.180000,0.580000,standard
PCO0000632,TRF0000640,P05,6.513000,0.180000,0.420000,standard
PCO0000633,TRF0000641,P02,10.316000,0.180000,2.810000,standard
PCO0000634,TRF0000642,P01,7.067000,0.180000,0.430000,standard
PCO0000635,TRF0000643,P04,11.575000,0.180000,16.010000,standard
PCO0000636,TRF0000644,P03,11.677000,0.180000,0.670000,standard
PCO0000637,TRF0000645,P03,9.539000,0.180000,1.370000,standard
PCO0000638,TRF0000646,P02,8.323000,0.180000,0.550000,standard
PCO0000639,TRF0000647,P04,12.216000,0.180000,0.500000,standard
PCO0000640,TRF0000648,P02,11.089000,0.180000,0.310000,standard
PCO0000641,TRF0000649,P04,12.956000,0.180000,1.510000,standard
PCO0000642,TRF0000650,P01,7.237000,0.180000,0.710000,standard
PCO0000643,TRF0000651,P02,9.384000,0.180000,0.730000,standard
PCO0000644,TRF0000652,P01,9.836000,0.180000,43.920000,standard
PCO0000645,TRF0000653,P05,8.167000,0.180000,0.320000,standard
PCO0000646,TRF0000654,P02,9.184000,0.180000,32.460000,standard
PCO0000647,TRF0000655,P01,6.735000,0.180000,31.800000,standard
PCO0000648,TRF0000656,P05,6.997000,0.180000,4.260000,standard
PCO0000649,TRF0000657,P03,9.369000,0.180000,1.050000,standard
PCO0000650,TRF0000658,P01,9.338000,0.180000,16.930000,standard
PCO0000651,TRF0000659,P04,11.159000,0.180000,0.440000,standard
PCO0000652,TRF0000660,P03,9.217000,0.180000,0.480000,standard
PCO0000653,TRF0000661,P03,9.065000,0.180000,19.070000,standard
PCO0000654,TRF0000662,P05,9.151000,0.180000,0.340000,standard
PCO0000655,TRF0000663,P04,9.381000,0.180000,1.040000,standard
PCO0000656,TRF0000664,P02,8.707000,0.180000,8.420000,standard
PCO0000657,TRF0000665,P05,8.550000,0.180000,0.400000,standard
PCO0000658,TRF0000666,P05,7.824000,0.180000,15.850000,standard
PCO0000659,TRF0000667,P05,8.954000,0.180000,1.260000,standard
PCO0000660,TRF0000668,P03,8.936000,0.180000,0.450000,standard
PCO0000661,TRF0000669,P04,11.575000,0.180000,9.520000,standard
PCO0000662,TRF0000671,P02,10.169000,0.180000,3.190000,standard
PCO0000663,TRF0000672,P02,8.586000,0.180000,0.400000,standard
PCO0000664,TRF0000673,P06,10.432000,0.180000,0.490000,standard
PCO0000665,TRF0000674,P01,10.045000,0.180000,0.700000,standard
PCO0000666,TRF0000675,P05,7.647000,0.180000,0.410000,standard
PCO0000667,TRF0000676,P04,12.249000,0.180000,26.680000,standard
PCO0000668,TRF0000677,P06,10.855000,0.180000,0.910000,standard
PCO0000669,TRF0000678,P02,8.431000,0.180000,0.420000,standard
PCO0000670,TRF0000679,P02,10.780000,0.180000,2.190000,standard
PCO0000671,TRF0000680,P04,10.485000,0.180000,25.720000,standard
PCO0000672,TRF0000681,P03,12.561000,0.180000,5.040000,standard
PCO0000673,TRF0000682,P03,10.487000,0.180000,15.710000,standard
PCO0000674,TRF0000683,P04,10.287000,0.180000,2.840000,standard
PCO0000675,TRF0000684,P05,8.449000,0.180000,211.400000,standard
PCO0000676,TRF0000686,P06,8.198000,0.180000,0.310000,standard
PCO0000677,TRF0000687,P01,7.598000,0.180000,0.530000,standard
PCO0000678,TRF0000688,P01,7.488000,0.180000,2.610000,standard
PCO0000679,TRF0000689,P06,10.725000,0.180000,10.890000,standard
PCO0000680,TRF0000690,P01,8.114000,0.180000,13.480000,standard
PCO0000681,TRF0000691,P01,9.387000,0.180000,0.300000,standard
PCO0000682,TRF0000692,P04,11.749000,0.180000,3.580000,standard
PCO0000683,TRF0000693,P02,10.743000,0.180000,0.410000,standard
PCO0000684,TRF0000694,P04,11.189000,0.180000,0.820000,standard
PCO0000685,TRF0000695,P04,10.207000,0.180000,0.420000,standard
PCO0000686,TRF0000696,P02,8.912000,0.180000,4.610000,standard
PCO0000687,TRF0000697,P03,11.122000,0.180000,0.490000,standard
PCO0000688,TRF0000698,P04,10.619000,0.180000,0.390000,standard
PCO0000689,TRF0000699,P04,11.845000,0.180000,0.770000,standard
PCO0000690,TRF0000700,P01,8.456000,0.180000,6.370000,standard
PCO0000691,TRF0000701,P03,12.136000,0.180000,2.500000,standard
PCO0000692,TRF0000702,P02,8.870000,0.180000,0.530000,standard
PCO0000693,TRF0000703,P02,9.000000,0.180000,18.020000,standard
PCO0000694,TRF0000704,P01,9.317000,0.180000,1.290000,standard
PCO0000695,TRF0000705,P03,11.836000,0.180000,6.020000,standard
PCO0000696,TRF0000706,P03,11.647000,0.180000,0.740000,standard
PCO0000697,TRF0000707,P04,9.965000,0.180000,9.110000,standard
PCO0000698,TRF0000708,P01,9.070000,0.180000,2.690000,standard
PCO0000699,TRF0000709,P06,8.010000,0.180000,0.770000,standard
PCO0000700,TRF0000710,P03,12.559000,0.180000,24.210000,standard
PCO0000701,TRF0000711,P01,7.543000,0.180000,2.860000,standard
PCO0000702,TRF0000712,P03,11.337000,0.180000,0.620000,standard
PCO0000703,TRF0000713,P03,10.978000,0.180000,3.020000,standard
PCO0000704,TRF0000714,P03,9.101000,0.180000,0.540000,standard
PCO0000705,TRF0000715,P02,9.280000,0.180000,0.770000,standard
PCO0000706,TRF0000716,P02,11.230000,0.180000,0.790000,standard
PCO0000707,TRF0000717,P05,6.379000,0.180000,0.380000,standard
PCO0000708,TRF0000718,P01,8.731000,0.180000,0.680000,standard
PCO0000709,TRF0000719,P02,10.210000,0.180000,5.000000,standard
PCO0000710,TRF0000720,P03,12.196000,0.180000,1.170000,standard
PCO0000711,TRF0000721,P02,9.009000,0.180000,0.410000,standard
PCO0000712,TRF0000722,P02,8.554000,0.180000,17.160000,standard
PCO0000713,TRF0000723,P05,7.728000,0.180000,1.090000,standard
PCO0000714,TRF0000724,P02,7.686000,0.180000,0.550000,standard
PCO0000715,TRF0000725,P04,10.573000,0.180000,7.720000,standard
PCO0000716,TRF0000726,P01,8.618000,0.180000,0.330000,standard
PCO0000717,TRF0000727,P02,20.893000,0.180000,1.590000,priority
PCO0000718,TRF0000728,P06,9.634000,0.180000,2.200000,standard
PCO0000719,TRF0000729,P03,10.367000,0.180000,1.040000,standard
PCO0000720,TRF0000730,P02,9.989000,0.180000,0.690000,standard
PCO0000721,TRF0000731,P03,12.616000,0.180000,0.930000,standard
PCO0000722,TRF0000732,P04,10.858000,0.180000,0.210000,standard
PCO0000723,TRF0000733,P04,10.773000,0.180000,3.580000,standard
PCO0000724,TRF0000734,P05,9.188000,0.180000,1.760000,standard
PCO0000725,TRF0000735,P06,9.907000,0.180000,1.480000,standard
PCO0000726,TRF0000736,P02,20.971000,0.180000,1.360000,priority
PCO0000727,TRF0000737,P05,7.894000,0.180000,0.980000,standard
PCO0000728,TRF0000738,P01,7.319000,0.180000,41.210000,standard
PCO0000729,TRF0000739,P05,9.318000,0.180000,2.430000,standard
PCO0000730,TRF0000740,P06,8.597000,0.180000,0.650000,standard
PCO0000731,TRF0000741,P01,8.788000,0.180000,0.430000,standard
PCO0000732,TRF0000742,P02,8.056000,0.180000,4.920000,standard
PCO0000733,TRF0000743,P05,7.394000,0.180000,11.440000,standard
PCO0000734,TRF0000744,P05,7.909000,0.180000,0.540000,standard
PCO0000735,TRF0000745,P01,10.095000,0.180000,5.270000,standard
PCO0000736,TRF0000746,P02,8.089000,0.180000,1.110000,standard
PCO0000737,TRF0000747,P02,8.441000,0.180000,28.250000,standard
PCO0000738,TRF0000748,P06,8.440000,0.180000,0.620000,standard
PCO0000739,TRF0000749,P03,11.013000,0.180000,1.460000,standard
PCO0000740,TRF0000750,P03,11.692000,0.180000,0.670000,standard
PCO0000741,TRF0000751,P05,6.277000,0.180000,9.410000,standard
PCO0000742,TRF0000752,P02,10.789000,0.180000,0.770000,standard
PCO0000743,TRF0000753,P06,8.753000,0.180000,17.770000,standard
PCO0000744,TRF0000754,P01,10.623000,0.180000,0.750000,standard
PCO0000745,TRF0000755,P01,7.032000,0.180000,9.310000,standard
PCO0000746,TRF0000756,P01,9.379000,0.180000,8.220000,standard
PCO0000747,TRF0000757,P04,12.910000,0.180000,1.000000,standard
PCO0000748,TRF0000758,P03,11.941000,0.180000,4.160000,standard
PCO0000749,TRF0000759,P06,11.548000,0.180000,0.890000,standard
PCO0000750,TRF0000760,P02,8.851000,0.180000,2.790000,standard
PCO0000751,TRF0000761,P06,8.563000,0.180000,0.960000,standard
PCO0000752,TRF0000762,P04,10.536000,0.180000,2.260000,standard
PCO0000753,TRF0000763,P01,6.421000,0.180000,37.110000,standard
PCO0000754,TRF0000764,P05,9.813000,0.180000,0.490000,standard
PCO0000755,TRF0000765,P01,7.712000,0.180000,3.600000,standard
PCO0000756,TRF0000766,P06,12.308000,0.180000,1.110000,standard
PCO0000757,TRF0000767,P02,8.805000,0.180000,11.180000,standard
PCO0000758,TRF0000768,P01,7.842000,0.180000,1.250000,standard
PCO0000759,TRF0000769,P02,9.535000,0.180000,0.510000,standard
PCO0000760,TRF0000770,P05,7.513000,0.180000,7.340000,standard
PCO0000761,TRF0000772,P06,9.203000,0.180000,0.900000,standard
PCO0000762,TRF0000773,P02,11.547000,0.180000,8.390000,standard
PCO0000763,TRF0000774,P06,11.422000,0.180000,4.060000,standard
PCO0000764,TRF0000775,P03,9.207000,0.180000,19.500000,standard
PCO0000765,TRF0000776,P02,8.591000,0.180000,0.280000,standard
PCO0000766,TRF0000777,P06,10.512000,0.180000,0.940000,standard
PCO0000767,TRF0000778,P01,5.981000,0.180000,1.420000,standard
PCO0000768,TRF0000779,P01,7.752000,0.180000,44.140000,standard
PCO0000769,TRF0000780,P04,12.414000,0.180000,1.330000,standard
PCO0000770,TRF0000781,P05,8.961000,0.180000,0.250000,standard
PCO0000771,TRF0000782,P05,6.356000,0.180000,1.750000,standard
PCO0000772,TRF0000783,P05,7.122000,0.180000,0.320000,standard
PCO0000773,TRF0000784,P02,9.576000,0.180000,0.810000,standard
PCO0000774,TRF0000785,P01,7.345000,0.180000,3.560000,standard
PCO0000775,TRF0000786,P03,11.515000,0.180000,0.430000,standard
PCO0000776,TRF0000787,P03,10.298000,0.180000,0.720000,standard
PCO0000777,TRF0000788,P02,8.686000,0.180000,0.430000,standard
PCO0000778,TRF0000789,P02,8.597000,0.180000,0.970000,standard
PCO0000779,TRF0000790,P05,6.666000,0.180000,0.550000,standard
PCO0000780,TRF0000791,P01,9.443000,0.180000,4.720000,standard
PCO0000781,TRF0000792,P02,8.335000,0.180000,2.880000,standard
PCO0000782,TRF0000793,P02,8.397000,0.180000,0.470000,standard
PCO0000783,TRF0000794,P02,8.243000,0.180000,0.600000,standard
PCO0000784,TRF0000795,P03,10.695000,0.180000,0.400000,standard
PCO0000785,TRF0000796,P03,12.242000,0.180000,0.460000,standard
PCO0000786,TRF0000797,P02,11.292000,0.180000,0.390000,standard
PCO0000787,TRF0000798,P02,8.694000,0.180000,1.730000,standard
PCO0000788,TRF0000799,P06,8.172000,0.180000,0.710000,standard
PCO0000789,TRF0000800,P03,9.836000,0.180000,5.710000,standard
PCO0000790,TRF0000801,P02,10.700000,0.180000,9.430000,standard
PCO0000791,TRF0000802,P06,8.408000,0.180000,1.050000,standard
PCO0000792,TRF0000803,P02,21.784000,0.180000,14.690000,priority
PCO0000793,TRF0000804,P04,11.369000,0.180000,0.580000,standard
PCO0000794,TRF0000805,P02,8.112000,0.180000,63.050000,standard
PCO0000795,TRF0000806,P04,11.080000,0.180000,0.810000,standard
PCO0000796,TRF0000807,P01,7.336000,0.180000,2.150000,standard
PCO0000797,TRF0000808,P01,9.107000,0.180000,0.610000,standard
PCO0000798,TRF0000809,P04,12.258000,0.180000,0.920000,standard
PCO0000799,TRF0000810,P04,12.145000,0.180000,1.060000,standard
PCO0000800,TRF0000811,P01,7.835000,0.180000,0.780000,standard
PCO0000801,TRF0000812,P04,12.064000,0.180000,0.820000,standard
PCO0000802,TRF0000813,P02,8.481000,0.180000,6.120000,standard
PCO0000803,TRF0000814,P05,6.596000,0.180000,0.540000,standard
PCO0000804,TRF0000815,P05,9.162000,0.180000,8.750000,standard
PCO0000805,TRF0000816,P05,7.528000,0.180000,0.660000,standard
PCO0000806,TRF0000817,P01,7.867000,0.180000,9.970000,standard
PCO0000807,TRF0000818,P03,12.225000,0.180000,1.510000,standard
PCO0000808,TRF0000819,P01,7.050000,0.180000,55.100000,standard
PCO0000809,TRF0000820,P06,9.800000,0.180000,3.940000,standard
PCO0000810,TRF0000821,P05,9.843000,0.180000,0.640000,standard
PCO0000811,TRF0000822,P04,9.376000,0.180000,31.590000,standard
PCO0000812,TRF0000823,P02,7.440000,0.180000,7.740000,standard
PCO0000813,TRF0000824,P03,11.081000,0.180000,0.920000,standard
PCO0000814,TRF0000825,P06,10.923000,0.180000,0.420000,standard
PCO0000815,TRF0000826,P01,8.963000,0.180000,1.560000,standard
PCO0000816,TRF0000827,P04,11.292000,0.180000,24.510000,standard
PCO0000817,TRF0000828,P05,7.645000,0.180000,0.980000,standard
PCO0000818,TRF0000829,P04,10.573000,0.180000,13.380000,standard
PCO0000819,TRF0000830,P02,9.432000,0.180000,2.580000,standard
PCO0000820,TRF0000831,P03,12.155000,0.180000,0.450000,standard
PCO0000821,TRF0000832,P02,9.820000,0.180000,6.950000,standard
PCO0000822,TRF0000833,P02,9.889000,0.180000,0.410000,standard
PCO0000823,TRF0000834,P01,7.096000,0.180000,0.490000,standard
PCO0000824,TRF0000835,P02,21.335000,0.180000,2.030000,priority
PCO0000825,TRF0000836,P02,21.161000,0.180000,0.820000,priority
PCO0000826,TRF0000837,P02,8.330000,0.180000,2.620000,standard
PCO0000827,TRF0000838,P03,10.728000,0.180000,8.110000,standard
PCO0000828,TRF0000839,P05,7.717000,0.180000,0.510000,standard
PCO0000829,TRF0000840,P02,9.709000,0.180000,1.050000,standard
PCO0000830,TRF0000841,P06,8.480000,0.180000,2.030000,standard
PCO0000831,TRF0000842,P05,6.594000,0.180000,21.020000,standard
PCO0000832,TRF0000843,P03,10.057000,0.180000,0.600000,standard
PCO0000833,TRF0000844,P04,10.816000,0.180000,11.240000,standard
PCO0000834,TRF0000845,P03,11.225000,0.180000,2.940000,standard
PCO0000835,TRF0000846,P02,9.133000,0.180000,3.330000,standard
PCO0000836,TRF0000847,P03,9.469000,0.180000,8.570000,standard
PCO0000837,TRF0000848,P02,10.291000,0.180000,1.280000,standard
PCO0000838,TRF0000849,P04,10.735000,0.180000,0.440000,standard
PCO0000839,TRF0000850,P05,6.242000,0.180000,2.690000,standard
PCO0000840,TRF0000851,P04,11.964000,0.180000,0.840000,standard
PCO0000841,TRF0000852,P01,10.233000,0.180000,5.440000,standard
PCO0000842,TRF0000853,P02,7.372000,0.180000,2.210000,standard
PCO0000843,TRF0000854,P04,11.078000,0.180000,10.660000,standard
PCO0000844,TRF0000855,P02,9.473000,0.180000,4.880000,standard
PCO0000845,TRF0000856,P01,7.633000,0.180000,4.460000,standard
PCO0000846,TRF0000857,P04,11.907000,0.180000,98.600000,standard
PCO0000847,TRF0000858,P04,9.811000,0.180000,1.100000,standard
PCO0000848,TRF0000859,P05,7.541000,0.180000,1.080000,standard
PCO0000849,TRF0000860,P02,8.138000,0.180000,4.860000,standard
PCO0000850,TRF0000861,P02,11.146000,0.180000,1.400000,standard
PCO0000851,TRF0000862,P02,8.950000,0.180000,22.570000,standard
PCO0000852,TRF0000863,P03,10.059000,0.180000,24.470000,standard
PCO0000853,TRF0000864,P05,7.797000,0.180000,1.120000,standard
PCO0000854,TRF0000865,P04,11.512000,0.180000,7.340000,standard
PCO0000855,TRF0000866,P02,20.783000,0.180000,90.830000,priority
PCO0000856,TRF0000867,P02,11.256000,0.180000,3.620000,standard
PCO0000857,TRF0000868,P05,7.483000,0.180000,0.530000,standard
PCO0000858,TRF0000869,P06,8.932000,0.180000,8.960000,standard
PCO0000859,TRF0000870,P01,8.036000,0.180000,19.540000,standard
PCO0000860,TRF0000871,P02,8.272000,0.180000,0.300000,standard
PCO0000861,TRF0000872,P01,7.986000,0.180000,4.040000,standard
PCO0000862,TRF0000873,P01,7.378000,0.180000,0.780000,standard
PCO0000863,TRF0000874,P04,12.592000,0.180000,26.380000,standard
PCO0000864,TRF0000876,P02,20.456000,0.180000,3.890000,priority
PCO0000865,TRF0000877,P02,8.470000,0.180000,1.310000,standard
PCO0000866,TRF0000878,P03,10.005000,0.180000,2.180000,standard
PCO0000867,TRF0000879,P02,11.079000,0.180000,0.340000,standard
PCO0000868,TRF0000880,P01,8.828000,0.180000,6.880000,standard
PCO0000869,TRF0000881,P02,20.836000,0.180000,6.800000,priority
PCO0000870,TRF0000882,P02,7.560000,0.180000,1.860000,standard
PCO0000871,TRF0000883,P05,7.602000,0.180000,0.670000,standard
PCO0000872,TRF0000884,P04,11.217000,0.180000,1.060000,standard
PCO0000873,TRF0000885,P04,12.889000,0.180000,0.830000,standard
PCO0000874,TRF0000886,P05,8.659000,0.180000,0.420000,standard
PCO0000875,TRF0000887,P04,10.582000,0.180000,10.430000,standard
PCO0000876,TRF0000888,P03,8.977000,0.180000,1.980000,standard
PCO0000877,TRF0000889,P02,8.963000,0.180000,3.650000,standard
PCO0000878,TRF0000890,P04,12.253000,0.180000,0.790000,standard
PCO0000879,TRF0000891,P05,7.417000,0.180000,10.940000,standard
PCO0000880,TRF0000892,P06,8.872000,0.180000,0.440000,standard
PCO0000881,TRF0000893,P01,9.623000,0.180000,0.840000,standard
PCO0000882,TRF0000894,P02,9.605000,0.180000,0.530000,standard
PCO0000883,TRF0000895,P02,11.265000,0.180000,0.440000,standard
PCO0000884,TRF0000896,P03,11.575000,0.180000,35.350000,standard
PCO0000885,TRF0000897,P06,10.831000,0.180000,2.320000,standard
PCO0000886,TRF0000898,P02,9.002000,0.180000,18.210000,standard
PCO0000887,TRF0000899,P06,11.139000,0.180000,1.760000,standard
PCO0000888,TRF0000900,P01,8.524000,0.180000,2.390000,standard
PCO0000889,TRF0000901,P03,10.172000,0.180000,1.040000,standard
PCO0000890,TRF0000902,P04,10.867000,0.180000,0.730000,standard
PCO0000891,TRF0000903,P05,9.470000,0.180000,0.430000,standard
PCO0000892,TRF0000904,P01,10.664000,0.180000,0.570000,standard
PCO0000893,TRF0000905,P02,8.929000,0.180000,0.840000,standard
PCO0000894,TRF0000906,P05,7.801000,0.180000,0.900000,standard
PCO0000895,TRF0000907,P01,7.799000,0.180000,0.740000,standard
PCO0000896,TRF0000908,P06,10.234000,0.180000,0.380000,standard
PCO0000897,TRF0000909,P02,8.967000,0.180000,9.950000,standard
PCO0000898,TRF0000910,P04,12.559000,0.180000,11.810000,standard
PCO0000899,TRF0000911,P06,12.057000,0.180000,0.610000,standard
PCO0000900,TRF0000912,P05,6.830000,0.180000,0.570000,standard
PCO0000901,TRF0000913,P05,7.873000,0.180000,1.250000,standard
PCO0000902,TRF0000914,P05,8.492000,0.180000,9.360000,standard
PCO0000903,TRF0000915,P03,9.777000,0.180000,6.070000,standard
PCO0000904,TRF0000916,P06,11.405000,0.180000,4.470000,standard
PCO0000905,TRF0000917,P03,12.319000,0.180000,22.670000,standard
PCO0000906,TRF0000918,P01,7.965000,0.180000,0.470000,standard
PCO0000907,TRF0000919,P04,10.686000,0.180000,12.850000,standard
PCO0000908,TRF0000920,P02,11.407000,0.180000,6.160000,standard
PCO0000909,TRF0000921,P04,12.946000,0.180000,2.100000,standard
PCO0000910,TRF0000922,P03,11.241000,0.180000,0.440000,standard
PCO0000911,TRF0000923,P02,10.879000,0.180000,1.210000,standard
PCO0000912,TRF0000924,P05,7.059000,0.180000,11.370000,standard
PCO0000913,TRF0000925,P01,7.089000,0.180000,7.300000,standard
PCO0000914,TRF0000926,P03,11.180000,0.180000,0.480000,standard
PCO0000915,TRF0000927,P03,10.250000,0.180000,1.300000,standard
PCO0000916,TRF0000928,P02,10.034000,0.180000,0.840000,standard
PCO0000917,TRF0000929,P04,10.277000,0.180000,0.540000,standard
PCO0000918,TRF0000930,P06,9.065000,0.180000,1.290000,standard
PCO0000919,TRF0000931,P01,9.717000,0.180000,0.860000,standard
PCO0000920,TRF0000932,P02,10.236000,0.180000,1.530000,standard
PCO0000921,TRF0000933,P03,12.562000,0.180000,0.760000,standard
PCO0000922,TRF0000934,P06,8.203000,0.180000,1.140000,standard
PCO0000923,TRF0000935,P03,9.561000,0.180000,2.570000,standard
PCO0000924,TRF0000936,P03,9.254000,0.180000,0.700000,standard
PCO0000925,TRF0000937,P02,9.612000,0.180000,5.400000,standard
PCO0000926,TRF0000938,P04,10.646000,0.180000,0.620000,standard
PCO0000927,TRF0000939,P03,8.915000,0.180000,3.400000,standard
PCO0000928,TRF0000940,P06,11.707000,0.180000,29.340000,standard
PCO0000929,TRF0000941,P05,7.758000,0.180000,0.540000,standard
PCO0000930,TRF0000942,P04,12.900000,0.180000,51.930000,standard
PCO0000931,TRF0000943,P02,8.942000,0.180000,0.390000,standard
PCO0000932,TRF0000944,P05,7.322000,0.180000,0.450000,standard
PCO0000933,TRF0000945,P06,10.281000,0.180000,0.550000,standard
PCO0000934,TRF0000946,P02,8.866000,0.180000,0.400000,standard
PCO0000935,TRF0000947,P01,7.537000,0.180000,0.900000,standard
PCO0000936,TRF0000948,P04,10.618000,0.180000,0.810000,standard
PCO0000937,TRF0000949,P05,7.931000,0.180000,8.750000,standard
PCO0000938,TRF0000950,P02,8.068000,0.180000,1.770000,standard
PCO0000939,TRF0000951,P06,8.955000,0.180000,1.540000,standard
PCO0000940,TRF0000952,P03,9.310000,0.180000,1.460000,standard
PCO0000941,TRF0000953,P01,7.544000,0.180000,2.800000,standard
PCO0000942,TRF0000954,P05,7.577000,0.180000,1.350000,standard
PCO0000943,TRF0000955,P03,11.773000,0.180000,74.700000,standard
PCO0000944,TRF0000956,P04,10.792000,0.180000,0.390000,standard
PCO0000945,TRF0000957,P03,10.085000,0.180000,10.250000,standard
PCO0000946,TRF0000958,P03,10.049000,0.180000,0.610000,standard
PCO0000947,TRF0000959,P02,8.255000,0.180000,1.340000,standard
PCO0000948,TRF0000960,P05,6.104000,0.180000,0.850000,standard
PCO0000949,TRF0000961,P03,9.677000,0.180000,39.880000,standard
PCO0000950,TRF0000962,P06,10.253000,0.180000,1.100000,standard
PCO0000951,TRF0000963,P01,9.394000,0.180000,19.680000,standard
PCO0000952,TRF0000964,P03,10.379000,0.180000,0.890000,standard
PCO0000953,TRF0000965,P06,9.988000,0.180000,4.100000,standard
PCO0000954,TRF0000966,P03,11.171000,0.180000,4.020000,standard
PCO0000955,TRF0000967,P06,9.826000,0.180000,2.050000,standard
PCO0000956,TRF0000968,P04,11.276000,0.180000,0.400000,standard
PCO0000957,TRF0000969,P02,9.940000,0.180000,1.830000,standard
PCO0000958,TRF0000970,P05,6.659000,0.180000,9.970000,standard
PCO0000959,TRF0000971,P03,10.045000,0.180000,0.550000,standard
PCO0000960,TRF0000972,P05,6.672000,0.180000,8.900000,standard
PCO0000961,TRF0000973,P02,9.152000,0.180000,3.650000,standard
PCO0000962,TRF0000975,P04,10.707000,0.180000,0.860000,standard
PCO0000963,TRF0000976,P01,8.118000,0.180000,0.780000,standard
PCO0000964,TRF0000977,P05,6.618000,0.180000,0.410000,standard
PCO0000965,TRF0000978,P03,10.982000,0.180000,34.250000,standard
PCO0000966,TRF0000979,P01,7.829000,0.180000,1.940000,standard
PCO0000967,TRF0000980,P02,10.473000,0.180000,0.420000,standard
PCO0000968,TRF0000981,P02,7.871000,0.180000,1.320000,standard
PCO0000969,TRF0000982,P04,10.070000,0.180000,1.070000,standard
PCO0000970,TRF0000983,P05,6.398000,0.180000,0.320000,standard
PCO0000971,TRF0000984,P01,7.636000,0.180000,0.340000,standard
PCO0000972,TRF0000985,P04,10.991000,0.180000,0.720000,standard
PCO0000973,TRF0000986,P04,9.681000,0.180000,0.320000,standard
PCO0000974,TRF0000987,P04,9.973000,0.180000,2.000000,standard
PCO0000975,TRF0000988,P06,11.484000,0.180000,18.090000,standard
PCO0000976,TRF0000989,P03,8.588000,0.180000,0.590000,standard
PCO0000977,TRF0000990,P05,6.558000,0.180000,1.810000,standard
PCO0000978,TRF0000991,P05,6.804000,0.180000,5.090000,standard
PCO0000979,TRF0000992,P04,12.621000,0.180000,1.570000,standard
PCO0000980,TRF0000993,P05,8.380000,0.180000,1.200000,standard
PCO0000981,TRF0000995,P04,12.200000,0.180000,0.820000,standard
PCO0000982,TRF0000996,P04,12.582000,0.180000,1.460000,standard
PCO0000983,TRF0000997,P05,8.418000,0.180000,1.060000,standard
PCO0000984,TRF0000998,P06,9.002000,0.180000,1.060000,standard
PCO0000985,TRF0000999,P05,7.890000,0.180000,1.110000,standard
PCO0000986,TRF0001000,P01,9.074000,0.180000,11.800000,standard
PCO0000987,TRF0001001,P04,10.004000,0.180000,8.520000,standard
PCO0000988,TRF0001002,P03,10.051000,0.180000,4.930000,standard
PCO0000989,TRF0001003,P01,7.198000,0.180000,0.820000,standard
PCO0000990,TRF0001004,P04,10.793000,0.180000,16.140000,standard
PCO0000991,TRF0001005,P01,7.451000,0.180000,0.820000,standard
PCO0000992,TRF0001006,P05,6.644000,0.180000,0.720000,standard
PCO0000993,TRF0001007,P05,8.689000,0.180000,9.420000,standard
PCO0000994,TRF0001008,P04,12.754000,0.180000,25.460000,standard
PCO0000995,TRF0001009,P04,13.135000,0.180000,0.710000,standard
PCO0000996,TRF0001010,P04,12.353000,0.180000,16.340000,standard
PCO0000997,TRF0001011,P01,7.149000,0.180000,0.490000,standard
PCO0000998,TRF0001012,P02,8.403000,0.180000,3.510000,standard
PCO0000999,TRF0001013,P04,12.016000,0.180000,0.570000,standard
PCO0001000,TRF0001014,P05,10.253000,0.180000,1.350000,standard
PCO0001001,TRF0001015,P05,6.930000,0.180000,0.880000,standard
PCO0001002,TRF0001016,P05,9.438000,0.180000,0.300000,standard
PCO0001003,TRF0001017,P01,7.905000,0.180000,0.620000,standard
PCO0001004,TRF0001018,P06,9.552000,0.180000,1.530000,standard
PCO0001005,TRF0001019,P03,9.973000,0.180000,0.350000,standard
PCO0001006,TRF0001020,P06,8.824000,0.180000,1.820000,standard
PCO0001007,TRF0001021,P04,12.761000,0.180000,2.170000,standard
PCO0001008,TRF0001022,P01,10.524000,0.180000,3.370000,standard
PCO0001009,TRF0001023,P05,7.945000,0.180000,3.900000,standard
PCO0001010,TRF0001024,P02,10.264000,0.180000,0.370000,standard
PCO0001011,TRF0001025,P03,11.527000,0.180000,0.680000,standard
PCO0001012,TRF0001026,P03,11.338000,0.180000,13.710000,standard
PCO0001013,TRF0001027,P01,8.834000,0.180000,4.540000,standard
PCO0001014,TRF0001028,P04,10.263000,0.180000,1.690000,standard
PCO0001015,TRF0001029,P03,11.913000,0.180000,2.470000,standard
PCO0001016,TRF0001030,P03,9.272000,0.180000,13.990000,standard
PCO0001017,TRF0001031,P05,8.901000,0.180000,1.070000,standard
PCO0001018,TRF0001032,P02,7.812000,0.180000,6.040000,standard
PCO0001019,TRF0001033,P06,9.138000,0.180000,15.780000,standard
PCO0001020,TRF0001034,P01,8.507000,0.180000,5.670000,standard
PCO0001021,TRF0001035,P01,10.394000,0.180000,0.630000,standard
PCO0001022,TRF0001036,P05,8.497000,0.180000,7.870000,standard
PCO0001023,TRF0001037,P02,8.741000,0.180000,0.950000,standard
PCO0001024,TRF0001038,P03,10.799000,0.180000,2.510000,standard
PCO0001025,TRF0001039,P02,9.463000,0.180000,0.670000,standard
PCO0001026,TRF0001040,P04,11.608000,0.180000,3.880000,standard
PCO0001027,TRF0001041,P02,10.264000,0.180000,0.670000,standard
PCO0001028,TRF0001042,P04,11.098000,0.180000,1.080000,standard
PCO0001029,TRF0001043,P03,10.127000,0.180000,0.510000,standard
PCO0001030,TRF0001044,P04,10.586000,0.180000,1.270000,standard
PCO0001031,TRF0001045,P06,9.510000,0.180000,0.970000,standard
PCO0001032,TRF0001046,P06,11.681000,0.180000,0.920000,standard
PCO0001033,TRF0001047,P01,7.734000,0.180000,7.590000,standard
PCO0001034,TRF0001048,P06,10.621000,0.180000,1.470000,standard
PCO0001035,TRF0001049,P04,11.172000,0.180000,0.910000,standard
PCO0001036,TRF0001050,P05,6.902000,0.180000,1.820000,standard
PCO0001037,TRF0001051,P02,10.411000,0.180000,3.370000,standard
PCO0001038,TRF0001052,P01,7.009000,0.180000,2.880000,standard
PCO0001039,TRF0001053,P01,7.347000,0.180000,0.820000,standard
PCO0001040,TRF0001054,P06,10.793000,0.180000,1.150000,standard
PCO0001041,TRF0001055,P06,10.474000,0.180000,0.660000,standard
PCO0001042,TRF0001056,P01,7.442000,0.180000,4.670000,standard
PCO0001043,TRF0001057,P05,6.975000,0.180000,0.250000,standard
PCO0001044,TRF0001058,P02,21.396000,0.180000,0.810000,priority
PCO0001045,TRF0001059,P05,7.089000,0.180000,4.490000,standard
PCO0001046,TRF0001060,P02,10.120000,0.180000,3.020000,standard
PCO0001047,TRF0001061,P01,8.960000,0.180000,0.690000,standard
PCO0001048,TRF0001062,P02,8.872000,0.180000,0.430000,standard
PCO0001049,TRF0001063,P06,8.574000,0.180000,3.760000,standard
PCO0001050,TRF0001065,P03,9.837000,0.180000,6.170000,standard
PCO0001051,TRF0001066,P05,8.056000,0.180000,0.540000,standard
PCO0001052,TRF0001067,P04,10.187000,0.180000,1.670000,standard
PCO0001053,TRF0001068,P02,7.715000,0.180000,0.440000,standard
PCO0001054,TRF0001069,P02,8.036000,0.180000,0.590000,standard
PCO0001055,TRF0001070,P04,13.355000,0.180000,1.030000,standard
PCO0001056,TRF0001071,P06,11.112000,0.180000,5.400000,standard
PCO0001057,TRF0001072,P06,9.803000,0.180000,0.800000,standard
PCO0001058,TRF0001073,P05,8.988000,0.180000,0.440000,standard
PCO0001059,TRF0001074,P03,10.760000,0.180000,0.730000,standard
PCO0001060,TRF0001075,P01,6.803000,0.180000,0.480000,standard
PCO0001061,TRF0001076,P05,6.952000,0.180000,30.910000,standard
PCO0001062,TRF0001077,P03,12.783000,0.180000,7.100000,standard
PCO0001063,TRF0001078,P04,13.045000,0.180000,1.580000,standard
PCO0001064,TRF0001079,P05,6.344000,0.180000,5.220000,standard
PCO0001065,TRF0001080,P05,7.993000,0.180000,30.720000,standard
PCO0001066,TRF0001081,P03,11.564000,0.180000,1.840000,standard
PCO0001067,TRF0001082,P04,11.902000,0.180000,0.640000,standard
PCO0001068,TRF0001083,P04,10.870000,0.180000,1.030000,standard
PCO0001069,TRF0001084,P06,8.665000,0.180000,0.830000,standard
PCO0001070,TRF0001085,P05,7.502000,0.180000,0.320000,standard
PCO0001071,TRF0001086,P04,13.339000,0.180000,1.250000,standard
PCO0001072,TRF0001087,P02,9.939000,0.180000,2.710000,standard
PCO0001073,TRF0001088,P01,8.391000,0.180000,6.300000,standard
PCO0001074,TRF0001089,P02,9.173000,0.180000,0.880000,standard
PCO0001075,TRF0001090,P02,8.495000,0.180000,2.200000,standard
PCO0001076,TRF0001091,P02,10.914000,0.180000,0.780000,standard
PCO0001077,TRF0001092,P01,8.652000,0.180000,0.650000,standard
PCO0001078,TRF0001093,P05,8.725000,0.180000,1.380000,standard
PCO0001079,TRF0001094,P01,7.143000,0.180000,0.880000,standard
PCO0001080,TRF0001095,P01,9.097000,0.180000,2.260000,standard
PCO0001081,TRF0001096,P02,8.751000,0.180000,0.540000,standard
PCO0001082,TRF0001097,P03,9.708000,0.180000,1.020000,standard
PCO0001083,TRF0001098,P02,10.429000,0.180000,2.410000,standard
PCO0001084,TRF0001099,P02,10.730000,0.180000,5.970000,standard
PCO0001085,TRF0001100,P05,7.115000,0.180000,1.600000,standard
PCO0001086,TRF0001101,P05,7.107000,0.180000,0.850000,standard
PCO0001087,TRF0001102,P01,9.718000,0.180000,18.260000,standard
PCO0001088,TRF0001103,P05,8.524000,0.180000,0.640000,standard
PCO0001089,TRF0001104,P05,8.868000,0.180000,2.530000,standard
PCO0001090,TRF0001105,P04,10.723000,0.180000,1.980000,standard
PCO0001091,TRF0001106,P04,12.472000,0.180000,0.840000,standard
PCO0001092,TRF0001107,P02,9.180000,0.180000,9.530000,standard
PCO0001093,TRF0001108,P02,9.111000,0.180000,81.530000,standard
PCO0001094,TRF0001109,P06,9.083000,0.180000,1.480000,standard
PCO0001095,TRF0001110,P01,6.534000,0.180000,1.530000,standard
PCO0001096,TRF0001111,P02,8.334000,0.180000,0.780000,standard
PCO0001097,TRF0001112,P01,9.366000,0.180000,0.860000,standard
PCO0001098,TRF0001114,P02,8.050000,0.180000,0.310000,standard
PCO0001099,TRF0001115,P04,10.829000,0.180000,1.140000,standard
PCO0001100,TRF0001116,P06,10.653000,0.180000,6.520000,standard
PCO0001101,TRF0001117,P05,6.808000,0.180000,0.270000,standard
PCO0001102,TRF0001118,P04,12.450000,0.180000,3.890000,standard
PCO0001103,TRF0001119,P05,7.280000,0.180000,0.510000,standard
PCO0001104,TRF0001120,P03,11.430000,0.180000,0.810000,standard
PCO0001105,TRF0001121,P01,7.745000,0.180000,20.490000,standard
PCO0001106,TRF0001122,P03,8.831000,0.180000,1.830000,standard
PCO0001107,TRF0001123,P03,10.175000,0.180000,0.350000,standard
PCO0001108,TRF0001124,P05,8.111000,0.180000,0.730000,standard
PCO0001109,TRF0001125,P04,12.967000,0.180000,51.990000,standard
PCO0001110,TRF0001126,P04,12.464000,0.180000,0.690000,standard
PCO0001111,TRF0001127,P02,8.491000,0.180000,1.090000,standard
PCO0001112,TRF0001128,P03,9.309000,0.180000,5.780000,standard
PCO0001113,TRF0001129,P02,8.805000,0.180000,0.240000,standard
PCO0001114,TRF0001130,P04,10.191000,0.180000,0.520000,standard
PCO0001115,TRF0001131,P01,10.409000,0.180000,15.960000,standard
PCO0001116,TRF0001132,P03,8.848000,0.180000,7.660000,standard
PCO0001117,TRF0001133,P03,10.067000,0.180000,3.340000,standard
PCO0001118,TRF0001134,P03,9.733000,0.180000,1.130000,standard
PCO0001119,TRF0001135,P04,11.666000,0.180000,2.990000,standard
PCO0001120,TRF0001136,P04,13.491000,0.180000,0.910000,standard
PCO0001121,TRF0001137,P01,8.652000,0.180000,0.550000,standard
PCO0001122,TRF0001138,P05,9.501000,0.180000,10.290000,standard
PCO0001123,TRF0001139,P05,8.851000,0.180000,6.470000,standard
PCO0001124,TRF0001140,P02,9.108000,0.180000,0.880000,standard
PCO0001125,TRF0001141,P05,9.051000,0.180000,1.640000,standard
PCO0001126,TRF0001142,P06,10.033000,0.180000,0.700000,standard
PCO0001127,TRF0001143,P05,7.483000,0.180000,3.220000,standard
PCO0001128,TRF0001144,P06,10.034000,0.180000,3.420000,standard
PCO0001129,TRF0001145,P04,10.330000,0.180000,1.270000,standard
PCO0001130,TRF0001146,P04,12.383000,0.180000,0.930000,standard
PCO0001131,TRF0001147,P06,11.118000,0.180000,1.060000,standard
PCO0001132,TRF0001148,P06,11.012000,0.180000,2.120000,standard
PCO0001133,TRF0001149,P01,6.157000,0.180000,1.190000,standard
PCO0001134,TRF0001150,P05,8.238000,0.180000,2.200000,standard
PCO0001135,TRF0001151,P04,13.264000,0.180000,2.350000,standard
PCO0001136,TRF0001152,P06,10.236000,0.180000,4.460000,standard
PCO0001137,TRF0001153,P04,11.656000,0.180000,112.770000,standard
PCO0001138,TRF0001154,P04,12.324000,0.180000,52.590000,standard
PCO0001139,TRF0001155,P06,8.586000,0.180000,15.530000,standard
PCO0001140,TRF0001156,P03,11.119000,0.180000,1.460000,standard
PCO0001141,TRF0001157,P04,11.090000,0.180000,1.860000,standard
PCO0001142,TRF0001158,P01,7.695000,0.180000,14.520000,standard
PCO0001143,TRF0001159,P04,10.633000,0.180000,2.220000,standard
PCO0001144,TRF0001160,P01,8.148000,0.180000,0.600000,standard
PCO0001145,TRF0001161,P04,13.217000,0.180000,1.890000,standard
PCO0001146,TRF0001162,P02,20.722000,0.180000,30.640000,priority
PCO0001147,TRF0001163,P02,9.096000,0.180000,17.310000,standard
PCO0001148,TRF0001164,P01,7.320000,0.180000,1.100000,standard
PCO0001149,TRF0001165,P06,10.321000,0.180000,1.290000,standard
PCO0001150,TRF0001166,P04,11.631000,0.180000,0.510000,standard
PCO0001151,TRF0001167,P02,9.495000,0.180000,1.030000,standard
PCO0001152,TRF0001168,P04,12.252000,0.180000,4.560000,standard
PCO0001153,TRF0001169,P02,8.110000,0.180000,0.590000,standard
PCO0001154,TRF0001170,P04,9.773000,0.180000,1.640000,standard
PCO0001155,TRF0001171,P03,9.142000,0.180000,1.130000,standard
PCO0001156,TRF0001172,P04,10.603000,0.180000,6.340000,standard
PCO0001157,TRF0001173,P01,8.816000,0.180000,0.810000,standard
PCO0001158,TRF0001174,P01,8.493000,0.180000,0.380000,standard
PCO0001159,TRF0001175,P02,20.737000,0.180000,0.690000,priority
PCO0001160,TRF0001176,P02,7.775000,0.180000,0.750000,standard
PCO0001161,TRF0001177,P03,10.451000,0.180000,0.570000,standard
PCO0001162,TRF0001178,P05,6.805000,0.180000,0.320000,standard
PCO0001163,TRF0001179,P05,8.017000,0.180000,0.350000,standard
PCO0001164,TRF0001180,P02,8.516000,0.180000,1.190000,standard
PCO0001165,TRF0001181,P04,10.509000,0.180000,2.810000,standard
PCO0001166,TRF0001182,P01,7.391000,0.180000,0.250000,standard
PCO0001167,TRF0001183,P04,12.388000,0.180000,0.380000,standard
PCO0001168,TRF0001184,P01,8.118000,0.180000,0.250000,standard
PCO0001169,TRF0001185,P06,10.233000,0.180000,12.330000,standard
PCO0001170,TRF0001186,P05,6.525000,0.180000,18.780000,standard
PCO0001171,TRF0001187,P02,8.228000,0.180000,0.750000,standard
PCO0001172,TRF0001188,P06,9.486000,0.180000,11.880000,standard
PCO0001173,TRF0001189,P03,9.786000,0.180000,1.400000,standard
PCO0001174,TRF0001191,P01,7.995000,0.180000,2.210000,standard
PCO0001175,TRF0001192,P01,8.616000,0.180000,0.540000,standard
PCO0001176,TRF0001193,P05,8.190000,0.180000,0.350000,standard
PCO0001177,TRF0001194,P02,8.830000,0.180000,18.070000,standard
PCO0001178,TRF0001195,P01,8.242000,0.180000,0.480000,standard
PCO0001179,TRF0001196,P01,10.178000,0.180000,0.590000,standard
PCO0001180,TRF0001197,P04,11.631000,0.180000,1.800000,standard
PCO0001181,TRF0001198,P05,8.035000,0.180000,0.550000,standard
PCO0001182,TRF0001199,P02,10.233000,0.180000,0.660000,standard
PCO0001183,TRF0001200,P04,13.124000,0.180000,20.200000,standard
PCO0001184,TRF0001201,P03,9.958000,0.180000,1.750000,standard
PCO0001185,TRF0001202,P03,11.293000,0.180000,1.130000,standard
PCO0001186,TRF0001203,P01,8.471000,0.180000,0.510000,standard
PCO0001187,TRF0001204,P03,10.449000,0.180000,0.920000,standard
PCO0001188,TRF0001205,P03,10.534000,0.180000,0.490000,standard
PCO0001189,TRF0001206,P05,7.726000,0.180000,12.430000,standard
PCO0001190,TRF0001207,P03,11.819000,0.180000,0.990000,standard
PCO0001191,TRF0001208,P02,8.786000,0.180000,4.140000,standard
PCO0001192,TRF0001209,P04,10.481000,0.180000,1.500000,standard
PCO0001193,TRF0001210,P02,10.251000,0.180000,0.550000,standard
PCO0001194,TRF0001211,P02,9.636000,0.180000,0.320000,standard
PCO0001195,TRF0001212,P04,11.099000,0.180000,64.900000,standard
PCO0001196,TRF0001213,P01,7.921000,0.180000,1.380000,standard
PCO0001197,TRF0001214,P05,8.371000,0.180000,2.560000,standard
PCO0001198,TRF0001215,P01,10.487000,0.180000,0.610000,standard
PCO0001199,TRF0001217,P03,11.142000,0.180000,5.940000,standard
PCO0001200,TRF0001218,P05,8.513000,0.180000,3.110000,standard
PCO0001201,TRF0001219,P04,10.397000,0.180000,0.460000,standard
PCO0001202,TRF0001220,P05,6.694000,0.180000,0.930000,standard
PCO0001203,TRF0001221,P02,21.213000,0.180000,4.740000,priority
PCO0001204,TRF0001222,P04,10.391000,0.180000,1.750000,standard
PCO0001205,TRF0001223,P06,10.293000,0.180000,2.020000,standard
PCO0001206,TRF0001224,P02,9.328000,0.180000,4.220000,standard
PCO0001207,TRF0001225,P02,8.450000,0.180000,0.890000,standard
PCO0001208,TRF0001226,P03,10.038000,0.180000,29.170000,standard
PCO0001209,TRF0001227,P02,9.584000,0.180000,0.440000,standard
PCO0001210,TRF0001228,P03,10.226000,0.180000,0.800000,standard
PCO0001211,TRF0001229,P02,8.266000,0.180000,6.220000,standard
PCO0001212,TRF0001230,P03,10.267000,0.180000,0.830000,standard
PCO0001213,TRF0001231,P02,8.122000,0.180000,0.540000,standard
PCO0001214,TRF0001232,P06,8.820000,0.180000,0.720000,standard
PCO0001215,TRF0001233,P05,8.199000,0.180000,0.410000,standard
PCO0001216,TRF0001234,P05,10.412000,0.180000,2.800000,standard
PCO0001217,TRF0001235,P02,8.568000,0.180000,0.870000,standard
PCO0001218,TRF0001236,P02,10.095000,0.180000,1.070000,standard
PCO0001219,TRF0001237,P01,6.656000,0.180000,4.400000,standard
PCO0001220,TRF0001238,P02,10.985000,0.180000,0.970000,standard
PCO0001221,TRF0001239,P06,9.497000,0.180000,4.670000,standard
PCO0001222,TRF0001240,P03,9.785000,0.180000,28.520000,standard
PCO0001223,TRF0001241,P02,8.303000,0.180000,29.160000,standard
PCO0001224,TRF0001242,P06,9.790000,0.180000,0.760000,standard
PCO0001225,TRF0001243,P05,6.079000,0.180000,0.580000,standard
PCO0001226,TRF0001244,P04,9.337000,0.180000,0.570000,standard
PCO0001227,TRF0001245,P01,6.989000,0.180000,0.700000,standard
PCO0001228,TRF0001246,P05,6.975000,0.180000,0.560000,standard
PCO0001229,TRF0001247,P01,9.221000,0.180000,1.950000,standard
PCO0001230,TRF0001248,P01,10.254000,0.180000,4.930000,standard
PCO0001231,TRF0001249,P01,7.409000,0.180000,0.530000,standard
PCO0001232,TRF0001250,P02,8.625000,0.180000,1.530000,standard
PCO0001233,TRF0001251,P02,7.917000,0.180000,0.340000,standard
PCO0001234,TRF0001252,P02,8.911000,0.180000,0.340000,standard
PCO0001235,TRF0001253,P03,8.856000,0.180000,1.640000,standard
PCO0001236,TRF0001254,P06,9.560000,0.180000,5.460000,standard
PCO0001237,TRF0001255,P03,9.958000,0.180000,0.990000,standard
PCO0001238,TRF0001256,P03,10.967000,0.180000,0.550000,standard
PCO0001239,TRF0001258,P03,10.514000,0.180000,1.430000,standard
PCO0001240,TRF0001259,P05,8.556000,0.180000,0.560000,standard
PCO0001241,TRF0001260,P04,9.753000,0.180000,0.710000,standard
PCO0001242,TRF0001261,P06,11.543000,0.180000,1.440000,standard
PCO0001243,TRF0001262,P05,9.556000,0.180000,0.810000,standard
PCO0001244,TRF0001263,P04,12.889000,0.180000,23.940000,standard
PCO0001245,TRF0001264,P06,10.749000,0.180000,0.540000,standard
PCO0001246,TRF0001265,P01,7.969000,0.180000,0.400000,standard
PCO0001247,TRF0001266,P01,9.324000,0.180000,0.420000,standard
PCO0001248,TRF0001267,P05,9.190000,0.180000,0.710000,standard
PCO0001249,TRF0001268,P04,12.503000,0.180000,2.000000,standard
PCO0001250,TRF0001269,P04,11.588000,0.180000,2.320000,standard
PCO0001251,TRF0001270,P02,9.605000,0.180000,0.410000,standard
PCO0001252,TRF0001271,P05,7.736000,0.180000,3.640000,standard
PCO0001253,TRF0001272,P04,12.587000,0.180000,29.880000,standard
PCO0001254,TRF0001273,P06,10.211000,0.180000,0.930000,standard
PCO0001255,TRF0001274,P01,7.592000,0.180000,0.330000,standard
PCO0001256,TRF0001275,P04,12.480000,0.180000,0.370000,standard
PCO0001257,TRF0001276,P04,10.456000,0.180000,3.630000,standard
PCO0001258,TRF0001277,P02,10.929000,0.180000,0.950000,standard
PCO0001259,TRF0001278,P02,21.510000,0.180000,0.730000,priority
PCO0001260,TRF0001279,P04,11.689000,0.180000,1.310000,standard
PCO0001261,TRF0001280,P02,10.737000,0.180000,0.480000,standard
PCO0001262,TRF0001281,P01,7.495000,0.180000,0.870000,standard
PCO0001263,TRF0001282,P01,9.801000,0.180000,0.710000,standard
PCO0001264,TRF0001283,P06,11.473000,0.180000,0.930000,standard
PCO0001265,TRF0001284,P03,10.165000,0.180000,5.720000,standard
PCO0001266,TRF0001285,P02,9.875000,0.180000,9.060000,standard
PCO0001267,TRF0001286,P02,9.187000,0.180000,0.550000,standard
PCO0001268,TRF0001287,P02,8.887000,0.180000,40.790000,standard
PCO0001269,TRF0001288,P04,9.929000,0.180000,0.520000,standard
PCO0001270,TRF0001289,P04,11.544000,0.180000,47.770000,standard
PCO0001271,TRF0001290,P02,7.793000,0.180000,1.580000,standard
PCO0001272,TRF0001291,P03,9.615000,0.180000,15.980000,standard
PCO0001273,TRF0001292,P02,9.369000,0.180000,1.860000,standard
PCO0001274,TRF0001293,P03,9.609000,0.180000,8.580000,standard
PCO0001275,TRF0001294,P02,10.571000,0.180000,4.590000,standard
PCO0001276,TRF0001295,P03,11.386000,0.180000,4.450000,standard
PCO0001277,TRF0001296,P05,7.176000,0.180000,5.410000,standard
PCO0001278,TRF0001297,P05,9.398000,0.180000,1.650000,standard
PCO0001279,TRF0001298,P01,8.225000,0.180000,0.260000,standard
PCO0001280,TRF0001299,P03,11.148000,0.180000,3.500000,standard
PCO0001281,TRF0001300,P01,7.972000,0.180000,0.250000,standard
PCO0001282,TRF0001301,P02,20.938000,0.180000,1.560000,priority
PCO0001283,TRF0001302,P04,11.538000,0.180000,1.320000,standard
PCO0001284,TRF0001303,P04,11.527000,0.180000,0.460000,standard
PCO0001285,TRF0001304,P05,8.835000,0.180000,0.470000,standard
PCO0001286,TRF0001305,P02,9.781000,0.180000,0.420000,standard
PCO0001287,TRF0001306,P01,8.170000,0.180000,0.450000,standard
PCO0001288,TRF0001307,P01,7.675000,0.180000,0.510000,standard
PCO0001289,TRF0001308,P01,7.707000,0.180000,1.080000,standard
PCO0001290,TRF0001309,P01,9.597000,0.180000,0.330000,standard
PCO0001291,TRF0001310,P02,10.952000,0.180000,0.890000,standard
PCO0001292,TRF0001311,P03,12.137000,0.180000,7.540000,standard
PCO0001293,TRF0001312,P02,9.166000,0.180000,0.510000,standard
PCO0001294,TRF0001313,P03,9.937000,0.180000,30.850000,standard
PCO0001295,TRF0001314,P04,10.540000,0.180000,10.960000,standard
PCO0001296,TRF0001315,P01,7.248000,0.180000,0.300000,standard
PCO0001297,TRF0001317,P03,11.252000,0.180000,0.420000,standard
PCO0001298,TRF0001318,P01,8.040000,0.180000,20.100000,standard
PCO0001299,TRF0001319,P03,9.723000,0.180000,1.430000,standard
PCO0001300,TRF0001320,P01,9.736000,0.180000,0.440000,standard
PCO0001301,TRF0001321,P02,7.637000,0.180000,7.880000,standard
PCO0001302,TRF0001322,P06,9.282000,0.180000,0.900000,standard
PCO0001303,TRF0001323,P03,10.009000,0.180000,1.110000,standard
PCO0001304,TRF0001324,P04,10.437000,0.180000,0.650000,standard
PCO0001305,TRF0001325,P02,21.509000,0.180000,0.780000,priority
PCO0001306,TRF0001326,P05,8.093000,0.180000,3.280000,standard
PCO0001307,TRF0001327,P04,10.411000,0.180000,13.500000,standard
PCO0001308,TRF0001328,P02,21.300000,0.180000,6.300000,priority
PCO0001309,TRF0001329,P03,10.464000,0.180000,3.930000,standard
PCO0001310,TRF0001330,P01,7.267000,0.180000,1.060000,standard
PCO0001311,TRF0001331,P05,8.437000,0.180000,0.430000,standard
PCO0001312,TRF0001333,P02,8.897000,0.180000,0.240000,standard
PCO0001313,TRF0001334,P04,12.527000,0.180000,4.410000,standard
PCO0001314,TRF0001335,P04,11.215000,0.180000,1.330000,standard
PCO0001315,TRF0001337,P02,8.002000,0.180000,0.310000,standard
PCO0001316,TRF0001338,P01,8.692000,0.180000,0.670000,standard
PCO0001317,TRF0001339,P04,12.917000,0.180000,0.360000,standard
PCO0001318,TRF0001340,P05,8.080000,0.180000,4.340000,standard
PCO0001319,TRF0001341,P04,11.481000,0.180000,1.630000,standard
PCO0001320,TRF0001342,P05,8.057000,0.180000,0.650000,standard
PCO0001321,TRF0001343,P01,7.467000,0.180000,0.740000,standard
PCO0001322,TRF0001344,P05,9.135000,0.180000,1.150000,standard
PCO0001323,TRF0001345,P03,9.843000,0.180000,2.990000,standard
PCO0001324,TRF0001346,P04,10.401000,0.180000,3.880000,standard
PCO0001325,TRF0001347,P03,10.901000,0.180000,0.530000,standard
PCO0001326,TRF0001348,P01,8.844000,0.180000,9.680000,standard
PCO0001327,TRF0001349,P04,10.601000,0.180000,0.480000,standard
PCO0001328,TRF0001350,P04,10.412000,0.180000,0.540000,standard
PCO0001329,TRF0001351,P01,7.798000,0.180000,1.130000,standard
PCO0001330,TRF0001352,P01,7.234000,0.180000,5.090000,standard
PCO0001331,TRF0001353,P06,8.446000,0.180000,10.720000,standard
PCO0001332,TRF0001354,P04,10.891000,0.180000,0.360000,standard
PCO0001333,TRF0001355,P02,8.182000,0.180000,0.700000,standard
PCO0001334,TRF0001356,P02,11.590000,0.180000,0.620000,standard
PCO0001335,TRF0001357,P01,7.915000,0.180000,18.700000,standard
PCO0001336,TRF0001358,P01,7.254000,0.180000,0.470000,standard
PCO0001337,TRF0001359,P02,7.915000,0.180000,1.190000,standard
PCO0001338,TRF0001360,P04,12.789000,0.180000,1.840000,standard
PCO0001339,TRF0001362,P02,8.240000,0.180000,0.980000,standard
PCO0001340,TRF0001363,P06,12.000000,0.180000,0.840000,standard
PCO0001341,TRF0001364,P02,9.398000,0.180000,1.510000,standard
PCO0001342,TRF0001365,P05,6.428000,0.180000,0.430000,standard
PCO0001343,TRF0001367,P04,10.562000,0.180000,0.410000,standard
PCO0001344,TRF0001368,P03,11.375000,0.180000,0.470000,standard
PCO0001345,TRF0001369,P01,7.934000,0.180000,3.600000,standard
PCO0001346,TRF0001370,P05,6.715000,0.180000,0.410000,standard
PCO0001347,TRF0001371,P06,8.562000,0.180000,2.130000,standard
PCO0001348,TRF0001372,P04,12.221000,0.180000,0.750000,standard
PCO0001349,TRF0001373,P04,12.611000,0.180000,9.090000,standard
PCO0001350,TRF0001374,P02,8.912000,0.180000,16.740000,standard
PCO0001351,TRF0001375,P03,10.039000,0.180000,1.360000,standard
PCO0001352,TRF0001376,P01,7.507000,0.180000,14.620000,standard
PCO0001353,TRF0001377,P04,10.499000,0.180000,11.840000,standard
PCO0001354,TRF0001378,P06,10.566000,0.180000,0.710000,standard
PCO0001355,TRF0001379,P04,12.489000,0.180000,13.060000,standard
PCO0001356,TRF0001380,P02,9.966000,0.180000,1.370000,standard
PCO0001357,TRF0001381,P03,8.941000,0.180000,0.880000,standard
PCO0001358,TRF0001382,P02,8.530000,0.180000,0.770000,standard
PCO0001359,TRF0001383,P05,7.390000,0.180000,4.640000,standard
PCO0001360,TRF0001384,P04,12.503000,0.180000,0.380000,standard
PCO0001361,TRF0001385,P06,9.698000,0.180000,3.880000,standard
PCO0001362,TRF0001386,P04,12.359000,0.180000,5.860000,standard
PCO0001363,TRF0001387,P05,8.829000,0.180000,4.300000,standard
PCO0001364,TRF0001388,P04,12.555000,0.180000,1.420000,standard
PCO0001365,TRF0001389,P02,8.330000,0.180000,5.970000,standard
PCO0001366,TRF0001390,P02,10.216000,0.180000,0.330000,standard
PCO0001367,TRF0001391,P03,10.931000,0.180000,0.400000,standard
PCO0001368,TRF0001392,P05,6.737000,0.180000,1.030000,standard
PCO0001369,TRF0001393,P05,8.417000,0.180000,0.270000,standard
PCO0001370,TRF0001394,P01,8.316000,0.180000,0.360000,standard
PCO0001371,TRF0001395,P01,7.608000,0.180000,4.490000,standard
PCO0001372,TRF0001396,P06,11.365000,0.180000,1.490000,standard
PCO0001373,TRF0001397,P05,8.444000,0.180000,2.190000,standard
PCO0001374,TRF0001398,P06,10.683000,0.180000,0.620000,standard
PCO0001375,TRF0001399,P03,9.908000,0.180000,0.870000,standard
PCO0001376,TRF0001400,P03,9.445000,0.180000,0.700000,standard
PCO0001377,TRF0001401,P05,5.848000,0.180000,2.510000,standard
PCO0001378,TRF0001402,P03,9.733000,0.180000,0.510000,standard
PCO0001379,TRF0001403,P02,21.541000,0.180000,1.810000,priority
PCO0001380,TRF0001404,P01,9.948000,0.180000,21.800000,standard
PCO0001381,TRF0001405,P03,9.870000,0.180000,0.280000,standard
PCO0001382,TRF0001406,P05,7.961000,0.180000,0.330000,standard
PCO0001383,TRF0001407,P04,12.365000,0.180000,5.410000,standard
PCO0001384,TRF0001408,P01,7.178000,0.180000,0.510000,standard
PCO0001385,TRF0001409,P03,11.179000,0.180000,1.370000,standard
PCO0001386,TRF0001410,P02,8.110000,0.180000,0.790000,standard
PCO0001387,TRF0001411,P05,6.817000,0.180000,4.710000,standard
PCO0001388,TRF0001412,P04,9.994000,0.180000,8.790000,standard
PCO0001389,TRF0001413,P02,21.319000,0.180000,2.110000,priority
PCO0001390,TRF0001414,P02,7.436000,0.180000,1.160000,standard
PCO0001391,TRF0001415,P02,8.832000,0.180000,0.470000,standard
PCO0001392,TRF0001416,P02,7.721000,0.180000,0.770000,standard
PCO0001393,TRF0001417,P03,9.841000,0.180000,0.950000,standard
PCO0001394,TRF0001418,P03,9.725000,0.180000,0.710000,standard
PCO0001395,TRF0001419,P03,11.777000,0.180000,0.360000,standard
PCO0001396,TRF0001420,P03,9.863000,0.180000,1.120000,standard
PCO0001397,TRF0001421,P01,7.297000,0.180000,0.410000,standard
PCO0001398,TRF0001422,P05,8.347000,0.180000,6.060000,standard
PCO0001399,TRF0001423,P03,11.094000,0.180000,4.560000,standard
PCO0001400,TRF0001424,P01,10.294000,0.180000,1.360000,standard
PCO0001401,TRF0001425,P03,10.226000,0.180000,1.230000,standard
PCO0001402,TRF0001426,P02,21.093000,0.180000,0.780000,priority
PCO0001403,TRF0001427,P01,7.966000,0.180000,0.600000,standard
PCO0001404,TRF0001428,P03,9.155000,0.180000,14.070000,standard
PCO0001405,TRF0001429,P05,8.605000,0.180000,1.750000,standard
PCO0001406,TRF0001430,P02,8.705000,0.180000,1.900000,standard
PCO0001407,TRF0001431,P05,7.067000,0.180000,29.050000,standard
PCO0001408,TRF0001432,P04,10.663000,0.180000,0.530000,standard
PCO0001409,TRF0001433,P02,9.552000,0.180000,2.500000,standard
PCO0001410,TRF0001434,P02,9.193000,0.180000,2.570000,standard
PCO0001411,TRF0001435,P05,7.309000,0.180000,2.220000,standard
PCO0001412,TRF0001436,P04,9.943000,0.180000,1.390000,standard
PCO0001413,TRF0001437,P01,9.042000,0.180000,0.810000,standard
PCO0001414,TRF0001438,P03,9.205000,0.180000,1.440000,standard
PCO0001415,TRF0001439,P03,8.873000,0.180000,2.080000,standard
PCO0001416,TRF0001440,P03,12.709000,0.180000,44.990000,standard
PCO0001417,TRF0001441,P05,7.673000,0.180000,3.750000,standard
PCO0001418,TRF0001442,P04,10.862000,0.180000,0.920000,standard
PCO0001419,TRF0001443,P02,9.045000,0.180000,3.270000,standard
PCO0001420,TRF0001444,P01,8.171000,0.180000,5.680000,standard
PCO0001421,TRF0001445,P05,8.100000,0.180000,11.270000,standard
PCO0001422,TRF0001446,P05,9.162000,0.180000,1.280000,standard
PCO0001423,TRF0001447,P01,7.269000,0.180000,0.520000,standard
PCO0001424,TRF0001448,P02,9.496000,0.180000,3.250000,standard
PCO0001425,TRF0001449,P02,8.940000,0.180000,0.450000,standard
PCO0001426,TRF0001450,P05,7.632000,0.180000,2.600000,standard
PCO0001427,TRF0001451,P04,11.313000,0.180000,3.020000,standard
PCO0001428,TRF0001452,P02,20.293000,0.180000,1.650000,priority
PCO0001429,TRF0001453,P04,11.710000,0.180000,91.610000,standard
PCO0001430,TRF0001454,P05,8.389000,0.180000,0.490000,standard
PCO0001431,TRF0001455,P06,8.436000,0.180000,0.560000,standard
PCO0001432,TRF0001456,P02,7.978000,0.180000,0.420000,standard
PCO0001433,TRF0001457,P02,10.121000,0.180000,0.630000,standard
PCO0001434,TRF0001458,P02,10.641000,0.180000,0.340000,standard
PCO0001435,TRF0001459,P05,9.478000,0.180000,1.550000,standard
PCO0001436,TRF0001460,P03,9.685000,0.180000,1.280000,standard
PCO0001437,TRF0001461,P06,9.030000,0.180000,2.570000,standard
PCO0001438,TRF0001462,P02,9.247000,0.180000,0.570000,standard
PCO0001439,TRF0001463,P01,6.759000,0.180000,3.870000,standard
PCO0001440,TRF0001464,P06,9.531000,0.180000,12.200000,standard
PCO0001441,TRF0001465,P05,6.642000,0.180000,1.190000,standard
PCO0001442,TRF0001466,P04,9.460000,0.180000,0.660000,standard
PCO0001443,TRF0001467,P03,9.404000,0.180000,28.190000,standard
PCO0001444,TRF0001468,P03,10.136000,0.180000,0.630000,standard
PCO0001445,TRF0001469,P02,7.995000,0.180000,0.650000,standard
PCO0001446,TRF0001470,P02,10.804000,0.180000,1.280000,standard
PCO0001447,TRF0001471,P03,10.363000,0.180000,20.830000,standard
PCO0001448,TRF0001472,P02,10.038000,0.180000,15.930000,standard
PCO0001449,TRF0001473,P05,6.324000,0.180000,0.500000,standard
PCO0001450,TRF0001474,P05,7.211000,0.180000,7.100000,standard
PCO0001451,TRF0001475,P02,8.847000,0.180000,1.190000,standard
PCO0001452,TRF0001476,P03,10.363000,0.180000,3.840000,standard
PCO0001453,TRF0001477,P02,9.604000,0.180000,0.400000,standard
PCO0001454,TRF0001478,P01,10.384000,0.180000,9.980000,standard
PCO0001455,TRF0001479,P01,7.963000,0.180000,0.430000,standard
PCO0001456,TRF0001480,P06,10.209000,0.180000,4.860000,standard
PCO0001457,TRF0001481,P06,11.981000,0.180000,30.020000,standard
PCO0001458,TRF0001482,P06,8.674000,0.180000,45.520000,standard
PCO0001459,TRF0001483,P01,8.814000,0.180000,0.450000,standard
PCO0001460,TRF0001484,P06,8.117000,0.180000,4.910000,standard
PCO0001461,TRF0001485,P01,8.822000,0.180000,5.390000,standard
PCO0001462,TRF0001486,P05,6.908000,0.180000,0.570000,standard
PCO0001463,TRF0001487,P01,8.320000,0.180000,1.140000,standard
PCO0001464,TRF0001488,P01,8.870000,0.180000,0.460000,standard
PCO0001465,TRF0001489,P01,7.952000,0.180000,1.320000,standard
PCO0001466,TRF0001490,P05,6.990000,0.180000,0.990000,standard
PCO0001467,TRF0001491,P02,11.092000,0.180000,1.810000,standard
PCO0001468,TRF0001492,P01,9.278000,0.180000,0.460000,standard
PCO0001469,TRF0001493,P02,9.073000,0.180000,29.860000,standard
PCO0001470,TRF0001494,P01,9.358000,0.180000,1.930000,standard
PCO0001471,TRF0001495,P01,7.757000,0.180000,3.390000,standard
PCO0001472,TRF0001496,P04,11.867000,0.180000,18.700000,standard
PCO0001473,TRF0001497,P03,10.465000,0.180000,2.830000,standard
PCO0001474,TRF0001498,P01,8.574000,0.180000,1.770000,standard
PCO0001475,TRF0001499,P02,10.330000,0.180000,0.620000,standard
PCO0001476,TRF0001500,P04,10.378000,0.180000,0.590000,standard
PCO0001477,TRF0001501,P03,10.969000,0.180000,0.550000,standard
PCO0001478,TRF0001502,P04,12.802000,0.180000,1.510000,standard
PCO0001479,TRF0001503,P03,10.693000,0.180000,2.350000,standard
PCO0001480,TRF0001504,P02,8.546000,0.180000,0.510000,standard
PCO0001481,TRF0001505,P02,10.738000,0.180000,0.480000,standard
PCO0001482,TRF0001506,P03,9.958000,0.180000,0.470000,standard
PCO0001483,TRF0001507,P04,11.469000,0.180000,16.380000,standard
PCO0001484,TRF0001508,P04,9.893000,0.180000,2.970000,standard
PCO0001485,TRF0001509,P06,8.132000,0.180000,0.320000,standard
PCO0001486,TRF0001510,P04,10.278000,0.180000,0.650000,standard
PCO0001487,TRF0001511,P02,8.610000,0.180000,0.440000,standard
PCO0001488,TRF0001513,P03,11.451000,0.180000,1.620000,standard
PCO0001489,TRF0001514,P06,9.145000,0.180000,12.180000,standard
PCO0001490,TRF0001515,P05,9.622000,0.180000,1.330000,standard
PCO0001491,TRF0001516,P04,11.761000,0.180000,2.360000,standard
PCO0001492,TRF0001517,P05,8.941000,0.180000,0.710000,standard
PCO0001493,TRF0001518,P03,9.672000,0.180000,0.780000,standard
PCO0001494,TRF0001519,P05,6.261000,0.180000,0.500000,standard
PCO0001495,TRF0001520,P04,9.634000,0.180000,2.710000,standard
PCO0001496,TRF0001521,P03,10.047000,0.180000,0.580000,standard
PCO0001497,TRF0001522,P03,10.476000,0.180000,2.150000,standard
PCO0001498,TRF0001523,P04,10.122000,0.180000,1.090000,standard
PCO0001499,TRF0001524,P05,6.510000,0.180000,0.360000,standard
PCO0001500,TRF0001525,P02,8.385000,0.180000,1.500000,standard
PCO0001501,TRF0001526,P02,9.167000,0.180000,8.070000,standard
PCO0001502,TRF0001527,P01,8.241000,0.180000,0.360000,standard
PCO0001503,TRF0001528,P06,9.715000,0.180000,2.250000,standard
PCO0001504,TRF0001529,P03,10.031000,0.180000,0.540000,standard
PCO0001505,TRF0001530,P02,10.104000,0.180000,7.570000,standard
PCO0001506,TRF0001531,P06,9.144000,0.180000,2.720000,standard
PCO0001507,TRF0001532,P06,7.353000,0.180000,0.440000,standard
PCO0001508,TRF0001533,P06,10.311000,0.180000,0.460000,standard
PCO0001509,TRF0001534,P01,8.237000,0.180000,0.330000,standard
PCO0001510,TRF0001535,P04,12.832000,0.180000,0.940000,standard
PCO0001511,TRF0001536,P01,9.919000,0.180000,6.150000,standard
PCO0001512,TRF0001537,P05,7.382000,0.180000,9.260000,standard
PCO0001513,TRF0001538,P02,8.561000,0.180000,1.410000,standard
PCO0001514,TRF0001539,P04,10.780000,0.180000,67.120000,standard
PCO0001515,TRF0001540,P05,9.465000,0.180000,0.520000,standard
PCO0001516,TRF0001541,P02,10.594000,0.180000,0.290000,standard
PCO0001517,TRF0001542,P03,8.845000,0.180000,0.280000,standard
PCO0001518,TRF0001543,P03,9.836000,0.180000,10.230000,standard
PCO0001519,TRF0001544,P05,7.538000,0.180000,3.370000,standard
PCO0001520,TRF0001545,P06,9.418000,0.180000,0.830000,standard
PCO0001521,TRF0001546,P05,6.799000,0.180000,0.430000,standard
PCO0001522,TRF0001547,P01,8.213000,0.180000,1.390000,standard
PCO0001523,TRF0001548,P04,11.567000,0.180000,1.790000,standard
PCO0001524,TRF0001549,P02,8.801000,0.180000,1.040000,standard
PCO0001525,TRF0001550,P02,21.532000,0.180000,0.850000,priority
PCO0001526,TRF0001551,P05,7.037000,0.180000,2.500000,standard
PCO0001527,TRF0001552,P03,10.642000,0.180000,12.160000,standard
PCO0001528,TRF0001553,P04,10.404000,0.180000,13.490000,standard
PCO0001529,TRF0001554,P03,10.656000,0.180000,0.820000,standard
PCO0001530,TRF0001555,P02,9.333000,0.180000,6.810000,standard
PCO0001531,TRF0001556,P01,7.787000,0.180000,1.270000,standard
PCO0001532,TRF0001557,P01,7.958000,0.180000,0.690000,standard
PCO0001533,TRF0001558,P04,10.581000,0.180000,0.390000,standard
PCO0001534,TRF0001559,P06,9.782000,0.180000,0.580000,standard
PCO0001535,TRF0001560,P02,9.060000,0.180000,1.390000,standard
PCO0001536,TRF0001561,P02,10.670000,0.180000,6.020000,standard
PCO0001537,TRF0001562,P02,9.798000,0.180000,1.020000,standard
PCO0001538,TRF0001563,P02,8.227000,0.180000,1.430000,standard
PCO0001539,TRF0001564,P05,9.301000,0.180000,0.870000,standard
PCO0001540,TRF0001565,P01,9.114000,0.180000,1.280000,standard
PCO0001541,TRF0001566,P03,8.959000,0.180000,0.720000,standard
PCO0001542,TRF0001567,P01,6.730000,0.180000,0.610000,standard
PCO0001543,TRF0001568,P02,7.005000,0.180000,3.250000,standard
PCO0001544,TRF0001569,P02,8.052000,0.180000,43.650000,standard
PCO0001545,TRF0001570,P06,11.509000,0.180000,0.430000,standard
PCO0001546,TRF0001571,P05,7.332000,0.180000,2.250000,standard
PCO0001547,TRF0001572,P05,7.264000,0.180000,0.980000,standard
PCO0001548,TRF0001573,P05,8.274000,0.180000,7.210000,standard
PCO0001549,TRF0001574,P06,9.788000,0.180000,3.780000,standard
PCO0001550,TRF0001575,P01,6.468000,0.180000,0.350000,standard
PCO0001551,TRF0001576,P03,10.695000,0.180000,4.580000,standard
PCO0001552,TRF0001577,P02,8.613000,0.180000,0.860000,standard
PCO0001553,TRF0001578,P03,9.624000,0.180000,0.250000,standard
PCO0001554,TRF0001579,P03,9.508000,0.180000,2.190000,standard
PCO0001555,TRF0001580,P01,7.275000,0.180000,0.880000,standard
PCO0001556,TRF0001581,P06,9.838000,0.180000,0.320000,standard
PCO0001557,TRF0001582,P02,8.981000,0.180000,3.320000,standard
PCO0001558,TRF0001583,P05,7.381000,0.180000,0.990000,standard
PCO0001559,TRF0001584,P02,8.450000,0.180000,0.440000,standard
PCO0001560,TRF0001585,P05,8.954000,0.180000,2.950000,standard
PCO0001561,TRF0001586,P04,9.238000,0.180000,0.300000,standard
PCO0001562,TRF0001587,P05,7.973000,0.180000,1.430000,standard
PCO0001563,TRF0001588,P01,9.502000,0.180000,1.080000,standard
PCO0001564,TRF0001589,P01,6.690000,0.180000,9.010000,standard
PCO0001565,TRF0001590,P02,10.983000,0.180000,1.920000,standard
PCO0001566,TRF0001591,P05,9.376000,0.180000,7.070000,standard
PCO0001567,TRF0001592,P06,11.078000,0.180000,0.790000,standard
PCO0001568,TRF0001593,P04,10.961000,0.180000,8.080000,standard
PCO0001569,TRF0001594,P01,8.404000,0.180000,2.070000,standard
PCO0001570,TRF0001595,P03,9.334000,0.180000,0.460000,standard
PCO0001571,TRF0001596,P02,8.354000,0.180000,2.770000,standard
PCO0001572,TRF0001597,P02,10.625000,0.180000,1.080000,standard
PCO0001573,TRF0001598,P04,9.483000,0.180000,12.530000,standard
PCO0001574,TRF0001599,P01,8.567000,0.180000,10.200000,standard
PCO0001575,TRF0001600,P01,9.650000,0.180000,4.940000,standard
PCO0001576,TRF0001601,P01,7.454000,0.180000,0.760000,standard
PCO0001577,TRF0001602,P01,7.502000,0.180000,1.100000,standard
PCO0001578,TRF0001603,P05,5.489000,0.180000,0.530000,standard
PCO0001579,TRF0001604,P02,10.063000,0.180000,0.580000,standard
PCO0001580,TRF0001605,P03,9.628000,0.180000,0.310000,standard
PCO0001581,TRF0001606,P03,8.995000,0.180000,0.510000,standard
PCO0001582,TRF0001607,P01,7.649000,0.180000,0.310000,standard
PCO0001583,TRF0001608,P05,8.932000,0.180000,9.860000,standard
PCO0001584,TRF0001609,P02,8.755000,0.180000,0.870000,standard
PCO0001585,TRF0001610,P01,7.668000,0.180000,0.320000,standard
PCO0001586,TRF0001611,P05,9.749000,0.180000,28.390000,standard
PCO0001587,TRF0001612,P04,12.815000,0.180000,1.870000,standard
PCO0001588,TRF0001613,P02,9.912000,0.180000,0.310000,standard
PCO0001589,TRF0001614,P02,11.848000,0.180000,8.580000,standard
PCO0001590,TRF0001615,P04,10.537000,0.180000,1.170000,standard
PCO0001591,TRF0001616,P01,7.330000,0.180000,3.610000,standard
PCO0001592,TRF0001617,P05,7.074000,0.180000,0.550000,standard
PCO0001593,TRF0001618,P02,10.902000,0.180000,0.310000,standard
PCO0001594,TRF0001619,P01,9.245000,0.180000,10.970000,standard
PCO0001595,TRF0001620,P02,8.741000,0.180000,2.200000,standard
PCO0001596,TRF0001621,P02,9.194000,0.180000,0.780000,standard
PCO0001597,TRF0001622,P06,9.565000,0.180000,1.190000,standard
PCO0001598,TRF0001623,P01,9.406000,0.180000,0.450000,standard
PCO0001599,TRF0001624,P01,9.100000,0.180000,0.410000,standard
PCO0001600,TRF0001625,P02,8.553000,0.180000,3.950000,standard
PCO0001601,TRF0001626,P03,9.854000,0.180000,3.060000,standard
PCO0001602,TRF0001627,P01,8.225000,0.180000,5.850000,standard
PCO0001603,TRF0001628,P02,21.001000,0.180000,1.810000,priority
PCO0001604,TRF0001629,P01,7.654000,0.180000,19.520000,standard
PCO0001605,TRF0001630,P03,10.109000,0.180000,0.470000,standard
PCO0001606,TRF0001631,P02,10.872000,0.180000,15.410000,standard
PCO0001607,TRF0001632,P04,10.414000,0.180000,0.810000,standard
PCO0001608,TRF0001633,P05,7.294000,0.180000,0.360000,standard
PCO0001609,TRF0001634,P01,8.048000,0.180000,0.490000,standard
PCO0001610,TRF0001635,P05,8.284000,0.180000,0.590000,standard
PCO0001611,TRF0001636,P06,8.675000,0.180000,1.210000,standard
PCO0001612,TRF0001637,P01,8.538000,0.180000,3.520000,standard
PCO0001613,TRF0001638,P01,8.131000,0.180000,0.350000,standard
PCO0001614,TRF0001639,P04,12.840000,0.180000,0.280000,standard
PCO0001615,TRF0001640,P02,10.428000,0.180000,15.010000,standard
PCO0001616,TRF0001641,P01,7.347000,0.180000,12.650000,standard
PCO0001617,TRF0001642,P05,7.801000,0.180000,0.600000,standard
PCO0001618,TRF0001643,P05,8.729000,0.180000,1.230000,standard
PCO0001619,TRF0001644,P01,7.463000,0.180000,10.770000,standard
PCO0001620,TRF0001645,P01,7.462000,0.180000,4.740000,standard
PCO0001621,TRF0001646,P04,11.359000,0.180000,1.180000,standard
PCO0001622,TRF0001647,P05,5.899000,0.180000,0.420000,standard
PCO0001623,TRF0001648,P01,10.296000,0.180000,42.940000,standard
PCO0001624,TRF0001649,P02,9.588000,0.180000,0.440000,standard
PCO0001625,TRF0001650,P04,10.158000,0.180000,8.570000,standard
PCO0001626,TRF0001651,P01,8.148000,0.180000,72.370000,standard
PCO0001627,TRF0001652,P05,6.465000,0.180000,0.700000,standard
PCO0001628,TRF0001653,P02,10.457000,0.180000,23.580000,standard
PCO0001629,TRF0001654,P05,7.461000,0.180000,0.580000,standard
PCO0001630,TRF0001655,P01,7.328000,0.180000,162.390000,standard
PCO0001631,TRF0001656,P05,8.072000,0.180000,8.260000,standard
PCO0001632,TRF0001657,P03,8.685000,0.180000,0.840000,standard
PCO0001633,TRF0001658,P06,10.989000,0.180000,1.030000,standard
PCO0001634,TRF0001659,P05,8.362000,0.180000,15.960000,standard
PCO0001635,TRF0001660,P04,10.867000,0.180000,1.430000,standard
PCO0001636,TRF0001661,P03,9.312000,0.180000,10.880000,standard
PCO0001637,TRF0001662,P03,10.167000,0.180000,2.080000,standard
PCO0001638,TRF0001663,P04,10.719000,0.180000,4.410000,standard
PCO0001639,TRF0001664,P04,13.425000,0.180000,2.660000,standard
PCO0001640,TRF0001665,P04,9.919000,0.180000,1.140000,standard
PCO0001641,TRF0001666,P01,10.286000,0.180000,12.770000,standard
PCO0001642,TRF0001667,P06,10.569000,0.180000,3.490000,standard
PCO0001643,TRF0001668,P02,8.066000,0.180000,1.170000,standard
PCO0001644,TRF0001669,P04,12.984000,0.180000,34.380000,standard
PCO0001645,TRF0001670,P05,8.159000,0.180000,12.970000,standard
PCO0001646,TRF0001671,P03,9.619000,0.180000,0.770000,standard
PCO0001647,TRF0001672,P06,9.377000,0.180000,21.390000,standard
PCO0001648,TRF0001673,P04,12.191000,0.180000,1.570000,standard
PCO0001649,TRF0001674,P03,10.487000,0.180000,0.710000,standard
PCO0001650,TRF0001675,P03,8.451000,0.180000,1.530000,standard
PCO0001651,TRF0001676,P01,7.860000,0.180000,0.600000,standard
PCO0001652,TRF0001677,P04,12.283000,0.180000,57.830000,standard
PCO0001653,TRF0001678,P02,10.508000,0.180000,7.270000,standard
PCO0001654,TRF0001679,P06,10.351000,0.180000,29.850000,standard
PCO0001655,TRF0001680,P03,8.686000,0.180000,3.150000,standard
PCO0001656,TRF0001681,P03,8.975000,0.180000,3.810000,standard
PCO0001657,TRF0001682,P03,10.882000,0.180000,1.240000,standard
PCO0001658,TRF0001683,P05,8.467000,0.180000,32.550000,standard
PCO0001659,TRF0001684,P02,10.920000,0.180000,1.930000,standard
PCO0001660,TRF0001685,P05,9.249000,0.180000,38.530000,standard
PCO0001661,TRF0001686,P01,9.762000,0.180000,1.890000,standard
PCO0001662,TRF0001687,P04,10.991000,0.180000,12.180000,standard
PCO0001663,TRF0001688,P05,8.545000,0.180000,1.120000,standard
PCO0001664,TRF0001689,P01,7.992000,0.180000,0.240000,standard
PCO0001665,TRF0001690,P01,6.734000,0.180000,0.360000,standard
PCO0001666,TRF0001691,P05,7.992000,0.180000,0.670000,standard
PCO0001667,TRF0001692,P02,9.070000,0.180000,2.560000,standard
PCO0001668,TRF0001693,P02,11.013000,0.180000,63.290000,standard
PCO0001669,TRF0001694,P05,8.404000,0.180000,3.350000,standard
PCO0001670,TRF0001695,P06,8.957000,0.180000,0.750000,standard
PCO0001671,TRF0001696,P01,7.189000,0.180000,0.290000,standard
PCO0001672,TRF0001697,P06,11.338000,0.180000,8.950000,standard
PCO0001673,TRF0001698,P06,9.348000,0.180000,0.730000,standard
PCO0001674,TRF0001699,P01,8.854000,0.180000,2.590000,standard
PCO0001675,TRF0001700,P02,8.992000,0.180000,0.490000,standard
PCO0001676,TRF0001701,P06,9.288000,0.180000,4.760000,standard
PCO0001677,TRF0001702,P01,8.928000,0.180000,3.380000,standard
PCO0001678,TRF0001703,P05,7.587000,0.180000,1.020000,standard
PCO0001679,TRF0001704,P06,11.046000,0.180000,1.090000,standard
PCO0001680,TRF0001705,P06,8.706000,0.180000,3.500000,standard
PCO0001681,TRF0001706,P06,8.737000,0.180000,0.680000,standard
PCO0001682,TRF0001707,P03,11.390000,0.180000,2.430000,standard
PCO0001683,TRF0001708,P02,9.801000,0.180000,2.800000,standard
PCO0001684,TRF0001709,P05,8.091000,0.180000,3.680000,standard
PCO0001685,TRF0001710,P02,8.441000,0.180000,0.760000,standard
PCO0001686,TRF0001711,P04,12.657000,0.180000,1.950000,standard
PCO0001687,TRF0001712,P05,9.423000,0.180000,5.310000,standard
PCO0001688,TRF0001713,P04,9.711000,0.180000,14.700000,standard
PCO0001689,TRF0001714,P01,7.080000,0.180000,0.870000,standard
PCO0001690,TRF0001715,P05,9.370000,0.180000,0.470000,standard
PCO0001691,TRF0001716,P05,7.091000,0.180000,9.470000,standard
PCO0001692,TRF0001717,P01,7.749000,0.180000,0.380000,standard
PCO0001693,TRF0001718,P03,12.108000,0.180000,2.940000,standard
PCO0001694,TRF0001719,P04,13.115000,0.180000,0.390000,standard
PCO0001695,TRF0001720,P01,9.326000,0.180000,0.640000,standard
PCO0001696,TRF0001721,P02,11.227000,0.180000,12.200000,standard
PCO0001697,TRF0001722,P04,12.245000,0.180000,0.380000,standard
PCO0001698,TRF0001723,P06,8.986000,0.180000,0.370000,standard
PCO0001699,TRF0001724,P01,9.454000,0.180000,1.460000,standard
PCO0001700,TRF0001725,P06,10.964000,0.180000,5.020000,standard
PCO0001701,TRF0001726,P04,11.395000,0.180000,9.360000,standard
PCO0001702,TRF0001727,P05,8.283000,0.180000,0.340000,standard
PCO0001703,TRF0001728,P03,10.163000,0.180000,0.550000,standard
PCO0001704,TRF0001729,P04,11.583000,0.180000,0.310000,standard
PCO0001705,TRF0001730,P01,9.226000,0.180000,0.310000,standard
PCO0001706,TRF0001731,P03,11.326000,0.180000,2.160000,standard
PCO0001707,TRF0001732,P03,9.768000,0.180000,4.280000,standard
PCO0001708,TRF0001733,P04,9.287000,0.180000,0.370000,standard
PCO0001709,TRF0001734,P04,10.660000,0.180000,0.380000,standard
PCO0001710,TRF0001735,P05,7.807000,0.180000,3.080000,standard
PCO0001711,TRF0001736,P01,7.967000,0.180000,14.040000,standard
PCO0001712,TRF0001737,P06,10.021000,0.180000,10.890000,standard
PCO0001713,TRF0001738,P06,12.367000,0.180000,0.460000,standard
PCO0001714,TRF0001739,P01,7.175000,0.180000,0.730000,standard
PCO0001715,TRF0001740,P02,21.317000,0.180000,2.030000,priority
PCO0001716,TRF0001741,P02,7.968000,0.180000,1.420000,standard
PCO0001717,TRF0001742,P03,10.958000,0.180000,4.020000,standard
PCO0001718,TRF0001743,P05,6.647000,0.180000,14.090000,standard
PCO0001719,TRF0001744,P02,10.208000,0.180000,1.000000,standard
PCO0001720,TRF0001745,P02,9.769000,0.180000,0.610000,standard
PCO0001721,TRF0001746,P01,7.046000,0.180000,0.410000,standard
PCO0001722,TRF0001747,P02,7.697000,0.180000,0.530000,standard
PCO0001723,TRF0001748,P05,8.180000,0.180000,0.860000,standard
PCO0001724,TRF0001750,P04,10.651000,0.180000,5.290000,standard
PCO0001725,TRF0001751,P04,10.835000,0.180000,0.750000,standard
PCO0001726,TRF0001752,P06,9.567000,0.180000,13.170000,standard
PCO0001727,TRF0001753,P02,9.240000,0.180000,0.510000,standard
PCO0001728,TRF0001754,P05,9.761000,0.180000,0.870000,standard
PCO0001729,TRF0001755,P01,9.583000,0.180000,0.480000,standard
PCO0001730,TRF0001756,P04,13.524000,0.180000,0.620000,standard
PCO0001731,TRF0001757,P05,7.121000,0.180000,5.290000,standard
PCO0001732,TRF0001758,P04,13.322000,0.180000,0.750000,standard
PCO0001733,TRF0001759,P04,11.104000,0.180000,0.460000,standard
PCO0001734,TRF0001760,P04,12.620000,0.180000,0.440000,standard
PCO0001735,TRF0001761,P04,9.865000,0.180000,1.040000,standard
PCO0001736,TRF0001762,P02,21.469000,0.180000,1.320000,priority
PCO0001737,TRF0001763,P05,8.311000,0.180000,1.570000,standard
PCO0001738,TRF0001764,P01,7.299000,0.180000,0.890000,standard
PCO0001739,TRF0001765,P01,9.324000,0.180000,1.450000,standard
PCO0001740,TRF0001766,P03,9.330000,0.180000,0.920000,standard
PCO0001741,TRF0001767,P05,9.162000,0.180000,0.360000,standard
PCO0001742,TRF0001768,P03,10.833000,0.180000,2.370000,standard
PCO0001743,TRF0001769,P01,8.132000,0.180000,1.080000,standard
PCO0001744,TRF0001770,P02,8.547000,0.180000,0.300000,standard
PCO0001745,TRF0001771,P02,10.132000,0.180000,0.370000,standard
PCO0001746,TRF0001772,P06,10.311000,0.180000,0.560000,standard
PCO0001747,TRF0001773,P01,7.419000,0.180000,0.530000,standard
PCO0001748,TRF0001774,P03,11.424000,0.180000,1.050000,standard
PCO0001749,TRF0001775,P03,11.728000,0.180000,20.390000,standard
PCO0001750,TRF0001776,P05,8.764000,0.180000,1.200000,standard
PCO0001751,TRF0001777,P05,8.701000,0.180000,38.050000,standard
PCO0001752,TRF0001778,P03,9.638000,0.180000,34.080000,standard
PCO0001753,TRF0001779,P03,9.435000,0.180000,22.490000,standard
PCO0001754,TRF0001780,P02,9.028000,0.180000,4.880000,standard
PCO0001755,TRF0001781,P02,9.155000,0.180000,0.600000,standard
PCO0001756,TRF0001782,P05,7.818000,0.180000,4.410000,standard
PCO0001757,TRF0001783,P01,8.226000,0.180000,21.990000,standard
PCO0001758,TRF0001784,P06,11.196000,0.180000,1.870000,standard
PCO0001759,TRF0001785,P04,12.193000,0.180000,1.260000,standard
PCO0001760,TRF0001786,P01,8.976000,0.180000,0.620000,standard
PCO0001761,TRF0001787,P03,9.232000,0.180000,13.040000,standard
PCO0001762,TRF0001788,P06,10.893000,0.180000,1.070000,standard
PCO0001763,TRF0001789,P04,12.296000,0.180000,0.570000,standard
PCO0001764,TRF0001790,P04,10.549000,0.180000,0.720000,standard
PCO0001765,TRF0001791,P04,11.876000,0.180000,0.540000,standard
PCO0001766,TRF0001792,P04,12.442000,0.180000,28.340000,standard
PCO0001767,TRF0001793,P05,9.696000,0.180000,0.940000,standard
PCO0001768,TRF0001794,P03,9.129000,0.180000,42.570000,standard
PCO0001769,TRF0001795,P04,12.495000,0.180000,0.290000,standard
PCO0001770,TRF0001796,P01,6.185000,0.180000,6.110000,standard
PCO0001771,TRF0001797,P05,7.727000,0.180000,7.980000,standard
PCO0001772,TRF0001798,P05,7.342000,0.180000,0.260000,standard
PCO0001773,TRF0001799,P06,9.598000,0.180000,0.370000,standard
PCO0001774,TRF0001800,P02,11.146000,0.180000,1.470000,standard
PCO0001775,TRF0001801,P05,9.948000,0.180000,4.270000,standard
PCO0001776,TRF0001802,P06,9.950000,0.180000,1.060000,standard
PCO0001777,TRF0001803,P03,11.700000,0.180000,0.820000,standard
PCO0001778,TRF0001804,P02,8.624000,0.180000,0.620000,standard
PCO0001779,TRF0001805,P03,10.627000,0.180000,6.930000,standard
PCO0001780,TRF0001806,P06,9.235000,0.180000,4.090000,standard
PCO0001781,TRF0001807,P02,9.369000,0.180000,0.310000,standard
PCO0001782,TRF0001808,P01,7.340000,0.180000,0.290000,standard
PCO0001783,TRF0001809,P05,6.713000,0.180000,7.860000,standard
PCO0001784,TRF0001810,P05,6.825000,0.180000,0.580000,standard
PCO0001785,TRF0001811,P06,9.119000,0.180000,1.600000,standard
PCO0001786,TRF0001812,P04,9.569000,0.180000,0.370000,standard
PCO0001787,TRF0001813,P06,9.929000,0.180000,6.200000,standard
PCO0001788,TRF0001814,P05,5.800000,0.180000,0.370000,standard
PCO0001789,TRF0001815,P05,9.104000,0.180000,2.780000,standard
PCO0001790,TRF0001816,P04,12.153000,0.180000,0.350000,standard
PCO0001791,TRF0001817,P02,8.169000,0.180000,4.410000,standard
PCO0001792,TRF0001818,P04,10.368000,0.180000,0.490000,standard
PCO0001793,TRF0001819,P03,11.168000,0.180000,24.210000,standard
PCO0001794,TRF0001820,P03,9.721000,0.180000,0.290000,standard
PCO0001795,TRF0001821,P03,9.500000,0.180000,0.280000,standard
PCO0001796,TRF0001822,P02,7.855000,0.180000,0.460000,standard
PCO0001797,TRF0001823,P05,7.411000,0.180000,1.280000,standard
PCO0001798,TRF0001824,P03,11.535000,0.180000,0.940000,standard
PCO0001799,TRF0001825,P02,8.989000,0.180000,5.090000,standard
PCO0001800,TRF0001826,P03,9.462000,0.180000,4.450000,standard
PCO0001801,TRF0001827,P06,10.538000,0.180000,0.840000,standard
PCO0001802,TRF0001828,P02,20.605000,0.180000,12.500000,priority
PCO0001803,TRF0001829,P03,10.526000,0.180000,2.570000,standard
PCO0001804,TRF0001830,P01,8.393000,0.180000,0.470000,standard
PCO0001805,TRF0001831,P04,9.672000,0.180000,0.490000,standard
PCO0001806,TRF0001832,P01,7.119000,0.180000,8.010000,standard
PCO0001807,TRF0001833,P05,6.863000,0.180000,1.550000,standard
PCO0001808,TRF0001834,P04,10.631000,0.180000,1.940000,standard
PCO0001809,TRF0001835,P04,13.211000,0.180000,15.780000,standard
PCO0001810,TRF0001836,P02,10.457000,0.180000,0.410000,standard
PCO0001811,TRF0001838,P01,8.856000,0.180000,0.880000,standard
PCO0001812,TRF0001839,P06,11.866000,0.180000,1.020000,standard
PCO0001813,TRF0001840,P05,8.079000,0.180000,0.300000,standard
PCO0001814,TRF0001841,P01,6.647000,0.180000,11.720000,standard
PCO0001815,TRF0001842,P02,9.185000,0.180000,4.060000,standard
PCO0001816,TRF0001843,P02,8.424000,0.180000,1.670000,standard
PCO0001817,TRF0001844,P01,7.247000,0.180000,0.430000,standard
PCO0001818,TRF0001845,P02,7.621000,0.180000,2.680000,standard
PCO0001819,TRF0001846,P03,11.190000,0.180000,1.630000,standard
PCO0001820,TRF0001847,P01,7.658000,0.180000,4.280000,standard
PCO0001821,TRF0001848,P04,11.507000,0.180000,0.860000,standard
PCO0001822,TRF0001849,P05,6.311000,0.180000,2.860000,standard
PCO0001823,TRF0001850,P05,8.223000,0.180000,0.920000,standard
PCO0001824,TRF0001851,P03,9.952000,0.180000,0.380000,standard
PCO0001825,TRF0001852,P01,7.100000,0.180000,0.540000,standard
PCO0001826,TRF0001853,P06,10.598000,0.180000,25.750000,standard
PCO0001827,TRF0001854,P03,12.473000,0.180000,7.820000,standard
PCO0001828,TRF0001855,P04,12.976000,0.180000,1.550000,standard
PCO0001829,TRF0001856,P01,9.579000,0.180000,0.480000,standard
PCO0001830,TRF0001857,P05,8.798000,0.180000,0.340000,standard
PCO0001831,TRF0001858,P05,9.456000,0.180000,3.030000,standard
PCO0001832,TRF0001859,P02,10.025000,0.180000,1.960000,standard
PCO0001833,TRF0001860,P01,8.661000,0.180000,33.350000,standard
PCO0001834,TRF0001861,P02,9.543000,0.180000,0.870000,standard
PCO0001835,TRF0001862,P01,8.195000,0.180000,3.040000,standard
PCO0001836,TRF0001863,P01,9.293000,0.180000,4.640000,standard
PCO0001837,TRF0001864,P04,12.146000,0.180000,0.640000,standard
PCO0001838,TRF0001865,P01,9.872000,0.180000,3.070000,standard
PCO0001839,TRF0001866,P06,8.258000,0.180000,0.750000,standard
PCO0001840,TRF0001867,P04,10.970000,0.180000,22.510000,standard
PCO0001841,TRF0001868,P02,9.685000,0.180000,2.410000,standard
PCO0001842,TRF0001869,P01,9.833000,0.180000,0.810000,standard
PCO0001843,TRF0001870,P04,10.877000,0.180000,2.110000,standard
PCO0001844,TRF0001871,P06,9.434000,0.180000,58.950000,standard
PCO0001845,TRF0001872,P02,8.587000,0.180000,5.970000,standard
PCO0001846,TRF0001873,P06,9.469000,0.180000,0.600000,standard
PCO0001847,TRF0001874,P03,9.617000,0.180000,1.240000,standard
PCO0001848,TRF0001875,P05,7.284000,0.180000,0.380000,standard
PCO0001849,TRF0001876,P06,9.965000,0.180000,7.260000,standard
PCO0001850,TRF0001877,P02,8.445000,0.180000,0.430000,standard
PCO0001851,TRF0001878,P03,9.796000,0.180000,0.330000,standard
PCO0001852,TRF0001879,P04,12.309000,0.180000,2.180000,standard
PCO0001853,TRF0001880,P05,6.546000,0.180000,0.860000,standard
PCO0001854,TRF0001881,P04,10.749000,0.180000,27.760000,standard
PCO0001855,TRF0001882,P06,11.638000,0.180000,1.620000,standard
PCO0001856,TRF0001883,P04,12.072000,0.180000,0.340000,standard
PCO0001857,TRF0001884,P02,9.581000,0.180000,1.020000,standard
PCO0001858,TRF0001885,P01,8.530000,0.180000,0.290000,standard
PCO0001859,TRF0001886,P03,9.306000,0.180000,1.710000,standard
PCO0001860,TRF0001887,P01,9.054000,0.180000,0.360000,standard
PCO0001861,TRF0001888,P04,11.010000,0.180000,2.070000,standard
PCO0001862,TRF0001889,P03,11.185000,0.180000,5.100000,standard
PCO0001863,TRF0001890,P02,9.737000,0.180000,1.270000,standard
PCO0001864,TRF0001891,P03,11.245000,0.180000,6.280000,standard
PCO0001865,TRF0001892,P05,6.389000,0.180000,0.280000,standard
PCO0001866,TRF0001893,P02,21.721000,0.180000,23.520000,priority
PCO0001867,TRF0001894,P05,6.937000,0.180000,0.530000,standard
PCO0001868,TRF0001895,P05,7.109000,0.180000,0.280000,standard
PCO0001869,TRF0001896,P02,9.786000,0.180000,0.800000,standard
PCO0001870,TRF0001897,P01,9.533000,0.180000,18.190000,standard
PCO0001871,TRF0001898,P03,10.928000,0.180000,0.880000,standard
PCO0001872,TRF0001899,P03,11.173000,0.180000,0.620000,standard
PCO0001873,TRF0001900,P05,8.082000,0.180000,1.050000,standard
PCO0001874,TRF0001901,P03,10.269000,0.180000,0.240000,standard
PCO0001875,TRF0001902,P02,10.364000,0.180000,0.840000,standard
PCO0001876,TRF0001903,P02,8.374000,0.180000,0.330000,standard
PCO0001877,TRF0001904,P04,10.610000,0.180000,4.570000,standard
PCO0001878,TRF0001906,P05,8.757000,0.180000,2.550000,standard
PCO0001879,TRF0001907,P04,10.986000,0.180000,1.550000,standard
PCO0001880,TRF0001908,P03,8.788000,0.180000,1.520000,standard
PCO0001881,TRF0001909,P04,11.455000,0.180000,0.580000,standard
PCO0001882,TRF0001910,P02,20.880000,0.180000,19.610000,priority
PCO0001883,TRF0001911,P05,6.740000,0.180000,0.450000,standard
PCO0001884,TRF0001912,P05,6.324000,0.180000,0.360000,standard
PCO0001885,TRF0001913,P06,10.364000,0.180000,4.000000,standard
PCO0001886,TRF0001914,P02,10.225000,0.180000,2.290000,standard
PCO0001887,TRF0001915,P02,10.151000,0.180000,1.080000,standard
PCO0001888,TRF0001916,P02,7.535000,0.180000,0.680000,standard
PCO0001889,TRF0001917,P06,10.984000,0.180000,3.310000,standard
PCO0001890,TRF0001918,P02,20.433000,0.180000,1.740000,priority
PCO0001891,TRF0001919,P06,8.748000,0.180000,4.460000,standard
PCO0001892,TRF0001920,P06,9.872000,0.180000,0.410000,standard
PCO0001893,TRF0001921,P02,20.721000,0.180000,1.120000,priority
PCO0001894,TRF0001922,P05,7.124000,0.180000,0.630000,standard
PCO0001895,TRF0001923,P02,9.771000,0.180000,0.920000,standard
PCO0001896,TRF0001924,P05,9.131000,0.180000,0.900000,standard
PCO0001897,TRF0001925,P01,9.030000,0.180000,0.800000,standard
PCO0001898,TRF0001927,P01,7.629000,0.180000,0.430000,standard
PCO0001899,TRF0001928,P04,12.491000,0.180000,0.380000,standard
PCO0001900,TRF0001929,P01,8.009000,0.180000,0.290000,standard
PCO0001901,TRF0001930,P02,10.275000,0.180000,1.290000,standard
PCO0001902,TRF0001932,P01,9.211000,0.180000,0.540000,standard
PCO0001903,TRF0001933,P01,7.959000,0.180000,7.870000,standard
PCO0001904,TRF0001934,P06,9.932000,0.180000,15.500000,standard
PCO0001905,TRF0001935,P04,10.362000,0.180000,45.770000,standard
PCO0001906,TRF0001936,P04,11.162000,0.180000,6.000000,standard
PCO0001907,TRF0001937,P04,11.333000,0.180000,1.000000,standard
PCO0001908,TRF0001938,P06,8.793000,0.180000,0.870000,standard
PCO0001909,TRF0001939,P01,7.152000,0.180000,0.260000,standard
PCO0001910,TRF0001940,P05,8.299000,0.180000,3.210000,standard
PCO0001911,TRF0001941,P04,12.551000,0.180000,0.570000,standard
PCO0001912,TRF0001942,P02,20.841000,0.180000,6.380000,priority
PCO0001913,TRF0001943,P05,8.919000,0.180000,0.940000,standard
PCO0001914,TRF0001944,P04,10.413000,0.180000,0.660000,standard
PCO0001915,TRF0001946,P02,8.061000,0.180000,0.420000,standard
PCO0001916,TRF0001947,P02,7.909000,0.180000,17.230000,standard
PCO0001917,TRF0001948,P05,6.396000,0.180000,1.660000,standard
PCO0001918,TRF0001949,P05,6.470000,0.180000,8.220000,standard
PCO0001919,TRF0001950,P02,10.415000,0.180000,0.630000,standard
PCO0001920,TRF0001951,P06,8.687000,0.180000,0.810000,standard
PCO0001921,TRF0001952,P02,8.285000,0.180000,13.310000,standard
PCO0001922,TRF0001953,P02,8.616000,0.180000,0.500000,standard
PCO0001923,TRF0001954,P02,10.807000,0.180000,0.800000,standard
PCO0001924,TRF0001955,P01,7.685000,0.180000,3.150000,standard
PCO0001925,TRF0001956,P06,8.490000,0.180000,3.400000,standard
PCO0001926,TRF0001957,P04,11.370000,0.180000,1.380000,standard
PCO0001927,TRF0001958,P02,10.644000,0.180000,2.070000,standard
PCO0001928,TRF0001959,P02,10.058000,0.180000,0.430000,standard
PCO0001929,TRF0001960,P05,6.971000,0.180000,0.630000,standard
PCO0001930,TRF0001961,P01,9.077000,0.180000,0.550000,standard
PCO0001931,TRF0001962,P01,7.869000,0.180000,0.320000,standard
PCO0001932,TRF0001963,P04,13.046000,0.180000,0.910000,standard
PCO0001933,TRF0001964,P04,12.200000,0.180000,0.460000,standard
PCO0001934,TRF0001965,P05,8.369000,0.180000,1.000000,standard
PCO0001935,TRF0001966,P04,13.652000,0.180000,6.010000,standard
PCO0001936,TRF0001967,P02,11.025000,0.180000,0.850000,standard
PCO0001937,TRF0001968,P01,9.322000,0.180000,0.640000,standard
PCO0001938,TRF0001969,P06,11.116000,0.180000,0.670000,standard
PCO0001939,TRF0001970,P02,10.988000,0.180000,1.320000,standard
PCO0001940,TRF0001971,P04,11.578000,0.180000,0.460000,standard
PCO0001941,TRF0001972,P04,13.382000,0.180000,10.380000,standard
PCO0001942,TRF0001973,P03,8.978000,0.180000,14.590000,standard
PCO0001943,TRF0001974,P06,11.255000,0.180000,0.770000,standard
PCO0001944,TRF0001975,P05,8.157000,0.180000,2.610000,standard
PCO0001945,TRF0001976,P05,7.006000,0.180000,3.770000,standard
PCO0001946,TRF0001977,P04,11.079000,0.180000,4.900000,standard
PCO0001947,TRF0001978,P04,11.586000,0.180000,1.280000,standard
PCO0001948,TRF0001979,P02,11.040000,0.180000,125.510000,standard
PCO0001949,TRF0001980,P04,10.002000,0.180000,2.190000,standard
PCO0001950,TRF0001981,P02,9.810000,0.180000,0.300000,standard
PCO0001951,TRF0001982,P04,12.849000,0.180000,0.440000,standard
PCO0001952,TRF0001983,P04,11.038000,0.180000,0.600000,standard
PCO0001953,TRF0001984,P02,21.623000,0.180000,6.790000,priority
PCO0001954,TRF0001985,P06,9.510000,0.180000,0.260000,standard
PCO0001955,TRF0001986,P02,11.356000,0.180000,8.810000,standard
PCO0001956,TRF0001987,P04,12.777000,0.180000,0.890000,standard
PCO0001957,TRF0001988,P04,12.150000,0.180000,9.010000,standard
PCO0001958,TRF0001989,P03,10.322000,0.180000,0.590000,standard
PCO0001959,TRF0001990,P04,11.978000,0.180000,2.120000,standard
PCO0001960,TRF0001991,P06,11.204000,0.180000,0.990000,standard
PCO0001961,TRF0001992,P05,7.245000,0.180000,1.850000,standard
PCO0001962,TRF0001993,P04,9.704000,0.180000,0.480000,standard
PCO0001963,TRF0001994,P05,9.010000,0.180000,5.030000,standard
PCO0001964,TRF0001995,P04,10.059000,0.180000,0.440000,standard
PCO0001965,TRF0001996,P06,10.238000,0.180000,2.600000,standard
PCO0001966,TRF0001997,P06,11.032000,0.180000,0.380000,standard
PCO0001967,TRF0001998,P03,10.958000,0.180000,4.290000,standard
PCO0001968,TRF0001999,P06,11.653000,0.180000,6.090000,standard
PCO0001969,TRF0002000,P04,11.491000,0.180000,0.520000,standard
PCO0001970,TRF0002001,P01,8.796000,0.180000,3.320000,standard
PCO0001971,TRF0002002,P04,9.622000,0.180000,0.340000,standard
PCO0001972,TRF0002003,P03,9.692000,0.180000,1.290000,standard
PCO0001973,TRF0002005,P05,8.361000,0.180000,0.490000,standard
PCO0001974,TRF0002006,P02,10.127000,0.180000,2.880000,standard
PCO0001975,TRF0002007,P03,10.911000,0.180000,1.240000,standard
PCO0001976,TRF0002008,P02,9.664000,0.180000,1.310000,standard
PCO0001977,TRF0002009,P03,10.107000,0.180000,1.470000,standard
PCO0001978,TRF0002010,P03,9.145000,0.180000,4.210000,standard
PCO0001979,TRF0002011,P02,7.997000,0.180000,0.960000,standard
PCO0001980,TRF0002012,P02,8.275000,0.180000,0.850000,standard
PCO0001981,TRF0002013,P03,9.184000,0.180000,1.580000,standard
PCO0001982,TRF0002015,P01,6.493000,0.180000,0.910000,standard
PCO0001983,TRF0002016,P03,8.477000,0.180000,0.360000,standard
PCO0001984,TRF0002017,P04,13.283000,0.180000,17.990000,standard
PCO0001985,TRF0002018,P04,11.424000,0.180000,0.590000,standard
PCO0001986,TRF0002019,P04,13.237000,0.180000,0.880000,standard
PCO0001987,TRF0002020,P04,11.693000,0.180000,4.730000,standard
PCO0001988,TRF0002021,P01,8.132000,0.180000,0.550000,standard
PCO0001989,TRF0002022,P06,10.578000,0.180000,0.490000,standard
PCO0001990,TRF0002023,P05,8.626000,0.180000,9.460000,standard
PCO0001991,TRF0002024,P04,12.451000,0.180000,2.270000,standard
PCO0001992,TRF0002025,P03,10.827000,0.180000,1.760000,standard
PCO0001993,TRF0002026,P02,9.727000,0.180000,0.940000,standard
PCO0001994,TRF0002027,P02,9.670000,0.180000,7.040000,standard
PCO0001995,TRF0002028,P02,20.801000,0.180000,1.000000,priority
PCO0001996,TRF0002029,P02,10.799000,0.180000,0.410000,standard
PCO0001997,TRF0002030,P06,8.342000,0.180000,2.410000,standard
PCO0001998,TRF0002031,P03,11.663000,0.180000,11.040000,standard
PCO0001999,TRF0002032,P01,9.444000,0.180000,0.830000,standard
PCO0002000,TRF0002033,P04,10.500000,0.180000,7.180000,standard
PCO0002001,TRF0002034,P01,9.445000,0.180000,0.300000,standard
PCO0002002,TRF0002035,P04,11.757000,0.180000,8.690000,standard
PCO0002003,TRF0002036,P01,7.449000,0.180000,0.640000,standard
PCO0002004,TRF0002037,P01,7.053000,0.180000,4.850000,standard
PCO0002005,TRF0002038,P02,8.218000,0.180000,0.200000,standard
PCO0002006,TRF0002039,P03,11.967000,0.180000,1.340000,standard
PCO0002007,TRF0002040,P04,10.531000,0.180000,0.640000,standard
PCO0002008,TRF0002041,P01,8.750000,0.180000,0.780000,standard
PCO0002009,TRF0002042,P04,11.692000,0.180000,0.780000,standard
PCO0002010,TRF0002043,P03,9.347000,0.180000,0.410000,standard
PCO0002011,TRF0002044,P05,9.809000,0.180000,1.480000,standard
PCO0002012,TRF0002045,P04,11.883000,0.180000,0.590000,standard
PCO0002013,TRF0002046,P02,10.473000,0.180000,0.450000,standard
PCO0002014,TRF0002047,P02,7.843000,0.180000,0.440000,standard
PCO0002015,TRF0002048,P02,9.128000,0.180000,0.650000,standard
PCO0002016,TRF0002049,P02,7.594000,0.180000,0.310000,standard
PCO0002017,TRF0002050,P01,10.467000,0.180000,0.860000,standard
PCO0002018,TRF0002051,P01,9.224000,0.180000,7.800000,standard
PCO0002019,TRF0002052,P05,8.787000,0.180000,0.880000,standard
PCO0002020,TRF0002053,P05,8.232000,0.180000,0.420000,standard
PCO0002021,TRF0002054,P03,11.077000,0.180000,0.550000,standard
PCO0002022,TRF0002055,P01,10.329000,0.180000,20.890000,standard
PCO0002023,TRF0002056,P03,10.270000,0.180000,16.010000,standard
PCO0002024,TRF0002057,P04,10.250000,0.180000,0.400000,standard
PCO0002025,TRF0002058,P03,9.493000,0.180000,1.340000,standard
PCO0002026,TRF0002059,P04,10.686000,0.180000,1.240000,standard
PCO0002027,TRF0002060,P02,9.085000,0.180000,1.080000,standard
PCO0002028,TRF0002061,P03,9.804000,0.180000,2.480000,standard
PCO0002029,TRF0002062,P02,7.796000,0.180000,0.670000,standard
PCO0002030,TRF0002063,P01,7.619000,0.180000,2.550000,standard
PCO0002031,TRF0002064,P06,10.147000,0.180000,2.070000,standard
PCO0002032,TRF0002065,P02,12.152000,0.180000,1.560000,standard
PCO0002033,TRF0002066,P03,8.812000,0.180000,0.390000,standard
PCO0002034,TRF0002067,P01,8.530000,0.180000,0.430000,standard
PCO0002035,TRF0002068,P05,7.147000,0.180000,0.350000,standard
PCO0002036,TRF0002069,P01,8.534000,0.180000,1.420000,standard
PCO0002037,TRF0002070,P02,8.765000,0.180000,0.910000,standard
PCO0002038,TRF0002071,P01,6.842000,0.180000,3.190000,standard
PCO0002039,TRF0002072,P04,10.948000,0.180000,0.560000,standard
PCO0002040,TRF0002073,P06,9.574000,0.180000,1.380000,standard
PCO0002041,TRF0002074,P03,9.048000,0.180000,1.310000,standard
PCO0002042,TRF0002075,P06,10.458000,0.180000,10.810000,standard
PCO0002043,TRF0002076,P02,8.952000,0.180000,18.570000,standard
PCO0002044,TRF0002077,P04,10.483000,0.180000,2.130000,standard
PCO0002045,TRF0002078,P04,10.424000,0.180000,0.530000,standard
PCO0002046,TRF0002079,P02,9.032000,0.180000,19.610000,standard
PCO0002047,TRF0002080,P01,8.718000,0.180000,5.480000,standard
PCO0002048,TRF0002081,P05,7.283000,0.180000,5.160000,standard
PCO0002049,TRF0002082,P01,7.557000,0.180000,0.600000,standard
PCO0002050,TRF0002083,P03,10.736000,0.180000,0.710000,standard
PCO0002051,TRF0002084,P02,21.693000,0.180000,154.850000,priority
PCO0002052,TRF0002085,P01,8.297000,0.180000,0.280000,standard
PCO0002053,TRF0002086,P02,10.500000,0.180000,1.420000,standard
PCO0002054,TRF0002087,P03,12.007000,0.180000,4.440000,standard
PCO0002055,TRF0002088,P04,12.445000,0.180000,22.640000,standard
PCO0002056,TRF0002089,P04,12.074000,0.180000,2.420000,standard
PCO0002057,TRF0002090,P03,9.694000,0.180000,4.530000,standard
PCO0002058,TRF0002091,P06,9.801000,0.180000,1.750000,standard
PCO0002059,TRF0002092,P05,7.544000,0.180000,1.060000,standard
PCO0002060,TRF0002093,P05,9.352000,0.180000,13.540000,standard
PCO0002061,TRF0002094,P04,10.508000,0.180000,0.970000,standard
PCO0002062,TRF0002095,P03,11.920000,0.180000,0.550000,standard
PCO0002063,TRF0002096,P04,9.012000,0.180000,6.870000,standard
PCO0002064,TRF0002097,P03,9.523000,0.180000,15.360000,standard
PCO0002065,TRF0002098,P02,10.847000,0.180000,0.950000,standard
PCO0002066,TRF0002099,P03,9.615000,0.180000,3.730000,standard
PCO0002067,TRF0002100,P01,7.412000,0.180000,7.300000,standard
PCO0002068,TRF0002101,P06,10.224000,0.180000,0.530000,standard
PCO0002069,TRF0002102,P01,7.478000,0.180000,0.630000,standard
PCO0002070,TRF0002103,P02,21.527000,0.180000,21.850000,priority
PCO0002071,TRF0002104,P02,10.430000,0.180000,0.380000,standard
PCO0002072,TRF0002105,P02,21.296000,0.180000,42.690000,priority
PCO0002073,TRF0002106,P04,12.134000,0.180000,0.340000,standard
PCO0002074,TRF0002107,P04,13.036000,0.180000,0.930000,standard
PCO0002075,TRF0002108,P06,8.522000,0.180000,4.080000,standard
PCO0002076,TRF0002109,P01,8.999000,0.180000,3.080000,standard
PCO0002077,TRF0002110,P06,8.071000,0.180000,0.530000,standard
PCO0002078,TRF0002111,P06,10.904000,0.180000,0.310000,standard
PCO0002079,TRF0002112,P01,10.397000,0.180000,1.060000,standard
PCO0002080,TRF0002113,P02,7.948000,0.180000,1.500000,standard
PCO0002081,TRF0002114,P01,6.260000,0.180000,0.470000,standard
PCO0002082,TRF0002115,P06,8.348000,0.180000,0.220000,standard
PCO0002083,TRF0002116,P06,7.991000,0.180000,0.410000,standard
PCO0002084,TRF0002117,P04,9.191000,0.180000,39.960000,standard
PCO0002085,TRF0002118,P04,10.449000,0.180000,0.390000,standard
PCO0002086,TRF0002119,P01,8.816000,0.180000,0.530000,standard
PCO0002087,TRF0002120,P02,20.734000,0.180000,3.280000,priority
PCO0002088,TRF0002121,P04,10.190000,0.180000,0.230000,standard
PCO0002089,TRF0002122,P01,7.887000,0.180000,1.000000,standard
PCO0002090,TRF0002123,P05,7.247000,0.180000,0.710000,standard
PCO0002091,TRF0002124,P02,9.291000,0.180000,7.770000,standard
PCO0002092,TRF0002125,P02,9.971000,0.180000,0.470000,standard
PCO0002093,TRF0002126,P05,9.821000,0.180000,0.890000,standard
PCO0002094,TRF0002127,P04,11.194000,0.180000,1.490000,standard
PCO0002095,TRF0002128,P03,9.303000,0.180000,0.360000,standard
PCO0002096,TRF0002129,P04,11.062000,0.180000,1.750000,standard
PCO0002097,TRF0002130,P05,7.570000,0.180000,0.450000,standard
PCO0002098,TRF0002131,P04,11.114000,0.180000,20.170000,standard
PCO0002099,TRF0002132,P02,9.598000,0.180000,0.530000,standard
PCO0002100,TRF0002133,P02,8.351000,0.180000,6.160000,standard
PCO0002101,TRF0002134,P01,8.479000,0.180000,8.150000,standard
PCO0002102,TRF0002135,P02,9.161000,0.180000,0.970000,standard
PCO0002103,TRF0002136,P06,10.001000,0.180000,40.780000,standard
PCO0002104,TRF0002137,P01,7.277000,0.180000,1.150000,standard
PCO0002105,TRF0002138,P05,6.829000,0.180000,0.270000,standard
PCO0002106,TRF0002139,P02,8.581000,0.180000,0.290000,standard
PCO0002107,TRF0002140,P05,9.373000,0.180000,6.820000,standard
PCO0002108,TRF0002141,P05,6.451000,0.180000,1.150000,standard
PCO0002109,TRF0002142,P05,7.197000,0.180000,0.320000,standard
PCO0002110,TRF0002143,P04,11.644000,0.180000,2.350000,standard
PCO0002111,TRF0002144,P02,10.975000,0.180000,0.600000,standard
PCO0002112,TRF0002145,P05,7.157000,0.180000,2.770000,standard
PCO0002113,TRF0002146,P04,11.984000,0.180000,0.430000,standard
PCO0002114,TRF0002148,P06,10.218000,0.180000,0.660000,standard
PCO0002115,TRF0002149,P03,9.419000,0.180000,3.550000,standard
PCO0002116,TRF0002150,P02,9.307000,0.180000,25.660000,standard
PCO0002117,TRF0002151,P01,8.109000,0.180000,3.720000,standard
PCO0002118,TRF0002152,P02,8.453000,0.180000,2.610000,standard
PCO0002119,TRF0002153,P05,9.379000,0.180000,1.260000,standard
PCO0002120,TRF0002154,P02,9.827000,0.180000,1.980000,standard
PCO0002121,TRF0002155,P02,10.790000,0.180000,0.860000,standard
PCO0002122,TRF0002156,P06,11.760000,0.180000,0.400000,standard
PCO0002123,TRF0002157,P04,10.378000,0.180000,0.800000,standard
PCO0002124,TRF0002158,P05,10.077000,0.180000,1.090000,standard
PCO0002125,TRF0002159,P01,7.268000,0.180000,0.970000,standard
PCO0002126,TRF0002160,P06,8.619000,0.180000,4.890000,standard
PCO0002127,TRF0002161,P02,8.679000,0.180000,14.520000,standard
PCO0002128,TRF0002162,P01,10.521000,0.180000,0.730000,standard
PCO0002129,TRF0002164,P01,8.090000,0.180000,2.120000,standard
PCO0002130,TRF0002165,P05,8.214000,0.180000,30.390000,standard
PCO0002131,TRF0002166,P06,9.032000,0.180000,4.000000,standard
PCO0002132,TRF0002167,P04,10.842000,0.180000,3.610000,standard
PCO0002133,TRF0002168,P06,11.110000,0.180000,0.540000,standard
PCO0002134,TRF0002169,P01,9.936000,0.180000,0.790000,standard
PCO0002135,TRF0002170,P01,8.109000,0.180000,0.790000,standard
PCO0002136,TRF0002171,P05,7.259000,0.180000,0.550000,standard
PCO0002137,TRF0002172,P01,8.130000,0.180000,1.040000,standard
PCO0002138,TRF0002173,P02,9.798000,0.180000,1.410000,standard
PCO0002139,TRF0002174,P05,8.327000,0.180000,11.170000,standard
PCO0002140,TRF0002175,P03,9.238000,0.180000,1.550000,standard
PCO0002141,TRF0002176,P01,8.616000,0.180000,4.890000,standard
PCO0002142,TRF0002177,P03,10.694000,0.180000,0.310000,standard
PCO0002143,TRF0002178,P05,6.997000,0.180000,1.420000,standard
PCO0002144,TRF0002179,P03,9.425000,0.180000,1.240000,standard
PCO0002145,TRF0002180,P06,10.467000,0.180000,0.620000,standard
PCO0002146,TRF0002181,P05,6.760000,0.180000,0.990000,standard
PCO0002147,TRF0002182,P02,21.730000,0.180000,30.360000,priority
PCO0002148,TRF0002183,P01,6.407000,0.180000,0.280000,standard
PCO0002149,TRF0002184,P04,12.943000,0.180000,2.510000,standard
PCO0002150,TRF0002185,P06,8.505000,0.180000,5.630000,standard
PCO0002151,TRF0002186,P04,10.205000,0.180000,2.370000,standard
PCO0002152,TRF0002187,P03,10.083000,0.180000,8.400000,standard
PCO0002153,TRF0002188,P01,7.114000,0.180000,4.130000,standard
PCO0002154,TRF0002189,P04,10.823000,0.180000,0.530000,standard
PCO0002155,TRF0002190,P02,8.953000,0.180000,59.490000,standard
PCO0002156,TRF0002191,P02,9.468000,0.180000,1.330000,standard
PCO0002157,TRF0002192,P05,6.772000,0.180000,7.590000,standard
PCO0002158,TRF0002193,P05,8.182000,0.180000,0.780000,standard
PCO0002159,TRF0002194,P03,11.786000,0.180000,0.370000,standard
PCO0002160,TRF0002195,P02,10.245000,0.180000,0.410000,standard
PCO0002161,TRF0002196,P05,7.462000,0.180000,5.170000,standard
PCO0002162,TRF0002197,P03,9.587000,0.180000,0.570000,standard
PCO0002163,TRF0002198,P03,9.427000,0.180000,12.880000,standard
PCO0002164,TRF0002199,P01,7.589000,0.180000,0.640000,standard
PCO0002165,TRF0002200,P04,12.985000,0.180000,0.670000,standard
PCO0002166,TRF0002201,P04,10.026000,0.180000,0.430000,standard
PCO0002167,TRF0002202,P01,8.533000,0.180000,2.460000,standard
PCO0002168,TRF0002203,P05,8.438000,0.180000,2.730000,standard
PCO0002169,TRF0002204,P06,10.524000,0.180000,37.790000,standard
PCO0002170,TRF0002205,P02,9.844000,0.180000,7.020000,standard
PCO0002171,TRF0002206,P02,8.516000,0.180000,0.360000,standard
PCO0002172,TRF0002207,P02,20.465000,0.180000,1.030000,priority
PCO0002173,TRF0002208,P06,8.370000,0.180000,0.280000,standard
PCO0002174,TRF0002209,P02,8.024000,0.180000,0.410000,standard
PCO0002175,TRF0002210,P01,7.191000,0.180000,0.360000,standard
PCO0002176,TRF0002211,P02,9.557000,0.180000,3.300000,standard
PCO0002177,TRF0002212,P01,9.786000,0.180000,2.980000,standard
PCO0002178,TRF0002213,P04,12.196000,0.180000,0.420000,standard
PCO0002179,TRF0002214,P03,9.470000,0.180000,1.110000,standard
PCO0002180,TRF0002215,P02,8.827000,0.180000,1.470000,standard
PCO0002181,TRF0002216,P01,5.573000,0.180000,0.820000,standard
PCO0002182,TRF0002217,P02,9.209000,0.180000,0.810000,standard
PCO0002183,TRF0002218,P02,8.037000,0.180000,35.370000,standard
PCO0002184,TRF0002219,P04,12.418000,0.180000,1.490000,standard
PCO0002185,TRF0002220,P06,10.907000,0.180000,0.790000,standard
PCO0002186,TRF0002221,P05,6.544000,0.180000,11.920000,standard
PCO0002187,TRF0002222,P06,9.252000,0.180000,0.910000,standard
PCO0002188,TRF0002223,P02,7.366000,0.180000,0.310000,standard
PCO0002189,TRF0002224,P06,9.979000,0.180000,0.680000,standard
PCO0002190,TRF0002225,P02,11.160000,0.180000,8.720000,standard
PCO0002191,TRF0002226,P02,8.958000,0.180000,1.060000,standard
PCO0002192,TRF0002227,P04,10.733000,0.180000,0.980000,standard
PCO0002193,TRF0002228,P03,11.010000,0.180000,0.310000,standard
PCO0002194,TRF0002229,P03,9.948000,0.180000,0.850000,standard
PCO0002195,TRF0002231,P04,9.841000,0.180000,0.790000,standard
PCO0002196,TRF0002232,P02,8.784000,0.180000,12.930000,standard
PCO0002197,TRF0002233,P06,10.865000,0.180000,0.710000,standard
PCO0002198,TRF0002234,P05,9.098000,0.180000,0.400000,standard
PCO0002199,TRF0002235,P04,11.044000,0.180000,1.530000,standard
PCO0002200,TRF0002236,P01,8.063000,0.180000,1.230000,standard
PCO0002201,TRF0002237,P04,11.463000,0.180000,5.450000,standard
PCO0002202,TRF0002238,P03,10.067000,0.180000,0.520000,standard
PCO0002203,TRF0002239,P04,13.072000,0.180000,4.010000,standard
PCO0002204,TRF0002240,P01,8.324000,0.180000,0.380000,standard
PCO0002205,TRF0002241,P02,10.217000,0.180000,0.830000,standard
PCO0002206,TRF0002242,P01,6.908000,0.180000,0.460000,standard
PCO0002207,TRF0002243,P06,9.592000,0.180000,1.340000,standard
PCO0002208,TRF0002244,P01,8.305000,0.180000,0.880000,standard
PCO0002209,TRF0002245,P06,11.289000,0.180000,5.280000,standard
PCO0002210,TRF0002246,P04,12.802000,0.180000,0.640000,standard
PCO0002211,TRF0002247,P02,9.743000,0.180000,0.870000,standard
PCO0002212,TRF0002248,P01,7.392000,0.180000,10.050000,standard
PCO0002213,TRF0002249,P05,7.042000,0.180000,0.610000,standard
PCO0002214,TRF0002250,P03,10.237000,0.180000,0.750000,standard
PCO0002215,TRF0002251,P01,8.218000,0.180000,3.140000,standard
PCO0002216,TRF0002252,P06,9.146000,0.180000,0.700000,standard
PCO0002217,TRF0002253,P06,9.119000,0.180000,20.430000,standard
PCO0002218,TRF0002254,P02,9.289000,0.180000,1.030000,standard
PCO0002219,TRF0002255,P06,10.380000,0.180000,1.610000,standard
PCO0002220,TRF0002256,P02,8.457000,0.180000,0.670000,standard
PCO0002221,TRF0002257,P01,7.232000,0.180000,0.310000,standard
PCO0002222,TRF0002258,P04,11.138000,0.180000,1.400000,standard
PCO0002223,TRF0002259,P05,9.281000,0.180000,0.690000,standard
PCO0002224,TRF0002260,P02,21.033000,0.180000,0.680000,priority
PCO0002225,TRF0002261,P05,7.513000,0.180000,0.360000,standard
PCO0002226,TRF0002262,P01,8.614000,0.180000,0.360000,standard
PCO0002227,TRF0002263,P04,13.246000,0.180000,3.910000,standard
PCO0002228,TRF0002264,P01,8.468000,0.180000,2.600000,standard
PCO0002229,TRF0002265,P01,9.958000,0.180000,3.930000,standard
PCO0002230,TRF0002266,P01,7.313000,0.180000,1.600000,standard
PCO0002231,TRF0002267,P02,9.247000,0.180000,0.490000,standard
PCO0002232,TRF0002268,P02,8.304000,0.180000,2.420000,standard
PCO0002233,TRF0002269,P03,9.115000,0.180000,1.350000,standard
PCO0002234,TRF0002270,P06,8.278000,0.180000,0.900000,standard
PCO0002235,TRF0002271,P02,7.550000,0.180000,1.640000,standard
PCO0002236,TRF0002272,P03,10.648000,0.180000,0.710000,standard
PCO0002237,TRF0002273,P02,8.156000,0.180000,0.430000,standard
PCO0002238,TRF0002274,P04,12.854000,0.180000,2.020000,standard
PCO0002239,TRF0002275,P04,11.309000,0.180000,0.410000,standard
PCO0002240,TRF0002276,P06,9.243000,0.180000,8.450000,standard
PCO0002241,TRF0002277,P03,11.813000,0.180000,4.780000,standard
PCO0002242,TRF0002278,P04,9.911000,0.180000,0.440000,standard
PCO0002243,TRF0002279,P01,10.402000,0.180000,0.610000,standard
PCO0002244,TRF0002280,P03,11.882000,0.180000,19.340000,standard
PCO0002245,TRF0002281,P03,9.883000,0.180000,5.940000,standard
PCO0002246,TRF0002282,P04,11.718000,0.180000,12.140000,standard
PCO0002247,TRF0002283,P05,6.351000,0.180000,7.520000,standard
PCO0002248,TRF0002284,P02,8.635000,0.180000,0.840000,standard
PCO0002249,TRF0002285,P04,11.670000,0.180000,28.000000,standard
PCO0002250,TRF0002286,P03,9.633000,0.180000,1.390000,standard
PCO0002251,TRF0002287,P03,9.613000,0.180000,0.690000,standard
PCO0002252,TRF0002288,P01,9.066000,0.180000,0.460000,standard
PCO0002253,TRF0002289,P06,11.159000,0.180000,0.370000,standard
PCO0002254,TRF0002290,P05,8.806000,0.180000,1.750000,standard
PCO0002255,TRF0002291,P01,7.753000,0.180000,0.470000,standard
PCO0002256,TRF0002292,P02,8.750000,0.180000,0.530000,standard
PCO0002257,TRF0002293,P01,7.886000,0.180000,7.000000,standard
PCO0002258,TRF0002294,P01,8.473000,0.180000,0.930000,standard
PCO0002259,TRF0002295,P04,12.439000,0.180000,0.810000,standard
PCO0002260,TRF0002296,P01,8.480000,0.180000,82.480000,standard
PCO0002261,TRF0002297,P06,8.847000,0.180000,1.240000,standard
PCO0002262,TRF0002298,P03,12.950000,0.180000,5.410000,standard
PCO0002263,TRF0002299,P06,9.568000,0.180000,0.400000,standard
PCO0002264,TRF0002300,P01,8.549000,0.180000,0.730000,standard
PCO0002265,TRF0002301,P03,11.437000,0.180000,0.540000,standard
PCO0002266,TRF0002302,P03,11.798000,0.180000,4.720000,standard
PCO0002267,TRF0002303,P05,9.150000,0.180000,0.560000,standard
PCO0002268,TRF0002304,P05,9.312000,0.180000,1.540000,standard
PCO0002269,TRF0002305,P04,10.776000,0.180000,24.720000,standard
PCO0002270,TRF0002306,P01,9.115000,0.180000,0.400000,standard
PCO0002271,TRF0002307,P03,8.893000,0.180000,1.410000,standard
PCO0002272,TRF0002308,P05,8.089000,0.180000,0.920000,standard
PCO0002273,TRF0002309,P04,10.718000,0.180000,1.540000,standard
PCO0002274,TRF0002310,P02,20.843000,0.180000,1.760000,priority
PCO0002275,TRF0002311,P01,7.767000,0.180000,0.950000,standard
PCO0002276,TRF0002312,P02,9.444000,0.180000,0.570000,standard
PCO0002277,TRF0002313,P04,10.516000,0.180000,55.720000,standard
PCO0002278,TRF0002314,P04,9.874000,0.180000,0.840000,standard
PCO0002279,TRF0002315,P03,10.516000,0.180000,0.370000,standard
PCO0002280,TRF0002316,P01,8.832000,0.180000,2.380000,standard
PCO0002281,TRF0002317,P03,9.746000,0.180000,1.080000,standard
PCO0002282,TRF0002318,P02,8.372000,0.180000,15.750000,standard
PCO0002283,TRF0002319,P02,8.251000,0.180000,2.120000,standard
PCO0002284,TRF0002320,P06,9.090000,0.180000,3.850000,standard
PCO0002285,TRF0002321,P02,8.613000,0.180000,0.740000,standard
PCO0002286,TRF0002322,P04,12.781000,0.180000,1.440000,standard
PCO0002287,TRF0002323,P06,11.014000,0.180000,0.610000,standard
PCO0002288,TRF0002324,P05,6.886000,0.180000,0.620000,standard
PCO0002289,TRF0002325,P01,9.189000,0.180000,1.480000,standard
PCO0002290,TRF0002326,P01,8.560000,0.180000,1.980000,standard
PCO0002291,TRF0002327,P04,9.980000,0.180000,3.710000,standard
PCO0002292,TRF0002328,P05,6.684000,0.180000,2.100000,standard
PCO0002293,TRF0002329,P05,7.116000,0.180000,0.430000,standard
PCO0002294,TRF0002330,P05,9.583000,0.180000,3.170000,standard
PCO0002295,TRF0002331,P05,7.064000,0.180000,1.550000,standard
PCO0002296,TRF0002332,P01,7.980000,0.180000,10.440000,standard
PCO0002297,TRF0002333,P04,9.927000,0.180000,0.690000,standard
PCO0002298,TRF0002334,P02,10.062000,0.180000,0.620000,standard
PCO0002299,TRF0002335,P02,8.224000,0.180000,0.380000,standard
PCO0002300,TRF0002336,P01,8.047000,0.180000,4.850000,standard
PCO0002301,TRF0002337,P02,8.327000,0.180000,0.290000,standard
PCO0002302,TRF0002338,P04,10.702000,0.180000,24.010000,standard
PCO0002303,TRF0002339,P06,9.777000,0.180000,0.440000,standard
PCO0002304,TRF0002340,P04,10.747000,0.180000,1.150000,standard
PCO0002305,TRF0002341,P01,9.203000,0.180000,1.420000,standard
PCO0002306,TRF0002342,P02,10.653000,0.180000,5.520000,standard
PCO0002307,TRF0002343,P01,7.619000,0.180000,1.610000,standard
PCO0002308,TRF0002344,P02,9.980000,0.180000,0.350000,standard
PCO0002309,TRF0002345,P02,11.595000,0.180000,144.870000,standard
PCO0002310,TRF0002346,P01,9.375000,0.180000,0.370000,standard
PCO0002311,TRF0002347,P05,8.499000,0.180000,0.310000,standard
PCO0002312,TRF0002348,P04,10.461000,0.180000,0.990000,standard
PCO0002313,TRF0002349,P06,9.020000,0.180000,0.890000,standard
PCO0002314,TRF0002350,P01,8.739000,0.180000,7.430000,standard
PCO0002315,TRF0002351,P03,9.841000,0.180000,0.830000,standard
PCO0002316,TRF0002352,P02,10.584000,0.180000,5.600000,standard
PCO0002317,TRF0002353,P04,12.425000,0.180000,10.500000,standard
PCO0002318,TRF0002354,P04,10.768000,0.180000,7.730000,standard
PCO0002319,TRF0002355,P02,9.398000,0.180000,2.260000,standard
PCO0002320,TRF0002356,P06,9.859000,0.180000,1.520000,standard
PCO0002321,TRF0002357,P03,8.996000,0.180000,1.110000,standard
PCO0002322,TRF0002358,P06,8.898000,0.180000,0.590000,standard
PCO0002323,TRF0002359,P01,6.630000,0.180000,1.620000,standard
PCO0002324,TRF0002360,P02,9.409000,0.180000,11.300000,standard
PCO0002325,TRF0002361,P02,10.771000,0.180000,0.340000,standard
PCO0002326,TRF0002362,P04,11.981000,0.180000,2.770000,standard
PCO0002327,TRF0002363,P02,10.913000,0.180000,0.640000,standard
PCO0002328,TRF0002364,P03,10.861000,0.180000,1.010000,standard
PCO0002329,TRF0002365,P05,8.191000,0.180000,44.440000,standard
PCO0002330,TRF0002366,P03,9.182000,0.180000,1.010000,standard
PCO0002331,TRF0002367,P04,11.916000,0.180000,1.820000,standard
PCO0002332,TRF0002368,P02,8.957000,0.180000,1.030000,standard
PCO0002333,TRF0002369,P01,7.771000,0.180000,0.420000,standard
PCO0002334,TRF0002370,P05,8.630000,0.180000,0.350000,standard
PCO0002335,TRF0002371,P04,10.863000,0.180000,8.690000,standard
PCO0002336,TRF0002372,P04,10.203000,0.180000,8.610000,standard
PCO0002337,TRF0002373,P02,8.669000,0.180000,2.360000,standard
PCO0002338,TRF0002374,P03,9.825000,0.180000,0.630000,standard
PCO0002339,TRF0002375,P01,9.542000,0.180000,0.350000,standard
PCO0002340,TRF0002376,P03,12.246000,0.180000,17.240000,standard
PCO0002341,TRF0002377,P03,9.973000,0.180000,1.900000,standard
PCO0002342,TRF0002378,P02,9.967000,0.180000,2.560000,standard
PCO0002343,TRF0002379,P01,7.539000,0.180000,0.500000,standard
PCO0002344,TRF0002380,P03,11.440000,0.180000,0.790000,standard
PCO0002345,TRF0002381,P01,7.948000,0.180000,0.640000,standard
PCO0002346,TRF0002382,P06,10.337000,0.180000,0.600000,standard
PCO0002347,TRF0002383,P05,6.802000,0.180000,1.000000,standard
PCO0002348,TRF0002384,P04,11.125000,0.180000,9.270000,standard
PCO0002349,TRF0002385,P06,8.915000,0.180000,4.050000,standard
PCO0002350,TRF0002386,P01,7.206000,0.180000,0.590000,standard
PCO0002351,TRF0002387,P01,8.819000,0.180000,8.280000,standard
PCO0002352,TRF0002388,P02,10.394000,0.180000,1.030000,standard
PCO0002353,TRF0002389,P06,10.463000,0.180000,0.550000,standard
PCO0002354,TRF0002390,P01,9.283000,0.180000,0.890000,standard
PCO0002355,TRF0002391,P06,10.095000,0.180000,0.800000,standard
PCO0002356,TRF0002392,P06,9.169000,0.180000,2.300000,standard
PCO0002357,TRF0002393,P01,7.263000,0.180000,1.850000,standard
PCO0002358,TRF0002394,P03,11.212000,0.180000,2.330000,standard
PCO0002359,TRF0002395,P01,8.145000,0.180000,3.050000,standard
PCO0002360,TRF0002396,P01,9.820000,0.180000,2.700000,standard
PCO0002361,TRF0002397,P04,10.562000,0.180000,0.540000,standard
PCO0002362,TRF0002398,P03,9.976000,0.180000,0.440000,standard
PCO0002363,TRF0002399,P02,9.332000,0.180000,9.810000,standard
PCO0002364,TRF0002400,P04,13.155000,0.180000,10.980000,standard
PCO0002365,TRF0002401,P01,8.908000,0.180000,1.010000,standard
PCO0002366,TRF0002402,P04,12.639000,0.180000,1.210000,standard
PCO0002367,TRF0002403,P02,9.398000,0.180000,0.910000,standard
PCO0002368,TRF0002404,P05,6.977000,0.180000,1.340000,standard
PCO0002369,TRF0002405,P02,7.934000,0.180000,0.600000,standard
PCO0002370,TRF0002406,P03,10.382000,0.180000,1.290000,standard
PCO0002371,TRF0002407,P01,10.032000,0.180000,1.290000,standard
PCO0002372,TRF0002408,P01,7.565000,0.180000,1.230000,standard
PCO0002373,TRF0002409,P01,7.226000,0.180000,4.680000,standard
PCO0002374,TRF0002410,P04,10.877000,0.180000,2.520000,standard
PCO0002375,TRF0002411,P04,12.422000,0.180000,7.380000,standard
PCO0002376,TRF0002412,P04,9.422000,0.180000,0.440000,standard
PCO0002377,TRF0002413,P03,9.379000,0.180000,0.680000,standard
PCO0002378,TRF0002414,P06,9.774000,0.180000,0.490000,standard
PCO0002379,TRF0002415,P04,11.765000,0.180000,1.130000,standard
PCO0002380,TRF0002416,P03,8.849000,0.180000,0.740000,standard
PCO0002381,TRF0002417,P06,12.050000,0.180000,0.420000,standard
PCO0002382,TRF0002418,P04,10.479000,0.180000,2.190000,standard
PCO0002383,TRF0002419,P02,9.996000,0.180000,65.140000,standard
PCO0002384,TRF0002420,P06,10.214000,0.180000,7.500000,standard
PCO0002385,TRF0002421,P04,11.475000,0.180000,0.310000,standard
PCO0002386,TRF0002422,P03,10.869000,0.180000,4.340000,standard
PCO0002387,TRF0002423,P02,20.583000,0.180000,2.100000,priority
PCO0002388,TRF0002424,P06,10.589000,0.180000,0.290000,standard
PCO0002389,TRF0002425,P05,8.840000,0.180000,1.510000,standard
PCO0002390,TRF0002426,P04,10.517000,0.180000,1.120000,standard
PCO0002391,TRF0002427,P01,8.045000,0.180000,2.320000,standard
PCO0002392,TRF0002428,P04,11.551000,0.180000,0.700000,standard
PCO0002393,TRF0002429,P04,13.017000,0.180000,0.870000,standard
PCO0002394,TRF0002430,P06,9.227000,0.180000,1.020000,standard
PCO0002395,TRF0002431,P01,7.684000,0.180000,0.920000,standard
PCO0002396,TRF0002432,P06,8.522000,0.180000,16.680000,standard
PCO0002397,TRF0002433,P04,11.231000,0.180000,16.200000,standard
PCO0002398,TRF0002434,P06,8.535000,0.180000,1.130000,standard
PCO0002399,TRF0002435,P02,20.477000,0.180000,9.040000,priority
PCO0002400,TRF0002436,P05,8.153000,0.180000,2.640000,standard
PCO0002401,TRF0002437,P01,7.551000,0.180000,0.350000,standard
PCO0002402,TRF0002438,P02,9.394000,0.180000,0.820000,standard
PCO0002403,TRF0002439,P01,8.811000,0.180000,0.710000,standard
PCO0002404,TRF0002440,P06,11.065000,0.180000,0.480000,standard
PCO0002405,TRF0002441,P03,10.558000,0.180000,0.960000,standard
PCO0002406,TRF0002442,P03,9.728000,0.180000,1.460000,standard
PCO0002407,TRF0002443,P05,10.182000,0.180000,1.350000,standard
PCO0002408,TRF0002444,P01,8.013000,0.180000,1.270000,standard
PCO0002409,TRF0002445,P04,11.406000,0.180000,0.670000,standard
PCO0002410,TRF0002446,P04,11.031000,0.180000,1.010000,standard
PCO0002411,TRF0002447,P05,8.630000,0.180000,0.700000,standard
PCO0002412,TRF0002449,P05,9.245000,0.180000,0.970000,standard
PCO0002413,TRF0002450,P02,8.017000,0.180000,10.650000,standard
PCO0002414,TRF0002451,P03,8.273000,0.180000,1.220000,standard
PCO0002415,TRF0002452,P01,8.302000,0.180000,0.260000,standard
PCO0002416,TRF0002453,P02,9.758000,0.180000,2.370000,standard
PCO0002417,TRF0002454,P06,11.135000,0.180000,11.230000,standard
PCO0002418,TRF0002455,P03,10.150000,0.180000,0.860000,standard
PCO0002419,TRF0002456,P02,9.105000,0.180000,1.100000,standard
PCO0002420,TRF0002457,P03,9.815000,0.180000,0.600000,standard
PCO0002421,TRF0002458,P03,9.807000,0.180000,10.230000,standard
PCO0002422,TRF0002459,P03,8.701000,0.180000,1.280000,standard
PCO0002423,TRF0002460,P01,8.942000,0.180000,5.920000,standard
PCO0002424,TRF0002461,P04,11.777000,0.180000,2.370000,standard
PCO0002425,TRF0002462,P01,9.701000,0.180000,0.570000,standard
PCO0002426,TRF0002463,P02,11.010000,0.180000,1.410000,standard
PCO0002427,TRF0002464,P02,9.034000,0.180000,8.950000,standard
PCO0002428,TRF0002465,P01,9.440000,0.180000,1.730000,standard
PCO0002429,TRF0002466,P01,9.445000,0.180000,9.210000,standard
PCO0002430,TRF0002467,P05,6.145000,0.180000,6.700000,standard
PCO0002431,TRF0002468,P01,8.319000,0.180000,0.370000,standard
PCO0002432,TRF0002469,P03,10.528000,0.180000,23.030000,standard
PCO0002433,TRF0002470,P02,7.842000,0.180000,0.850000,standard
PCO0002434,TRF0002471,P02,8.565000,0.180000,0.530000,standard
PCO0002435,TRF0002472,P02,10.879000,0.180000,1.080000,standard
PCO0002436,TRF0002473,P01,8.412000,0.180000,2.150000,standard
PCO0002437,TRF0002474,P03,8.886000,0.180000,14.560000,standard
PCO0002438,TRF0002475,P01,8.670000,0.180000,0.360000,standard
PCO0002439,TRF0002476,P04,11.043000,0.180000,1.680000,standard
PCO0002440,TRF0002477,P06,8.823000,0.180000,29.300000,standard
PCO0002441,TRF0002478,P02,21.030000,0.180000,1.460000,priority
PCO0002442,TRF0002479,P01,9.406000,0.180000,1.890000,standard
PCO0002443,TRF0002480,P05,8.114000,0.180000,0.810000,standard
PCO0002444,TRF0002481,P03,9.827000,0.180000,2.960000,standard
PCO0002445,TRF0002482,P03,8.666000,0.180000,0.310000,standard
PCO0002446,TRF0002483,P05,8.445000,0.180000,1.110000,standard
PCO0002447,TRF0002484,P03,12.135000,0.180000,8.750000,standard
PCO0002448,TRF0002485,P02,8.078000,0.180000,0.500000,standard
PCO0002449,TRF0002486,P03,9.452000,0.180000,1.540000,standard
PCO0002450,TRF0002487,P05,7.605000,0.180000,2.690000,standard
PCO0002451,TRF0002488,P02,11.387000,0.180000,6.020000,standard
PCO0002452,TRF0002489,P01,9.853000,0.180000,19.980000,standard
PCO0002453,TRF0002490,P02,9.460000,0.180000,0.650000,standard
PCO0002454,TRF0002491,P05,6.146000,0.180000,1.530000,standard
PCO0002455,TRF0002492,P03,11.635000,0.180000,23.400000,standard
PCO0002456,TRF0002493,P02,9.905000,0.180000,2.120000,standard
PCO0002457,TRF0002494,P02,10.657000,0.180000,0.420000,standard
PCO0002458,TRF0002495,P02,8.338000,0.180000,6.580000,standard
PCO0002459,TRF0002496,P02,7.970000,0.180000,2.510000,standard
PCO0002460,TRF0002497,P01,10.116000,0.180000,1.000000,standard
PCO0002461,TRF0002498,P05,7.725000,0.180000,0.550000,standard
PCO0002462,TRF0002499,P05,8.030000,0.180000,1.430000,standard
PCO0002463,TRF0002500,P02,9.220000,0.180000,0.730000,standard
PCO0002464,TRF0002501,P02,8.872000,0.180000,1.930000,standard
PCO0002465,TRF0002502,P06,8.845000,0.180000,2.780000,standard
PCO0002466,TRF0002503,P03,10.212000,0.180000,5.420000,standard
PCO0002467,TRF0002504,P03,10.161000,0.180000,1.490000,standard
PCO0002468,TRF0002505,P02,7.068000,0.180000,15.100000,standard
PCO0002469,TRF0002506,P06,8.294000,0.180000,0.290000,standard
PCO0002470,TRF0002508,P01,7.887000,0.180000,28.240000,standard
PCO0002471,TRF0002509,P04,11.454000,0.180000,0.650000,standard
PCO0002472,TRF0002510,P03,9.395000,0.180000,8.340000,standard
PCO0002473,TRF0002511,P03,10.535000,0.180000,7.790000,standard
PCO0002474,TRF0002512,P03,10.031000,0.180000,1.270000,standard
PCO0002475,TRF0002513,P02,8.062000,0.180000,0.500000,standard
PCO0002476,TRF0002514,P01,7.722000,0.180000,0.510000,standard
PCO0002477,TRF0002515,P06,8.196000,0.180000,0.900000,standard
PCO0002478,TRF0002516,P02,8.819000,0.180000,29.640000,standard
PCO0002479,TRF0002517,P02,8.919000,0.180000,5.920000,standard
PCO0002480,TRF0002518,P02,11.658000,0.180000,2.400000,standard
PCO0002481,TRF0002519,P02,9.081000,0.180000,0.720000,standard
PCO0002482,TRF0002520,P05,8.252000,0.180000,0.790000,standard
PCO0002483,TRF0002521,P03,9.250000,0.180000,0.230000,standard
PCO0002484,TRF0002522,P03,10.183000,0.180000,0.740000,standard
PCO0002485,TRF0002523,P04,12.542000,0.180000,0.580000,standard
PCO0002486,TRF0002524,P04,10.991000,0.180000,2.290000,standard
PCO0002487,TRF0002525,P05,7.803000,0.180000,0.480000,standard
PCO0002488,TRF0002526,P02,10.731000,0.180000,1.010000,standard
PCO0002489,TRF0002527,P01,7.884000,0.180000,3.090000,standard
PCO0002490,TRF0002528,P04,11.400000,0.180000,2.040000,standard
PCO0002491,TRF0002529,P03,10.728000,0.180000,1.770000,standard
PCO0002492,TRF0002530,P06,9.879000,0.180000,0.800000,standard
PCO0002493,TRF0002531,P03,11.003000,0.180000,1.330000,standard
PCO0002494,TRF0002532,P06,8.706000,0.180000,0.280000,standard
PCO0002495,TRF0002533,P01,7.657000,0.180000,30.730000,standard
PCO0002496,TRF0002534,P01,7.110000,0.180000,4.160000,standard
PCO0002497,TRF0002535,P01,7.758000,0.180000,0.340000,standard
PCO0002498,TRF0002536,P06,10.432000,0.180000,0.380000,standard
PCO0002499,TRF0002537,P05,6.749000,0.180000,0.360000,standard
PCO0002500,TRF0002538,P03,12.457000,0.180000,2.670000,standard
PCO0002501,TRF0002539,P06,10.394000,0.180000,0.830000,standard
PCO0002502,TRF0002540,P01,8.098000,0.180000,0.630000,standard
PCO0002503,TRF0002541,P03,9.526000,0.180000,4.940000,standard
PCO0002504,TRF0002542,P03,10.296000,0.180000,4.390000,standard
PCO0002505,TRF0002543,P06,10.513000,0.180000,0.840000,standard
PCO0002506,TRF0002544,P02,9.861000,0.180000,0.840000,standard
PCO0002507,TRF0002545,P01,9.977000,0.180000,0.850000,standard
PCO0002508,TRF0002546,P04,10.587000,0.180000,1.030000,standard
PCO0002509,TRF0002547,P01,9.765000,0.180000,0.990000,standard
PCO0002510,TRF0002548,P06,9.304000,0.180000,3.170000,standard
PCO0002511,TRF0002549,P05,7.712000,0.180000,0.470000,standard
PCO0002512,TRF0002550,P02,8.501000,0.180000,0.490000,standard
PCO0002513,TRF0002551,P01,9.781000,0.180000,12.330000,standard
PCO0002514,TRF0002552,P05,9.692000,0.180000,1.040000,standard
PCO0002515,TRF0002553,P02,8.152000,0.180000,18.660000,standard
PCO0002516,TRF0002554,P05,8.711000,0.180000,1.110000,standard
PCO0002517,TRF0002555,P01,7.233000,0.180000,9.390000,standard
PCO0002518,TRF0002556,P02,11.481000,0.180000,3.530000,standard
PCO0002519,TRF0002557,P05,7.111000,0.180000,0.230000,standard
PCO0002520,TRF0002558,P02,9.798000,0.180000,2.070000,standard
PCO0002521,TRF0002559,P04,12.385000,0.180000,0.680000,standard
PCO0002522,TRF0002560,P01,7.678000,0.180000,2.020000,standard
PCO0002523,TRF0002561,P04,13.452000,0.180000,0.330000,standard
PCO0002524,TRF0002562,P02,8.749000,0.180000,0.690000,standard
PCO0002525,TRF0002563,P04,11.482000,0.180000,1.100000,standard
PCO0002526,TRF0002564,P04,11.527000,0.180000,1.080000,standard
PCO0002527,TRF0002565,P06,10.130000,0.180000,0.480000,standard
PCO0002528,TRF0002566,P02,7.272000,0.180000,1.390000,standard
PCO0002529,TRF0002567,P03,8.744000,0.180000,0.920000,standard
PCO0002530,TRF0002568,P04,12.034000,0.180000,0.830000,standard
PCO0002531,TRF0002569,P01,7.381000,0.180000,0.730000,standard
PCO0002532,TRF0002570,P01,8.409000,0.180000,1.570000,standard
PCO0002533,TRF0002571,P04,13.912000,0.180000,0.510000,standard
PCO0002534,TRF0002572,P06,10.202000,0.180000,1.760000,standard
PCO0002535,TRF0002573,P02,10.857000,0.180000,0.560000,standard
PCO0002536,TRF0002574,P01,9.521000,0.180000,2.890000,standard
PCO0002537,TRF0002575,P04,12.176000,0.180000,13.720000,standard
PCO0002538,TRF0002576,P04,10.699000,0.180000,1.610000,standard
PCO0002539,TRF0002577,P01,9.621000,0.180000,8.470000,standard
PCO0002540,TRF0002578,P02,7.949000,0.180000,0.490000,standard
PCO0002541,TRF0002579,P02,8.345000,0.180000,7.260000,standard
PCO0002542,TRF0002580,P05,6.989000,0.180000,1.800000,standard
PCO0002543,TRF0002581,P06,9.179000,0.180000,1.160000,standard
PCO0002544,TRF0002582,P06,10.304000,0.180000,0.520000,standard
PCO0002545,TRF0002583,P05,8.529000,0.180000,2.420000,standard
PCO0002546,TRF0002584,P02,10.494000,0.180000,1.050000,standard
PCO0002547,TRF0002587,P03,8.863000,0.180000,0.920000,standard
PCO0002548,TRF0002588,P04,12.336000,0.180000,0.590000,standard
PCO0002549,TRF0002589,P06,9.301000,0.180000,0.450000,standard
PCO0002550,TRF0002590,P01,7.502000,0.180000,0.760000,standard
PCO0002551,TRF0002591,P01,8.243000,0.180000,0.370000,standard
PCO0002552,TRF0002592,P01,8.278000,0.180000,0.780000,standard
PCO0002553,TRF0002593,P01,8.977000,0.180000,0.320000,standard
PCO0002554,TRF0002594,P05,8.511000,0.180000,0.630000,standard
PCO0002555,TRF0002595,P02,9.587000,0.180000,13.190000,standard
PCO0002556,TRF0002596,P05,7.349000,0.180000,0.520000,standard
PCO0002557,TRF0002597,P04,10.899000,0.180000,5.050000,standard
PCO0002558,TRF0002598,P03,8.734000,0.180000,17.750000,standard
PCO0002559,TRF0002599,P02,10.845000,0.180000,5.160000,standard
PCO0002560,TRF0002600,P03,9.904000,0.180000,36.160000,standard
PCO0002561,TRF0002601,P05,6.426000,0.180000,0.370000,standard
PCO0002562,TRF0002602,P01,9.515000,0.180000,6.720000,standard
PCO0002563,TRF0002603,P01,7.751000,0.180000,0.360000,standard
PCO0002564,TRF0002604,P02,11.123000,0.180000,0.770000,standard
PCO0002565,TRF0002605,P03,10.878000,0.180000,1.050000,standard
PCO0002566,TRF0002606,P01,9.214000,0.180000,0.540000,standard
PCO0002567,TRF0002607,P05,6.364000,0.180000,0.360000,standard
PCO0002568,TRF0002608,P01,7.759000,0.180000,0.700000,standard
PCO0002569,TRF0002609,P02,8.354000,0.180000,0.560000,standard
PCO0002570,TRF0002610,P04,10.033000,0.180000,0.800000,standard
PCO0002571,TRF0002611,P02,8.151000,0.180000,0.910000,standard
PCO0002572,TRF0002612,P05,9.474000,0.180000,0.480000,standard
PCO0002573,TRF0002613,P02,10.934000,0.180000,10.930000,standard
PCO0002574,TRF0002614,P05,7.127000,0.180000,0.540000,standard
PCO0002575,TRF0002615,P01,9.114000,0.180000,0.420000,standard
PCO0002576,TRF0002616,P02,9.668000,0.180000,16.610000,standard
PCO0002577,TRF0002618,P04,9.806000,0.180000,32.100000,standard
PCO0002578,TRF0002619,P02,21.798000,0.180000,10.330000,priority
PCO0002579,TRF0002620,P02,8.583000,0.180000,1.280000,standard
PCO0002580,TRF0002621,P01,7.828000,0.180000,0.760000,standard
PCO0002581,TRF0002622,P05,8.361000,0.180000,0.550000,standard
PCO0002582,TRF0002623,P04,12.773000,0.180000,0.750000,standard
PCO0002583,TRF0002624,P04,10.547000,0.180000,1.850000,standard
PCO0002584,TRF0002625,P05,6.903000,0.180000,2.000000,standard
PCO0002585,TRF0002626,P02,8.924000,0.180000,5.810000,standard
PCO0002586,TRF0002627,P04,13.864000,0.180000,0.550000,standard
PCO0002587,TRF0002628,P04,11.976000,0.180000,0.760000,standard
PCO0002588,TRF0002629,P02,10.765000,0.180000,3.390000,standard
PCO0002589,TRF0002630,P06,9.118000,0.180000,0.340000,standard
PCO0002590,TRF0002631,P01,7.383000,0.180000,0.490000,standard
PCO0002591,TRF0002632,P03,11.087000,0.180000,0.750000,standard
PCO0002592,TRF0002633,P05,6.029000,0.180000,0.780000,standard
PCO0002593,TRF0002634,P01,9.438000,0.180000,0.860000,standard
PCO0002594,TRF0002635,P03,11.664000,0.180000,1.440000,standard
PCO0002595,TRF0002636,P06,11.155000,0.180000,8.120000,standard
PCO0002596,TRF0002637,P03,9.087000,0.180000,0.380000,standard
PCO0002597,TRF0002638,P05,7.487000,0.180000,29.510000,standard
PCO0002598,TRF0002639,P02,9.904000,0.180000,0.470000,standard
PCO0002599,TRF0002640,P05,6.477000,0.180000,0.210000,standard
PCO0002600,TRF0002641,P04,12.071000,0.180000,1.460000,standard
PCO0002601,TRF0002642,P03,12.127000,0.180000,18.360000,standard
PCO0002602,TRF0002643,P02,10.808000,0.180000,13.690000,standard
PCO0002603,TRF0002644,P06,8.087000,0.180000,7.340000,standard
PCO0002604,TRF0002645,P02,8.601000,0.180000,4.590000,standard
PCO0002605,TRF0002646,P03,9.531000,0.180000,1.100000,standard
PCO0002606,TRF0002647,P06,9.873000,0.180000,0.400000,standard
PCO0002607,TRF0002648,P03,9.655000,0.180000,0.950000,standard
PCO0002608,TRF0002649,P03,9.958000,0.180000,0.380000,standard
PCO0002609,TRF0002650,P02,8.986000,0.180000,2.820000,standard
PCO0002610,TRF0002651,P06,9.524000,0.180000,1.180000,standard
PCO0002611,TRF0002652,P05,8.053000,0.180000,0.330000,standard
PCO0002612,TRF0002653,P03,9.211000,0.180000,15.040000,standard
PCO0002613,TRF0002654,P03,11.517000,0.180000,3.350000,standard
PCO0002614,TRF0002655,P02,9.417000,0.180000,4.510000,standard
PCO0002615,TRF0002656,P05,7.484000,0.180000,0.720000,standard
PCO0002616,TRF0002657,P03,13.362000,0.180000,17.210000,standard
PCO0002617,TRF0002658,P05,9.118000,0.180000,0.420000,standard
PCO0002618,TRF0002659,P04,10.856000,0.180000,0.600000,standard
PCO0002619,TRF0002660,P03,12.313000,0.180000,72.860000,standard
PCO0002620,TRF0002661,P01,8.809000,0.180000,0.560000,standard
PCO0002621,TRF0002662,P06,9.109000,0.180000,0.470000,standard
PCO0002622,TRF0002663,P01,8.713000,0.180000,20.840000,standard
PCO0002623,TRF0002664,P06,9.516000,0.180000,25.450000,standard
PCO0002624,TRF0002665,P02,10.098000,0.180000,0.450000,standard
PCO0002625,TRF0002666,P03,10.900000,0.180000,3.450000,standard
PCO0002626,TRF0002667,P02,11.039000,0.180000,2.620000,standard
PCO0002627,TRF0002668,P03,9.640000,0.180000,1.590000,standard
PCO0002628,TRF0002669,P01,8.780000,0.180000,1.780000,standard
PCO0002629,TRF0002670,P03,8.060000,0.180000,0.460000,standard
PCO0002630,TRF0002671,P05,8.728000,0.180000,31.770000,standard
PCO0002631,TRF0002672,P03,9.420000,0.180000,1.590000,standard
PCO0002632,TRF0002673,P02,9.994000,0.180000,11.200000,standard
PCO0002633,TRF0002674,P01,6.888000,0.180000,0.600000,standard
PCO0002634,TRF0002675,P03,8.818000,0.180000,0.770000,standard
PCO0002635,TRF0002676,P02,9.865000,0.180000,2.390000,standard
PCO0002636,TRF0002677,P02,10.065000,0.180000,0.710000,standard
PCO0002637,TRF0002678,P05,7.563000,0.180000,0.750000,standard
PCO0002638,TRF0002679,P01,8.803000,0.180000,1.150000,standard
PCO0002639,TRF0002680,P05,7.943000,0.180000,0.320000,standard
PCO0002640,TRF0002681,P03,10.983000,0.180000,0.710000,standard
PCO0002641,TRF0002682,P01,7.323000,0.180000,0.460000,standard
PCO0002642,TRF0002683,P02,8.293000,0.180000,16.510000,standard
PCO0002643,TRF0002684,P02,20.828000,0.180000,3.440000,priority
PCO0002644,TRF0002685,P03,10.796000,0.180000,13.640000,standard
PCO0002645,TRF0002686,P02,8.645000,0.180000,18.370000,standard
PCO0002646,TRF0002687,P01,7.621000,0.180000,0.910000,standard
PCO0002647,TRF0002688,P04,12.708000,0.180000,13.570000,standard
PCO0002648,TRF0002689,P05,7.758000,0.180000,0.620000,standard
PCO0002649,TRF0002690,P01,6.652000,0.180000,0.800000,standard
PCO0002650,TRF0002691,P05,7.288000,0.180000,1.900000,standard
PCO0002651,TRF0002692,P05,6.651000,0.180000,0.640000,standard
PCO0002652,TRF0002693,P06,8.234000,0.180000,0.480000,standard
PCO0002653,TRF0002694,P04,11.027000,0.180000,7.950000,standard
PCO0002654,TRF0002695,P05,6.466000,0.180000,0.400000,standard
PCO0002655,TRF0002696,P02,10.249000,0.180000,0.640000,standard
PCO0002656,TRF0002697,P02,10.226000,0.180000,1.650000,standard
PCO0002657,TRF0002698,P05,10.361000,0.180000,1.000000,standard
PCO0002658,TRF0002699,P03,11.063000,0.180000,1.330000,standard
PCO0002659,TRF0002700,P01,8.046000,0.180000,0.540000,standard
PCO0002660,TRF0002701,P04,9.743000,0.180000,1.680000,standard
PCO0002661,TRF0002702,P06,8.829000,0.180000,0.960000,standard
PCO0002662,TRF0002703,P02,7.826000,0.180000,0.440000,standard
PCO0002663,TRF0002704,P02,8.491000,0.180000,22.310000,standard
PCO0002664,TRF0002705,P01,8.544000,0.180000,0.400000,standard
PCO0002665,TRF0002706,P04,10.827000,0.180000,11.670000,standard
PCO0002666,TRF0002707,P02,21.118000,0.180000,0.410000,priority
PCO0002667,TRF0002708,P06,9.639000,0.180000,0.360000,standard
PCO0002668,TRF0002709,P04,10.887000,0.180000,3.580000,standard
PCO0002669,TRF0002710,P01,7.546000,0.180000,4.020000,standard
PCO0002670,TRF0002711,P03,11.635000,0.180000,1.260000,standard
PCO0002671,TRF0002712,P06,9.045000,0.180000,1.750000,standard
PCO0002672,TRF0002713,P01,10.205000,0.180000,6.430000,standard
PCO0002673,TRF0002714,P05,8.693000,0.180000,0.550000,standard
PCO0002674,TRF0002715,P01,6.677000,0.180000,4.600000,standard
PCO0002675,TRF0002716,P03,8.962000,0.180000,0.810000,standard
PCO0002676,TRF0002717,P05,9.629000,0.180000,1.950000,standard
PCO0002677,TRF0002718,P02,10.662000,0.180000,4.850000,standard
PCO0002678,TRF0002719,P01,9.798000,0.180000,0.470000,standard
PCO0002679,TRF0002720,P02,21.776000,0.180000,2.170000,priority
PCO0002680,TRF0002721,P01,6.052000,0.180000,3.300000,standard
PCO0002681,TRF0002722,P03,10.400000,0.180000,1.740000,standard
PCO0002682,TRF0002723,P03,9.326000,0.180000,0.500000,standard
PCO0002683,TRF0002724,P06,10.322000,0.180000,0.580000,standard
PCO0002684,TRF0002725,P02,10.871000,0.180000,9.080000,standard
PCO0002685,TRF0002726,P03,9.877000,0.180000,1.570000,standard
PCO0002686,TRF0002727,P04,10.289000,0.180000,0.660000,standard
PCO0002687,TRF0002728,P02,9.461000,0.180000,0.890000,standard
PCO0002688,TRF0002729,P02,8.815000,0.180000,1.270000,standard
PCO0002689,TRF0002730,P01,8.437000,0.180000,6.070000,standard
PCO0002690,TRF0002731,P03,9.124000,0.180000,0.560000,standard
PCO0002691,TRF0002732,P03,9.775000,0.180000,4.720000,standard
PCO0002692,TRF0002733,P06,9.974000,0.180000,2.350000,standard
PCO0002693,TRF0002734,P03,9.962000,0.180000,1.850000,standard
PCO0002694,TRF0002735,P01,6.795000,0.180000,0.380000,standard
PCO0002695,TRF0002736,P02,9.369000,0.180000,1.140000,standard
PCO0002696,TRF0002737,P03,9.337000,0.180000,1.970000,standard
PCO0002697,TRF0002738,P04,10.330000,0.180000,1.350000,standard
PCO0002698,TRF0002739,P04,10.374000,0.180000,3.370000,standard
PCO0002699,TRF0002740,P02,20.600000,0.180000,1.410000,priority
PCO0002700,TRF0002741,P02,10.047000,0.180000,0.910000,standard
PCO0002701,TRF0002742,P02,8.607000,0.180000,29.800000,standard
PCO0002702,TRF0002743,P03,9.370000,0.180000,11.360000,standard
PCO0002703,TRF0002744,P05,7.344000,0.180000,0.400000,standard
PCO0002704,TRF0002745,P01,8.262000,0.180000,6.980000,standard
PCO0002705,TRF0002746,P04,9.466000,0.180000,7.200000,standard
PCO0002706,TRF0002747,P03,11.128000,0.180000,0.640000,standard
PCO0002707,TRF0002748,P01,8.404000,0.180000,1.010000,standard
PCO0002708,TRF0002750,P01,8.356000,0.180000,0.730000,standard
PCO0002709,TRF0002751,P05,6.875000,0.180000,8.170000,standard
PCO0002710,TRF0002752,P04,11.767000,0.180000,10.350000,standard
PCO0002711,TRF0002753,P05,7.054000,0.180000,2.380000,standard
PCO0002712,TRF0002754,P03,10.837000,0.180000,0.840000,standard
PCO0002713,TRF0002755,P06,9.049000,0.180000,0.450000,standard
PCO0002714,TRF0002756,P02,8.256000,0.180000,0.420000,standard
PCO0002715,TRF0002757,P01,7.231000,0.180000,1.420000,standard
PCO0002716,TRF0002758,P04,10.388000,0.180000,3.450000,standard
PCO0002717,TRF0002759,P01,10.205000,0.180000,16.210000,standard
PCO0002718,TRF0002760,P04,11.235000,0.180000,0.630000,standard
PCO0002719,TRF0002761,P05,6.992000,0.180000,0.420000,standard
PCO0002720,TRF0002762,P04,13.839000,0.180000,1.220000,standard
PCO0002721,TRF0002763,P06,8.229000,0.180000,0.540000,standard
PCO0002722,TRF0002764,P06,9.676000,0.180000,5.400000,standard
PCO0002723,TRF0002765,P06,9.284000,0.180000,1.360000,standard
PCO0002724,TRF0002766,P05,8.162000,0.180000,0.830000,standard
PCO0002725,TRF0002767,P02,9.675000,0.180000,1.060000,standard
PCO0002726,TRF0002768,P06,8.899000,0.180000,6.760000,standard
PCO0002727,TRF0002769,P04,12.795000,0.180000,1.270000,standard
PCO0002728,TRF0002770,P02,9.836000,0.180000,1.330000,standard
PCO0002729,TRF0002771,P01,9.026000,0.180000,3.660000,standard
PCO0002730,TRF0002772,P02,21.468000,0.180000,1.310000,priority
PCO0002731,TRF0002773,P05,6.775000,0.180000,0.600000,standard
PCO0002732,TRF0002774,P04,13.114000,0.180000,1.050000,standard
PCO0002733,TRF0002775,P04,12.952000,0.180000,1.960000,standard
PCO0002734,TRF0002776,P05,7.669000,0.180000,1.050000,standard
PCO0002735,TRF0002777,P03,10.586000,0.180000,6.700000,standard
PCO0002736,TRF0002778,P01,6.953000,0.180000,0.370000,standard
PCO0002737,TRF0002779,P03,11.584000,0.180000,11.700000,standard
PCO0002738,TRF0002780,P01,9.237000,0.180000,16.390000,standard
PCO0002739,TRF0002781,P04,12.472000,0.180000,0.790000,standard
PCO0002740,TRF0002782,P02,8.224000,0.180000,1.230000,standard
PCO0002741,TRF0002783,P05,8.033000,0.180000,0.440000,standard
PCO0002742,TRF0002784,P06,9.623000,0.180000,0.730000,standard
PCO0002743,TRF0002785,P02,9.357000,0.180000,2.370000,standard
PCO0002744,TRF0002786,P03,10.498000,0.180000,1.170000,standard
PCO0002745,TRF0002787,P01,9.570000,0.180000,0.380000,standard
PCO0002746,TRF0002788,P01,8.742000,0.180000,0.650000,standard
PCO0002747,TRF0002789,P02,9.285000,0.180000,0.240000,standard
PCO0002748,TRF0002790,P02,10.530000,0.180000,3.090000,standard
PCO0002749,TRF0002791,P02,8.561000,0.180000,7.510000,standard
PCO0002750,TRF0002792,P02,8.717000,0.180000,0.530000,standard
PCO0002751,TRF0002793,P02,8.410000,0.180000,2.330000,standard
PCO0002752,TRF0002794,P01,9.915000,0.180000,0.320000,standard
PCO0002753,TRF0002795,P03,12.049000,0.180000,1.970000,standard
PCO0002754,TRF0002796,P01,9.387000,0.180000,33.880000,standard
PCO0002755,TRF0002797,P03,10.571000,0.180000,0.500000,standard
PCO0002756,TRF0002798,P04,10.802000,0.180000,1.240000,standard
PCO0002757,TRF0002799,P06,9.577000,0.180000,14.030000,standard
PCO0002758,TRF0002800,P02,8.523000,0.180000,1.210000,standard
PCO0002759,TRF0002801,P04,10.669000,0.180000,0.500000,standard
PCO0002760,TRF0002802,P03,10.056000,0.180000,0.470000,standard
PCO0002761,TRF0002803,P03,9.470000,0.180000,86.230000,standard
PCO0002762,TRF0002804,P01,7.398000,0.180000,16.750000,standard
PCO0002763,TRF0002805,P04,13.214000,0.180000,1.590000,standard
PCO0002764,TRF0002806,P05,7.294000,0.180000,0.520000,standard
PCO0002765,TRF0002807,P01,9.168000,0.180000,0.660000,standard
PCO0002766,TRF0002808,P01,7.309000,0.180000,0.570000,standard
PCO0002767,TRF0002809,P03,9.762000,0.180000,18.230000,standard
PCO0002768,TRF0002810,P02,8.224000,0.180000,1.790000,standard
PCO0002769,TRF0002811,P03,11.054000,0.180000,0.650000,standard
PCO0002770,TRF0002812,P03,11.185000,0.180000,1.310000,standard
PCO0002771,TRF0002813,P05,9.380000,0.180000,0.730000,standard
PCO0002772,TRF0002814,P06,8.395000,0.180000,0.370000,standard
PCO0002773,TRF0002815,P04,10.103000,0.180000,0.660000,standard
PCO0002774,TRF0002816,P04,12.338000,0.180000,1.180000,standard
PCO0002775,TRF0002817,P01,8.035000,0.180000,4.360000,standard
PCO0002776,TRF0002818,P03,10.392000,0.180000,4.190000,standard
PCO0002777,TRF0002819,P06,8.985000,0.180000,1.270000,standard
PCO0002778,TRF0002820,P04,10.589000,0.180000,1.320000,standard
PCO0002779,TRF0002821,P04,10.613000,0.180000,7.710000,standard
PCO0002780,TRF0002822,P02,7.494000,0.180000,0.310000,standard
PCO0002781,TRF0002823,P03,9.186000,0.180000,0.660000,standard
PCO0002782,TRF0002824,P04,12.211000,0.180000,7.480000,standard
PCO0002783,TRF0002825,P03,9.937000,0.180000,9.540000,standard
PCO0002784,TRF0002826,P03,9.949000,0.180000,3.160000,standard
PCO0002785,TRF0002827,P01,7.618000,0.180000,0.870000,standard
PCO0002786,TRF0002828,P05,6.952000,0.180000,1.320000,standard
PCO0002787,TRF0002829,P05,7.633000,0.180000,5.680000,standard
PCO0002788,TRF0002830,P04,10.352000,0.180000,0.760000,standard
PCO0002789,TRF0002831,P04,11.368000,0.180000,1.420000,standard
PCO0002790,TRF0002832,P05,9.214000,0.180000,0.530000,standard
PCO0002791,TRF0002833,P06,8.998000,0.180000,0.360000,standard
PCO0002792,TRF0002834,P02,10.432000,0.180000,5.760000,standard
PCO0002793,TRF0002835,P02,8.626000,0.180000,0.520000,standard
PCO0002794,TRF0002836,P03,9.839000,0.180000,1.490000,standard
PCO0002795,TRF0002837,P05,8.617000,0.180000,38.020000,standard
PCO0002796,TRF0002838,P02,8.149000,0.180000,0.540000,standard
PCO0002797,TRF0002839,P04,10.978000,0.180000,0.350000,standard
PCO0002798,TRF0002840,P02,8.431000,0.180000,0.330000,standard
PCO0002799,TRF0002841,P06,9.242000,0.180000,0.520000,standard
PCO0002800,TRF0002842,P03,11.355000,0.180000,2.030000,standard
PCO0002801,TRF0002843,P05,6.995000,0.180000,0.230000,standard
PCO0002802,TRF0002844,P05,8.078000,0.180000,0.350000,standard
PCO0002803,TRF0002845,P05,7.627000,0.180000,22.230000,standard
PCO0002804,TRF0002846,P03,10.951000,0.180000,1.950000,standard
PCO0002805,TRF0002847,P04,10.944000,0.180000,0.600000,standard
PCO0002806,TRF0002848,P02,10.770000,0.180000,0.310000,standard
PCO0002807,TRF0002849,P06,8.864000,0.180000,0.780000,standard
PCO0002808,TRF0002850,P01,7.851000,0.180000,1.040000,standard
PCO0002809,TRF0002851,P06,11.063000,0.180000,14.090000,standard
PCO0002810,TRF0002852,P04,11.960000,0.180000,0.910000,standard
PCO0002811,TRF0002853,P05,8.280000,0.180000,0.540000,standard
PCO0002812,TRF0002854,P05,9.619000,0.180000,0.580000,standard
PCO0002813,TRF0002855,P06,9.302000,0.180000,0.340000,standard
PCO0002814,TRF0002856,P02,20.801000,0.180000,2.530000,priority
PCO0002815,TRF0002857,P01,6.881000,0.180000,1.690000,standard
PCO0002816,TRF0002858,P04,9.701000,0.180000,0.860000,standard
PCO0002817,TRF0002859,P01,7.954000,0.180000,0.360000,standard
PCO0002818,TRF0002860,P06,10.919000,0.180000,0.600000,standard
PCO0002819,TRF0002862,P04,10.859000,0.180000,1.300000,standard
PCO0002820,TRF0002863,P05,7.857000,0.180000,0.790000,standard
PCO0002821,TRF0002864,P03,12.602000,0.180000,4.760000,standard
PCO0002822,TRF0002865,P02,10.910000,0.180000,0.450000,standard
PCO0002823,TRF0002866,P03,8.842000,0.180000,5.980000,standard
PCO0002824,TRF0002867,P01,7.501000,0.180000,1.130000,standard
PCO0002825,TRF0002868,P02,8.708000,0.180000,0.340000,standard
PCO0002826,TRF0002869,P06,8.389000,0.180000,10.180000,standard
PCO0002827,TRF0002870,P02,20.790000,0.180000,52.720000,priority
PCO0002828,TRF0002871,P01,7.563000,0.180000,1.710000,standard
PCO0002829,TRF0002872,P05,6.919000,0.180000,0.540000,standard
PCO0002830,TRF0002873,P02,21.049000,0.180000,0.560000,priority
PCO0002831,TRF0002874,P03,9.177000,0.180000,0.630000,standard
PCO0002832,TRF0002875,P01,9.273000,0.180000,6.770000,standard
PCO0002833,TRF0002876,P02,7.572000,0.180000,0.390000,standard
PCO0002834,TRF0002877,P03,9.687000,0.180000,1.440000,standard
PCO0002835,TRF0002878,P04,10.578000,0.180000,9.790000,standard
PCO0002836,TRF0002879,P04,10.617000,0.180000,18.390000,standard
PCO0002837,TRF0002880,P03,10.774000,0.180000,0.400000,standard
PCO0002838,TRF0002881,P02,10.710000,0.180000,0.650000,standard
PCO0002839,TRF0002883,P02,9.552000,0.180000,1.090000,standard
PCO0002840,TRF0002884,P06,8.921000,0.180000,1.120000,standard
PCO0002841,TRF0002885,P01,8.047000,0.180000,1.450000,standard
PCO0002842,TRF0002886,P06,9.821000,0.180000,1.090000,standard
PCO0002843,TRF0002887,P04,11.774000,0.180000,0.520000,standard
PCO0002844,TRF0002888,P04,12.653000,0.180000,0.460000,standard
PCO0002845,TRF0002889,P01,7.280000,0.180000,0.310000,standard
PCO0002846,TRF0002890,P02,10.124000,0.180000,7.910000,standard
PCO0002847,TRF0002891,P04,12.703000,0.180000,0.670000,standard
PCO0002848,TRF0002892,P01,9.604000,0.180000,0.460000,standard
PCO0002849,TRF0002893,P05,6.952000,0.180000,0.320000,standard
PCO0002850,TRF0002894,P02,8.498000,0.180000,0.850000,standard
PCO0002851,TRF0002895,P01,10.432000,0.180000,0.400000,standard
PCO0002852,TRF0002896,P02,7.694000,0.180000,3.880000,standard
PCO0002853,TRF0002897,P02,9.861000,0.180000,0.270000,standard
PCO0002854,TRF0002898,P02,21.002000,0.180000,1.460000,priority
PCO0002855,TRF0002899,P01,9.358000,0.180000,9.360000,standard
PCO0002856,TRF0002900,P01,8.616000,0.180000,0.480000,standard
PCO0002857,TRF0002901,P05,6.860000,0.180000,5.360000,standard
PCO0002858,TRF0002902,P04,10.307000,0.180000,0.440000,standard
PCO0002859,TRF0002903,P06,9.779000,0.180000,0.790000,standard
PCO0002860,TRF0002904,P03,10.886000,0.180000,0.960000,standard
PCO0002861,TRF0002905,P02,9.160000,0.180000,0.710000,standard
PCO0002862,TRF0002906,P05,7.455000,0.180000,0.410000,standard
PCO0002863,TRF0002907,P04,11.087000,0.180000,2.080000,standard
PCO0002864,TRF0002908,P01,8.231000,0.180000,10.230000,standard
PCO0002865,TRF0002909,P01,8.884000,0.180000,0.510000,standard
PCO0002866,TRF0002910,P05,7.945000,0.180000,2.660000,standard
PCO0002867,TRF0002911,P04,10.099000,0.180000,1.440000,standard
PCO0002868,TRF0002912,P02,8.854000,0.180000,13.980000,standard
PCO0002869,TRF0002913,P03,11.346000,0.180000,7.620000,standard
PCO0002870,TRF0002914,P04,12.774000,0.180000,4.300000,standard
PCO0002871,TRF0002915,P05,6.972000,0.180000,0.700000,standard
PCO0002872,TRF0002916,P02,10.571000,0.180000,0.450000,standard
PCO0002873,TRF0002917,P01,8.437000,0.180000,12.660000,standard
PCO0002874,TRF0002918,P03,11.756000,0.180000,7.100000,standard
PCO0002875,TRF0002919,P06,9.139000,0.180000,0.230000,standard
PCO0002876,TRF0002920,P06,11.516000,0.180000,0.420000,standard
PCO0002877,TRF0002921,P02,9.970000,0.180000,16.870000,standard
PCO0002878,TRF0002922,P04,9.847000,0.180000,1.330000,standard
PCO0002879,TRF0002923,P01,8.049000,0.180000,0.220000,standard
PCO0002880,TRF0002924,P06,11.441000,0.180000,1.040000,standard
PCO0002881,TRF0002925,P03,11.934000,0.180000,2.010000,standard
PCO0002882,TRF0002926,P05,6.415000,0.180000,0.630000,standard
PCO0002883,TRF0002927,P04,10.677000,0.180000,6.530000,standard
PCO0002884,TRF0002928,P01,7.946000,0.180000,0.430000,standard
PCO0002885,TRF0002929,P01,8.415000,0.180000,1.550000,standard
PCO0002886,TRF0002930,P03,11.564000,0.180000,0.960000,standard
PCO0002887,TRF0002931,P05,6.217000,0.180000,0.390000,standard
PCO0002888,TRF0002932,P06,12.102000,0.180000,0.900000,standard
PCO0002889,TRF0002933,P01,9.701000,0.180000,0.450000,standard
PCO0002890,TRF0002934,P03,11.246000,0.180000,1.590000,standard
PCO0002891,TRF0002935,P04,13.468000,0.180000,0.690000,standard
PCO0002892,TRF0002936,P01,7.427000,0.180000,11.280000,standard
PCO0002893,TRF0002937,P04,10.563000,0.180000,0.860000,standard
PCO0002894,TRF0002938,P04,12.129000,0.180000,1.240000,standard
PCO0002895,TRF0002939,P04,9.725000,0.180000,4.750000,standard
PCO0002896,TRF0002940,P02,8.905000,0.180000,5.840000,standard
PCO0002897,TRF0002941,P06,8.817000,0.180000,0.400000,standard
PCO0002898,TRF0002942,P05,6.449000,0.180000,0.480000,standard
PCO0002899,TRF0002943,P01,7.038000,0.180000,3.200000,standard
PCO0002900,TRF0002944,P03,11.306000,0.180000,1.460000,standard
PCO0002901,TRF0002945,P01,7.071000,0.180000,0.980000,standard
PCO0002902,TRF0002946,P02,9.599000,0.180000,1.450000,standard
PCO0002903,TRF0002947,P06,9.290000,0.180000,1.260000,standard
PCO0002904,TRF0002948,P06,8.815000,0.180000,3.620000,standard
PCO0002905,TRF0002950,P04,13.636000,0.180000,2.140000,standard
PCO0002906,TRF0002951,P05,8.834000,0.180000,58.250000,standard
PCO0002907,TRF0002952,P03,11.118000,0.180000,1.540000,standard
PCO0002908,TRF0002953,P03,11.818000,0.180000,10.330000,standard
PCO0002909,TRF0002954,P03,11.292000,0.180000,23.750000,standard
PCO0002910,TRF0002955,P03,9.332000,0.180000,0.370000,standard
PCO0002911,TRF0002956,P01,6.950000,0.180000,1.300000,standard
PCO0002912,TRF0002957,P02,10.516000,0.180000,13.090000,standard
PCO0002913,TRF0002958,P06,9.525000,0.180000,0.790000,standard
PCO0002914,TRF0002959,P01,8.302000,0.180000,13.890000,standard
PCO0002915,TRF0002960,P03,10.215000,0.180000,18.740000,standard
PCO0002916,TRF0002961,P01,7.128000,0.180000,0.560000,standard
PCO0002917,TRF0002962,P05,6.179000,0.180000,0.450000,standard
PCO0002918,TRF0002963,P02,8.818000,0.180000,0.790000,standard
PCO0002919,TRF0002964,P02,8.964000,0.180000,0.370000,standard
PCO0002920,TRF0002965,P04,12.932000,0.180000,17.110000,standard
PCO0002921,TRF0002966,P01,7.429000,0.180000,2.390000,standard
PCO0002922,TRF0002967,P04,10.941000,0.180000,0.240000,standard
PCO0002923,TRF0002968,P03,10.446000,0.180000,8.360000,standard
PCO0002924,TRF0002969,P02,9.880000,0.180000,9.480000,standard
PCO0002925,TRF0002970,P01,8.155000,0.180000,0.330000,standard
PCO0002926,TRF0002971,P04,9.668000,0.180000,3.370000,standard
PCO0002927,TRF0002972,P01,10.300000,0.180000,5.480000,standard
PCO0002928,TRF0002973,P05,8.933000,0.180000,0.560000,standard
PCO0002929,TRF0002974,P02,10.394000,0.180000,0.480000,standard
PCO0002930,TRF0002975,P05,7.209000,0.180000,11.830000,standard
PCO0002931,TRF0002976,P04,10.394000,0.180000,0.790000,standard
PCO0002932,TRF0002977,P01,7.857000,0.180000,2.570000,standard
PCO0002933,TRF0002978,P06,9.108000,0.180000,5.580000,standard
PCO0002934,TRF0002979,P03,10.687000,0.180000,0.540000,standard
PCO0002935,TRF0002980,P03,9.145000,0.180000,2.100000,standard
PCO0002936,TRF0002981,P04,11.203000,0.180000,2.430000,standard
PCO0002937,TRF0002982,P03,8.263000,0.180000,21.080000,standard
PCO0002938,TRF0002984,P01,6.903000,0.180000,3.630000,standard
PCO0002939,TRF0002985,P02,11.245000,0.180000,2.190000,standard
PCO0002940,TRF0002986,P03,11.247000,0.180000,0.670000,standard
PCO0002941,TRF0002987,P01,8.159000,0.180000,0.580000,standard
PCO0002942,TRF0002988,P05,8.295000,0.180000,0.810000,standard
PCO0002943,TRF0002989,P05,8.038000,0.180000,0.360000,standard
PCO0002944,TRF0002990,P04,10.657000,0.180000,0.990000,standard
PCO0002945,TRF0002991,P02,9.896000,0.180000,0.610000,standard
PCO0002946,TRF0002992,P04,11.027000,0.180000,11.530000,standard
PCO0002947,TRF0002993,P05,7.173000,0.180000,73.260000,standard
PCO0002948,TRF0002994,P03,11.745000,0.180000,0.300000,standard
PCO0002949,TRF0002995,P05,8.021000,0.180000,0.430000,standard
PCO0002950,TRF0002996,P03,9.681000,0.180000,13.890000,standard
PCO0002951,TRF0002997,P05,7.136000,0.180000,0.730000,standard
PCO0002952,TRF0002998,P05,8.507000,0.180000,0.810000,standard
PCO0002953,TRF0002999,P01,6.346000,0.180000,0.760000,standard
PCO0002954,TRF0003000,P05,8.707000,0.180000,4.480000,standard
PCO0002955,TRF0003001,P03,10.513000,0.180000,2.720000,standard
PCO0002956,TRF0003002,P01,9.034000,0.180000,5.790000,standard
PCO0002957,TRF0003003,P04,11.677000,0.180000,83.310000,standard
PCO0002958,TRF0003004,P01,8.182000,0.180000,0.830000,standard
PCO0002959,TRF0003005,P01,7.226000,0.180000,1.530000,standard
PCO0002960,TRF0003006,P03,9.658000,0.180000,0.630000,standard
PCO0002961,TRF0003007,P02,10.647000,0.180000,15.540000,standard
PCO0002962,TRF0003008,P02,8.106000,0.180000,0.310000,standard
PCO0002963,TRF0003009,P01,8.584000,0.180000,2.540000,standard
PCO0002964,TRF0003010,P03,12.177000,0.180000,1.330000,standard
PCO0002965,TRF0003011,P01,8.818000,0.180000,0.870000,standard
PCO0002966,TRF0003012,P04,11.968000,0.180000,0.810000,standard
PCO0002967,TRF0003013,P06,9.975000,0.180000,2.810000,standard
PCO0002968,TRF0003014,P03,10.628000,0.180000,0.560000,standard
PCO0002969,TRF0003015,P05,9.291000,0.180000,4.710000,standard
PCO0002970,TRF0003016,P02,9.174000,0.180000,6.530000,standard
PCO0002971,TRF0003017,P04,10.784000,0.180000,73.470000,standard
PCO0002972,TRF0003018,P03,11.321000,0.180000,1.360000,standard
PCO0002973,TRF0003019,P02,7.861000,0.180000,3.640000,standard
PCO0002974,TRF0003020,P01,7.189000,0.180000,0.440000,standard
PCO0002975,TRF0003021,P04,9.304000,0.180000,0.610000,standard
PCO0002976,TRF0003022,P05,8.281000,0.180000,1.130000,standard
PCO0002977,TRF0003023,P01,8.500000,0.180000,2.600000,standard
PCO0002978,TRF0003024,P03,12.167000,0.180000,6.450000,standard
PCO0002979,TRF0003025,P05,9.759000,0.180000,0.540000,standard
PCO0002980,TRF0003026,P03,11.785000,0.180000,7.080000,standard
PCO0002981,TRF0003027,P04,13.005000,0.180000,3.960000,standard
PCO0002982,TRF0003028,P03,8.973000,0.180000,0.520000,standard
PCO0002983,TRF0003029,P02,9.823000,0.180000,1.050000,standard
PCO0002984,TRF0003030,P04,10.405000,0.180000,0.710000,standard
PCO0002985,TRF0003031,P01,10.921000,0.180000,1.620000,standard
PCO0002986,TRF0003032,P06,10.603000,0.180000,11.650000,standard
PCO0002987,TRF0003033,P02,7.985000,0.180000,4.610000,standard
PCO0002988,TRF0003034,P02,10.539000,0.180000,0.520000,standard
PCO0002989,TRF0003035,P05,9.030000,0.180000,0.530000,standard
PCO0002990,TRF0003036,P02,11.649000,0.180000,0.400000,standard
PCO0002991,TRF0003037,P02,9.218000,0.180000,0.370000,standard
PCO0002992,TRF0003038,P05,9.495000,0.180000,4.690000,standard
PCO0002993,TRF0003039,P05,7.558000,0.180000,0.610000,standard
PCO0002994,TRF0003040,P01,8.475000,0.180000,3.000000,standard
PCO0002995,TRF0003041,P04,12.849000,0.180000,0.680000,standard
PCO0002996,TRF0003042,P02,8.596000,0.180000,0.670000,standard
PCO0002997,TRF0003044,P04,13.242000,0.180000,0.920000,standard
PCO0002998,TRF0003045,P06,8.691000,0.180000,1.420000,standard
PCO0002999,TRF0003046,P05,9.116000,0.180000,0.380000,standard
PCO0003000,TRF0003047,P01,7.138000,0.180000,5.090000,standard
PCO0003001,TRF0003048,P03,9.770000,0.180000,0.440000,standard
PCO0003002,TRF0003049,P01,7.304000,0.180000,1.290000,standard
PCO0003003,TRF0003050,P02,7.992000,0.180000,0.810000,standard
PCO0003004,TRF0003051,P05,7.629000,0.180000,1.030000,standard
PCO0003005,TRF0003052,P02,10.179000,0.180000,11.350000,standard
PCO0003006,TRF0003053,P01,8.096000,0.180000,2.880000,standard
PCO0003007,TRF0003054,P03,8.943000,0.180000,2.000000,standard
PCO0003008,TRF0003055,P03,9.638000,0.180000,9.550000,standard
PCO0003009,TRF0003056,P02,8.380000,0.180000,1.010000,standard
PCO0003010,TRF0003057,P03,9.304000,0.180000,6.650000,standard
PCO0003011,TRF0003058,P03,10.295000,0.180000,0.370000,standard
PCO0003012,TRF0003059,P03,10.619000,0.180000,1.940000,standard
PCO0003013,TRF0003060,P02,8.165000,0.180000,0.990000,standard
PCO0003014,TRF0003061,P02,8.528000,0.180000,1.380000,standard
PCO0003015,TRF0003062,P04,12.475000,0.180000,4.620000,standard
PCO0003016,TRF0003063,P01,9.645000,0.180000,0.280000,standard
PCO0003017,TRF0003064,P03,10.461000,0.180000,1.680000,standard
PCO0003018,TRF0003065,P04,10.728000,0.180000,3.960000,standard
PCO0003019,TRF0003066,P05,6.609000,0.180000,0.790000,standard
PCO0003020,TRF0003067,P03,8.868000,0.180000,59.690000,standard
PCO0003021,TRF0003068,P04,12.165000,0.180000,0.270000,standard
PCO0003022,TRF0003069,P06,12.311000,0.180000,0.430000,standard
PCO0003023,TRF0003070,P05,7.723000,0.180000,2.110000,standard
PCO0003024,TRF0003071,P02,21.096000,0.180000,1.130000,priority
PCO0003025,TRF0003072,P04,10.833000,0.180000,1.440000,standard
PCO0003026,TRF0003073,P05,7.096000,0.180000,0.870000,standard
PCO0003027,TRF0003074,P02,10.879000,0.180000,2.380000,standard
PCO0003028,TRF0003075,P03,8.341000,0.180000,10.640000,standard
PCO0003029,TRF0003076,P05,6.803000,0.180000,0.450000,standard
PCO0003030,TRF0003077,P02,8.019000,0.180000,0.630000,standard
PCO0003031,TRF0003078,P02,9.763000,0.180000,0.390000,standard
PCO0003032,TRF0003079,P05,8.077000,0.180000,0.550000,standard
PCO0003033,TRF0003080,P02,8.305000,0.180000,0.850000,standard
PCO0003034,TRF0003081,P01,7.548000,0.180000,0.490000,standard
PCO0003035,TRF0003082,P05,6.788000,0.180000,1.280000,standard
PCO0003036,TRF0003083,P04,10.594000,0.180000,1.460000,standard
PCO0003037,TRF0003084,P02,8.579000,0.180000,1.820000,standard
PCO0003038,TRF0003085,P04,12.334000,0.180000,0.600000,standard
PCO0003039,TRF0003086,P06,8.016000,0.180000,54.930000,standard
PCO0003040,TRF0003087,P01,8.812000,0.180000,1.210000,standard
PCO0003041,TRF0003088,P02,9.093000,0.180000,0.540000,standard
PCO0003042,TRF0003089,P06,9.046000,0.180000,2.190000,standard
PCO0003043,TRF0003090,P04,9.909000,0.180000,0.830000,standard
PCO0003044,TRF0003091,P01,7.956000,0.180000,6.560000,standard
PCO0003045,TRF0003092,P05,9.466000,0.180000,0.320000,standard
PCO0003046,TRF0003093,P02,8.640000,0.180000,2.050000,standard
PCO0003047,TRF0003094,P06,10.018000,0.180000,0.970000,standard
PCO0003048,TRF0003095,P02,10.108000,0.180000,2.110000,standard
PCO0003049,TRF0003096,P01,8.190000,0.180000,0.600000,standard
PCO0003050,TRF0003097,P01,8.589000,0.180000,0.770000,standard
PCO0003051,TRF0003098,P04,11.694000,0.180000,1.560000,standard
PCO0003052,TRF0003099,P01,9.071000,0.180000,0.540000,standard
PCO0003053,TRF0003100,P02,8.785000,0.180000,0.820000,standard
PCO0003054,TRF0003101,P03,11.153000,0.180000,7.360000,standard
PCO0003055,TRF0003102,P02,11.247000,0.180000,1.480000,standard
PCO0003056,TRF0003103,P01,8.488000,0.180000,0.720000,standard
PCO0003057,TRF0003104,P01,6.621000,0.180000,2.460000,standard
PCO0003058,TRF0003105,P02,21.146000,0.180000,0.970000,priority
PCO0003059,TRF0003106,P04,10.521000,0.180000,0.460000,standard
PCO0003060,TRF0003107,P05,9.251000,0.180000,6.180000,standard
PCO0003061,TRF0003108,P02,9.857000,0.180000,0.320000,standard
PCO0003062,TRF0003109,P02,7.912000,0.180000,0.670000,standard
PCO0003063,TRF0003110,P04,10.662000,0.180000,1.570000,standard
PCO0003064,TRF0003111,P01,7.771000,0.180000,0.660000,standard
PCO0003065,TRF0003112,P01,10.279000,0.180000,0.810000,standard
PCO0003066,TRF0003113,P01,9.990000,0.180000,0.410000,standard
PCO0003067,TRF0003114,P03,10.419000,0.180000,0.550000,standard
PCO0003068,TRF0003115,P02,21.117000,0.180000,0.430000,priority
PCO0003069,TRF0003116,P02,9.400000,0.180000,0.500000,standard
PCO0003070,TRF0003117,P06,11.021000,0.180000,15.110000,standard
PCO0003071,TRF0003118,P02,9.950000,0.180000,0.880000,standard
PCO0003072,TRF0003119,P01,8.418000,0.180000,23.180000,standard
PCO0003073,TRF0003120,P06,8.413000,0.180000,0.430000,standard
PCO0003074,TRF0003121,P01,7.527000,0.180000,0.510000,standard
PCO0003075,TRF0003122,P02,21.161000,0.180000,24.680000,priority
PCO0003076,TRF0003123,P05,8.661000,0.180000,1.360000,standard
PCO0003077,TRF0003124,P06,10.753000,0.180000,1.250000,standard
PCO0003078,TRF0003125,P04,11.041000,0.180000,1.280000,standard
PCO0003079,TRF0003126,P04,10.118000,0.180000,1.930000,standard
PCO0003080,TRF0003127,P05,8.021000,0.180000,0.320000,standard
PCO0003081,TRF0003128,P03,9.290000,0.180000,0.500000,standard
PCO0003082,TRF0003129,P03,9.530000,0.180000,7.200000,standard
PCO0003083,TRF0003130,P06,10.140000,0.180000,4.640000,standard
PCO0003084,TRF0003131,P05,8.986000,0.180000,1.540000,standard
PCO0003085,TRF0003132,P05,7.774000,0.180000,0.580000,standard
PCO0003086,TRF0003133,P06,9.573000,0.180000,0.430000,standard
PCO0003087,TRF0003134,P03,9.777000,0.180000,0.480000,standard
PCO0003088,TRF0003135,P05,6.470000,0.180000,0.330000,standard
PCO0003089,TRF0003136,P04,13.075000,0.180000,0.770000,standard
PCO0003090,TRF0003137,P02,21.011000,0.180000,0.280000,priority
PCO0003091,TRF0003138,P02,8.915000,0.180000,0.370000,standard
PCO0003092,TRF0003139,P05,9.052000,0.180000,0.940000,standard
PCO0003093,TRF0003140,P02,9.270000,0.180000,1.150000,standard
PCO0003094,TRF0003141,P04,10.616000,0.180000,3.020000,standard
PCO0003095,TRF0003142,P05,9.558000,0.180000,2.340000,standard
PCO0003096,TRF0003143,P04,11.754000,0.180000,16.240000,standard
PCO0003097,TRF0003144,P03,10.920000,0.180000,2.480000,standard
PCO0003098,TRF0003145,P05,7.076000,0.180000,3.070000,standard
PCO0003099,TRF0003146,P06,8.685000,0.180000,95.080000,standard
PCO0003100,TRF0003147,P05,8.709000,0.180000,14.110000,standard
PCO0003101,TRF0003148,P03,9.147000,0.180000,0.880000,standard
PCO0003102,TRF0003149,P03,10.657000,0.180000,2.660000,standard
PCO0003103,TRF0003150,P03,11.530000,0.180000,0.250000,standard
PCO0003104,TRF0003151,P04,10.129000,0.180000,0.380000,standard
PCO0003105,TRF0003152,P01,6.339000,0.180000,0.250000,standard
PCO0003106,TRF0003153,P03,10.461000,0.180000,1.200000,standard
PCO0003107,TRF0003155,P06,11.665000,0.180000,0.480000,standard
PCO0003108,TRF0003156,P02,8.687000,0.180000,2.170000,standard
PCO0003109,TRF0003157,P04,11.482000,0.180000,1.840000,standard
PCO0003110,TRF0003158,P02,8.856000,0.180000,5.310000,standard
PCO0003111,TRF0003159,P01,8.946000,0.180000,0.840000,standard
PCO0003112,TRF0003160,P04,12.552000,0.180000,5.750000,standard
PCO0003113,TRF0003161,P05,9.393000,0.180000,2.310000,standard
PCO0003114,TRF0003162,P02,11.067000,0.180000,1.030000,standard
PCO0003115,TRF0003163,P01,8.658000,0.180000,0.800000,standard
PCO0003116,TRF0003164,P04,12.892000,0.180000,1.050000,standard
PCO0003117,TRF0003165,P03,9.156000,0.180000,9.960000,standard
PCO0003118,TRF0003166,P04,11.526000,0.180000,7.190000,standard
PCO0003119,TRF0003167,P02,8.797000,0.180000,2.630000,standard
PCO0003120,TRF0003169,P06,8.315000,0.180000,0.560000,standard
PCO0003121,TRF0003170,P01,8.707000,0.180000,0.700000,standard
PCO0003122,TRF0003171,P02,10.688000,0.180000,0.570000,standard
PCO0003123,TRF0003172,P02,8.096000,0.180000,7.040000,standard
PCO0003124,TRF0003173,P06,11.129000,0.180000,0.260000,standard
PCO0003125,TRF0003174,P04,10.210000,0.180000,4.820000,standard
PCO0003126,TRF0003175,P03,9.453000,0.180000,4.990000,standard
PCO0003127,TRF0003176,P05,5.833000,0.180000,0.400000,standard
PCO0003128,TRF0003177,P01,6.850000,0.180000,7.120000,standard
PCO0003129,TRF0003178,P05,9.336000,0.180000,37.090000,standard
PCO0003130,TRF0003179,P02,8.801000,0.180000,6.730000,standard
PCO0003131,TRF0003180,P02,9.150000,0.180000,0.640000,standard
PCO0003132,TRF0003181,P05,7.582000,0.180000,3.040000,standard
PCO0003133,TRF0003182,P05,6.125000,0.180000,16.560000,standard
PCO0003134,TRF0003183,P04,10.787000,0.180000,4.770000,standard
PCO0003135,TRF0003184,P01,9.271000,0.180000,0.540000,standard
PCO0003136,TRF0003185,P04,11.193000,0.180000,0.250000,standard
PCO0003137,TRF0003186,P04,9.915000,0.180000,1.000000,standard
PCO0003138,TRF0003187,P01,8.017000,0.180000,0.380000,standard
PCO0003139,TRF0003188,P02,9.603000,0.180000,1.640000,standard
PCO0003140,TRF0003189,P04,10.193000,0.180000,0.580000,standard
PCO0003141,TRF0003190,P05,6.931000,0.180000,0.950000,standard
PCO0003142,TRF0003191,P02,10.980000,0.180000,0.830000,standard
PCO0003143,TRF0003192,P05,9.391000,0.180000,0.270000,standard
PCO0003144,TRF0003193,P06,8.933000,0.180000,1.250000,standard
PCO0003145,TRF0003194,P01,9.078000,0.180000,0.410000,standard
PCO0003146,TRF0003195,P02,9.633000,0.180000,56.600000,standard
PCO0003147,TRF0003196,P03,9.866000,0.180000,1.000000,standard
PCO0003148,TRF0003197,P02,9.298000,0.180000,1.980000,standard
PCO0003149,TRF0003198,P03,10.099000,0.180000,0.840000,standard
PCO0003150,TRF0003199,P05,8.169000,0.180000,5.610000,standard
PCO0003151,TRF0003200,P03,10.004000,0.180000,7.710000,standard
PCO0003152,TRF0003201,P04,10.117000,0.180000,2.480000,standard
PCO0003153,TRF0003202,P06,9.234000,0.180000,15.830000,standard
PCO0003154,TRF0003203,P06,10.265000,0.180000,3.160000,standard
PCO0003155,TRF0003204,P06,11.394000,0.180000,5.920000,standard
PCO0003156,TRF0003205,P01,8.555000,0.180000,0.600000,standard
PCO0003157,TRF0003206,P03,8.999000,0.180000,0.690000,standard
PCO0003158,TRF0003207,P03,9.586000,0.180000,15.050000,standard
PCO0003159,TRF0003208,P06,10.790000,0.180000,2.060000,standard
PCO0003160,TRF0003209,P03,8.773000,0.180000,4.290000,standard
PCO0003161,TRF0003210,P05,6.654000,0.180000,0.810000,standard
PCO0003162,TRF0003211,P02,8.102000,0.180000,24.560000,standard
PCO0003163,TRF0003212,P04,11.098000,0.180000,0.970000,standard
PCO0003164,TRF0003213,P02,8.111000,0.180000,2.470000,standard
PCO0003165,TRF0003214,P02,10.366000,0.180000,0.400000,standard
PCO0003166,TRF0003215,P05,7.234000,0.180000,0.340000,standard
PCO0003167,TRF0003216,P04,10.245000,0.180000,2.550000,standard
PCO0003168,TRF0003217,P02,9.487000,0.180000,0.680000,standard
PCO0003169,TRF0003218,P01,9.189000,0.180000,0.280000,standard
PCO0003170,TRF0003219,P02,9.429000,0.180000,0.950000,standard
PCO0003171,TRF0003220,P03,10.491000,0.180000,0.260000,standard
PCO0003172,TRF0003221,P02,8.459000,0.180000,1.720000,standard
PCO0003173,TRF0003222,P02,9.384000,0.180000,0.950000,standard
PCO0003174,TRF0003223,P01,9.807000,0.180000,17.410000,standard
PCO0003175,TRF0003224,P04,12.281000,0.180000,0.670000,standard
PCO0003176,TRF0003225,P02,10.135000,0.180000,0.340000,standard
PCO0003177,TRF0003226,P01,8.772000,0.180000,0.480000,standard
PCO0003178,TRF0003227,P04,12.934000,0.180000,2.100000,standard
PCO0003179,TRF0003228,P03,10.446000,0.180000,1.190000,standard
PCO0003180,TRF0003229,P05,7.866000,0.180000,1.080000,standard
PCO0003181,TRF0003230,P05,10.171000,0.180000,0.540000,standard
PCO0003182,TRF0003231,P06,9.093000,0.180000,5.350000,standard
PCO0003183,TRF0003232,P05,7.615000,0.180000,2.640000,standard
PCO0003184,TRF0003233,P06,10.354000,0.180000,44.080000,standard
PCO0003185,TRF0003234,P06,9.078000,0.180000,0.660000,standard
PCO0003186,TRF0003235,P01,7.432000,0.180000,3.920000,standard
PCO0003187,TRF0003236,P02,8.744000,0.180000,0.620000,standard
PCO0003188,TRF0003237,P02,9.587000,0.180000,20.480000,standard
PCO0003189,TRF0003238,P01,9.100000,0.180000,16.580000,standard
PCO0003190,TRF0003239,P05,7.718000,0.180000,0.290000,standard
PCO0003191,TRF0003240,P02,8.178000,0.180000,7.330000,standard
PCO0003192,TRF0003241,P01,8.568000,0.180000,3.070000,standard
PCO0003193,TRF0003242,P01,8.631000,0.180000,0.840000,standard
PCO0003194,TRF0003243,P04,10.153000,0.180000,1.100000,standard
PCO0003195,TRF0003244,P02,10.579000,0.180000,2.290000,standard
PCO0003196,TRF0003245,P06,9.120000,0.180000,3.450000,standard
PCO0003197,TRF0003246,P01,7.092000,0.180000,35.710000,standard
PCO0003198,TRF0003247,P04,12.071000,0.180000,1.730000,standard
PCO0003199,TRF0003248,P04,10.965000,0.180000,3.100000,standard
PCO0003200,TRF0003249,P01,7.592000,0.180000,3.050000,standard
PCO0003201,TRF0003250,P02,10.328000,0.180000,13.050000,standard
PCO0003202,TRF0003251,P01,7.969000,0.180000,1.260000,standard
PCO0003203,TRF0003252,P02,8.321000,0.180000,0.740000,standard
PCO0003204,TRF0003254,P01,7.314000,0.180000,4.790000,standard
PCO0003205,TRF0003255,P05,8.047000,0.180000,1.900000,standard
PCO0003206,TRF0003256,P01,6.770000,0.180000,3.160000,standard
PCO0003207,TRF0003257,P01,7.065000,0.180000,2.820000,standard
PCO0003208,TRF0003258,P06,11.001000,0.180000,0.430000,standard
PCO0003209,TRF0003259,P01,6.972000,0.180000,7.040000,standard
PCO0003210,TRF0003260,P01,7.348000,0.180000,7.900000,standard
PCO0003211,TRF0003261,P03,8.710000,0.180000,0.470000,standard
PCO0003212,TRF0003262,P01,9.008000,0.180000,0.340000,standard
PCO0003213,TRF0003263,P02,8.758000,0.180000,3.930000,standard
PCO0003214,TRF0003264,P04,9.120000,0.180000,0.260000,standard
PCO0003215,TRF0003265,P06,10.940000,0.180000,3.050000,standard
PCO0003216,TRF0003267,P03,11.468000,0.180000,1.310000,standard
PCO0003217,TRF0003268,P02,11.261000,0.180000,1.460000,standard
PCO0003218,TRF0003269,P03,11.065000,0.180000,0.530000,standard
PCO0003219,TRF0003270,P01,7.172000,0.180000,48.660000,standard
PCO0003220,TRF0003271,P05,8.507000,0.180000,27.760000,standard
PCO0003221,TRF0003272,P05,6.113000,0.180000,0.790000,standard
PCO0003222,TRF0003273,P03,11.346000,0.180000,1.600000,standard
PCO0003223,TRF0003274,P01,6.961000,0.180000,17.900000,standard
PCO0003224,TRF0003275,P03,11.836000,0.180000,0.350000,standard
PCO0003225,TRF0003276,P02,10.161000,0.180000,0.860000,standard
PCO0003226,TRF0003277,P03,9.437000,0.180000,1.010000,standard
PCO0003227,TRF0003279,P03,8.889000,0.180000,0.820000,standard
PCO0003228,TRF0003280,P04,10.007000,0.180000,5.840000,standard
PCO0003229,TRF0003282,P02,8.649000,0.180000,0.700000,standard
PCO0003230,TRF0003283,P04,11.550000,0.180000,41.360000,standard
PCO0003231,TRF0003284,P04,11.644000,0.180000,84.460000,standard
PCO0003232,TRF0003285,P03,11.345000,0.180000,0.370000,standard
PCO0003233,TRF0003286,P01,7.685000,0.180000,0.340000,standard
PCO0003234,TRF0003287,P03,9.490000,0.180000,2.040000,standard
PCO0003235,TRF0003288,P05,7.222000,0.180000,0.600000,standard
PCO0003236,TRF0003289,P04,11.077000,0.180000,17.060000,standard
PCO0003237,TRF0003290,P03,10.481000,0.180000,1.100000,standard
PCO0003238,TRF0003291,P05,7.196000,0.180000,3.620000,standard
PCO0003239,TRF0003292,P05,8.791000,0.180000,0.240000,standard
PCO0003240,TRF0003293,P04,12.585000,0.180000,0.420000,standard
PCO0003241,TRF0003294,P03,8.987000,0.180000,0.290000,standard
PCO0003242,TRF0003295,P04,11.228000,0.180000,0.510000,standard
PCO0003243,TRF0003296,P02,9.948000,0.180000,0.530000,standard
PCO0003244,TRF0003297,P03,9.344000,0.180000,0.710000,standard
PCO0003245,TRF0003298,P05,6.663000,0.180000,0.250000,standard
PCO0003246,TRF0003299,P02,8.343000,0.180000,0.340000,standard
PCO0003247,TRF0003300,P04,11.529000,0.180000,0.820000,standard
PCO0003248,TRF0003301,P01,7.691000,0.180000,1.840000,standard
PCO0003249,TRF0003302,P03,8.842000,0.180000,0.350000,standard
PCO0003250,TRF0003303,P01,7.815000,0.180000,0.310000,standard
PCO0003251,TRF0003304,P04,12.489000,0.180000,0.900000,standard
PCO0003252,TRF0003305,P02,8.308000,0.180000,2.980000,standard
PCO0003253,TRF0003306,P05,7.117000,0.180000,0.350000,standard
PCO0003254,TRF0003307,P02,10.904000,0.180000,0.670000,standard
PCO0003255,TRF0003308,P02,8.788000,0.180000,8.440000,standard
PCO0003256,TRF0003309,P02,8.664000,0.180000,1.500000,standard
PCO0003257,TRF0003310,P04,10.956000,0.180000,3.480000,standard
PCO0003258,TRF0003311,P01,9.070000,0.180000,0.290000,standard
PCO0003259,TRF0003312,P06,11.923000,0.180000,1.670000,standard
PCO0003260,TRF0003313,P05,6.762000,0.180000,0.730000,standard
PCO0003261,TRF0003314,P01,9.417000,0.180000,1.860000,standard
PCO0003262,TRF0003315,P06,9.132000,0.180000,2.120000,standard
PCO0003263,TRF0003316,P04,10.912000,0.180000,0.710000,standard
PCO0003264,TRF0003317,P05,8.856000,0.180000,2.270000,standard
PCO0003265,TRF0003318,P05,7.841000,0.180000,0.850000,standard
PCO0003266,TRF0003319,P04,10.632000,0.180000,1.210000,standard
PCO0003267,TRF0003320,P02,10.122000,0.180000,11.450000,standard
PCO0003268,TRF0003321,P04,10.403000,0.180000,0.990000,standard
PCO0003269,TRF0003322,P04,12.224000,0.180000,1.100000,standard
PCO0003270,TRF0003323,P05,7.056000,0.180000,0.590000,standard
PCO0003271,TRF0003324,P05,8.592000,0.180000,16.580000,standard
PCO0003272,TRF0003325,P02,9.257000,0.180000,0.330000,standard
PCO0003273,TRF0003326,P04,11.272000,0.180000,0.510000,standard
PCO0003274,TRF0003327,P04,11.987000,0.180000,0.590000,standard
PCO0003275,TRF0003328,P05,8.177000,0.180000,0.380000,standard
PCO0003276,TRF0003329,P03,12.025000,0.180000,30.310000,standard
PCO0003277,TRF0003330,P02,10.667000,0.180000,2.080000,standard
PCO0003278,TRF0003331,P01,8.117000,0.180000,0.460000,standard
PCO0003279,TRF0003332,P04,12.438000,0.180000,4.260000,standard
PCO0003280,TRF0003333,P05,7.748000,0.180000,2.340000,standard
PCO0003281,TRF0003334,P06,11.539000,0.180000,0.420000,standard
PCO0003282,TRF0003335,P01,9.152000,0.180000,1.800000,standard
PCO0003283,TRF0003336,P06,10.059000,0.180000,0.600000,standard
PCO0003284,TRF0003337,P04,12.942000,0.180000,55.350000,standard
PCO0003285,TRF0003338,P01,9.256000,0.180000,0.830000,standard
PCO0003286,TRF0003339,P02,11.333000,0.180000,2.210000,standard
PCO0003287,TRF0003340,P05,8.475000,0.180000,14.280000,standard
PCO0003288,TRF0003341,P05,8.789000,0.180000,1.430000,standard
PCO0003289,TRF0003342,P02,8.715000,0.180000,2.640000,standard
PCO0003290,TRF0003343,P01,9.489000,0.180000,4.340000,standard
PCO0003291,TRF0003344,P05,7.369000,0.180000,0.780000,standard
PCO0003292,TRF0003345,P01,8.069000,0.180000,1.170000,standard
PCO0003293,TRF0003346,P06,9.135000,0.180000,2.970000,standard
PCO0003294,TRF0003347,P06,8.252000,0.180000,0.320000,standard
PCO0003295,TRF0003348,P02,8.027000,0.180000,2.140000,standard
PCO0003296,TRF0003349,P01,7.568000,0.180000,0.780000,standard
PCO0003297,TRF0003350,P03,10.981000,0.180000,11.810000,standard
PCO0003298,TRF0003351,P04,13.187000,0.180000,11.290000,standard
PCO0003299,TRF0003352,P06,11.398000,0.180000,1.270000,standard
PCO0003300,TRF0003353,P02,9.709000,0.180000,2.570000,standard
PCO0003301,TRF0003354,P01,10.245000,0.180000,0.560000,standard
PCO0003302,TRF0003355,P01,9.445000,0.180000,0.440000,standard
PCO0003303,TRF0003356,P02,10.008000,0.180000,0.310000,standard
PCO0003304,TRF0003357,P01,7.950000,0.180000,0.440000,standard
PCO0003305,TRF0003358,P05,7.421000,0.180000,23.110000,standard
PCO0003306,TRF0003359,P04,13.230000,0.180000,21.990000,standard
PCO0003307,TRF0003360,P03,9.661000,0.180000,0.750000,standard
PCO0003308,TRF0003361,P03,12.077000,0.180000,4.800000,standard
PCO0003309,TRF0003362,P06,10.991000,0.180000,27.090000,standard
PCO0003310,TRF0003363,P03,9.653000,0.180000,0.810000,standard
PCO0003311,TRF0003364,P02,20.724000,0.180000,1.040000,priority
PCO0003312,TRF0003365,P03,8.238000,0.180000,0.300000,standard
PCO0003313,TRF0003366,P04,12.498000,0.180000,1.520000,standard
PCO0003314,TRF0003367,P02,8.835000,0.180000,14.930000,standard
PCO0003315,TRF0003368,P01,6.914000,0.180000,3.860000,standard
PCO0003316,TRF0003369,P04,12.683000,0.180000,1.240000,standard
PCO0003317,TRF0003370,P05,9.179000,0.180000,0.720000,standard
PCO0003318,TRF0003371,P02,8.163000,0.180000,0.880000,standard
PCO0003319,TRF0003372,P02,9.158000,0.180000,1.770000,standard
PCO0003320,TRF0003373,P04,9.953000,0.180000,21.510000,standard
PCO0003321,TRF0003374,P03,10.086000,0.180000,1.980000,standard
PCO0003322,TRF0003375,P04,11.111000,0.180000,0.380000,standard
PCO0003323,TRF0003376,P04,11.868000,0.180000,2.000000,standard
PCO0003324,TRF0003377,P01,8.185000,0.180000,1.530000,standard
PCO0003325,TRF0003378,P02,11.100000,0.180000,23.850000,standard
PCO0003326,TRF0003379,P02,7.947000,0.180000,12.040000,standard
PCO0003327,TRF0003380,P01,7.208000,0.180000,0.790000,standard
PCO0003328,TRF0003381,P02,8.937000,0.180000,1.030000,standard
PCO0003329,TRF0003382,P03,11.950000,0.180000,0.450000,standard
PCO0003330,TRF0003383,P02,10.544000,0.180000,0.610000,standard
PCO0003331,TRF0003384,P02,7.687000,0.180000,0.420000,standard
PCO0003332,TRF0003385,P01,7.475000,0.180000,1.080000,standard
PCO0003333,TRF0003386,P02,7.505000,0.180000,17.060000,standard
PCO0003334,TRF0003387,P01,7.985000,0.180000,4.340000,standard
PCO0003335,TRF0003388,P01,6.500000,0.180000,1.030000,standard
PCO0003336,TRF0003389,P01,9.090000,0.180000,13.650000,standard
PCO0003337,TRF0003390,P04,13.293000,0.180000,1.390000,standard
PCO0003338,TRF0003391,P01,9.074000,0.180000,6.770000,standard
PCO0003339,TRF0003392,P04,12.668000,0.180000,12.260000,standard
PCO0003340,TRF0003393,P03,11.552000,0.180000,0.540000,standard
PCO0003341,TRF0003394,P01,10.523000,0.180000,0.400000,standard
PCO0003342,TRF0003395,P01,8.570000,0.180000,2.380000,standard
PCO0003343,TRF0003396,P02,7.899000,0.180000,1.240000,standard
PCO0003344,TRF0003397,P03,8.727000,0.180000,0.970000,standard
PCO0003345,TRF0003398,P02,9.296000,0.180000,2.000000,standard
PCO0003346,TRF0003399,P05,8.574000,0.180000,1.390000,standard
PCO0003347,TRF0003400,P01,6.761000,0.180000,0.400000,standard
PCO0003348,TRF0003401,P02,8.260000,0.180000,2.070000,standard
PCO0003349,TRF0003402,P02,9.465000,0.180000,1.290000,standard
PCO0003350,TRF0003403,P02,11.613000,0.180000,13.700000,standard
PCO0003351,TRF0003404,P01,7.266000,0.180000,0.600000,standard
PCO0003352,TRF0003405,P01,9.853000,0.180000,0.720000,standard
PCO0003353,TRF0003406,P01,10.190000,0.180000,0.870000,standard
PCO0003354,TRF0003407,P02,9.540000,0.180000,4.720000,standard
PCO0003355,TRF0003408,P02,21.604000,0.180000,2.160000,priority
PCO0003356,TRF0003409,P04,12.490000,0.180000,0.970000,standard
PCO0003357,TRF0003410,P05,6.917000,0.180000,19.540000,standard
PCO0003358,TRF0003411,P02,9.286000,0.180000,0.500000,standard
PCO0003359,TRF0003412,P01,8.450000,0.180000,1.290000,standard
PCO0003360,TRF0003413,P02,8.080000,0.180000,7.070000,standard
PCO0003361,TRF0003414,P06,11.427000,0.180000,1.150000,standard
PCO0003362,TRF0003415,P01,7.518000,0.180000,2.030000,standard
PCO0003363,TRF0003416,P01,7.330000,0.180000,1.850000,standard
PCO0003364,TRF0003417,P02,8.746000,0.180000,1.320000,standard
PCO0003365,TRF0003418,P02,10.056000,0.180000,0.690000,standard
PCO0003366,TRF0003419,P03,11.540000,0.180000,13.030000,standard
PCO0003367,TRF0003420,P03,11.320000,0.180000,0.440000,standard
PCO0003368,TRF0003421,P04,10.582000,0.180000,12.480000,standard
PCO0003369,TRF0003422,P05,7.639000,0.180000,0.430000,standard
PCO0003370,TRF0003423,P05,7.403000,0.180000,1.200000,standard
PCO0003371,TRF0003424,P01,9.972000,0.180000,16.720000,standard
PCO0003372,TRF0003425,P01,8.896000,0.180000,0.710000,standard
PCO0003373,TRF0003426,P06,10.001000,0.180000,3.580000,standard
PCO0003374,TRF0003427,P01,10.456000,0.180000,0.260000,standard
PCO0003375,TRF0003428,P01,8.587000,0.180000,1.500000,standard
PCO0003376,TRF0003429,P01,9.212000,0.180000,4.940000,standard
PCO0003377,TRF0003430,P06,8.771000,0.180000,0.310000,standard
PCO0003378,TRF0003431,P04,10.659000,0.180000,0.750000,standard
PCO0003379,TRF0003432,P03,10.599000,0.180000,1.290000,standard
PCO0003380,TRF0003433,P06,8.447000,0.180000,0.450000,standard
PCO0003381,TRF0003434,P04,9.540000,0.180000,0.630000,standard
PCO0003382,TRF0003435,P03,11.747000,0.180000,15.370000,standard
PCO0003383,TRF0003436,P04,11.190000,0.180000,5.370000,standard
PCO0003384,TRF0003437,P06,7.867000,0.180000,9.270000,standard
PCO0003385,TRF0003439,P04,12.137000,0.180000,1.170000,standard
PCO0003386,TRF0003440,P01,9.855000,0.180000,0.420000,standard
PCO0003387,TRF0003441,P03,11.202000,0.180000,1.770000,standard
PCO0003388,TRF0003442,P06,9.427000,0.180000,9.090000,standard
PCO0003389,TRF0003443,P05,7.382000,0.180000,0.450000,standard
PCO0003390,TRF0003444,P04,11.500000,0.180000,2.640000,standard
PCO0003391,TRF0003445,P06,10.459000,0.180000,1.380000,standard
PCO0003392,TRF0003446,P04,10.078000,0.180000,1.500000,standard
PCO0003393,TRF0003447,P02,9.751000,0.180000,0.630000,standard
PCO0003394,TRF0003448,P05,8.220000,0.180000,13.300000,standard
PCO0003395,TRF0003449,P02,8.815000,0.180000,4.030000,standard
PCO0003396,TRF0003450,P04,10.455000,0.180000,30.720000,standard
PCO0003397,TRF0003451,P01,8.968000,0.180000,1.140000,standard
PCO0003398,TRF0003452,P05,6.347000,0.180000,0.660000,standard
PCO0003399,TRF0003453,P01,8.223000,0.180000,0.460000,standard
PCO0003400,TRF0003454,P01,7.118000,0.180000,0.620000,standard
PCO0003401,TRF0003455,P03,9.321000,0.180000,0.870000,standard
PCO0003402,TRF0003456,P01,8.446000,0.180000,9.820000,standard
PCO0003403,TRF0003457,P05,7.837000,0.180000,10.450000,standard
PCO0003404,TRF0003458,P02,10.589000,0.180000,8.960000,standard
PCO0003405,TRF0003459,P05,7.400000,0.180000,2.970000,standard
PCO0003406,TRF0003460,P06,8.819000,0.180000,36.690000,standard
PCO0003407,TRF0003461,P03,9.834000,0.180000,27.760000,standard
PCO0003408,TRF0003462,P01,8.450000,0.180000,33.580000,standard
PCO0003409,TRF0003463,P02,9.437000,0.180000,0.380000,standard
PCO0003410,TRF0003464,P03,11.396000,0.180000,0.250000,standard
PCO0003411,TRF0003465,P05,9.137000,0.180000,6.600000,standard
PCO0003412,TRF0003466,P03,8.835000,0.180000,2.310000,standard
PCO0003413,TRF0003467,P01,7.578000,0.180000,0.350000,standard
PCO0003414,TRF0003468,P04,10.696000,0.180000,3.900000,standard
PCO0003415,TRF0003469,P03,8.878000,0.180000,0.310000,standard
PCO0003416,TRF0003470,P02,9.065000,0.180000,0.340000,standard
PCO0003417,TRF0003471,P03,8.999000,0.180000,1.030000,standard
PCO0003418,TRF0003472,P05,8.434000,0.180000,1.460000,standard
PCO0003419,TRF0003473,P05,7.310000,0.180000,1.400000,standard
PCO0003420,TRF0003474,P03,10.407000,0.180000,3.770000,standard
PCO0003421,TRF0003475,P05,8.691000,0.180000,23.680000,standard
PCO0003422,TRF0003476,P04,9.920000,0.180000,29.490000,standard
PCO0003423,TRF0003477,P01,7.562000,0.180000,1.350000,standard
PCO0003424,TRF0003478,P02,8.668000,0.180000,4.660000,standard
PCO0003425,TRF0003479,P04,10.091000,0.180000,1.950000,standard
PCO0003426,TRF0003480,P01,7.817000,0.180000,1.170000,standard
PCO0003427,TRF0003481,P06,11.025000,0.180000,0.670000,standard
PCO0003428,TRF0003482,P02,8.339000,0.180000,0.300000,standard
PCO0003429,TRF0003483,P02,20.948000,0.180000,0.710000,priority
PCO0003430,TRF0003484,P02,9.173000,0.180000,0.510000,standard
PCO0003431,TRF0003485,P04,11.189000,0.180000,5.100000,standard
PCO0003432,TRF0003486,P06,9.616000,0.180000,2.100000,standard
PCO0003433,TRF0003487,P04,11.958000,0.180000,1.300000,standard
PCO0003434,TRF0003488,P05,6.182000,0.180000,4.380000,standard
PCO0003435,TRF0003489,P04,12.397000,0.180000,0.350000,standard
PCO0003436,TRF0003490,P05,7.808000,0.180000,1.420000,standard
PCO0003437,TRF0003491,P02,10.062000,0.180000,3.350000,standard
PCO0003438,TRF0003492,P06,11.040000,0.180000,0.840000,standard
PCO0003439,TRF0003493,P03,9.153000,0.180000,0.440000,standard
PCO0003440,TRF0003494,P05,7.213000,0.180000,0.500000,standard
PCO0003441,TRF0003495,P03,10.552000,0.180000,9.050000,standard
PCO0003442,TRF0003496,P01,7.098000,0.180000,0.260000,standard
PCO0003443,TRF0003497,P02,8.565000,0.180000,0.880000,standard
PCO0003444,TRF0003498,P04,10.835000,0.180000,7.230000,standard
PCO0003445,TRF0003499,P05,8.084000,0.180000,20.220000,standard
PCO0003446,TRF0003500,P06,10.728000,0.180000,1.120000,standard
PCO0003447,TRF0003501,P01,6.929000,0.180000,1.020000,standard
PCO0003448,TRF0003502,P03,10.137000,0.180000,4.280000,standard
PCO0003449,TRF0003503,P01,9.276000,0.180000,0.260000,standard
PCO0003450,TRF0003504,P02,7.354000,0.180000,0.680000,standard
PCO0003451,TRF0003505,P02,22.021000,0.180000,18.650000,priority
PCO0003452,TRF0003506,P02,21.390000,0.180000,1.510000,priority
PCO0003453,TRF0003507,P03,11.272000,0.180000,1.920000,standard
PCO0003454,TRF0003508,P01,7.749000,0.180000,3.250000,standard
PCO0003455,TRF0003509,P05,6.593000,0.180000,0.500000,standard
PCO0003456,TRF0003510,P05,9.042000,0.180000,0.660000,standard
PCO0003457,TRF0003511,P02,21.317000,0.180000,8.090000,priority
PCO0003458,TRF0003512,P03,12.150000,0.180000,3.220000,standard
PCO0003459,TRF0003513,P03,10.360000,0.180000,0.960000,standard
PCO0003460,TRF0003514,P05,7.013000,0.180000,0.440000,standard
PCO0003461,TRF0003515,P02,10.959000,0.180000,0.750000,standard
PCO0003462,TRF0003516,P03,9.696000,0.180000,1.200000,standard
PCO0003463,TRF0003517,P06,8.594000,0.180000,1.020000,standard
PCO0003464,TRF0003518,P05,7.797000,0.180000,1.680000,standard
PCO0003465,TRF0003519,P03,9.243000,0.180000,15.640000,standard
PCO0003466,TRF0003520,P02,21.529000,0.180000,3.260000,priority
PCO0003467,TRF0003521,P02,8.439000,0.180000,0.270000,standard
PCO0003468,TRF0003522,P01,8.456000,0.180000,0.540000,standard
PCO0003469,TRF0003523,P05,9.242000,0.180000,0.840000,standard
PCO0003470,TRF0003524,P03,11.266000,0.180000,3.030000,standard
PCO0003471,TRF0003525,P02,21.594000,0.180000,2.350000,priority
PCO0003472,TRF0003526,P04,11.931000,0.180000,0.580000,standard
PCO0003473,TRF0003527,P04,13.504000,0.180000,0.370000,standard
PCO0003474,TRF0003528,P03,10.397000,0.180000,0.360000,standard
PCO0003475,TRF0003529,P04,13.121000,0.180000,74.900000,standard
PCO0003476,TRF0003530,P01,8.670000,0.180000,48.380000,standard
PCO0003477,TRF0003531,P04,12.733000,0.180000,3.770000,standard
PCO0003478,TRF0003532,P04,9.969000,0.180000,29.440000,standard
PCO0003479,TRF0003533,P06,8.421000,0.180000,210.700000,standard
PCO0003480,TRF0003534,P05,7.641000,0.180000,1.000000,standard
PCO0003481,TRF0003535,P02,20.930000,0.180000,5.020000,priority
PCO0003482,TRF0003536,P04,11.264000,0.180000,3.720000,standard
PCO0003483,TRF0003537,P06,9.551000,0.180000,1.240000,standard
PCO0003484,TRF0003538,P03,8.697000,0.180000,0.820000,standard
PCO0003485,TRF0003539,P03,11.156000,0.180000,2.120000,standard
PCO0003486,TRF0003540,P05,6.149000,0.180000,4.250000,standard
PCO0003487,TRF0003541,P03,8.935000,0.180000,1.310000,standard
PCO0003488,TRF0003542,P02,8.002000,0.180000,1.180000,standard
PCO0003489,TRF0003543,P04,12.135000,0.180000,0.750000,standard
PCO0003490,TRF0003544,P06,10.367000,0.180000,0.300000,standard
PCO0003491,TRF0003546,P03,10.301000,0.180000,2.430000,standard
PCO0003492,TRF0003547,P05,6.001000,0.180000,1.630000,standard
PCO0003493,TRF0003548,P01,9.205000,0.180000,0.700000,standard
PCO0003494,TRF0003549,P06,8.705000,0.180000,0.360000,standard
PCO0003495,TRF0003550,P01,7.294000,0.180000,6.140000,standard
PCO0003496,TRF0003551,P02,20.404000,0.180000,1.020000,priority
PCO0003497,TRF0003552,P05,8.476000,0.180000,0.400000,standard
PCO0003498,TRF0003553,P03,11.747000,0.180000,3.230000,standard
PCO0003499,TRF0003554,P05,6.153000,0.180000,1.410000,standard
PCO0003500,TRF0003555,P03,12.238000,0.180000,6.770000,standard
PCO0003501,TRF0003556,P04,12.022000,0.180000,7.690000,standard
PCO0003502,TRF0003557,P02,9.283000,0.180000,0.670000,standard
PCO0003503,TRF0003558,P02,7.345000,0.180000,2.460000,standard
PCO0003504,TRF0003559,P01,9.959000,0.180000,0.490000,standard
PCO0003505,TRF0003560,P04,10.195000,0.180000,3.710000,standard
PCO0003506,TRF0003561,P06,8.477000,0.180000,1.300000,standard
PCO0003507,TRF0003562,P05,6.489000,0.180000,6.540000,standard
PCO0003508,TRF0003563,P05,9.376000,0.180000,3.420000,standard
PCO0003509,TRF0003564,P05,6.625000,0.180000,1.310000,standard
PCO0003510,TRF0003565,P03,12.994000,0.180000,0.440000,standard
PCO0003511,TRF0003566,P04,10.545000,0.180000,13.720000,standard
PCO0003512,TRF0003567,P04,13.303000,0.180000,1.070000,standard
PCO0003513,TRF0003568,P06,8.520000,0.180000,0.270000,standard
PCO0003514,TRF0003569,P02,8.849000,0.180000,8.630000,standard
PCO0003515,TRF0003570,P02,10.151000,0.180000,1.190000,standard
PCO0003516,TRF0003571,P02,9.000000,0.180000,1.070000,standard
PCO0003517,TRF0003572,P03,8.547000,0.180000,15.450000,standard
PCO0003518,TRF0003573,P04,12.802000,0.180000,3.900000,standard
PCO0003519,TRF0003574,P01,7.373000,0.180000,5.630000,standard
PCO0003520,TRF0003575,P04,10.423000,0.180000,0.300000,standard
PCO0003521,TRF0003576,P05,9.462000,0.180000,1.270000,standard
PCO0003522,TRF0003577,P01,6.920000,0.180000,0.340000,standard
PCO0003523,TRF0003578,P01,9.623000,0.180000,9.450000,standard
PCO0003524,TRF0003579,P05,9.525000,0.180000,14.560000,standard
PCO0003525,TRF0003580,P03,11.422000,0.180000,2.400000,standard
PCO0003526,TRF0003581,P01,8.240000,0.180000,0.410000,standard
PCO0003527,TRF0003582,P02,8.888000,0.180000,0.550000,standard
PCO0003528,TRF0003583,P04,11.860000,0.180000,43.560000,standard
PCO0003529,TRF0003584,P04,12.513000,0.180000,1.050000,standard
PCO0003530,TRF0003585,P05,6.817000,0.180000,1.030000,standard
PCO0003531,TRF0003586,P01,7.008000,0.180000,11.950000,standard
PCO0003532,TRF0003587,P04,10.719000,0.180000,1.110000,standard
PCO0003533,TRF0003588,P02,20.441000,0.180000,3.980000,priority
PCO0003534,TRF0003589,P02,9.776000,0.180000,1.340000,standard
PCO0003535,TRF0003590,P02,8.599000,0.180000,4.900000,standard
PCO0003536,TRF0003591,P06,10.541000,0.180000,2.060000,standard
PCO0003537,TRF0003592,P04,11.202000,0.180000,3.410000,standard
PCO0003538,TRF0003593,P06,11.458000,0.180000,9.700000,standard
PCO0003539,TRF0003594,P04,12.002000,0.180000,1.050000,standard
PCO0003540,TRF0003595,P03,12.305000,0.180000,0.290000,standard
PCO0003541,TRF0003596,P04,10.731000,0.180000,0.560000,standard
PCO0003542,TRF0003597,P04,12.793000,0.180000,1.770000,standard
PCO0003543,TRF0003598,P03,9.484000,0.180000,1.250000,standard
PCO0003544,TRF0003599,P05,8.523000,0.180000,1.680000,standard
PCO0003545,TRF0003600,P04,10.801000,0.180000,3.890000,standard
PCO0003546,TRF0003601,P01,7.366000,0.180000,1.980000,standard
PCO0003547,TRF0003602,P03,11.922000,0.180000,0.450000,standard
PCO0003548,TRF0003603,P03,10.258000,0.180000,1.550000,standard
PCO0003549,TRF0003604,P04,11.002000,0.180000,10.270000,standard
PCO0003550,TRF0003605,P02,11.368000,0.180000,1.200000,standard
PCO0003551,TRF0003606,P02,9.255000,0.180000,15.710000,standard
PCO0003552,TRF0003607,P01,8.690000,0.180000,1.250000,standard
PCO0003553,TRF0003608,P03,9.868000,0.180000,2.400000,standard
PCO0003554,TRF0003609,P02,8.100000,0.180000,0.420000,standard
PCO0003555,TRF0003610,P02,10.306000,0.180000,42.820000,standard
PCO0003556,TRF0003611,P06,9.824000,0.180000,0.640000,standard
PCO0003557,TRF0003612,P01,10.519000,0.180000,4.170000,standard
PCO0003558,TRF0003613,P01,9.173000,0.180000,1.350000,standard
PCO0003559,TRF0003614,P05,5.652000,0.180000,0.330000,standard
PCO0003560,TRF0003615,P01,8.311000,0.180000,0.520000,standard
PCO0003561,TRF0003616,P02,10.160000,0.180000,0.650000,standard
PCO0003562,TRF0003617,P04,11.055000,0.180000,3.160000,standard
PCO0003563,TRF0003618,P03,8.658000,0.180000,0.360000,standard
PCO0003564,TRF0003619,P06,8.800000,0.180000,2.530000,standard
PCO0003565,TRF0003620,P02,10.466000,0.180000,0.630000,standard
PCO0003566,TRF0003621,P04,13.001000,0.180000,2.250000,standard
PCO0003567,TRF0003622,P03,9.970000,0.180000,0.390000,standard
PCO0003568,TRF0003623,P05,6.804000,0.180000,0.310000,standard
PCO0003569,TRF0003624,P05,5.683000,0.180000,3.300000,standard
PCO0003570,TRF0003625,P05,7.397000,0.180000,5.280000,standard
PCO0003571,TRF0003626,P01,9.121000,0.180000,0.580000,standard
PCO0003572,TRF0003627,P06,9.589000,0.180000,0.600000,standard
PCO0003573,TRF0003628,P02,8.329000,0.180000,15.770000,standard
PCO0003574,TRF0003629,P04,10.487000,0.180000,3.710000,standard
PCO0003575,TRF0003630,P03,11.279000,0.180000,0.400000,standard
PCO0003576,TRF0003631,P04,11.893000,0.180000,0.840000,standard
PCO0003577,TRF0003632,P05,8.958000,0.180000,0.280000,standard
PCO0003578,TRF0003633,P02,21.917000,0.180000,0.710000,priority
PCO0003579,TRF0003634,P01,8.931000,0.180000,20.030000,standard
PCO0003580,TRF0003635,P03,9.251000,0.180000,0.250000,standard
PCO0003581,TRF0003636,P03,9.593000,0.180000,1.200000,standard
PCO0003582,TRF0003637,P01,10.117000,0.180000,2.120000,standard
PCO0003583,TRF0003638,P02,7.925000,0.180000,3.950000,standard
PCO0003584,TRF0003639,P06,8.359000,0.180000,0.910000,standard
PCO0003585,TRF0003640,P03,9.460000,0.180000,8.170000,standard
PCO0003586,TRF0003641,P03,9.049000,0.180000,1.640000,standard
PCO0003587,TRF0003642,P03,11.468000,0.180000,9.050000,standard
PCO0003588,TRF0003643,P04,10.379000,0.180000,12.810000,standard
PCO0003589,TRF0003644,P03,11.798000,0.180000,2.440000,standard
PCO0003590,TRF0003645,P06,9.352000,0.180000,3.320000,standard
PCO0003591,TRF0003646,P02,20.376000,0.180000,20.000000,priority
PCO0003592,TRF0003647,P01,10.244000,0.180000,0.350000,standard
PCO0003593,TRF0003648,P01,8.721000,0.180000,1.940000,standard
PCO0003594,TRF0003649,P02,8.950000,0.180000,1.240000,standard
PCO0003595,TRF0003650,P04,10.704000,0.180000,1.630000,standard
PCO0003596,TRF0003651,P02,10.647000,0.180000,1.750000,standard
PCO0003597,TRF0003652,P01,7.639000,0.180000,1.120000,standard
PCO0003598,TRF0003653,P01,7.610000,0.180000,0.390000,standard
PCO0003599,TRF0003654,P06,11.414000,0.180000,2.770000,standard
PCO0003600,TRF0003655,P05,6.753000,0.180000,6.420000,standard
PCO0003601,TRF0003656,P06,9.044000,0.180000,22.150000,standard
PCO0003602,TRF0003657,P03,9.511000,0.180000,9.030000,standard
PCO0003603,TRF0003658,P04,12.681000,0.180000,1.070000,standard
PCO0003604,TRF0003659,P03,11.749000,0.180000,12.580000,standard
PCO0003605,TRF0003660,P06,9.471000,0.180000,3.330000,standard
PCO0003606,TRF0003661,P04,13.482000,0.180000,10.720000,standard
PCO0003607,TRF0003662,P06,8.616000,0.180000,6.450000,standard
PCO0003608,TRF0003663,P04,11.045000,0.180000,2.310000,standard
PCO0003609,TRF0003664,P01,6.932000,0.180000,0.460000,standard
PCO0003610,TRF0003665,P03,9.127000,0.180000,4.640000,standard
PCO0003611,TRF0003666,P04,10.918000,0.180000,2.450000,standard
PCO0003612,TRF0003667,P02,9.072000,0.180000,0.420000,standard
PCO0003613,TRF0003668,P01,7.453000,0.180000,65.490000,standard
PCO0003614,TRF0003669,P03,9.608000,0.180000,1.090000,standard
PCO0003615,TRF0003670,P05,8.191000,0.180000,0.580000,standard
PCO0003616,TRF0003671,P05,8.562000,0.180000,0.400000,standard
PCO0003617,TRF0003672,P02,8.727000,0.180000,1.000000,standard
PCO0003618,TRF0003673,P02,10.886000,0.180000,3.190000,standard
PCO0003619,TRF0003674,P02,9.106000,0.180000,0.360000,standard
PCO0003620,TRF0003675,P03,11.441000,0.180000,0.700000,standard
PCO0003621,TRF0003676,P02,10.207000,0.180000,0.390000,standard
PCO0003622,TRF0003677,P01,8.280000,0.180000,1.290000,standard
PCO0003623,TRF0003678,P02,21.014000,0.180000,24.870000,priority
PCO0003624,TRF0003679,P05,7.196000,0.180000,180.080000,standard
PCO0003625,TRF0003680,P03,8.570000,0.180000,0.440000,standard
PCO0003626,TRF0003681,P01,8.980000,0.180000,12.250000,standard
PCO0003627,TRF0003682,P03,12.429000,0.180000,2.620000,standard
PCO0003628,TRF0003683,P03,11.045000,0.180000,9.090000,standard
PCO0003629,TRF0003684,P06,10.728000,0.180000,1.130000,standard
PCO0003630,TRF0003685,P05,8.775000,0.180000,0.760000,standard
PCO0003631,TRF0003686,P05,8.756000,0.180000,4.580000,standard
PCO0003632,TRF0003687,P02,10.230000,0.180000,1.970000,standard
PCO0003633,TRF0003688,P03,10.375000,0.180000,39.440000,standard
PCO0003634,TRF0003689,P05,7.226000,0.180000,1.830000,standard
PCO0003635,TRF0003690,P02,20.972000,0.180000,3.360000,priority
PCO0003636,TRF0003691,P02,9.167000,0.180000,10.720000,standard
PCO0003637,TRF0003692,P04,10.536000,0.180000,0.220000,standard
PCO0003638,TRF0003693,P05,10.035000,0.180000,0.380000,standard
PCO0003639,TRF0003694,P04,10.906000,0.180000,2.980000,standard
PCO0003640,TRF0003695,P01,7.032000,0.180000,2.300000,standard
PCO0003641,TRF0003696,P04,11.211000,0.180000,3.830000,standard
PCO0003642,TRF0003697,P05,10.198000,0.180000,0.950000,standard
PCO0003643,TRF0003698,P02,10.541000,0.180000,3.430000,standard
PCO0003644,TRF0003699,P06,11.357000,0.180000,1.970000,standard
PCO0003645,TRF0003700,P04,10.242000,0.180000,0.500000,standard
PCO0003646,TRF0003701,P06,8.722000,0.180000,0.920000,standard
PCO0003647,TRF0003702,P02,8.294000,0.180000,0.980000,standard
PCO0003648,TRF0003703,P02,8.291000,0.180000,0.360000,standard
PCO0003649,TRF0003704,P02,10.470000,0.180000,0.420000,standard
PCO0003650,TRF0003705,P03,9.760000,0.180000,1.540000,standard
PCO0003651,TRF0003706,P03,12.049000,0.180000,0.580000,standard
PCO0003652,TRF0003707,P01,9.122000,0.180000,0.420000,standard
PCO0003653,TRF0003708,P01,8.830000,0.180000,0.440000,standard
PCO0003654,TRF0003709,P01,10.359000,0.180000,0.460000,standard
PCO0003655,TRF0003710,P02,10.169000,0.180000,7.240000,standard
PCO0003656,TRF0003711,P05,9.469000,0.180000,2.720000,standard
PCO0003657,TRF0003712,P05,9.151000,0.180000,0.430000,standard
PCO0003658,TRF0003713,P06,11.235000,0.180000,2.620000,standard
PCO0003659,TRF0003714,P06,10.570000,0.180000,5.560000,standard
PCO0003660,TRF0003715,P06,8.715000,0.180000,0.340000,standard
PCO0003661,TRF0003716,P04,10.828000,0.180000,8.380000,standard
PCO0003662,TRF0003717,P03,11.980000,0.180000,0.550000,standard
PCO0003663,TRF0003718,P06,8.705000,0.180000,3.840000,standard
PCO0003664,TRF0003719,P02,8.703000,0.180000,0.980000,standard
PCO0003665,TRF0003720,P04,10.653000,0.180000,2.190000,standard
PCO0003666,TRF0003721,P02,20.882000,0.180000,49.240000,priority
PCO0003667,TRF0003722,P03,10.048000,0.180000,0.530000,standard
PCO0003668,TRF0003723,P06,8.641000,0.180000,6.600000,standard
PCO0003669,TRF0003724,P01,9.402000,0.180000,2.200000,standard
PCO0003670,TRF0003725,P01,8.814000,0.180000,3.000000,standard
PCO0003671,TRF0003726,P01,7.313000,0.180000,1.090000,standard
PCO0003672,TRF0003727,P02,10.121000,0.180000,0.830000,standard
PCO0003673,TRF0003728,P04,11.654000,0.180000,1.940000,standard
PCO0003674,TRF0003729,P01,7.703000,0.180000,0.760000,standard
PCO0003675,TRF0003730,P01,8.593000,0.180000,0.820000,standard
PCO0003676,TRF0003731,P01,7.967000,0.180000,0.570000,standard
PCO0003677,TRF0003732,P02,21.155000,0.180000,5.900000,priority
PCO0003678,TRF0003733,P02,10.255000,0.180000,9.170000,standard
PCO0003679,TRF0003734,P02,8.252000,0.180000,1.410000,standard
PCO0003680,TRF0003735,P04,12.269000,0.180000,4.020000,standard
PCO0003681,TRF0003736,P04,12.903000,0.180000,1.670000,standard
PCO0003682,TRF0003738,P04,10.719000,0.180000,0.390000,standard
PCO0003683,TRF0003739,P01,8.087000,0.180000,2.100000,standard
PCO0003684,TRF0003740,P06,8.826000,0.180000,0.510000,standard
PCO0003685,TRF0003741,P02,8.788000,0.180000,0.330000,standard
PCO0003686,TRF0003742,P04,10.720000,0.180000,5.120000,standard
PCO0003687,TRF0003743,P05,9.036000,0.180000,15.680000,standard
PCO0003688,TRF0003744,P06,11.797000,0.180000,3.600000,standard
PCO0003689,TRF0003745,P01,8.280000,0.180000,0.390000,standard
PCO0003690,TRF0003746,P02,8.845000,0.180000,1.640000,standard
PCO0003691,TRF0003747,P02,8.650000,0.180000,0.820000,standard
PCO0003692,TRF0003748,P05,6.701000,0.180000,0.220000,standard
PCO0003693,TRF0003749,P04,10.652000,0.180000,2.540000,standard
PCO0003694,TRF0003750,P03,8.699000,0.180000,0.310000,standard
PCO0003695,TRF0003751,P03,10.955000,0.180000,35.910000,standard
PCO0003696,TRF0003752,P05,6.959000,0.180000,0.350000,standard
PCO0003697,TRF0003753,P02,9.933000,0.180000,2.820000,standard
PCO0003698,TRF0003754,P01,8.400000,0.180000,0.680000,standard
PCO0003699,TRF0003755,P03,9.457000,0.180000,1.440000,standard
PCO0003700,TRF0003756,P05,7.538000,0.180000,0.490000,standard
PCO0003701,TRF0003757,P05,7.361000,0.180000,8.220000,standard
PCO0003702,TRF0003758,P04,10.854000,0.180000,3.450000,standard
PCO0003703,TRF0003759,P04,12.838000,0.180000,9.190000,standard
PCO0003704,TRF0003760,P04,12.286000,0.180000,0.950000,standard
PCO0003705,TRF0003761,P01,6.945000,0.180000,1.070000,standard
PCO0003706,TRF0003762,P02,9.868000,0.180000,0.800000,standard
PCO0003707,TRF0003763,P05,8.243000,0.180000,3.350000,standard
PCO0003708,TRF0003764,P02,9.536000,0.180000,0.750000,standard
PCO0003709,TRF0003765,P03,9.553000,0.180000,10.000000,standard
PCO0003710,TRF0003766,P02,8.160000,0.180000,0.440000,standard
PCO0003711,TRF0003767,P05,8.797000,0.180000,18.740000,standard
PCO0003712,TRF0003768,P01,9.570000,0.180000,0.360000,standard
PCO0003713,TRF0003769,P03,9.495000,0.180000,0.970000,standard
PCO0003714,TRF0003770,P02,6.820000,0.180000,7.200000,standard
PCO0003715,TRF0003771,P02,7.684000,0.180000,4.310000,standard
PCO0003716,TRF0003772,P05,8.758000,0.180000,3.560000,standard
PCO0003717,TRF0003773,P01,8.923000,0.180000,1.430000,standard
PCO0003718,TRF0003774,P05,6.423000,0.180000,0.570000,standard
PCO0003719,TRF0003775,P05,6.936000,0.180000,0.280000,standard
PCO0003720,TRF0003776,P01,7.611000,0.180000,1.860000,standard
PCO0003721,TRF0003777,P06,7.946000,0.180000,14.330000,standard
PCO0003722,TRF0003778,P03,10.713000,0.180000,0.770000,standard
PCO0003723,TRF0003779,P03,8.902000,0.180000,12.490000,standard
PCO0003724,TRF0003780,P02,7.450000,0.180000,2.530000,standard
PCO0003725,TRF0003781,P05,8.087000,0.180000,9.420000,standard
PCO0003726,TRF0003782,P06,7.513000,0.180000,0.490000,standard
PCO0003727,TRF0003783,P03,10.515000,0.180000,1.750000,standard
PCO0003728,TRF0003784,P02,8.608000,0.180000,0.550000,standard
PCO0003729,TRF0003785,P03,10.076000,0.180000,3.690000,standard
PCO0003730,TRF0003786,P05,5.380000,0.180000,0.480000,standard
PCO0003731,TRF0003787,P04,10.329000,0.180000,0.340000,standard
PCO0003732,TRF0003788,P02,10.319000,0.180000,0.490000,standard
PCO0003733,TRF0003790,P06,8.827000,0.180000,0.340000,standard
PCO0003734,TRF0003791,P02,20.249000,0.180000,0.960000,priority
PCO0003735,TRF0003792,P03,11.841000,0.180000,1.400000,standard
PCO0003736,TRF0003793,P01,7.727000,0.180000,0.320000,standard
PCO0003737,TRF0003794,P05,6.839000,0.180000,0.380000,standard
PCO0003738,TRF0003795,P01,10.196000,0.180000,2.340000,standard
PCO0003739,TRF0003796,P04,10.190000,0.180000,0.770000,standard
PCO0003740,TRF0003797,P04,12.268000,0.180000,0.470000,standard
PCO0003741,TRF0003798,P03,11.210000,0.180000,1.490000,standard
PCO0003742,TRF0003799,P06,11.697000,0.180000,1.550000,standard
PCO0003743,TRF0003800,P03,10.863000,0.180000,1.130000,standard
PCO0003744,TRF0003801,P02,10.294000,0.180000,0.390000,standard
PCO0003745,TRF0003802,P06,11.220000,0.180000,9.450000,standard
PCO0003746,TRF0003803,P02,11.107000,0.180000,11.220000,standard
PCO0003747,TRF0003804,P03,9.320000,0.180000,21.510000,standard
PCO0003748,TRF0003805,P01,8.101000,0.180000,0.280000,standard
PCO0003749,TRF0003806,P03,9.465000,0.180000,8.590000,standard
PCO0003750,TRF0003807,P01,10.193000,0.180000,8.400000,standard
PCO0003751,TRF0003808,P03,11.112000,0.180000,10.810000,standard
PCO0003752,TRF0003809,P02,9.721000,0.180000,2.970000,standard
PCO0003753,TRF0003810,P03,11.815000,0.180000,8.430000,standard
PCO0003754,TRF0003811,P06,9.739000,0.180000,1.000000,standard
PCO0003755,TRF0003812,P06,11.800000,0.180000,0.320000,standard
PCO0003756,TRF0003813,P01,7.539000,0.180000,0.670000,standard
PCO0003757,TRF0003814,P04,12.499000,0.180000,13.380000,standard
PCO0003758,TRF0003815,P06,9.387000,0.180000,0.560000,standard
PCO0003759,TRF0003816,P05,6.478000,0.180000,3.070000,standard
PCO0003760,TRF0003817,P03,10.258000,0.180000,10.630000,standard
PCO0003761,TRF0003818,P05,6.512000,0.180000,0.520000,standard
PCO0003762,TRF0003819,P05,8.621000,0.180000,0.400000,standard
PCO0003763,TRF0003820,P05,7.192000,0.180000,6.560000,standard
PCO0003764,TRF0003821,P05,6.833000,0.180000,0.670000,standard
PCO0003765,TRF0003822,P01,6.988000,0.180000,0.270000,standard
PCO0003766,TRF0003823,P01,9.478000,0.180000,1.330000,standard
PCO0003767,TRF0003824,P01,8.229000,0.180000,2.070000,standard
PCO0003768,TRF0003825,P05,7.502000,0.180000,3.430000,standard
PCO0003769,TRF0003826,P04,11.009000,0.180000,1.070000,standard
PCO0003770,TRF0003827,P03,11.822000,0.180000,0.370000,standard
PCO0003771,TRF0003828,P02,10.051000,0.180000,6.590000,standard
PCO0003772,TRF0003829,P05,7.845000,0.180000,5.100000,standard
PCO0003773,TRF0003830,P05,9.702000,0.180000,0.310000,standard
PCO0003774,TRF0003831,P02,20.857000,0.180000,2.700000,priority
PCO0003775,TRF0003832,P04,10.871000,0.180000,6.800000,standard
PCO0003776,TRF0003833,P01,8.035000,0.180000,2.310000,standard
PCO0003777,TRF0003834,P02,7.804000,0.180000,4.560000,standard
PCO0003778,TRF0003835,P03,9.601000,0.180000,0.630000,standard
PCO0003779,TRF0003836,P02,10.536000,0.180000,20.380000,standard
PCO0003780,TRF0003837,P06,8.191000,0.180000,2.470000,standard
PCO0003781,TRF0003838,P05,8.076000,0.180000,0.440000,standard
PCO0003782,TRF0003839,P04,11.677000,0.180000,2.240000,standard
PCO0003783,TRF0003840,P02,10.852000,0.180000,0.780000,standard
PCO0003784,TRF0003841,P06,8.567000,0.180000,0.550000,standard
PCO0003785,TRF0003842,P03,10.876000,0.180000,0.850000,standard
PCO0003786,TRF0003843,P03,11.941000,0.180000,0.270000,standard
PCO0003787,TRF0003844,P02,11.177000,0.180000,1.730000,standard
PCO0003788,TRF0003845,P02,11.414000,0.180000,0.590000,standard
PCO0003789,TRF0003846,P01,7.813000,0.180000,0.960000,standard
PCO0003790,TRF0003847,P01,7.056000,0.180000,0.750000,standard
PCO0003791,TRF0003848,P05,9.066000,0.180000,6.740000,standard
PCO0003792,TRF0003849,P06,9.357000,0.180000,5.040000,standard
PCO0003793,TRF0003850,P04,10.100000,0.180000,10.620000,standard
PCO0003794,TRF0003851,P01,7.570000,0.180000,1.530000,standard
PCO0003795,TRF0003852,P01,8.921000,0.180000,0.840000,standard
PCO0003796,TRF0003853,P02,9.219000,0.180000,14.970000,standard
PCO0003797,TRF0003854,P06,11.156000,0.180000,1.180000,standard
PCO0003798,TRF0003855,P01,7.901000,0.180000,0.510000,standard
PCO0003799,TRF0003856,P05,7.007000,0.180000,1.970000,standard
PCO0003800,TRF0003857,P04,13.370000,0.180000,0.350000,standard
PCO0003801,TRF0003858,P06,8.388000,0.180000,0.360000,standard
PCO0003802,TRF0003859,P01,8.032000,0.180000,3.020000,standard
PCO0003803,TRF0003860,P04,11.454000,0.180000,16.880000,standard
PCO0003804,TRF0003861,P03,9.669000,0.180000,2.300000,standard
PCO0003805,TRF0003862,P02,10.711000,0.180000,4.460000,standard
PCO0003806,TRF0003863,P05,8.953000,0.180000,0.310000,standard
PCO0003807,TRF0003864,P04,9.820000,0.180000,0.470000,standard
PCO0003808,TRF0003865,P01,7.237000,0.180000,1.850000,standard
PCO0003809,TRF0003866,P03,8.877000,0.180000,3.270000,standard
PCO0003810,TRF0003867,P02,8.516000,0.180000,0.340000,standard
PCO0003811,TRF0003868,P02,8.723000,0.180000,16.550000,standard
PCO0003812,TRF0003869,P05,8.229000,0.180000,6.710000,standard
PCO0003813,TRF0003870,P05,8.673000,0.180000,6.930000,standard
PCO0003814,TRF0003871,P06,9.570000,0.180000,0.750000,standard
PCO0003815,TRF0003872,P05,7.316000,0.180000,1.980000,standard
PCO0003816,TRF0003873,P04,9.653000,0.180000,0.490000,standard
PCO0003817,TRF0003874,P01,9.610000,0.180000,2.690000,standard
PCO0003818,TRF0003875,P02,10.378000,0.180000,0.630000,standard
PCO0003819,TRF0003876,P02,10.254000,0.180000,0.560000,standard
PCO0003820,TRF0003877,P02,10.844000,0.180000,1.140000,standard
PCO0003821,TRF0003878,P02,8.119000,0.180000,0.670000,standard
PCO0003822,TRF0003879,P06,11.435000,0.180000,16.320000,standard
PCO0003823,TRF0003880,P06,8.972000,0.180000,0.820000,standard
PCO0003824,TRF0003881,P01,8.607000,0.180000,0.950000,standard
PCO0003825,TRF0003882,P02,9.782000,0.180000,0.700000,standard
PCO0003826,TRF0003883,P02,8.184000,0.180000,0.460000,standard
PCO0003827,TRF0003884,P01,9.801000,0.180000,0.680000,standard
PCO0003828,TRF0003885,P03,11.303000,0.180000,0.610000,standard
PCO0003829,TRF0003886,P03,11.372000,0.180000,0.690000,standard
PCO0003830,TRF0003887,P03,10.993000,0.180000,0.470000,standard
PCO0003831,TRF0003888,P02,8.793000,0.180000,0.780000,standard
PCO0003832,TRF0003889,P01,7.769000,0.180000,0.410000,standard
PCO0003833,TRF0003890,P02,8.488000,0.180000,0.570000,standard
PCO0003834,TRF0003891,P01,8.078000,0.180000,7.730000,standard
PCO0003835,TRF0003892,P02,10.737000,0.180000,0.480000,standard
PCO0003836,TRF0003893,P01,6.318000,0.180000,5.830000,standard
PCO0003837,TRF0003894,P01,9.018000,0.180000,4.890000,standard
PCO0003838,TRF0003895,P04,12.428000,0.180000,0.410000,standard
PCO0003839,TRF0003896,P01,8.122000,0.180000,0.500000,standard
PCO0003840,TRF0003897,P01,9.406000,0.180000,0.510000,standard
PCO0003841,TRF0003898,P03,8.495000,0.180000,0.620000,standard
PCO0003842,TRF0003899,P04,12.580000,0.180000,1.490000,standard
PCO0003843,TRF0003900,P02,7.909000,0.180000,0.900000,standard
PCO0003844,TRF0003901,P02,6.985000,0.180000,1.110000,standard
PCO0003845,TRF0003902,P05,6.821000,0.180000,0.730000,standard
PCO0003846,TRF0003903,P01,7.822000,0.180000,0.450000,standard
PCO0003847,TRF0003904,P01,8.815000,0.180000,19.100000,standard
PCO0003848,TRF0003905,P01,9.120000,0.180000,0.260000,standard
PCO0003849,TRF0003906,P01,9.902000,0.180000,0.710000,standard
PCO0003850,TRF0003907,P02,8.590000,0.180000,1.030000,standard
PCO0003851,TRF0003908,P01,7.789000,0.180000,0.420000,standard
PCO0003852,TRF0003909,P05,7.474000,0.180000,1.820000,standard
PCO0003853,TRF0003910,P01,9.371000,0.180000,0.540000,standard
PCO0003854,TRF0003911,P03,10.882000,0.180000,5.380000,standard
PCO0003855,TRF0003912,P04,11.231000,0.180000,1.550000,standard
PCO0003856,TRF0003913,P02,11.372000,0.180000,1.130000,standard
PCO0003857,TRF0003914,P01,9.875000,0.180000,15.120000,standard
PCO0003858,TRF0003915,P06,10.296000,0.180000,0.790000,standard
PCO0003859,TRF0003916,P01,7.312000,0.180000,0.350000,standard
PCO0003860,TRF0003917,P03,11.112000,0.180000,0.590000,standard
PCO0003861,TRF0003918,P01,7.536000,0.180000,0.380000,standard
PCO0003862,TRF0003919,P01,7.791000,0.180000,0.450000,standard
PCO0003863,TRF0003920,P01,7.344000,0.180000,2.830000,standard
PCO0003864,TRF0003921,P06,8.253000,0.180000,5.660000,standard
PCO0003865,TRF0003922,P01,7.832000,0.180000,14.200000,standard
PCO0003866,TRF0003923,P01,7.033000,0.180000,0.790000,standard
PCO0003867,TRF0003924,P05,7.126000,0.180000,3.350000,standard
PCO0003868,TRF0003925,P04,10.155000,0.180000,0.340000,standard
PCO0003869,TRF0003926,P01,7.815000,0.180000,1.110000,standard
PCO0003870,TRF0003927,P02,10.936000,0.180000,0.880000,standard
PCO0003871,TRF0003928,P03,10.391000,0.180000,9.810000,standard
PCO0003872,TRF0003929,P05,7.682000,0.180000,8.260000,standard
PCO0003873,TRF0003930,P03,11.111000,0.180000,0.540000,standard
PCO0003874,TRF0003931,P04,11.917000,0.180000,0.310000,standard
PCO0003875,TRF0003932,P03,9.454000,0.180000,1.330000,standard
PCO0003876,TRF0003933,P04,10.451000,0.180000,3.680000,standard
PCO0003877,TRF0003934,P03,11.201000,0.180000,0.760000,standard
PCO0003878,TRF0003935,P04,10.759000,0.180000,4.970000,standard
PCO0003879,TRF0003936,P02,9.107000,0.180000,1.000000,standard
PCO0003880,TRF0003937,P04,11.307000,0.180000,0.580000,standard
PCO0003881,TRF0003938,P05,8.187000,0.180000,0.570000,standard
PCO0003882,TRF0003939,P01,9.427000,0.180000,1.810000,standard
PCO0003883,TRF0003940,P05,6.065000,0.180000,0.370000,standard
PCO0003884,TRF0003941,P06,11.172000,0.180000,0.360000,standard
PCO0003885,TRF0003942,P01,8.192000,0.180000,1.140000,standard
PCO0003886,TRF0003943,P03,11.851000,0.180000,37.440000,standard
PCO0003887,TRF0003944,P06,10.497000,0.180000,5.390000,standard
PCO0003888,TRF0003945,P05,8.992000,0.180000,0.470000,standard
PCO0003889,TRF0003946,P05,8.367000,0.180000,0.770000,standard
PCO0003890,TRF0003947,P03,9.755000,0.180000,32.780000,standard
PCO0003891,TRF0003948,P05,9.106000,0.180000,3.110000,standard
PCO0003892,TRF0003949,P04,12.014000,0.180000,0.480000,standard
PCO0003893,TRF0003950,P05,6.993000,0.180000,7.100000,standard
PCO0003894,TRF0003951,P01,9.925000,0.180000,1.520000,standard
PCO0003895,TRF0003952,P02,9.973000,0.180000,2.570000,standard
PCO0003896,TRF0003953,P03,10.933000,0.180000,0.370000,standard
PCO0003897,TRF0003954,P05,8.134000,0.180000,0.590000,standard
PCO0003898,TRF0003955,P04,9.914000,0.180000,0.770000,standard
PCO0003899,TRF0003956,P01,6.504000,0.180000,2.740000,standard
PCO0003900,TRF0003957,P04,12.368000,0.180000,1.600000,standard
PCO0003901,TRF0003958,P01,7.726000,0.180000,7.510000,standard
PCO0003902,TRF0003959,P01,8.991000,0.180000,3.670000,standard
PCO0003903,TRF0003960,P05,6.034000,0.180000,0.310000,standard
PCO0003904,TRF0003961,P05,8.286000,0.180000,1.730000,standard
PCO0003905,TRF0003962,P05,9.476000,0.180000,0.550000,standard
PCO0003906,TRF0003963,P03,10.920000,0.180000,2.260000,standard
PCO0003907,TRF0003964,P02,9.995000,0.180000,0.900000,standard
PCO0003908,TRF0003965,P03,9.605000,0.180000,14.930000,standard
PCO0003909,TRF0003966,P03,11.229000,0.180000,1.800000,standard
PCO0003910,TRF0003967,P06,9.398000,0.180000,8.250000,standard
PCO0003911,TRF0003968,P03,10.087000,0.180000,1.440000,standard
PCO0003912,TRF0003969,P06,11.273000,0.180000,2.460000,standard
PCO0003913,TRF0003970,P06,10.853000,0.180000,18.280000,standard
PCO0003914,TRF0003971,P03,11.608000,0.180000,0.610000,standard
PCO0003915,TRF0003972,P02,8.923000,0.180000,0.450000,standard
PCO0003916,TRF0003973,P04,10.250000,0.180000,0.270000,standard
PCO0003917,TRF0003974,P06,10.018000,0.180000,3.510000,standard
PCO0003918,TRF0003975,P05,9.032000,0.180000,54.130000,standard
PCO0003919,TRF0003976,P04,10.092000,0.180000,0.360000,standard
PCO0003920,TRF0003977,P04,9.412000,0.180000,0.360000,standard
PCO0003921,TRF0003978,P03,9.155000,0.180000,0.370000,standard
PCO0003922,TRF0003979,P04,10.879000,0.180000,5.790000,standard
PCO0003923,TRF0003980,P01,6.894000,0.180000,0.550000,standard
PCO0003924,TRF0003981,P03,10.662000,0.180000,0.630000,standard
PCO0003925,TRF0003982,P06,9.059000,0.180000,4.060000,standard
PCO0003926,TRF0003983,P05,8.017000,0.180000,7.790000,standard
PCO0003927,TRF0003984,P03,11.604000,0.180000,0.640000,standard
PCO0003928,TRF0003985,P05,7.479000,0.180000,2.960000,standard
PCO0003929,TRF0003986,P02,9.174000,0.180000,0.680000,standard
PCO0003930,TRF0003987,P02,8.620000,0.180000,3.130000,standard
PCO0003931,TRF0003988,P02,7.944000,0.180000,1.010000,standard
PCO0003932,TRF0003989,P02,8.721000,0.180000,0.400000,standard
PCO0003933,TRF0003990,P02,21.172000,0.180000,3.020000,priority
PCO0003934,TRF0003991,P04,10.936000,0.180000,3.120000,standard
PCO0003935,TRF0003992,P05,8.546000,0.180000,0.810000,standard
PCO0003936,TRF0003993,P04,11.532000,0.180000,6.650000,standard
PCO0003937,TRF0003994,P06,9.354000,0.180000,1.180000,standard
PCO0003938,TRF0003995,P02,9.606000,0.180000,1.040000,standard
PCO0003939,TRF0003996,P03,9.043000,0.180000,5.060000,standard
PCO0003940,TRF0003997,P06,9.210000,0.180000,5.800000,standard
PCO0003941,TRF0003998,P05,6.707000,0.180000,1.080000,standard
PCO0003942,TRF0003999,P04,11.078000,0.180000,18.700000,standard
PCO0003943,TRF0004000,P01,8.262000,0.180000,3.760000,standard
PCO0003944,TRF0004001,P05,7.785000,0.180000,2.260000,standard
PCO0003945,TRF0004002,P06,8.464000,0.180000,2.120000,standard
PCO0003946,TRF0004003,P03,10.778000,0.180000,0.620000,standard
PCO0003947,TRF0004004,P01,7.676000,0.180000,0.370000,standard
PCO0003948,TRF0004005,P05,8.498000,0.180000,5.950000,standard
PCO0003949,TRF0004006,P01,7.390000,0.180000,2.280000,standard
PCO0003950,TRF0004007,P06,9.721000,0.180000,1.200000,standard
PCO0003951,TRF0004008,P06,9.699000,0.180000,0.570000,standard
PCO0003952,TRF0004009,P03,9.018000,0.180000,5.870000,standard
PCO0003953,TRF0004010,P05,9.694000,0.180000,42.720000,standard
PCO0003954,TRF0004011,P05,9.117000,0.180000,0.360000,standard
PCO0003955,TRF0004012,P03,11.538000,0.180000,0.880000,standard
PCO0003956,TRF0004013,P04,10.716000,0.180000,0.850000,standard
PCO0003957,TRF0004014,P05,6.924000,0.180000,1.230000,standard
PCO0003958,TRF0004015,P06,10.582000,0.180000,7.700000,standard
PCO0003959,TRF0004016,P01,6.744000,0.180000,0.430000,standard
PCO0003960,TRF0004017,P02,10.731000,0.180000,6.830000,standard
PCO0003961,TRF0004018,P04,13.552000,0.180000,4.720000,standard
PCO0003962,TRF0004019,P01,10.053000,0.180000,1.060000,standard
PCO0003963,TRF0004020,P01,7.181000,0.180000,0.390000,standard
PCO0003964,TRF0004021,P01,10.485000,0.180000,0.480000,standard
PCO0003965,TRF0004022,P06,11.183000,0.180000,10.980000,standard
PCO0003966,TRF0004023,P03,9.868000,0.180000,0.590000,standard
PCO0003967,TRF0004024,P04,11.230000,0.180000,15.510000,standard
PCO0003968,TRF0004025,P03,9.540000,0.180000,0.950000,standard
PCO0003969,TRF0004026,P05,8.136000,0.180000,0.340000,standard
PCO0003970,TRF0004027,P06,10.551000,0.180000,0.620000,standard
PCO0003971,TRF0004028,P05,8.804000,0.180000,0.790000,standard
PCO0003972,TRF0004029,P04,12.020000,0.180000,17.670000,standard
PCO0003973,TRF0004030,P03,10.933000,0.180000,1.520000,standard
PCO0003974,TRF0004031,P01,9.404000,0.180000,5.900000,standard
PCO0003975,TRF0004032,P01,6.928000,0.180000,3.710000,standard
PCO0003976,TRF0004033,P02,21.107000,0.180000,4.090000,priority
PCO0003977,TRF0004034,P03,9.390000,0.180000,6.010000,standard
PCO0003978,TRF0004035,P01,8.882000,0.180000,3.090000,standard
PCO0003979,TRF0004036,P01,8.952000,0.180000,0.520000,standard
PCO0003980,TRF0004037,P06,8.280000,0.180000,0.630000,standard
PCO0003981,TRF0004038,P01,7.704000,0.180000,0.850000,standard
PCO0003982,TRF0004039,P04,10.601000,0.180000,17.720000,standard
PCO0003983,TRF0004040,P06,9.111000,0.180000,0.680000,standard
PCO0003984,TRF0004041,P05,7.430000,0.180000,2.020000,standard
PCO0003985,TRF0004042,P06,10.482000,0.180000,2.550000,standard
PCO0003986,TRF0004043,P05,7.422000,0.180000,0.820000,standard
PCO0003987,TRF0004044,P06,11.143000,0.180000,0.580000,standard
PCO0003988,TRF0004045,P01,8.071000,0.180000,2.680000,standard
PCO0003989,TRF0004046,P04,11.130000,0.180000,0.490000,standard
PCO0003990,TRF0004047,P01,7.005000,0.180000,0.560000,standard
PCO0003991,TRF0004048,P02,9.390000,0.180000,3.830000,standard
PCO0003992,TRF0004049,P01,8.339000,0.180000,3.860000,standard
PCO0003993,TRF0004050,P04,10.519000,0.180000,4.930000,standard
PCO0003994,TRF0004051,P03,10.623000,0.180000,1.610000,standard
PCO0003995,TRF0004052,P01,7.372000,0.180000,1.150000,standard
PCO0003996,TRF0004053,P01,6.911000,0.180000,1.430000,standard
PCO0003997,TRF0004054,P04,10.076000,0.180000,0.610000,standard
PCO0003998,TRF0004055,P02,11.479000,0.180000,15.090000,standard
PCO0003999,TRF0004056,P02,8.574000,0.180000,0.260000,standard
PCO0004000,TRF0004057,P04,11.988000,0.180000,5.370000,standard
PCO0004001,TRF0004058,P03,12.309000,0.180000,0.320000,standard
PCO0004002,TRF0004059,P02,8.284000,0.180000,0.440000,standard
PCO0004003,TRF0004060,P02,9.014000,0.180000,0.700000,standard
PCO0004004,TRF0004061,P04,11.239000,0.180000,106.850000,standard
PCO0004005,TRF0004062,P01,8.549000,0.180000,1.050000,standard
PCO0004006,TRF0004063,P05,7.048000,0.180000,0.520000,standard
PCO0004007,TRF0004064,P02,8.983000,0.180000,9.330000,standard
PCO0004008,TRF0004065,P05,8.963000,0.180000,0.780000,standard
PCO0004009,TRF0004066,P04,12.400000,0.180000,1.540000,standard
PCO0004010,TRF0004067,P02,9.121000,0.180000,19.880000,standard
PCO0004011,TRF0004068,P03,11.599000,0.180000,0.620000,standard
PCO0004012,TRF0004069,P02,10.635000,0.180000,1.880000,standard
PCO0004013,TRF0004070,P02,21.376000,0.180000,1.990000,priority
PCO0004014,TRF0004071,P05,10.307000,0.180000,0.360000,standard
PCO0004015,TRF0004072,P05,5.978000,0.180000,1.290000,standard
PCO0004016,TRF0004073,P03,11.054000,0.180000,0.620000,standard
PCO0004017,TRF0004074,P02,8.434000,0.180000,2.050000,standard
PCO0004018,TRF0004075,P02,7.601000,0.180000,4.430000,standard
PCO0004019,TRF0004076,P01,6.910000,0.180000,0.360000,standard
PCO0004020,TRF0004077,P02,8.213000,0.180000,12.820000,standard
PCO0004021,TRF0004078,P05,7.778000,0.180000,0.520000,standard
PCO0004022,TRF0004079,P05,8.283000,0.180000,0.570000,standard
PCO0004023,TRF0004080,P03,11.911000,0.180000,0.350000,standard
PCO0004024,TRF0004081,P02,9.790000,0.180000,0.350000,standard
PCO0004025,TRF0004083,P03,12.088000,0.180000,2.850000,standard
PCO0004026,TRF0004084,P05,8.479000,0.180000,1.340000,standard
PCO0004027,TRF0004085,P04,10.043000,0.180000,1.250000,standard
PCO0004028,TRF0004086,P06,11.012000,0.180000,0.610000,standard
PCO0004029,TRF0004087,P01,9.623000,0.180000,3.750000,standard
PCO0004030,TRF0004088,P04,10.243000,0.180000,0.320000,standard
PCO0004031,TRF0004089,P01,9.950000,0.180000,6.100000,standard
PCO0004032,TRF0004090,P01,6.576000,0.180000,2.970000,standard
PCO0004033,TRF0004091,P06,7.789000,0.180000,1.110000,standard
PCO0004034,TRF0004092,P04,10.340000,0.180000,1.110000,standard
PCO0004035,TRF0004093,P05,8.861000,0.180000,0.320000,standard
PCO0004036,TRF0004094,P05,5.452000,0.180000,0.900000,standard
PCO0004037,TRF0004095,P04,11.228000,0.180000,0.620000,standard
PCO0004038,TRF0004096,P01,8.814000,0.180000,7.790000,standard
PCO0004039,TRF0004097,P02,8.326000,0.180000,0.710000,standard
PCO0004040,TRF0004098,P04,11.007000,0.180000,0.640000,standard
PCO0004041,TRF0004099,P05,8.514000,0.180000,2.140000,standard
PCO0004042,TRF0004100,P06,10.970000,0.180000,3.030000,standard
PCO0004043,TRF0004101,P02,8.698000,0.180000,27.420000,standard
PCO0004044,TRF0004102,P01,8.544000,0.180000,1.130000,standard
PCO0004045,TRF0004103,P03,9.635000,0.180000,3.040000,standard
PCO0004046,TRF0004104,P05,9.502000,0.180000,0.760000,standard
PCO0004047,TRF0004105,P04,10.836000,0.180000,0.870000,standard
PCO0004048,TRF0004106,P04,11.142000,0.180000,1.330000,standard
PCO0004049,TRF0004107,P03,9.558000,0.180000,0.290000,standard
PCO0004050,TRF0004108,P01,7.616000,0.180000,0.630000,standard
PCO0004051,TRF0004109,P05,9.585000,0.180000,0.900000,standard
PCO0004052,TRF0004110,P02,7.534000,0.180000,0.350000,standard
PCO0004053,TRF0004111,P03,9.203000,0.180000,0.320000,standard
PCO0004054,TRF0004112,P02,8.825000,0.180000,3.200000,standard
PCO0004055,TRF0004113,P06,10.645000,0.180000,1.160000,standard
PCO0004056,TRF0004114,P06,8.401000,0.180000,0.330000,standard
PCO0004057,TRF0004115,P06,9.738000,0.180000,8.030000,standard
PCO0004058,TRF0004116,P02,21.035000,0.180000,1.950000,priority
PCO0004059,TRF0004117,P03,11.197000,0.180000,1.310000,standard
PCO0004060,TRF0004118,P04,10.477000,0.180000,23.080000,standard
PCO0004061,TRF0004119,P06,9.100000,0.180000,2.010000,standard
PCO0004062,TRF0004120,P01,8.621000,0.180000,0.350000,standard
PCO0004063,TRF0004121,P03,8.645000,0.180000,3.240000,standard
PCO0004064,TRF0004123,P01,9.178000,0.180000,20.010000,standard
PCO0004065,TRF0004124,P02,8.700000,0.180000,0.900000,standard
PCO0004066,TRF0004125,P04,11.864000,0.180000,0.440000,standard
PCO0004067,TRF0004126,P06,11.404000,0.180000,13.170000,standard
PCO0004068,TRF0004127,P02,8.300000,0.180000,2.020000,standard
PCO0004069,TRF0004128,P05,9.377000,0.180000,4.530000,standard
PCO0004070,TRF0004129,P02,9.451000,0.180000,20.580000,standard
PCO0004071,TRF0004130,P04,10.657000,0.180000,1.970000,standard
PCO0004072,TRF0004131,P02,20.785000,0.180000,3.700000,priority
PCO0004073,TRF0004133,P04,12.072000,0.180000,1.480000,standard
PCO0004074,TRF0004134,P05,8.644000,0.180000,24.020000,standard
PCO0004075,TRF0004135,P05,6.400000,0.180000,3.000000,standard
PCO0004076,TRF0004136,P06,8.594000,0.180000,0.230000,standard
PCO0004077,TRF0004137,P06,8.077000,0.180000,2.880000,standard
PCO0004078,TRF0004138,P04,11.163000,0.180000,12.450000,standard
PCO0004079,TRF0004139,P01,8.552000,0.180000,0.480000,standard
PCO0004080,TRF0004140,P05,7.443000,0.180000,8.750000,standard
PCO0004081,TRF0004141,P02,8.665000,0.180000,0.530000,standard
PCO0004082,TRF0004142,P05,7.441000,0.180000,17.210000,standard
PCO0004083,TRF0004143,P02,8.279000,0.180000,0.780000,standard
PCO0004084,TRF0004144,P06,8.344000,0.180000,0.540000,standard
PCO0004085,TRF0004145,P06,10.379000,0.180000,0.790000,standard
PCO0004086,TRF0004146,P04,11.905000,0.180000,1.120000,standard
PCO0004087,TRF0004147,P06,9.035000,0.180000,0.840000,standard
PCO0004088,TRF0004148,P03,9.421000,0.180000,0.750000,standard
PCO0004089,TRF0004149,P05,9.248000,0.180000,0.500000,standard
PCO0004090,TRF0004150,P01,7.302000,0.180000,2.780000,standard
PCO0004091,TRF0004151,P01,7.027000,0.180000,2.880000,standard
PCO0004092,TRF0004152,P04,12.765000,0.180000,1.060000,standard
PCO0004093,TRF0004153,P06,9.905000,0.180000,1.040000,standard
PCO0004094,TRF0004154,P01,10.095000,0.180000,2.690000,standard
PCO0004095,TRF0004155,P02,8.967000,0.180000,2.530000,standard
PCO0004096,TRF0004156,P05,8.911000,0.180000,0.940000,standard
PCO0004097,TRF0004157,P05,7.914000,0.180000,18.520000,standard
PCO0004098,TRF0004158,P04,11.986000,0.180000,0.750000,standard
PCO0004099,TRF0004159,P01,8.002000,0.180000,0.320000,standard
PCO0004100,TRF0004160,P02,10.896000,0.180000,0.570000,standard
PCO0004101,TRF0004161,P05,7.418000,0.180000,128.020000,standard
PCO0004102,TRF0004162,P04,12.290000,0.180000,0.370000,standard
PCO0004103,TRF0004163,P03,10.176000,0.180000,0.350000,standard
PCO0004104,TRF0004164,P03,11.334000,0.180000,0.820000,standard
PCO0004105,TRF0004165,P03,9.212000,0.180000,12.710000,standard
PCO0004106,TRF0004166,P04,10.977000,0.180000,2.370000,standard
PCO0004107,TRF0004167,P05,7.851000,0.180000,0.480000,standard
PCO0004108,TRF0004168,P03,8.640000,0.180000,0.410000,standard
PCO0004109,TRF0004169,P01,8.341000,0.180000,0.220000,standard
PCO0004110,TRF0004170,P05,6.429000,0.180000,0.290000,standard
PCO0004111,TRF0004171,P05,7.705000,0.180000,0.830000,standard
PCO0004112,TRF0004172,P06,10.080000,0.180000,0.860000,standard
PCO0004113,TRF0004173,P03,10.256000,0.180000,0.500000,standard
PCO0004114,TRF0004174,P01,10.014000,0.180000,0.940000,standard
PCO0004115,TRF0004175,P02,9.528000,0.180000,1.890000,standard
PCO0004116,TRF0004176,P05,6.913000,0.180000,2.010000,standard
PCO0004117,TRF0004177,P01,6.951000,0.180000,4.070000,standard
PCO0004118,TRF0004178,P02,20.637000,0.180000,3.320000,priority
PCO0004119,TRF0004179,P03,8.965000,0.180000,3.510000,standard
PCO0004120,TRF0004180,P02,8.474000,0.180000,0.330000,standard
PCO0004121,TRF0004181,P01,6.727000,0.180000,0.620000,standard
PCO0004122,TRF0004182,P02,9.420000,0.180000,0.820000,standard
PCO0004123,TRF0004183,P03,8.718000,0.180000,4.300000,standard
PCO0004124,TRF0004184,P04,11.275000,0.180000,18.050000,standard
PCO0004125,TRF0004185,P01,9.673000,0.180000,2.000000,standard
PCO0004126,TRF0004186,P06,11.360000,0.180000,6.460000,standard
PCO0004127,TRF0004187,P04,11.876000,0.180000,2.340000,standard
PCO0004128,TRF0004188,P05,9.083000,0.180000,2.370000,standard
PCO0004129,TRF0004189,P05,7.121000,0.180000,3.280000,standard
PCO0004130,TRF0004190,P01,8.807000,0.180000,1.680000,standard
PCO0004131,TRF0004191,P05,5.919000,0.180000,0.340000,standard
PCO0004132,TRF0004192,P06,9.259000,0.180000,5.560000,standard
PCO0004133,TRF0004193,P06,9.009000,0.180000,0.370000,standard
PCO0004134,TRF0004194,P05,7.141000,0.180000,2.980000,standard
PCO0004135,TRF0004195,P05,6.744000,0.180000,3.330000,standard
PCO0004136,TRF0004196,P05,9.960000,0.180000,5.940000,standard
PCO0004137,TRF0004197,P02,10.244000,0.180000,0.660000,standard
PCO0004138,TRF0004198,P03,8.540000,0.180000,0.360000,standard
PCO0004139,TRF0004199,P02,9.354000,0.180000,0.740000,standard
PCO0004140,TRF0004200,P03,10.697000,0.180000,0.430000,standard
PCO0004141,TRF0004201,P05,9.002000,0.180000,2.310000,standard
PCO0004142,TRF0004202,P02,21.315000,0.180000,0.760000,priority
PCO0004143,TRF0004203,P06,8.559000,0.180000,13.010000,standard
PCO0004144,TRF0004204,P05,7.782000,0.180000,0.400000,standard
PCO0004145,TRF0004205,P06,8.703000,0.180000,1.790000,standard
PCO0004146,TRF0004206,P05,6.965000,0.180000,0.820000,standard
PCO0004147,TRF0004207,P01,6.675000,0.180000,2.360000,standard
PCO0004148,TRF0004208,P04,11.986000,0.180000,12.810000,standard
PCO0004149,TRF0004209,P05,9.061000,0.180000,0.530000,standard
PCO0004150,TRF0004210,P05,7.698000,0.180000,6.480000,standard
PCO0004151,TRF0004211,P02,9.480000,0.180000,0.350000,standard
PCO0004152,TRF0004212,P03,9.900000,0.180000,0.930000,standard
PCO0004153,TRF0004213,P04,9.852000,0.180000,1.600000,standard
PCO0004154,TRF0004214,P02,11.135000,0.180000,8.620000,standard
PCO0004155,TRF0004215,P03,11.055000,0.180000,0.840000,standard
PCO0004156,TRF0004216,P03,9.214000,0.180000,19.950000,standard
PCO0004157,TRF0004217,P02,10.355000,0.180000,2.020000,standard
PCO0004158,TRF0004218,P04,10.609000,0.180000,48.340000,standard
PCO0004159,TRF0004219,P05,6.692000,0.180000,1.550000,standard
PCO0004160,TRF0004220,P04,12.033000,0.180000,26.490000,standard
PCO0004161,TRF0004221,P03,10.443000,0.180000,64.070000,standard
PCO0004162,TRF0004222,P01,8.243000,0.180000,1.250000,standard
PCO0004163,TRF0004223,P04,10.350000,0.180000,17.570000,standard
PCO0004164,TRF0004224,P06,11.173000,0.180000,1.320000,standard
PCO0004165,TRF0004225,P05,7.097000,0.180000,2.000000,standard
PCO0004166,TRF0004226,P01,7.302000,0.180000,0.940000,standard
PCO0004167,TRF0004227,P05,8.734000,0.180000,0.590000,standard
PCO0004168,TRF0004228,P01,8.699000,0.180000,1.970000,standard
PCO0004169,TRF0004229,P01,8.025000,0.180000,0.740000,standard
PCO0004170,TRF0004230,P05,7.310000,0.180000,1.070000,standard
PCO0004171,TRF0004231,P01,6.685000,0.180000,0.590000,standard
PCO0004172,TRF0004232,P01,9.099000,0.180000,0.660000,standard
PCO0004173,TRF0004233,P01,7.876000,0.180000,6.780000,standard
PCO0004174,TRF0004234,P04,12.280000,0.180000,22.070000,standard
PCO0004175,TRF0004235,P01,7.707000,0.180000,2.150000,standard
PCO0004176,TRF0004236,P02,9.787000,0.180000,14.350000,standard
PCO0004177,TRF0004237,P05,8.770000,0.180000,0.490000,standard
PCO0004178,TRF0004238,P03,11.288000,0.180000,0.490000,standard
PCO0004179,TRF0004239,P03,8.869000,0.180000,1.890000,standard
PCO0004180,TRF0004240,P05,7.427000,0.180000,1.510000,standard
PCO0004181,TRF0004241,P05,9.961000,0.180000,4.870000,standard
PCO0004182,TRF0004242,P05,6.796000,0.180000,0.920000,standard
PCO0004183,TRF0004243,P01,6.936000,0.180000,1.680000,standard
PCO0004184,TRF0004244,P02,8.415000,0.180000,7.150000,standard
PCO0004185,TRF0004245,P05,7.979000,0.180000,0.480000,standard
PCO0004186,TRF0004247,P03,9.957000,0.180000,1.180000,standard
PCO0004187,TRF0004248,P01,6.091000,0.180000,3.310000,standard
PCO0004188,TRF0004249,P02,9.124000,0.180000,0.460000,standard
PCO0004189,TRF0004250,P05,6.830000,0.180000,0.920000,standard
PCO0004190,TRF0004251,P01,7.115000,0.180000,0.220000,standard
PCO0004191,TRF0004252,P01,7.836000,0.180000,0.690000,standard
PCO0004192,TRF0004253,P05,6.565000,0.180000,2.430000,standard
PCO0004193,TRF0004254,P05,7.953000,0.180000,0.540000,standard
PCO0004194,TRF0004255,P05,8.052000,0.180000,0.860000,standard
PCO0004195,TRF0004256,P01,7.335000,0.180000,7.450000,standard
PCO0004196,TRF0004257,P05,7.447000,0.180000,0.890000,standard
PCO0004197,TRF0004258,P02,9.734000,0.180000,1.460000,standard
PCO0004198,TRF0004259,P04,10.499000,0.180000,1.810000,standard
PCO0004199,TRF0004260,P06,8.601000,0.180000,0.300000,standard
PCO0004200,TRF0004261,P01,6.792000,0.180000,0.320000,standard
PCO0004201,TRF0004262,P01,9.599000,0.180000,0.700000,standard
PCO0004202,TRF0004263,P04,10.716000,0.180000,0.920000,standard
PCO0004203,TRF0004264,P01,9.383000,0.180000,7.220000,standard
PCO0004204,TRF0004265,P02,9.922000,0.180000,0.410000,standard
PCO0004205,TRF0004266,P02,20.790000,0.180000,22.300000,priority
PCO0004206,TRF0004267,P02,21.204000,0.180000,1.070000,priority
PCO0004207,TRF0004268,P01,7.660000,0.180000,4.380000,standard
PCO0004208,TRF0004269,P02,9.562000,0.180000,0.440000,standard
PCO0004209,TRF0004270,P01,8.374000,0.180000,0.890000,standard
PCO0004210,TRF0004271,P03,9.778000,0.180000,1.540000,standard
PCO0004211,TRF0004272,P02,8.465000,0.180000,1.230000,standard
PCO0004212,TRF0004273,P04,12.462000,0.180000,0.710000,standard
PCO0004213,TRF0004274,P05,8.555000,0.180000,4.000000,standard
PCO0004214,TRF0004275,P02,8.146000,0.180000,1.290000,standard
PCO0004215,TRF0004276,P01,9.752000,0.180000,0.550000,standard
PCO0004216,TRF0004277,P04,11.424000,0.180000,7.510000,standard
PCO0004217,TRF0004278,P04,12.333000,0.180000,0.770000,standard
PCO0004218,TRF0004279,P02,10.037000,0.180000,2.340000,standard
PCO0004219,TRF0004280,P04,11.210000,0.180000,0.550000,standard
PCO0004220,TRF0004281,P03,12.134000,0.180000,0.830000,standard
PCO0004221,TRF0004282,P04,10.783000,0.180000,0.810000,standard
PCO0004222,TRF0004283,P01,9.379000,0.180000,0.690000,standard
PCO0004223,TRF0004284,P06,10.275000,0.180000,0.980000,standard
PCO0004224,TRF0004285,P04,11.788000,0.180000,22.890000,standard
PCO0004225,TRF0004286,P05,7.282000,0.180000,13.440000,standard
PCO0004226,TRF0004287,P01,7.067000,0.180000,0.290000,standard
PCO0004227,TRF0004288,P01,6.665000,0.180000,12.080000,standard
PCO0004228,TRF0004289,P04,11.782000,0.180000,0.880000,standard
PCO0004229,TRF0004290,P06,10.628000,0.180000,1.360000,standard
PCO0004230,TRF0004291,P03,11.419000,0.180000,0.460000,standard
PCO0004231,TRF0004292,P02,10.650000,0.180000,0.280000,standard
PCO0004232,TRF0004293,P05,8.272000,0.180000,0.290000,standard
PCO0004233,TRF0004294,P03,9.393000,0.180000,3.360000,standard
PCO0004234,TRF0004295,P01,8.390000,0.180000,0.770000,standard
PCO0004235,TRF0004296,P01,7.602000,0.180000,0.620000,standard
PCO0004236,TRF0004297,P05,6.976000,0.180000,0.600000,standard
PCO0004237,TRF0004298,P04,9.703000,0.180000,0.750000,standard
PCO0004238,TRF0004299,P04,11.871000,0.180000,11.080000,standard
PCO0004239,TRF0004300,P06,9.333000,0.180000,1.490000,standard
PCO0004240,TRF0004301,P05,8.556000,0.180000,3.450000,standard
PCO0004241,TRF0004302,P04,10.103000,0.180000,1.020000,standard
PCO0004242,TRF0004303,P05,9.030000,0.180000,0.730000,standard
PCO0004243,TRF0004304,P04,11.601000,0.180000,16.840000,standard
PCO0004244,TRF0004305,P06,9.062000,0.180000,0.350000,standard
PCO0004245,TRF0004306,P01,7.686000,0.180000,0.680000,standard
PCO0004246,TRF0004307,P04,12.784000,0.180000,0.670000,standard
PCO0004247,TRF0004308,P04,10.434000,0.180000,3.170000,standard
PCO0004248,TRF0004309,P02,8.717000,0.180000,3.020000,standard
PCO0004249,TRF0004310,P01,7.691000,0.180000,1.110000,standard
PCO0004250,TRF0004311,P06,10.608000,0.180000,2.810000,standard
PCO0004251,TRF0004312,P02,9.099000,0.180000,4.570000,standard
PCO0004252,TRF0004313,P02,21.066000,0.180000,0.630000,priority
PCO0004253,TRF0004314,P02,7.599000,0.180000,0.960000,standard
PCO0004254,TRF0004315,P04,12.379000,0.180000,1.130000,standard
PCO0004255,TRF0004316,P01,7.909000,0.180000,0.820000,standard
PCO0004256,TRF0004317,P02,11.018000,0.180000,0.560000,standard
PCO0004257,TRF0004318,P02,10.929000,0.180000,5.630000,standard
PCO0004258,TRF0004319,P02,7.726000,0.180000,0.370000,standard
PCO0004259,TRF0004320,P02,8.492000,0.180000,0.420000,standard
PCO0004260,TRF0004321,P01,6.584000,0.180000,4.550000,standard
PCO0004261,TRF0004322,P01,7.287000,0.180000,3.600000,standard
PCO0004262,TRF0004323,P05,7.162000,0.180000,1.310000,standard
PCO0004263,TRF0004324,P01,9.384000,0.180000,2.150000,standard
PCO0004264,TRF0004325,P05,8.869000,0.180000,4.630000,standard
PCO0004265,TRF0004326,P01,9.512000,0.180000,0.400000,standard
PCO0004266,TRF0004327,P05,7.394000,0.180000,0.390000,standard
PCO0004267,TRF0004328,P06,9.596000,0.180000,9.170000,standard
PCO0004268,TRF0004329,P02,8.983000,0.180000,1.370000,standard
PCO0004269,TRF0004330,P01,7.513000,0.180000,0.490000,standard
PCO0004270,TRF0004331,P01,8.775000,0.180000,1.800000,standard
PCO0004271,TRF0004332,P02,8.572000,0.180000,1.430000,standard
PCO0004272,TRF0004333,P02,21.100000,0.180000,0.590000,priority
PCO0004273,TRF0004334,P03,12.626000,0.180000,0.660000,standard
PCO0004274,TRF0004335,P04,11.310000,0.180000,3.140000,standard
PCO0004275,TRF0004336,P04,10.625000,0.180000,2.000000,standard
PCO0004276,TRF0004337,P05,7.761000,0.180000,2.190000,standard
PCO0004277,TRF0004338,P05,7.354000,0.180000,0.890000,standard
PCO0004278,TRF0004339,P03,9.493000,0.180000,0.660000,standard
PCO0004279,TRF0004340,P02,8.847000,0.180000,0.880000,standard
PCO0004280,TRF0004341,P04,9.834000,0.180000,0.920000,standard
PCO0004281,TRF0004342,P04,12.809000,0.180000,3.950000,standard
PCO0004282,TRF0004343,P04,13.055000,0.180000,0.880000,standard
PCO0004283,TRF0004344,P02,8.083000,0.180000,1.080000,standard
PCO0004284,TRF0004345,P01,8.470000,0.180000,0.380000,standard
PCO0004285,TRF0004346,P06,8.509000,0.180000,1.840000,standard
PCO0004286,TRF0004347,P01,7.189000,0.180000,0.820000,standard
PCO0004287,TRF0004348,P02,10.002000,0.180000,0.530000,standard
PCO0004288,TRF0004349,P03,10.406000,0.180000,1.000000,standard
PCO0004289,TRF0004350,P05,9.391000,0.180000,1.010000,standard
PCO0004290,TRF0004351,P03,10.220000,0.180000,0.970000,standard
PCO0004291,TRF0004352,P04,12.284000,0.180000,0.950000,standard
PCO0004292,TRF0004353,P04,11.862000,0.180000,1.380000,standard
PCO0004293,TRF0004354,P02,20.884000,0.180000,6.140000,priority
PCO0004294,TRF0004355,P05,6.838000,0.180000,1.710000,standard
PCO0004295,TRF0004356,P03,10.957000,0.180000,0.430000,standard
PCO0004296,TRF0004357,P03,11.757000,0.180000,2.050000,standard
PCO0004297,TRF0004358,P05,8.403000,0.180000,0.260000,standard
PCO0004298,TRF0004359,P01,6.782000,0.180000,0.440000,standard
PCO0004299,TRF0004360,P06,10.757000,0.180000,1.210000,standard
PCO0004300,TRF0004361,P03,10.849000,0.180000,0.840000,standard
PCO0004301,TRF0004362,P01,7.250000,0.180000,1.400000,standard
PCO0004302,TRF0004363,P05,8.521000,0.180000,0.690000,standard
PCO0004303,TRF0004364,P04,10.472000,0.180000,0.390000,standard
PCO0004304,TRF0004365,P03,9.421000,0.180000,0.840000,standard
PCO0004305,TRF0004366,P01,7.897000,0.180000,0.750000,standard
PCO0004306,TRF0004367,P02,10.212000,0.180000,31.320000,standard
PCO0004307,TRF0004368,P04,10.128000,0.180000,0.500000,standard
PCO0004308,TRF0004369,P01,8.746000,0.180000,0.400000,standard
PCO0004309,TRF0004370,P02,10.708000,0.180000,0.500000,standard
PCO0004310,TRF0004371,P02,9.112000,0.180000,0.500000,standard
PCO0004311,TRF0004372,P01,8.502000,0.180000,3.110000,standard
PCO0004312,TRF0004374,P02,8.469000,0.180000,1.900000,standard
PCO0004313,TRF0004375,P06,10.506000,0.180000,0.320000,standard
PCO0004314,TRF0004376,P02,10.303000,0.180000,0.830000,standard
PCO0004315,TRF0004377,P01,9.003000,0.180000,28.610000,standard
PCO0004316,TRF0004378,P02,8.728000,0.180000,5.090000,standard
PCO0004317,TRF0004379,P01,9.066000,0.180000,0.370000,standard
PCO0004318,TRF0004380,P05,6.615000,0.180000,0.670000,standard
PCO0004319,TRF0004381,P03,8.947000,0.180000,2.960000,standard
PCO0004320,TRF0004382,P02,8.571000,0.180000,9.260000,standard
PCO0004321,TRF0004383,P02,8.992000,0.180000,6.370000,standard
PCO0004322,TRF0004384,P03,11.601000,0.180000,1.470000,standard
PCO0004323,TRF0004385,P02,8.701000,0.180000,11.380000,standard
PCO0004324,TRF0004386,P04,12.717000,0.180000,0.780000,standard
PCO0004325,TRF0004387,P04,10.445000,0.180000,3.990000,standard
PCO0004326,TRF0004388,P01,7.466000,0.180000,5.530000,standard
PCO0004327,TRF0004389,P04,11.022000,0.180000,2.550000,standard
PCO0004328,TRF0004390,P04,11.761000,0.180000,21.500000,standard
PCO0004329,TRF0004391,P01,8.876000,0.180000,1.650000,standard
PCO0004330,TRF0004392,P04,10.896000,0.180000,2.720000,standard
PCO0004331,TRF0004393,P06,8.978000,0.180000,1.540000,standard
PCO0004332,TRF0004394,P04,9.846000,0.180000,0.360000,standard
PCO0004333,TRF0004395,P04,10.169000,0.180000,25.290000,standard
PCO0004334,TRF0004396,P02,21.097000,0.180000,76.280000,priority
PCO0004335,TRF0004397,P04,12.236000,0.180000,0.430000,standard
PCO0004336,TRF0004398,P06,9.639000,0.180000,38.110000,standard
PCO0004337,TRF0004399,P04,13.145000,0.180000,29.330000,standard
PCO0004338,TRF0004400,P02,20.275000,0.180000,3.640000,priority
PCO0004339,TRF0004401,P06,11.735000,0.180000,0.840000,standard
PCO0004340,TRF0004402,P04,12.285000,0.180000,1.020000,standard
PCO0004341,TRF0004403,P02,8.247000,0.180000,4.850000,standard
PCO0004342,TRF0004404,P02,10.477000,0.180000,0.620000,standard
PCO0004343,TRF0004405,P03,10.078000,0.180000,18.990000,standard
PCO0004344,TRF0004406,P02,9.947000,0.180000,3.390000,standard
PCO0004345,TRF0004407,P01,8.206000,0.180000,0.260000,standard
PCO0004346,TRF0004408,P03,11.322000,0.180000,0.760000,standard
PCO0004347,TRF0004409,P01,8.978000,0.180000,0.690000,standard
PCO0004348,TRF0004410,P02,10.816000,0.180000,0.380000,standard
PCO0004349,TRF0004411,P01,9.359000,0.180000,0.560000,standard
PCO0004350,TRF0004412,P02,9.508000,0.180000,0.390000,standard
PCO0004351,TRF0004413,P02,21.349000,0.180000,1.620000,priority
PCO0004352,TRF0004414,P01,9.634000,0.180000,0.360000,standard
PCO0004353,TRF0004415,P05,7.154000,0.180000,0.250000,standard
PCO0004354,TRF0004416,P06,11.259000,0.180000,10.940000,standard
PCO0004355,TRF0004417,P05,7.224000,0.180000,8.080000,standard
PCO0004356,TRF0004418,P04,12.699000,0.180000,0.760000,standard
PCO0004357,TRF0004419,P03,11.385000,0.180000,12.650000,standard
PCO0004358,TRF0004420,P01,8.543000,0.180000,2.660000,standard
PCO0004359,TRF0004421,P04,11.748000,0.180000,0.340000,standard
PCO0004360,TRF0004422,P06,9.196000,0.180000,0.750000,standard
PCO0004361,TRF0004423,P03,9.022000,0.180000,1.150000,standard
PCO0004362,TRF0004424,P03,10.297000,0.180000,0.520000,standard
PCO0004363,TRF0004425,P03,9.267000,0.180000,6.320000,standard
PCO0004364,TRF0004426,P02,8.656000,0.180000,0.720000,standard
PCO0004365,TRF0004427,P02,20.759000,0.180000,138.300000,priority
PCO0004366,TRF0004428,P02,20.817000,0.180000,0.670000,priority
PCO0004367,TRF0004429,P02,11.130000,0.180000,0.580000,standard
PCO0004368,TRF0004430,P06,10.971000,0.180000,1.190000,standard
PCO0004369,TRF0004431,P05,7.876000,0.180000,1.780000,standard
PCO0004370,TRF0004432,P01,6.669000,0.180000,0.600000,standard
PCO0004371,TRF0004433,P03,9.458000,0.180000,11.960000,standard
PCO0004372,TRF0004434,P06,11.731000,0.180000,3.330000,standard
PCO0004373,TRF0004435,P03,9.656000,0.180000,11.230000,standard
PCO0004374,TRF0004436,P05,9.781000,0.180000,7.820000,standard
PCO0004375,TRF0004437,P03,9.712000,0.180000,1.760000,standard
PCO0004376,TRF0004438,P01,9.555000,0.180000,2.740000,standard
PCO0004377,TRF0004439,P01,8.520000,0.180000,0.960000,standard
PCO0004378,TRF0004440,P01,8.202000,0.180000,0.280000,standard
PCO0004379,TRF0004441,P02,8.265000,0.180000,0.430000,standard
PCO0004380,TRF0004442,P02,10.123000,0.180000,0.880000,standard
PCO0004381,TRF0004443,P02,10.559000,0.180000,17.380000,standard
PCO0004382,TRF0004444,P05,8.623000,0.180000,0.760000,standard
PCO0004383,TRF0004445,P03,9.419000,0.180000,17.950000,standard
PCO0004384,TRF0004446,P02,10.305000,0.180000,6.600000,standard
PCO0004385,TRF0004447,P02,7.699000,0.180000,6.590000,standard
PCO0004386,TRF0004448,P03,9.962000,0.180000,0.600000,standard
PCO0004387,TRF0004449,P02,8.680000,0.180000,0.320000,standard
PCO0004388,TRF0004450,P06,8.814000,0.180000,1.140000,standard
PCO0004389,TRF0004451,P04,10.932000,0.180000,0.710000,standard
PCO0004390,TRF0004452,P02,9.897000,0.180000,7.060000,standard
PCO0004391,TRF0004453,P04,12.463000,0.180000,1.100000,standard
PCO0004392,TRF0004454,P06,10.574000,0.180000,3.230000,standard
PCO0004393,TRF0004455,P03,10.901000,0.180000,2.270000,standard
PCO0004394,TRF0004456,P02,8.246000,0.180000,8.910000,standard
PCO0004395,TRF0004457,P06,9.277000,0.180000,14.570000,standard
PCO0004396,TRF0004458,P02,20.941000,0.180000,2.860000,priority
PCO0004397,TRF0004459,P02,10.159000,0.180000,0.400000,standard
PCO0004398,TRF0004460,P02,9.679000,0.180000,1.640000,standard
PCO0004399,TRF0004461,P01,9.108000,0.180000,1.650000,standard
PCO0004400,TRF0004462,P02,8.648000,0.180000,0.820000,standard
PCO0004401,TRF0004463,P05,8.263000,0.180000,0.570000,standard
PCO0004402,TRF0004464,P02,9.629000,0.180000,1.120000,standard
PCO0004403,TRF0004465,P01,7.025000,0.180000,8.630000,standard
PCO0004404,TRF0004466,P01,9.160000,0.180000,0.540000,standard
PCO0004405,TRF0004467,P01,8.995000,0.180000,7.220000,standard
PCO0004406,TRF0004468,P05,6.978000,0.180000,1.210000,standard
PCO0004407,TRF0004469,P03,8.580000,0.180000,0.360000,standard
PCO0004408,TRF0004470,P02,20.836000,0.180000,7.490000,priority
PCO0004409,TRF0004471,P01,7.735000,0.180000,42.270000,standard
PCO0004410,TRF0004472,P01,10.113000,0.180000,0.520000,standard
PCO0004411,TRF0004473,P01,8.269000,0.180000,4.780000,standard
PCO0004412,TRF0004474,P02,7.840000,0.180000,1.740000,standard
PCO0004413,TRF0004475,P02,8.884000,0.180000,3.770000,standard
PCO0004414,TRF0004476,P04,12.689000,0.180000,1.720000,standard
PCO0004415,TRF0004477,P04,10.296000,0.180000,3.580000,standard
PCO0004416,TRF0004478,P03,9.920000,0.180000,0.580000,standard
PCO0004417,TRF0004479,P02,8.404000,0.180000,0.820000,standard
PCO0004418,TRF0004480,P02,9.820000,0.180000,0.250000,standard
PCO0004419,TRF0004481,P04,11.325000,0.180000,1.460000,standard
PCO0004420,TRF0004482,P02,9.892000,0.180000,1.400000,standard
PCO0004421,TRF0004483,P01,7.071000,0.180000,27.490000,standard
PCO0004422,TRF0004484,P04,12.424000,0.180000,1.310000,standard
PCO0004423,TRF0004485,P01,7.738000,0.180000,8.530000,standard
PCO0004424,TRF0004486,P01,7.201000,0.180000,0.280000,standard
PCO0004425,TRF0004487,P04,12.905000,0.180000,3.260000,standard
PCO0004426,TRF0004488,P05,6.896000,0.180000,3.960000,standard
PCO0004427,TRF0004489,P01,10.154000,0.180000,0.510000,standard
PCO0004428,TRF0004490,P04,11.396000,0.180000,2.320000,standard
PCO0004429,TRF0004491,P05,6.864000,0.180000,5.700000,standard
PCO0004430,TRF0004492,P02,8.354000,0.180000,13.660000,standard
PCO0004431,TRF0004493,P05,7.276000,0.180000,0.770000,standard
PCO0004432,TRF0004494,P03,10.059000,0.180000,12.010000,standard
PCO0004433,TRF0004495,P02,21.013000,0.180000,4.260000,priority
PCO0004434,TRF0004496,P06,8.978000,0.180000,7.590000,standard
PCO0004435,TRF0004497,P02,11.141000,0.180000,3.580000,standard
PCO0004436,TRF0004498,P04,11.126000,0.180000,102.000000,standard
PCO0004437,TRF0004499,P04,12.957000,0.180000,0.430000,standard
PCO0004438,TRF0004500,P06,8.797000,0.180000,0.340000,standard
PCO0004439,TRF0004501,P04,12.787000,0.180000,1.130000,standard
PCO0004440,TRF0004502,P05,6.614000,0.180000,0.350000,standard
PCO0004441,TRF0004503,P04,11.872000,0.180000,38.390000,standard
PCO0004442,TRF0004504,P03,9.931000,0.180000,0.350000,standard
PCO0004443,TRF0004505,P03,9.704000,0.180000,0.970000,standard
PCO0004444,TRF0004506,P01,6.616000,0.180000,0.260000,standard
PCO0004445,TRF0004507,P03,8.960000,0.180000,1.630000,standard
PCO0004446,TRF0004508,P04,9.423000,0.180000,0.230000,standard
PCO0004447,TRF0004509,P01,7.761000,0.180000,21.160000,standard
PCO0004448,TRF0004510,P02,11.064000,0.180000,24.350000,standard
PCO0004449,TRF0004511,P06,8.479000,0.180000,5.810000,standard
PCO0004450,TRF0004512,P03,10.781000,0.180000,1.870000,standard
PCO0004451,TRF0004513,P02,8.686000,0.180000,0.860000,standard
PCO0004452,TRF0004514,P04,10.820000,0.180000,5.910000,standard
PCO0004453,TRF0004515,P03,9.357000,0.180000,13.150000,standard
PCO0004454,TRF0004516,P06,11.802000,0.180000,14.310000,standard
PCO0004455,TRF0004517,P01,8.097000,0.180000,1.830000,standard
PCO0004456,TRF0004518,P03,9.731000,0.180000,1.350000,standard
PCO0004457,TRF0004519,P02,10.827000,0.180000,7.770000,standard
PCO0004458,TRF0004520,P04,10.936000,0.180000,4.130000,standard
PCO0004459,TRF0004521,P06,8.722000,0.180000,0.700000,standard
PCO0004460,TRF0004522,P04,11.690000,0.180000,2.740000,standard
PCO0004461,TRF0004523,P01,10.090000,0.180000,2.660000,standard
PCO0004462,TRF0004524,P06,9.517000,0.180000,1.870000,standard
PCO0004463,TRF0004525,P01,8.323000,0.180000,6.610000,standard
PCO0004464,TRF0004526,P06,8.919000,0.180000,0.430000,standard
PCO0004465,TRF0004527,P04,11.418000,0.180000,0.470000,standard
PCO0004466,TRF0004528,P03,10.866000,0.180000,0.550000,standard
PCO0004467,TRF0004529,P04,10.954000,0.180000,1.040000,standard
PCO0004468,TRF0004530,P06,8.502000,0.180000,16.950000,standard
PCO0004469,TRF0004531,P01,8.065000,0.180000,0.390000,standard
PCO0004470,TRF0004532,P05,9.753000,0.180000,0.830000,standard
PCO0004471,TRF0004534,P02,8.381000,0.180000,0.330000,standard
PCO0004472,TRF0004535,P01,7.537000,0.180000,4.040000,standard
PCO0004473,TRF0004536,P05,6.294000,0.180000,55.220000,standard
PCO0004474,TRF0004537,P01,8.067000,0.180000,0.410000,standard
PCO0004475,TRF0004538,P03,9.409000,0.180000,0.700000,standard
PCO0004476,TRF0004539,P06,9.151000,0.180000,0.530000,standard
PCO0004477,TRF0004540,P03,11.377000,0.180000,0.840000,standard
PCO0004478,TRF0004541,P02,9.114000,0.180000,3.570000,standard
PCO0004479,TRF0004542,P01,9.989000,0.180000,6.300000,standard
PCO0004480,TRF0004543,P04,10.772000,0.180000,1.120000,standard
PCO0004481,TRF0004544,P01,8.336000,0.180000,0.290000,standard
PCO0004482,TRF0004545,P05,6.138000,0.180000,0.270000,standard
PCO0004483,TRF0004546,P05,7.552000,0.180000,22.120000,standard
PCO0004484,TRF0004547,P04,11.608000,0.180000,0.740000,standard
PCO0004485,TRF0004548,P04,11.469000,0.180000,3.110000,standard
PCO0004486,TRF0004549,P03,12.396000,0.180000,1.810000,standard
PCO0004487,TRF0004550,P06,11.807000,0.180000,1.640000,standard
PCO0004488,TRF0004551,P05,7.213000,0.180000,3.070000,standard
PCO0004489,TRF0004552,P04,11.250000,0.180000,1.720000,standard
PCO0004490,TRF0004553,P05,6.585000,0.180000,0.650000,standard
PCO0004491,TRF0004554,P05,6.724000,0.180000,4.920000,standard
PCO0004492,TRF0004555,P02,9.633000,0.180000,1.930000,standard
PCO0004493,TRF0004556,P02,10.062000,0.180000,2.610000,standard
PCO0004494,TRF0004557,P02,8.492000,0.180000,1.850000,standard
PCO0004495,TRF0004558,P04,12.881000,0.180000,0.370000,standard
PCO0004496,TRF0004559,P03,11.021000,0.180000,1.620000,standard
PCO0004497,TRF0004560,P04,9.991000,0.180000,4.830000,standard
PCO0004498,TRF0004561,P05,8.580000,0.180000,0.910000,standard
PCO0004499,TRF0004562,P02,9.653000,0.180000,0.590000,standard
PCO0004500,TRF0004563,P04,10.014000,0.180000,1.510000,standard
PCO0004501,TRF0004564,P05,7.379000,0.180000,1.350000,standard
PCO0004502,TRF0004565,P04,9.556000,0.180000,0.430000,standard
PCO0004503,TRF0004566,P02,8.300000,0.180000,3.170000,standard
PCO0004504,TRF0004567,P01,7.329000,0.180000,0.830000,standard
PCO0004505,TRF0004568,P02,8.898000,0.180000,0.740000,standard
PCO0004506,TRF0004569,P02,10.133000,0.180000,7.550000,standard
PCO0004507,TRF0004570,P05,8.280000,0.180000,0.490000,standard
PCO0004508,TRF0004571,P04,11.132000,0.180000,0.730000,standard
PCO0004509,TRF0004572,P04,10.006000,0.180000,1.380000,standard
PCO0004510,TRF0004573,P01,6.971000,0.180000,1.370000,standard
PCO0004511,TRF0004574,P03,11.771000,0.180000,1.300000,standard
PCO0004512,TRF0004575,P05,8.457000,0.180000,14.080000,standard
PCO0004513,TRF0004576,P06,11.150000,0.180000,13.280000,standard
PCO0004514,TRF0004577,P04,11.835000,0.180000,0.670000,standard
PCO0004515,TRF0004578,P03,9.389000,0.180000,1.740000,standard
PCO0004516,TRF0004579,P01,8.923000,0.180000,0.400000,standard
PCO0004517,TRF0004580,P02,20.599000,0.180000,0.630000,priority
PCO0004518,TRF0004581,P05,8.353000,0.180000,0.720000,standard
PCO0004519,TRF0004582,P06,11.235000,0.180000,6.410000,standard
PCO0004520,TRF0004583,P03,12.946000,0.180000,0.510000,standard
PCO0004521,TRF0004584,P05,9.231000,0.180000,2.490000,standard
PCO0004522,TRF0004585,P05,7.892000,0.180000,2.970000,standard
PCO0004523,TRF0004586,P05,7.310000,0.180000,1.160000,standard
PCO0004524,TRF0004587,P05,8.736000,0.180000,4.190000,standard
PCO0004525,TRF0004588,P04,12.598000,0.180000,4.310000,standard
PCO0004526,TRF0004589,P05,7.271000,0.180000,0.860000,standard
PCO0004527,TRF0004590,P02,9.098000,0.180000,3.130000,standard
PCO0004528,TRF0004591,P01,7.293000,0.180000,0.370000,standard
PCO0004529,TRF0004592,P06,10.550000,0.180000,1.460000,standard
PCO0004530,TRF0004593,P05,6.663000,0.180000,0.650000,standard
PCO0004531,TRF0004594,P01,7.868000,0.180000,0.940000,standard
PCO0004532,TRF0004595,P02,10.526000,0.180000,7.090000,standard
PCO0004533,TRF0004596,P06,9.410000,0.180000,1.380000,standard
PCO0004534,TRF0004597,P02,9.927000,0.180000,3.090000,standard
PCO0004535,TRF0004598,P02,8.359000,0.180000,1.070000,standard
PCO0004536,TRF0004599,P01,7.898000,0.180000,4.560000,standard
PCO0004537,TRF0004600,P02,9.695000,0.180000,27.840000,standard
PCO0004538,TRF0004601,P02,10.130000,0.180000,0.570000,standard
PCO0004539,TRF0004602,P04,10.897000,0.180000,4.280000,standard
PCO0004540,TRF0004603,P05,9.212000,0.180000,0.440000,standard
PCO0004541,TRF0004604,P03,9.776000,0.180000,1.460000,standard
PCO0004542,TRF0004605,P06,9.062000,0.180000,1.290000,standard
PCO0004543,TRF0004606,P01,7.685000,0.180000,1.220000,standard
PCO0004544,TRF0004607,P02,10.430000,0.180000,2.190000,standard
PCO0004545,TRF0004608,P05,9.203000,0.180000,1.870000,standard
PCO0004546,TRF0004609,P03,8.725000,0.180000,4.260000,standard
PCO0004547,TRF0004610,P06,9.797000,0.180000,1.320000,standard
PCO0004548,TRF0004611,P01,9.260000,0.180000,4.310000,standard
PCO0004549,TRF0004612,P01,8.521000,0.180000,1.990000,standard
PCO0004550,TRF0004613,P01,7.902000,0.180000,0.700000,standard
PCO0004551,TRF0004614,P01,9.141000,0.180000,0.780000,standard
PCO0004552,TRF0004615,P01,7.550000,0.180000,1.650000,standard
PCO0004553,TRF0004616,P01,7.111000,0.180000,0.810000,standard
PCO0004554,TRF0004617,P04,10.288000,0.180000,26.910000,standard
PCO0004555,TRF0004618,P01,6.968000,0.180000,0.350000,standard
PCO0004556,TRF0004619,P01,7.275000,0.180000,0.950000,standard
PCO0004557,TRF0004620,P04,11.982000,0.180000,1.310000,standard
PCO0004558,TRF0004621,P02,7.926000,0.180000,1.040000,standard
PCO0004559,TRF0004622,P03,10.849000,0.180000,0.590000,standard
PCO0004560,TRF0004623,P03,12.286000,0.180000,3.770000,standard
PCO0004561,TRF0004624,P02,8.288000,0.180000,0.390000,standard
PCO0004562,TRF0004625,P05,6.774000,0.180000,0.560000,standard
PCO0004563,TRF0004626,P02,9.421000,0.180000,0.830000,standard
PCO0004564,TRF0004627,P06,8.832000,0.180000,1.690000,standard
PCO0004565,TRF0004628,P03,10.835000,0.180000,1.030000,standard
PCO0004566,TRF0004629,P03,11.799000,0.180000,1.050000,standard
PCO0004567,TRF0004630,P05,8.097000,0.180000,0.800000,standard
PCO0004568,TRF0004631,P06,9.425000,0.180000,4.120000,standard
PCO0004569,TRF0004632,P06,9.049000,0.180000,1.970000,standard
PCO0004570,TRF0004633,P05,9.086000,0.180000,0.360000,standard
PCO0004571,TRF0004634,P02,10.828000,0.180000,0.240000,standard
PCO0004572,TRF0004635,P02,9.444000,0.180000,1.280000,standard
PCO0004573,TRF0004636,P03,9.279000,0.180000,5.000000,standard
PCO0004574,TRF0004637,P04,9.995000,0.180000,45.950000,standard
PCO0004575,TRF0004638,P02,9.885000,0.180000,12.980000,standard
PCO0004576,TRF0004639,P01,7.051000,0.180000,0.820000,standard
PCO0004577,TRF0004640,P04,10.456000,0.180000,0.530000,standard
PCO0004578,TRF0004641,P06,11.337000,0.180000,112.940000,standard
PCO0004579,TRF0004643,P05,7.286000,0.180000,3.640000,standard
PCO0004580,TRF0004644,P05,7.083000,0.180000,3.650000,standard
PCO0004581,TRF0004645,P04,11.754000,0.180000,0.290000,standard
PCO0004582,TRF0004646,P04,10.865000,0.180000,1.030000,standard
PCO0004583,TRF0004647,P05,9.218000,0.180000,0.680000,standard
PCO0004584,TRF0004648,P02,7.406000,0.180000,0.330000,standard
PCO0004585,TRF0004649,P04,11.356000,0.180000,0.990000,standard
PCO0004586,TRF0004650,P04,12.472000,0.180000,0.890000,standard
PCO0004587,TRF0004651,P04,10.780000,0.180000,0.580000,standard
PCO0004588,TRF0004652,P01,10.172000,0.180000,14.090000,standard
PCO0004589,TRF0004653,P04,12.852000,0.180000,1.280000,standard
PCO0004590,TRF0004654,P01,7.292000,0.180000,0.920000,standard
PCO0004591,TRF0004655,P03,9.997000,0.180000,5.610000,standard
PCO0004592,TRF0004656,P03,11.729000,0.180000,3.390000,standard
PCO0004593,TRF0004657,P02,10.922000,0.180000,0.340000,standard
PCO0004594,TRF0004658,P02,10.222000,0.180000,2.100000,standard
PCO0004595,TRF0004659,P06,10.574000,0.180000,0.780000,standard
PCO0004596,TRF0004660,P06,8.627000,0.180000,17.690000,standard
PCO0004597,TRF0004661,P01,7.748000,0.180000,4.250000,standard
PCO0004598,TRF0004662,P03,9.641000,0.180000,0.640000,standard
PCO0004599,TRF0004663,P01,8.060000,0.180000,0.710000,standard
PCO0004600,TRF0004664,P03,9.251000,0.180000,0.330000,standard
PCO0004601,TRF0004665,P04,12.769000,0.180000,5.890000,standard
PCO0004602,TRF0004666,P06,9.329000,0.180000,4.980000,standard
PCO0004603,TRF0004667,P04,11.302000,0.180000,3.320000,standard
PCO0004604,TRF0004668,P04,12.667000,0.180000,4.640000,standard
PCO0004605,TRF0004669,P06,10.994000,0.180000,0.450000,standard
PCO0004606,TRF0004670,P03,9.865000,0.180000,5.050000,standard
PCO0004607,TRF0004671,P05,6.844000,0.180000,0.400000,standard
PCO0004608,TRF0004672,P06,11.205000,0.180000,0.500000,standard
PCO0004609,TRF0004673,P03,10.158000,0.180000,5.580000,standard
PCO0004610,TRF0004674,P03,10.347000,0.180000,1.830000,standard
PCO0004611,TRF0004675,P06,10.200000,0.180000,0.370000,standard
PCO0004612,TRF0004676,P01,9.600000,0.180000,7.210000,standard
PCO0004613,TRF0004677,P03,8.842000,0.180000,1.650000,standard
PCO0004614,TRF0004678,P06,10.731000,0.180000,0.600000,standard
PCO0004615,TRF0004679,P04,11.708000,0.180000,0.990000,standard
PCO0004616,TRF0004680,P06,10.989000,0.180000,0.370000,standard
PCO0004617,TRF0004681,P02,8.220000,0.180000,7.630000,standard
PCO0004618,TRF0004682,P01,9.568000,0.180000,19.930000,standard
PCO0004619,TRF0004683,P04,12.171000,0.180000,0.530000,standard
PCO0004620,TRF0004684,P06,11.284000,0.180000,1.610000,standard
PCO0004621,TRF0004685,P01,9.706000,0.180000,6.940000,standard
PCO0004622,TRF0004686,P05,10.184000,0.180000,0.580000,standard
PCO0004623,TRF0004687,P04,12.360000,0.180000,0.810000,standard
PCO0004624,TRF0004688,P01,8.629000,0.180000,11.130000,standard
PCO0004625,TRF0004689,P01,6.510000,0.180000,0.680000,standard
PCO0004626,TRF0004690,P05,7.689000,0.180000,0.680000,standard
PCO0004627,TRF0004691,P05,7.264000,0.180000,0.270000,standard
PCO0004628,TRF0004692,P04,9.747000,0.180000,4.800000,standard
PCO0004629,TRF0004693,P02,8.819000,0.180000,1.390000,standard
PCO0004630,TRF0004694,P05,7.940000,0.180000,0.570000,standard
PCO0004631,TRF0004695,P01,9.163000,0.180000,0.300000,standard
PCO0004632,TRF0004696,P03,12.676000,0.180000,1.170000,standard
PCO0004633,TRF0004697,P04,12.915000,0.180000,3.000000,standard
PCO0004634,TRF0004698,P05,7.796000,0.180000,0.420000,standard
PCO0004635,TRF0004699,P03,10.879000,0.180000,2.230000,standard
PCO0004636,TRF0004700,P04,13.102000,0.180000,8.460000,standard
PCO0004637,TRF0004701,P06,10.785000,0.180000,0.690000,standard
PCO0004638,TRF0004702,P04,13.292000,0.180000,1.750000,standard
PCO0004639,TRF0004703,P03,9.302000,0.180000,0.480000,standard
PCO0004640,TRF0004704,P04,12.130000,0.180000,1.030000,standard
PCO0004641,TRF0004705,P02,8.375000,0.180000,0.410000,standard
PCO0004642,TRF0004706,P01,7.533000,0.180000,2.780000,standard
PCO0004643,TRF0004707,P01,7.071000,0.180000,0.660000,standard
PCO0004644,TRF0004708,P04,13.367000,0.180000,26.470000,standard
PCO0004645,TRF0004709,P05,9.246000,0.180000,1.700000,standard
PCO0004646,TRF0004710,P05,8.331000,0.180000,0.520000,standard
PCO0004647,TRF0004711,P03,11.585000,0.180000,0.240000,standard
PCO0004648,TRF0004712,P04,12.483000,0.180000,0.390000,standard
PCO0004649,TRF0004713,P02,10.955000,0.180000,0.900000,standard
PCO0004650,TRF0004714,P02,10.041000,0.180000,1.070000,standard
PCO0004651,TRF0004715,P02,10.181000,0.180000,6.840000,standard
PCO0004652,TRF0004716,P02,7.639000,0.180000,3.950000,standard
PCO0004653,TRF0004717,P05,8.613000,0.180000,0.520000,standard
PCO0004654,TRF0004718,P02,8.617000,0.180000,0.710000,standard
PCO0004655,TRF0004719,P02,19.949000,0.180000,32.120000,priority
PCO0004656,TRF0004720,P04,9.756000,0.180000,1.790000,standard
PCO0004657,TRF0004721,P02,10.265000,0.180000,0.930000,standard
PCO0004658,TRF0004722,P02,8.163000,0.180000,0.240000,standard
PCO0004659,TRF0004723,P05,8.172000,0.180000,1.330000,standard
PCO0004660,TRF0004724,P04,12.733000,0.180000,0.550000,standard
PCO0004661,TRF0004725,P02,7.315000,0.180000,0.950000,standard
PCO0004662,TRF0004726,P03,9.630000,0.180000,4.140000,standard
PCO0004663,TRF0004727,P03,9.662000,0.180000,0.820000,standard
PCO0004664,TRF0004728,P01,8.401000,0.180000,2.630000,standard
PCO0004665,TRF0004729,P06,7.997000,0.180000,0.990000,standard
PCO0004666,TRF0004730,P01,7.207000,0.180000,7.610000,standard
PCO0004667,TRF0004731,P05,6.959000,0.180000,1.030000,standard
PCO0004668,TRF0004732,P04,9.602000,0.180000,3.360000,standard
PCO0004669,TRF0004733,P02,21.135000,0.180000,2.210000,priority
PCO0004670,TRF0004734,P04,10.727000,0.180000,0.840000,standard
PCO0004671,TRF0004735,P04,10.064000,0.180000,3.820000,standard
PCO0004672,TRF0004736,P05,9.140000,0.180000,0.490000,standard
PCO0004673,TRF0004737,P01,9.743000,0.180000,4.180000,standard
PCO0004674,TRF0004738,P03,12.181000,0.180000,2.680000,standard
PCO0004675,TRF0004739,P01,8.795000,0.180000,3.160000,standard
PCO0004676,TRF0004740,P04,10.392000,0.180000,0.560000,standard
PCO0004677,TRF0004741,P06,10.107000,0.180000,1.960000,standard
PCO0004678,TRF0004742,P06,9.448000,0.180000,1.180000,standard
PCO0004679,TRF0004743,P06,11.075000,0.180000,30.310000,standard
PCO0004680,TRF0004744,P04,12.480000,0.180000,1.340000,standard
PCO0004681,TRF0004745,P05,9.772000,0.180000,17.510000,standard
PCO0004682,TRF0004746,P01,9.537000,0.180000,67.930000,standard
PCO0004683,TRF0004747,P06,8.630000,0.180000,0.310000,standard
PCO0004684,TRF0004748,P04,9.003000,0.180000,3.210000,standard
PCO0004685,TRF0004749,P04,11.124000,0.180000,1.740000,standard
PCO0004686,TRF0004750,P03,9.685000,0.180000,0.590000,standard
PCO0004687,TRF0004751,P01,6.500000,0.180000,17.810000,standard
PCO0004688,TRF0004752,P03,11.117000,0.180000,2.350000,standard
PCO0004689,TRF0004753,P01,7.487000,0.180000,1.420000,standard
PCO0004690,TRF0004754,P03,12.547000,0.180000,0.950000,standard
PCO0004691,TRF0004755,P04,11.991000,0.180000,23.450000,standard
PCO0004692,TRF0004756,P05,6.441000,0.180000,1.230000,standard
PCO0004693,TRF0004757,P06,10.779000,0.180000,0.920000,standard
PCO0004694,TRF0004758,P01,8.759000,0.180000,0.790000,standard
PCO0004695,TRF0004759,P02,21.194000,0.180000,5.610000,priority
PCO0004696,TRF0004760,P03,9.519000,0.180000,0.330000,standard
PCO0004697,TRF0004761,P03,11.235000,0.180000,0.610000,standard
PCO0004698,TRF0004762,P04,10.047000,0.180000,0.990000,standard
PCO0004699,TRF0004763,P03,10.919000,0.180000,0.770000,standard
PCO0004700,TRF0004764,P03,11.400000,0.180000,7.480000,standard
PCO0004701,TRF0004765,P06,8.490000,0.180000,0.880000,standard
PCO0004702,TRF0004766,P02,8.038000,0.180000,0.250000,standard
PCO0004703,TRF0004767,P05,7.817000,0.180000,1.690000,standard
PCO0004704,TRF0004768,P06,8.676000,0.180000,0.560000,standard
PCO0004705,TRF0004769,P04,11.749000,0.180000,0.740000,standard
PCO0004706,TRF0004770,P04,13.265000,0.180000,62.690000,standard
PCO0004707,TRF0004771,P01,7.766000,0.180000,0.470000,standard
PCO0004708,TRF0004772,P03,9.046000,0.180000,0.520000,standard
PCO0004709,TRF0004773,P01,6.595000,0.180000,1.760000,standard
PCO0004710,TRF0004774,P02,9.890000,0.180000,0.810000,standard
PCO0004711,TRF0004775,P02,8.316000,0.180000,0.310000,standard
PCO0004712,TRF0004776,P05,7.250000,0.180000,1.000000,standard
PCO0004713,TRF0004777,P03,11.210000,0.180000,0.590000,standard
PCO0004714,TRF0004778,P02,8.493000,0.180000,0.940000,standard
PCO0004715,TRF0004779,P03,10.971000,0.180000,10.620000,standard
PCO0004716,TRF0004780,P02,10.853000,0.180000,0.340000,standard
PCO0004717,TRF0004781,P04,13.164000,0.180000,0.700000,standard
PCO0004718,TRF0004782,P03,9.143000,0.180000,0.620000,standard
PCO0004719,TRF0004783,P04,10.376000,0.180000,0.310000,standard
PCO0004720,TRF0004784,P05,7.718000,0.180000,0.290000,standard
PCO0004721,TRF0004785,P03,9.856000,0.180000,0.630000,standard
PCO0004722,TRF0004786,P03,10.358000,0.180000,2.180000,standard
PCO0004723,TRF0004787,P03,11.519000,0.180000,1.320000,standard
PCO0004724,TRF0004788,P06,11.653000,0.180000,0.370000,standard
PCO0004725,TRF0004789,P03,8.995000,0.180000,5.820000,standard
PCO0004726,TRF0004790,P01,8.979000,0.180000,0.270000,standard
PCO0004727,TRF0004791,P03,10.989000,0.180000,1.780000,standard
PCO0004728,TRF0004792,P05,7.118000,0.180000,1.200000,standard
PCO0004729,TRF0004793,P03,11.441000,0.180000,0.550000,standard
PCO0004730,TRF0004794,P04,10.083000,0.180000,3.670000,standard
PCO0004731,TRF0004795,P02,8.697000,0.180000,1.600000,standard
PCO0004732,TRF0004796,P04,11.009000,0.180000,1.380000,standard
PCO0004733,TRF0004797,P05,6.924000,0.180000,2.170000,standard
PCO0004734,TRF0004798,P03,9.606000,0.180000,5.290000,standard
PCO0004735,TRF0004799,P06,10.691000,0.180000,1.090000,standard
PCO0004736,TRF0004800,P01,7.546000,0.180000,5.280000,standard
PCO0004737,TRF0004801,P06,8.984000,0.180000,1.690000,standard
PCO0004738,TRF0004802,P03,9.098000,0.180000,5.680000,standard
PCO0004739,TRF0004803,P03,8.803000,0.180000,34.430000,standard
PCO0004740,TRF0004804,P03,8.387000,0.180000,5.830000,standard
PCO0004741,TRF0004805,P04,9.898000,0.180000,1.880000,standard
PCO0004742,TRF0004806,P02,21.043000,0.180000,2.530000,priority
PCO0004743,TRF0004807,P03,8.985000,0.180000,0.610000,standard
PCO0004744,TRF0004808,P02,8.066000,0.180000,15.950000,standard
PCO0004745,TRF0004809,P03,10.704000,0.180000,1.180000,standard
PCO0004746,TRF0004810,P05,7.154000,0.180000,2.640000,standard
PCO0004747,TRF0004811,P02,8.294000,0.180000,0.300000,standard
PCO0004748,TRF0004812,P05,8.049000,0.180000,0.220000,standard
PCO0004749,TRF0004813,P03,9.794000,0.180000,7.020000,standard
PCO0004750,TRF0004814,P05,6.748000,0.180000,0.530000,standard
PCO0004751,TRF0004815,P01,8.245000,0.180000,0.280000,standard
PCO0004752,TRF0004816,P02,7.713000,0.180000,1.270000,standard
PCO0004753,TRF0004817,P03,8.809000,0.180000,0.690000,standard
PCO0004754,TRF0004818,P02,8.414000,0.180000,12.180000,standard
PCO0004755,TRF0004819,P06,10.312000,0.180000,4.430000,standard
PCO0004756,TRF0004820,P04,10.600000,0.180000,0.470000,standard
PCO0004757,TRF0004821,P06,11.181000,0.180000,6.570000,standard
PCO0004758,TRF0004822,P05,9.132000,0.180000,0.750000,standard
PCO0004759,TRF0004823,P05,6.744000,0.180000,0.660000,standard
PCO0004760,TRF0004824,P05,8.331000,0.180000,2.300000,standard
PCO0004761,TRF0004825,P03,9.181000,0.180000,3.200000,standard
PCO0004762,TRF0004826,P01,9.819000,0.180000,0.380000,standard
PCO0004763,TRF0004827,P04,11.673000,0.180000,2.350000,standard
PCO0004764,TRF0004828,P04,10.552000,0.180000,1.110000,standard
PCO0004765,TRF0004829,P02,8.614000,0.180000,32.010000,standard
PCO0004766,TRF0004830,P04,9.947000,0.180000,2.090000,standard
PCO0004767,TRF0004831,P04,9.756000,0.180000,0.680000,standard
PCO0004768,TRF0004832,P04,11.154000,0.180000,0.780000,standard
PCO0004769,TRF0004833,P04,13.392000,0.180000,0.430000,standard
PCO0004770,TRF0004834,P05,6.258000,0.180000,0.410000,standard
PCO0004771,TRF0004835,P05,7.643000,0.180000,7.220000,standard
PCO0004772,TRF0004836,P03,10.618000,0.180000,6.610000,standard
PCO0004773,TRF0004837,P01,8.432000,0.180000,0.590000,standard
PCO0004774,TRF0004838,P03,11.040000,0.180000,0.990000,standard
PCO0004775,TRF0004839,P03,12.161000,0.180000,1.500000,standard
PCO0004776,TRF0004840,P04,11.696000,0.180000,0.470000,standard
PCO0004777,TRF0004841,P02,8.542000,0.180000,0.970000,standard
PCO0004778,TRF0004842,P03,8.709000,0.180000,0.770000,standard
PCO0004779,TRF0004843,P02,10.990000,0.180000,0.500000,standard
PCO0004780,TRF0004844,P05,6.761000,0.180000,0.520000,standard
PCO0004781,TRF0004845,P02,8.191000,0.180000,1.490000,standard
PCO0004782,TRF0004846,P06,8.962000,0.180000,0.440000,standard
PCO0004783,TRF0004847,P04,10.580000,0.180000,2.510000,standard
PCO0004784,TRF0004848,P05,9.567000,0.180000,0.990000,standard
PCO0004785,TRF0004849,P03,9.482000,0.180000,2.290000,standard
PCO0004786,TRF0004850,P03,8.315000,0.180000,0.630000,standard
PCO0004787,TRF0004851,P01,8.270000,0.180000,10.370000,standard
PCO0004788,TRF0004852,P01,8.977000,0.180000,1.730000,standard
PCO0004789,TRF0004853,P01,7.826000,0.180000,0.500000,standard
PCO0004790,TRF0004854,P01,9.808000,0.180000,2.880000,standard
PCO0004791,TRF0004855,P01,6.567000,0.180000,10.900000,standard
PCO0004792,TRF0004856,P01,9.663000,0.180000,0.330000,standard
PCO0004793,TRF0004857,P05,8.467000,0.180000,0.610000,standard
PCO0004794,TRF0004858,P02,9.477000,0.180000,12.450000,standard
PCO0004795,TRF0004859,P03,10.917000,0.180000,0.620000,standard
PCO0004796,TRF0004860,P01,9.592000,0.180000,0.970000,standard
PCO0004797,TRF0004861,P04,10.275000,0.180000,0.430000,standard
PCO0004798,TRF0004862,P05,6.849000,0.180000,6.390000,standard
PCO0004799,TRF0004863,P03,9.041000,0.180000,1.030000,standard
PCO0004800,TRF0004865,P01,7.614000,0.180000,0.320000,standard
PCO0004801,TRF0004866,P04,11.522000,0.180000,1.180000,standard
PCO0004802,TRF0004867,P02,10.428000,0.180000,1.690000,standard
PCO0004803,TRF0004868,P02,9.422000,0.180000,0.290000,standard
PCO0004804,TRF0004869,P01,10.059000,0.180000,1.880000,standard
PCO0004805,TRF0004870,P04,11.219000,0.180000,0.430000,standard
PCO0004806,TRF0004871,P03,10.306000,0.180000,0.740000,standard
PCO0004807,TRF0004872,P06,9.213000,0.180000,2.470000,standard
PCO0004808,TRF0004873,P05,8.953000,0.180000,7.090000,standard
PCO0004809,TRF0004874,P06,8.758000,0.180000,0.790000,standard
PCO0004810,TRF0004875,P06,9.579000,0.180000,0.260000,standard
PCO0004811,TRF0004876,P01,7.737000,0.180000,3.930000,standard
PCO0004812,TRF0004877,P01,7.981000,0.180000,0.540000,standard
PCO0004813,TRF0004878,P04,12.262000,0.180000,0.490000,standard
PCO0004814,TRF0004879,P05,7.272000,0.180000,7.610000,standard
PCO0004815,TRF0004880,P03,10.748000,0.180000,1.240000,standard
PCO0004816,TRF0004881,P02,8.729000,0.180000,1.420000,standard
PCO0004817,TRF0004882,P03,10.299000,0.180000,0.750000,standard
PCO0004818,TRF0004883,P04,12.667000,0.180000,1.690000,standard
PCO0004819,TRF0004884,P03,10.575000,0.180000,2.680000,standard
PCO0004820,TRF0004885,P04,11.427000,0.180000,0.730000,standard
PCO0004821,TRF0004886,P06,10.649000,0.180000,1.140000,standard
PCO0004822,TRF0004887,P01,7.949000,0.180000,0.550000,standard
PCO0004823,TRF0004888,P01,9.616000,0.180000,0.680000,standard
PCO0004824,TRF0004889,P03,11.069000,0.180000,1.150000,standard
PCO0004825,TRF0004890,P03,9.395000,0.180000,9.280000,standard
PCO0004826,TRF0004891,P01,6.314000,0.180000,9.900000,standard
PCO0004827,TRF0004892,P02,8.649000,0.180000,0.640000,standard
PCO0004828,TRF0004893,P05,7.224000,0.180000,4.630000,standard
PCO0004829,TRF0004894,P05,6.794000,0.180000,0.350000,standard
PCO0004830,TRF0004895,P01,8.620000,0.180000,10.100000,standard
PCO0004831,TRF0004896,P01,7.896000,0.180000,4.560000,standard
PCO0004832,TRF0004897,P04,12.550000,0.180000,10.660000,standard
PCO0004833,TRF0004898,P03,10.149000,0.180000,3.530000,standard
PCO0004834,TRF0004899,P01,8.772000,0.180000,6.900000,standard
PCO0004835,TRF0004900,P02,11.080000,0.180000,0.730000,standard
PCO0004836,TRF0004901,P02,9.911000,0.180000,0.870000,standard
PCO0004837,TRF0004902,P06,10.146000,0.180000,0.780000,standard
PCO0004838,TRF0004903,P05,7.872000,0.180000,0.410000,standard
PCO0004839,TRF0004904,P02,8.124000,0.180000,4.270000,standard
PCO0004840,TRF0004905,P06,11.054000,0.180000,24.530000,standard
PCO0004841,TRF0004906,P04,11.916000,0.180000,110.620000,standard
PCO0004842,TRF0004907,P05,7.472000,0.180000,1.010000,standard
PCO0004843,TRF0004908,P05,7.734000,0.180000,3.370000,standard
PCO0004844,TRF0004909,P03,11.893000,0.180000,18.170000,standard
PCO0004845,TRF0004910,P01,7.000000,0.180000,0.380000,standard
PCO0004846,TRF0004911,P04,13.141000,0.180000,1.770000,standard
PCO0004847,TRF0004912,P05,8.966000,0.180000,92.400000,standard
PCO0004848,TRF0004913,P03,8.621000,0.180000,0.990000,standard
PCO0004849,TRF0004914,P05,7.767000,0.180000,1.170000,standard
PCO0004850,TRF0004915,P02,9.052000,0.180000,0.350000,standard
PCO0004851,TRF0004916,P03,11.636000,0.180000,3.320000,standard
PCO0004852,TRF0004917,P03,11.575000,0.180000,2.530000,standard
PCO0004853,TRF0004919,P01,6.672000,0.180000,0.530000,standard
PCO0004854,TRF0004920,P06,9.484000,0.180000,0.600000,standard
PCO0004855,TRF0004921,P03,11.355000,0.180000,1.330000,standard
PCO0004856,TRF0004922,P04,11.137000,0.180000,3.090000,standard
PCO0004857,TRF0004923,P02,8.823000,0.180000,1.180000,standard
PCO0004858,TRF0004924,P04,13.697000,0.180000,1.050000,standard
PCO0004859,TRF0004925,P05,9.067000,0.180000,1.080000,standard
PCO0004860,TRF0004926,P06,9.825000,0.180000,45.710000,standard
PCO0004861,TRF0004927,P02,10.353000,0.180000,0.560000,standard
PCO0004862,TRF0004928,P01,8.111000,0.180000,1.040000,standard
PCO0004863,TRF0004929,P04,12.759000,0.180000,1.010000,standard
PCO0004864,TRF0004930,P03,9.031000,0.180000,0.290000,standard
PCO0004865,TRF0004931,P03,9.996000,0.180000,6.400000,standard
PCO0004866,TRF0004932,P01,6.812000,0.180000,2.280000,standard
PCO0004867,TRF0004933,P01,9.965000,0.180000,5.370000,standard
PCO0004868,TRF0004934,P03,10.336000,0.180000,3.980000,standard
PCO0004869,TRF0004935,P06,11.734000,0.180000,21.680000,standard
PCO0004870,TRF0004936,P03,11.162000,0.180000,11.200000,standard
PCO0004871,TRF0004937,P01,8.675000,0.180000,0.400000,standard
PCO0004872,TRF0004938,P03,8.437000,0.180000,1.410000,standard
PCO0004873,TRF0004939,P03,11.691000,0.180000,0.510000,standard
PCO0004874,TRF0004940,P02,8.597000,0.180000,0.660000,standard
PCO0004875,TRF0004941,P02,9.446000,0.180000,1.190000,standard
PCO0004876,TRF0004942,P03,11.135000,0.180000,1.220000,standard
PCO0004877,TRF0004943,P01,7.367000,0.180000,0.600000,standard
PCO0004878,TRF0004944,P02,10.434000,0.180000,0.330000,standard
PCO0004879,TRF0004945,P03,10.956000,0.180000,30.380000,standard
PCO0004880,TRF0004946,P04,11.232000,0.180000,0.330000,standard
PCO0004881,TRF0004947,P02,10.608000,0.180000,0.560000,standard
PCO0004882,TRF0004948,P06,9.114000,0.180000,0.500000,standard
PCO0004883,TRF0004949,P03,9.688000,0.180000,2.050000,standard
PCO0004884,TRF0004950,P04,10.288000,0.180000,4.440000,standard
PCO0004885,TRF0004951,P04,10.150000,0.180000,0.690000,standard
PCO0004886,TRF0004952,P04,11.343000,0.180000,0.390000,standard
PCO0004887,TRF0004953,P06,11.730000,0.180000,5.980000,standard
PCO0004888,TRF0004954,P05,7.328000,0.180000,1.820000,standard
PCO0004889,TRF0004955,P03,11.179000,0.180000,2.320000,standard
PCO0004890,TRF0004956,P01,7.878000,0.180000,0.520000,standard
PCO0004891,TRF0004957,P06,11.462000,0.180000,0.440000,standard
PCO0004892,TRF0004958,P02,10.513000,0.180000,1.480000,standard
PCO0004893,TRF0004959,P04,12.930000,0.180000,6.000000,standard
PCO0004894,TRF0004960,P02,21.244000,0.180000,0.340000,priority
PCO0004895,TRF0004961,P01,7.193000,0.180000,0.750000,standard
PCO0004896,TRF0004962,P01,6.519000,0.180000,0.280000,standard
PCO0004897,TRF0004963,P06,9.132000,0.180000,1.900000,standard
PCO0004898,TRF0004964,P04,10.561000,0.180000,0.570000,standard
PCO0004899,TRF0004965,P01,7.816000,0.180000,4.460000,standard
PCO0004900,TRF0004966,P02,9.822000,0.180000,2.700000,standard
PCO0004901,TRF0004967,P01,9.328000,0.180000,0.340000,standard
PCO0004902,TRF0004968,P03,12.253000,0.180000,1.360000,standard
PCO0004903,TRF0004969,P04,11.183000,0.180000,1.210000,standard
PCO0004904,TRF0004970,P05,9.233000,0.180000,0.630000,standard
PCO0004905,TRF0004971,P05,9.256000,0.180000,7.710000,standard
PCO0004906,TRF0004972,P03,8.352000,0.180000,1.270000,standard
PCO0004907,TRF0004973,P05,6.165000,0.180000,0.350000,standard
PCO0004908,TRF0004974,P02,11.487000,0.180000,0.620000,standard
PCO0004909,TRF0004975,P06,9.881000,0.180000,7.090000,standard
PCO0004910,TRF0004976,P05,7.298000,0.180000,9.560000,standard
PCO0004911,TRF0004977,P06,9.624000,0.180000,0.910000,standard
PCO0004912,TRF0004978,P01,7.470000,0.180000,2.190000,standard
PCO0004913,TRF0004979,P06,9.235000,0.180000,3.540000,standard
PCO0004914,TRF0004980,P02,7.661000,0.180000,0.770000,standard
PCO0004915,TRF0004981,P01,9.416000,0.180000,10.960000,standard
PCO0004916,TRF0004982,P05,8.515000,0.180000,13.160000,standard
PCO0004917,TRF0004983,P05,9.715000,0.180000,0.710000,standard
PCO0004918,TRF0004984,P05,8.079000,0.180000,0.560000,standard
PCO0004919,TRF0004985,P04,12.651000,0.180000,2.580000,standard
PCO0004920,TRF0004986,P06,8.232000,0.180000,1.120000,standard
PCO0004921,TRF0004987,P05,7.777000,0.180000,0.420000,standard
PCO0004922,TRF0004988,P05,8.781000,0.180000,3.620000,standard
PCO0004923,TRF0004989,P05,6.462000,0.180000,19.150000,standard
PCO0004924,TRF0004990,P01,8.139000,0.180000,0.530000,standard
PCO0004925,TRF0004991,P06,9.145000,0.180000,3.940000,standard
PCO0004926,TRF0004992,P05,5.791000,0.180000,0.360000,standard
PCO0004927,TRF0004993,P05,7.485000,0.180000,2.470000,standard
PCO0004928,TRF0004994,P03,9.272000,0.180000,0.680000,standard
PCO0004929,TRF0004995,P05,9.730000,0.180000,0.340000,standard
PCO0004930,TRF0004996,P03,9.175000,0.180000,10.950000,standard
PCO0004931,TRF0004997,P02,19.713000,0.180000,4.760000,priority
PCO0004932,TRF0004998,P02,9.963000,0.180000,4.330000,standard
PCO0004933,TRF0004999,P01,6.743000,0.180000,2.070000,standard
PCO0004934,TRF0005000,P04,10.142000,0.180000,3.560000,standard
PCO0004935,TRF0005001,P06,9.041000,0.180000,2.750000,standard
PCO0004936,TRF0005002,P02,7.785000,0.180000,0.340000,standard
PCO0004937,TRF0005003,P02,9.048000,0.180000,0.560000,standard
PCO0004938,TRF0005004,P05,7.394000,0.180000,0.330000,standard
PCO0004939,TRF0005005,P05,6.332000,0.180000,0.240000,standard
PCO0004940,TRF0005006,P03,9.325000,0.180000,0.700000,standard
PCO0004941,TRF0005007,P02,7.367000,0.180000,0.670000,standard
PCO0004942,TRF0005008,P03,10.062000,0.180000,0.460000,standard
PCO0004943,TRF0005009,P04,11.862000,0.180000,1.120000,standard
PCO0004944,TRF0005010,P01,7.425000,0.180000,0.660000,standard
PCO0004945,TRF0005011,P03,10.702000,0.180000,0.550000,standard
PCO0004946,TRF0005012,P01,7.791000,0.180000,10.160000,standard
PCO0004947,TRF0005013,P02,9.465000,0.180000,2.600000,standard
PCO0004948,TRF0005014,P01,7.521000,0.180000,1.580000,standard
PCO0004949,TRF0005015,P05,8.650000,0.180000,1.680000,standard
PCO0004950,TRF0005016,P01,7.361000,0.180000,2.300000,standard
PCO0004951,TRF0005017,P04,11.106000,0.180000,0.540000,standard
PCO0004952,TRF0005018,P03,11.502000,0.180000,0.660000,standard
PCO0004953,TRF0005019,P04,12.248000,0.180000,24.030000,standard
PCO0004954,TRF0005020,P02,8.173000,0.180000,19.950000,standard
PCO0004955,TRF0005021,P02,9.936000,0.180000,3.230000,standard
PCO0004956,TRF0005022,P02,11.065000,0.180000,3.490000,standard
PCO0004957,TRF0005023,P01,7.231000,0.180000,45.470000,standard
PCO0004958,TRF0005024,P03,10.097000,0.180000,3.440000,standard
PCO0004959,TRF0005025,P03,10.030000,0.180000,0.260000,standard
PCO0004960,TRF0005026,P05,8.366000,0.180000,0.940000,standard
PCO0004961,TRF0005027,P04,12.251000,0.180000,0.520000,standard
PCO0004962,TRF0005028,P02,10.669000,0.180000,0.510000,standard
PCO0004963,TRF0005029,P01,7.859000,0.180000,0.410000,standard
PCO0004964,TRF0005030,P03,9.560000,0.180000,3.060000,standard
PCO0004965,TRF0005031,P06,9.011000,0.180000,0.380000,standard
PCO0004966,TRF0005032,P03,11.488000,0.180000,5.630000,standard
PCO0004967,TRF0005033,P05,8.868000,0.180000,1.170000,standard
PCO0004968,TRF0005034,P05,7.950000,0.180000,0.800000,standard
PCO0004969,TRF0005035,P01,7.611000,0.180000,2.670000,standard
PCO0004970,TRF0005036,P05,6.785000,0.180000,0.360000,standard
PCO0004971,TRF0005037,P04,10.815000,0.180000,0.600000,standard
PCO0004972,TRF0005038,P05,9.431000,0.180000,0.510000,standard
PCO0004973,TRF0005039,P01,9.935000,0.180000,91.120000,standard
PCO0004974,TRF0005040,P03,9.418000,0.180000,0.890000,standard
PCO0004975,TRF0005041,P03,10.221000,0.180000,2.380000,standard
PCO0004976,TRF0005042,P02,7.384000,0.180000,0.820000,standard
PCO0004977,TRF0005043,P03,10.563000,0.180000,10.310000,standard
PCO0004978,TRF0005045,P04,11.745000,0.180000,0.360000,standard
PCO0004979,TRF0005046,P04,11.019000,0.180000,7.240000,standard
PCO0004980,TRF0005047,P05,6.589000,0.180000,0.270000,standard
PCO0004981,TRF0005048,P05,8.548000,0.180000,0.680000,standard
PCO0004982,TRF0005049,P06,11.674000,0.180000,0.750000,standard
PCO0004983,TRF0005050,P05,9.660000,0.180000,0.320000,standard
PCO0004984,TRF0005051,P03,9.084000,0.180000,3.200000,standard
PCO0004985,TRF0005052,P04,11.491000,0.180000,1.740000,standard
PCO0004986,TRF0005053,P05,9.912000,0.180000,10.980000,standard
PCO0004987,TRF0005054,P04,9.301000,0.180000,1.960000,standard
PCO0004988,TRF0005055,P04,11.857000,0.180000,2.040000,standard
PCO0004989,TRF0005056,P02,9.299000,0.180000,1.550000,standard
PCO0004990,TRF0005057,P04,10.942000,0.180000,0.540000,standard
PCO0004991,TRF0005058,P05,6.795000,0.180000,4.010000,standard
PCO0004992,TRF0005059,P01,8.872000,0.180000,1.500000,standard
PCO0004993,TRF0005060,P05,6.850000,0.180000,0.600000,standard
PCO0004994,TRF0005061,P02,21.033000,0.180000,1.930000,priority
PCO0004995,TRF0005062,P02,20.159000,0.180000,5.400000,priority
PCO0004996,TRF0005063,P04,12.441000,0.180000,0.980000,standard
PCO0004997,TRF0005064,P01,9.425000,0.180000,4.400000,standard
PCO0004998,TRF0005065,P02,10.860000,0.180000,0.740000,standard
PCO0004999,TRF0005066,P05,7.185000,0.180000,0.310000,standard
PCO0005000,TRF0005067,P04,11.111000,0.180000,3.870000,standard
PCO0005001,TRF0005068,P02,21.142000,0.180000,13.740000,priority
PCO0005002,TRF0005069,P06,8.583000,0.180000,7.450000,standard
PCO0005003,TRF0005070,P03,10.833000,0.180000,0.470000,standard
PCO0005004,TRF0005071,P05,7.465000,0.180000,0.800000,standard
PCO0005005,TRF0005072,P06,11.358000,0.180000,1.840000,standard
PCO0005006,TRF0005073,P02,8.211000,0.180000,1.170000,standard
PCO0005007,TRF0005074,P01,8.529000,0.180000,0.390000,standard
PCO0005008,TRF0005075,P06,9.293000,0.180000,1.260000,standard
PCO0005009,TRF0005076,P03,10.458000,0.180000,0.640000,standard
PCO0005010,TRF0005077,P02,9.611000,0.180000,1.680000,standard
PCO0005011,TRF0005078,P05,7.449000,0.180000,0.430000,standard
PCO0005012,TRF0005079,P03,9.666000,0.180000,0.760000,standard
PCO0005013,TRF0005080,P05,7.078000,0.180000,0.840000,standard
PCO0005014,TRF0005081,P04,12.173000,0.180000,0.680000,standard
PCO0005015,TRF0005082,P05,7.774000,0.180000,5.080000,standard
PCO0005016,TRF0005083,P06,11.609000,0.180000,0.440000,standard
PCO0005017,TRF0005084,P05,8.667000,0.180000,0.550000,standard
PCO0005018,TRF0005085,P04,11.116000,0.180000,12.790000,standard
PCO0005019,TRF0005086,P02,10.179000,0.180000,7.580000,standard
PCO0005020,TRF0005087,P01,7.777000,0.180000,1.200000,standard
PCO0005021,TRF0005088,P01,9.772000,0.180000,1.520000,standard
PCO0005022,TRF0005089,P02,10.535000,0.180000,0.550000,standard
PCO0005023,TRF0005090,P01,7.907000,0.180000,7.220000,standard
PCO0005024,TRF0005091,P05,7.972000,0.180000,0.400000,standard
PCO0005025,TRF0005092,P01,7.375000,0.180000,1.700000,standard
PCO0005026,TRF0005093,P02,8.546000,0.180000,36.700000,standard
PCO0005027,TRF0005094,P01,7.660000,0.180000,0.590000,standard
PCO0005028,TRF0005096,P05,8.188000,0.180000,0.440000,standard
PCO0005029,TRF0005097,P02,8.341000,0.180000,14.820000,standard
PCO0005030,TRF0005098,P04,11.808000,0.180000,1.030000,standard
PCO0005031,TRF0005099,P06,9.276000,0.180000,1.070000,standard
PCO0005032,TRF0005100,P04,11.021000,0.180000,0.980000,standard
PCO0005033,TRF0005101,P03,11.710000,0.180000,2.150000,standard
PCO0005034,TRF0005102,P01,9.507000,0.180000,0.720000,standard
PCO0005035,TRF0005103,P03,10.500000,0.180000,2.820000,standard
PCO0005036,TRF0005104,P05,7.648000,0.180000,0.700000,standard
PCO0005037,TRF0005105,P03,11.219000,0.180000,4.740000,standard
PCO0005038,TRF0005106,P02,20.768000,0.180000,0.940000,priority
PCO0005039,TRF0005107,P02,8.502000,0.180000,0.870000,standard
PCO0005040,TRF0005108,P06,9.223000,0.180000,0.810000,standard
PCO0005041,TRF0005109,P02,8.738000,0.180000,1.920000,standard
PCO0005042,TRF0005110,P05,6.249000,0.180000,13.590000,standard
PCO0005043,TRF0005111,P03,8.921000,0.180000,0.470000,standard
PCO0005044,TRF0005112,P03,9.875000,0.180000,2.000000,standard
PCO0005045,TRF0005113,P01,8.874000,0.180000,10.010000,standard
PCO0005046,TRF0005114,P01,9.868000,0.180000,2.470000,standard
PCO0005047,TRF0005115,P01,6.823000,0.180000,5.380000,standard
PCO0005048,TRF0005116,P04,13.194000,0.180000,2.180000,standard
PCO0005049,TRF0005117,P03,9.755000,0.180000,0.680000,standard
PCO0005050,TRF0005118,P02,9.890000,0.180000,3.690000,standard
PCO0005051,TRF0005119,P01,9.796000,0.180000,0.850000,standard
PCO0005052,TRF0005120,P04,12.249000,0.180000,6.290000,standard
PCO0005053,TRF0005121,P06,10.653000,0.180000,18.970000,standard
PCO0005054,TRF0005122,P04,10.652000,0.180000,5.190000,standard
PCO0005055,TRF0005123,P02,10.175000,0.180000,0.610000,standard
PCO0005056,TRF0005124,P02,9.132000,0.180000,1.960000,standard
PCO0005057,TRF0005125,P03,11.918000,0.180000,6.030000,standard
PCO0005058,TRF0005126,P01,8.992000,0.180000,0.420000,standard
PCO0005059,TRF0005127,P02,21.840000,0.180000,0.810000,priority
PCO0005060,TRF0005128,P01,8.437000,0.180000,0.710000,standard
PCO0005061,TRF0005129,P03,12.194000,0.180000,0.500000,standard
PCO0005062,TRF0005130,P03,9.936000,0.180000,1.120000,standard
PCO0005063,TRF0005131,P02,8.139000,0.180000,1.870000,standard
PCO0005064,TRF0005132,P05,6.743000,0.180000,44.350000,standard
PCO0005065,TRF0005133,P05,7.514000,0.180000,0.740000,standard
PCO0005066,TRF0005134,P05,6.232000,0.180000,0.530000,standard
PCO0005067,TRF0005135,P04,10.559000,0.180000,9.270000,standard
PCO0005068,TRF0005136,P01,10.440000,0.180000,1.690000,standard
PCO0005069,TRF0005137,P04,11.330000,0.180000,2.490000,standard
PCO0005070,TRF0005138,P02,20.887000,0.180000,6.000000,priority
PCO0005071,TRF0005139,P04,11.756000,0.180000,0.790000,standard
PCO0005072,TRF0005140,P06,8.823000,0.180000,0.420000,standard
PCO0005073,TRF0005141,P02,20.241000,0.180000,11.040000,priority
PCO0005074,TRF0005142,P02,7.988000,0.180000,134.510000,standard
PCO0005075,TRF0005143,P03,12.379000,0.180000,3.000000,standard
PCO0005076,TRF0005144,P02,9.161000,0.180000,8.240000,standard
PCO0005077,TRF0005145,P03,11.890000,0.180000,7.200000,standard
PCO0005078,TRF0005146,P06,9.613000,0.180000,7.330000,standard
PCO0005079,TRF0005147,P04,10.913000,0.180000,0.820000,standard
PCO0005080,TRF0005148,P04,11.535000,0.180000,2.970000,standard
PCO0005081,TRF0005149,P04,11.458000,0.180000,0.270000,standard
PCO0005082,TRF0005150,P01,8.591000,0.180000,0.430000,standard
PCO0005083,TRF0005151,P02,8.142000,0.180000,1.050000,standard
PCO0005084,TRF0005152,P03,10.346000,0.180000,32.960000,standard
PCO0005085,TRF0005153,P01,9.073000,0.180000,36.900000,standard
PCO0005086,TRF0005154,P01,9.713000,0.180000,1.670000,standard
PCO0005087,TRF0005155,P04,11.669000,0.180000,0.500000,standard
PCO0005088,TRF0005156,P02,9.315000,0.180000,1.340000,standard
PCO0005089,TRF0005157,P04,12.991000,0.180000,3.890000,standard
PCO0005090,TRF0005158,P05,8.467000,0.180000,0.990000,standard
PCO0005091,TRF0005159,P03,11.015000,0.180000,1.670000,standard
PCO0005092,TRF0005160,P01,7.015000,0.180000,0.340000,standard
PCO0005093,TRF0005161,P02,7.981000,0.180000,0.280000,standard
PCO0005094,TRF0005162,P05,7.246000,0.180000,8.240000,standard
PCO0005095,TRF0005163,P04,14.007000,0.180000,7.180000,standard
PCO0005096,TRF0005164,P04,12.058000,0.180000,0.660000,standard
PCO0005097,TRF0005165,P06,9.415000,0.180000,7.580000,standard
PCO0005098,TRF0005166,P01,6.390000,0.180000,0.250000,standard
PCO0005099,TRF0005167,P03,9.764000,0.180000,47.700000,standard
PCO0005100,TRF0005168,P02,9.354000,0.180000,0.310000,standard
PCO0005101,TRF0005169,P05,7.000000,0.180000,0.560000,standard
PCO0005102,TRF0005170,P02,9.266000,0.180000,3.190000,standard
PCO0005103,TRF0005171,P02,7.940000,0.180000,0.460000,standard
PCO0005104,TRF0005172,P03,9.587000,0.180000,0.310000,standard
PCO0005105,TRF0005173,P01,8.320000,0.180000,0.630000,standard
PCO0005106,TRF0005174,P03,10.546000,0.180000,30.040000,standard
PCO0005107,TRF0005175,P02,7.517000,0.180000,0.650000,standard
PCO0005108,TRF0005176,P02,8.573000,0.180000,0.450000,standard
PCO0005109,TRF0005177,P01,9.949000,0.180000,21.590000,standard
PCO0005110,TRF0005178,P02,10.253000,0.180000,0.560000,standard
PCO0005111,TRF0005179,P02,9.823000,0.180000,0.480000,standard
PCO0005112,TRF0005180,P01,8.002000,0.180000,0.610000,standard
PCO0005113,TRF0005181,P01,9.189000,0.180000,35.750000,standard
PCO0005114,TRF0005182,P04,10.178000,0.180000,11.800000,standard
PCO0005115,TRF0005183,P02,21.102000,0.180000,0.980000,priority
PCO0005116,TRF0005184,P03,11.040000,0.180000,1.660000,standard
PCO0005117,TRF0005185,P06,8.851000,0.180000,0.340000,standard
PCO0005118,TRF0005186,P06,10.063000,0.180000,0.390000,standard
PCO0005119,TRF0005187,P05,9.339000,0.180000,2.270000,standard
PCO0005120,TRF0005188,P02,10.265000,0.180000,1.100000,standard
PCO0005121,TRF0005189,P02,8.544000,0.180000,0.320000,standard
PCO0005122,TRF0005190,P02,9.925000,0.180000,54.140000,standard
PCO0005123,TRF0005191,P03,12.023000,0.180000,0.440000,standard
PCO0005124,TRF0005192,P06,12.307000,0.180000,0.550000,standard
PCO0005125,TRF0005193,P01,9.476000,0.180000,5.870000,standard
PCO0005126,TRF0005194,P05,7.827000,0.180000,4.490000,standard
PCO0005127,TRF0005195,P03,9.829000,0.180000,15.250000,standard
PCO0005128,TRF0005196,P02,8.669000,0.180000,5.400000,standard
PCO0005129,TRF0005197,P05,6.876000,0.180000,0.900000,standard
PCO0005130,TRF0005198,P03,9.478000,0.180000,0.560000,standard
PCO0005131,TRF0005199,P02,8.587000,0.180000,11.150000,standard
PCO0005132,TRF0005200,P05,6.272000,0.180000,1.160000,standard
PCO0005133,TRF0005201,P02,21.752000,0.180000,0.670000,priority
PCO0005134,TRF0005202,P03,9.344000,0.180000,0.430000,standard
PCO0005135,TRF0005203,P05,9.205000,0.180000,0.660000,standard
PCO0005136,TRF0005204,P02,10.360000,0.180000,2.410000,standard
PCO0005137,TRF0005205,P06,8.701000,0.180000,0.370000,standard
PCO0005138,TRF0005206,P02,7.871000,0.180000,2.210000,standard
PCO0005139,TRF0005207,P01,7.742000,0.180000,8.670000,standard
PCO0005140,TRF0005208,P06,9.007000,0.180000,0.680000,standard
PCO0005141,TRF0005209,P04,10.277000,0.180000,2.900000,standard
PCO0005142,TRF0005210,P01,7.800000,0.180000,1.510000,standard
PCO0005143,TRF0005211,P03,9.691000,0.180000,0.860000,standard
PCO0005144,TRF0005212,P05,6.977000,0.180000,2.160000,standard
PCO0005145,TRF0005213,P06,9.103000,0.180000,0.790000,standard
PCO0005146,TRF0005214,P06,10.765000,0.180000,2.500000,standard
PCO0005147,TRF0005215,P01,8.845000,0.180000,2.670000,standard
PCO0005148,TRF0005216,P03,10.779000,0.180000,15.690000,standard
PCO0005149,TRF0005217,P01,8.591000,0.180000,0.420000,standard
PCO0005150,TRF0005218,P05,6.625000,0.180000,0.940000,standard
PCO0005151,TRF0005219,P02,7.776000,0.180000,0.550000,standard
PCO0005152,TRF0005220,P04,10.494000,0.180000,1.450000,standard
PCO0005153,TRF0005221,P01,6.605000,0.180000,3.390000,standard
PCO0005154,TRF0005222,P06,9.376000,0.180000,2.840000,standard
PCO0005155,TRF0005223,P01,7.235000,0.180000,1.200000,standard
PCO0005156,TRF0005224,P05,7.994000,0.180000,0.610000,standard
PCO0005157,TRF0005225,P04,10.148000,0.180000,1.060000,standard
PCO0005158,TRF0005226,P05,6.283000,0.180000,0.270000,standard
PCO0005159,TRF0005227,P03,12.770000,0.180000,1.940000,standard
PCO0005160,TRF0005228,P01,9.975000,0.180000,11.070000,standard
PCO0005161,TRF0005229,P05,7.594000,0.180000,5.080000,standard
PCO0005162,TRF0005230,P04,10.452000,0.180000,5.390000,standard
PCO0005163,TRF0005231,P04,12.723000,0.180000,0.500000,standard
PCO0005164,TRF0005232,P01,8.034000,0.180000,1.320000,standard
PCO0005165,TRF0005233,P05,8.368000,0.180000,5.450000,standard
PCO0005166,TRF0005234,P02,8.186000,0.180000,0.690000,standard
PCO0005167,TRF0005235,P02,8.784000,0.180000,0.480000,standard
PCO0005168,TRF0005236,P01,9.148000,0.180000,3.990000,standard
PCO0005169,TRF0005237,P05,8.650000,0.180000,0.340000,standard
PCO0005170,TRF0005238,P06,11.391000,0.180000,1.330000,standard
PCO0005171,TRF0005239,P01,8.298000,0.180000,0.920000,standard
PCO0005172,TRF0005240,P04,9.477000,0.180000,0.810000,standard
PCO0005173,TRF0005241,P01,7.047000,0.180000,0.330000,standard
PCO0005174,TRF0005242,P04,10.655000,0.180000,0.720000,standard
PCO0005175,TRF0005243,P06,8.266000,0.180000,0.570000,standard
PCO0005176,TRF0005244,P03,10.035000,0.180000,0.600000,standard
PCO0005177,TRF0005245,P04,11.762000,0.180000,1.750000,standard
PCO0005178,TRF0005246,P01,9.687000,0.180000,0.440000,standard
PCO0005179,TRF0005247,P04,11.378000,0.180000,0.570000,standard
PCO0005180,TRF0005248,P01,10.010000,0.180000,0.850000,standard
PCO0005181,TRF0005249,P05,7.297000,0.180000,0.570000,standard
PCO0005182,TRF0005250,P01,7.472000,0.180000,0.230000,standard
PCO0005183,TRF0005251,P06,11.689000,0.180000,0.590000,standard
PCO0005184,TRF0005252,P04,9.758000,0.180000,4.700000,standard
PCO0005185,TRF0005253,P01,10.581000,0.180000,1.820000,standard
PCO0005186,TRF0005254,P04,12.697000,0.180000,0.400000,standard
PCO0005187,TRF0005255,P04,10.535000,0.180000,0.260000,standard
PCO0005188,TRF0005256,P04,11.186000,0.180000,1.330000,standard
PCO0005189,TRF0005257,P03,9.230000,0.180000,0.460000,standard
PCO0005190,TRF0005258,P03,9.325000,0.180000,0.400000,standard
PCO0005191,TRF0005259,P04,12.454000,0.180000,1.520000,standard
PCO0005192,TRF0005260,P03,10.563000,0.180000,0.560000,standard
PCO0005193,TRF0005261,P06,8.642000,0.180000,0.410000,standard
PCO0005194,TRF0005262,P04,12.589000,0.180000,1.390000,standard
PCO0005195,TRF0005263,P04,10.387000,0.180000,35.320000,standard
PCO0005196,TRF0005264,P03,9.723000,0.180000,5.230000,standard
PCO0005197,TRF0005265,P02,8.474000,0.180000,0.360000,standard
PCO0005198,TRF0005266,P01,8.925000,0.180000,15.870000,standard
PCO0005199,TRF0005267,P05,8.664000,0.180000,3.710000,standard
PCO0005200,TRF0005268,P02,8.232000,0.180000,1.240000,standard
PCO0005201,TRF0005269,P01,10.147000,0.180000,9.770000,standard
PCO0005202,TRF0005270,P03,10.742000,0.180000,4.040000,standard
PCO0005203,TRF0005271,P05,8.500000,0.180000,0.380000,standard
PCO0005204,TRF0005272,P02,20.836000,0.180000,19.570000,priority
PCO0005205,TRF0005273,P04,12.154000,0.180000,0.580000,standard
PCO0005206,TRF0005274,P02,9.150000,0.180000,10.000000,standard
PCO0005207,TRF0005275,P03,11.020000,0.180000,3.250000,standard
PCO0005208,TRF0005276,P03,11.082000,0.180000,23.080000,standard
PCO0005209,TRF0005277,P05,7.295000,0.180000,1.980000,standard
PCO0005210,TRF0005278,P02,9.054000,0.180000,2.710000,standard
PCO0005211,TRF0005279,P06,9.927000,0.180000,0.580000,standard
PCO0005212,TRF0005280,P06,9.680000,0.180000,5.800000,standard
PCO0005213,TRF0005281,P04,9.894000,0.180000,0.310000,standard
PCO0005214,TRF0005282,P01,10.891000,0.180000,18.220000,standard
PCO0005215,TRF0005283,P04,10.326000,0.180000,0.640000,standard
PCO0005216,TRF0005284,P01,7.859000,0.180000,0.680000,standard
PCO0005217,TRF0005285,P05,7.124000,0.180000,3.070000,standard
PCO0005218,TRF0005286,P02,8.771000,0.180000,3.070000,standard
PCO0005219,TRF0005287,P05,7.178000,0.180000,0.600000,standard
PCO0005220,TRF0005288,P05,7.575000,0.180000,1.250000,standard
PCO0005221,TRF0005289,P06,9.521000,0.180000,1.730000,standard
PCO0005222,TRF0005290,P06,9.316000,0.180000,1.110000,standard
PCO0005223,TRF0005291,P02,20.487000,0.180000,3.760000,priority
PCO0005224,TRF0005292,P06,10.221000,0.180000,0.320000,standard
PCO0005225,TRF0005293,P04,12.760000,0.180000,0.530000,standard
PCO0005226,TRF0005294,P06,8.928000,0.180000,3.200000,standard
PCO0005227,TRF0005295,P06,8.284000,0.180000,0.260000,standard
PCO0005228,TRF0005296,P01,8.471000,0.180000,2.270000,standard
PCO0005229,TRF0005297,P04,12.900000,0.180000,1.580000,standard
PCO0005230,TRF0005298,P05,7.222000,0.180000,7.460000,standard
PCO0005231,TRF0005299,P01,6.623000,0.180000,0.480000,standard
PCO0005232,TRF0005300,P05,6.129000,0.180000,0.360000,standard
PCO0005233,TRF0005301,P02,8.284000,0.180000,0.610000,standard
PCO0005234,TRF0005302,P01,8.088000,0.180000,10.580000,standard
PCO0005235,TRF0005303,P01,7.388000,0.180000,1.030000,standard
PCO0005236,TRF0005304,P05,7.706000,0.180000,6.140000,standard
PCO0005237,TRF0005305,P05,9.717000,0.180000,0.290000,standard
PCO0005238,TRF0005306,P05,9.138000,0.180000,6.210000,standard
PCO0005239,TRF0005307,P03,11.018000,0.180000,2.290000,standard
PCO0005240,TRF0005308,P01,6.669000,0.180000,5.000000,standard
PCO0005241,TRF0005309,P02,10.231000,0.180000,2.160000,standard
PCO0005242,TRF0005310,P03,13.505000,0.180000,22.070000,standard
PCO0005243,TRF0005311,P02,8.309000,0.180000,17.610000,standard
PCO0005244,TRF0005312,P06,10.932000,0.180000,0.440000,standard
PCO0005245,TRF0005313,P06,9.454000,0.180000,3.650000,standard
PCO0005246,TRF0005314,P06,12.048000,0.180000,11.000000,standard
PCO0005247,TRF0005315,P01,7.453000,0.180000,0.710000,standard
PCO0005248,TRF0005316,P05,6.745000,0.180000,0.810000,standard
PCO0005249,TRF0005317,P05,8.905000,0.180000,1.170000,standard
PCO0005250,TRF0005318,P01,9.221000,0.180000,0.320000,standard
PCO0005251,TRF0005319,P03,10.906000,0.180000,0.450000,standard
PCO0005252,TRF0005320,P03,10.099000,0.180000,0.290000,standard
PCO0005253,TRF0005321,P04,10.285000,0.180000,10.790000,standard
PCO0005254,TRF0005322,P01,8.939000,0.180000,5.830000,standard
PCO0005255,TRF0005323,P02,9.708000,0.180000,1.820000,standard
PCO0005256,TRF0005324,P02,8.655000,0.180000,6.960000,standard
PCO0005257,TRF0005325,P06,8.979000,0.180000,2.990000,standard
PCO0005258,TRF0005326,P02,11.332000,0.180000,0.500000,standard
PCO0005259,TRF0005327,P06,8.325000,0.180000,1.910000,standard
PCO0005260,TRF0005328,P06,10.850000,0.180000,1.270000,standard
PCO0005261,TRF0005329,P05,9.578000,0.180000,33.830000,standard
PCO0005262,TRF0005330,P03,9.484000,0.180000,2.180000,standard
PCO0005263,TRF0005331,P01,7.546000,0.180000,1.030000,standard
PCO0005264,TRF0005332,P02,11.110000,0.180000,0.740000,standard
PCO0005265,TRF0005333,P02,7.927000,0.180000,0.370000,standard
PCO0005266,TRF0005334,P01,7.539000,0.180000,0.380000,standard
PCO0005267,TRF0005335,P03,11.773000,0.180000,15.000000,standard
PCO0005268,TRF0005336,P04,10.881000,0.180000,1.230000,standard
PCO0005269,TRF0005337,P04,11.003000,0.180000,3.370000,standard
PCO0005270,TRF0005338,P02,8.624000,0.180000,2.200000,standard
PCO0005271,TRF0005339,P05,7.398000,0.180000,1.810000,standard
PCO0005272,TRF0005340,P04,10.159000,0.180000,53.980000,standard
PCO0005273,TRF0005341,P01,7.754000,0.180000,3.190000,standard
PCO0005274,TRF0005342,P05,6.828000,0.180000,6.820000,standard
PCO0005275,TRF0005343,P06,10.812000,0.180000,9.300000,standard
PCO0005276,TRF0005344,P02,8.939000,0.180000,1.000000,standard
PCO0005277,TRF0005345,P04,10.024000,0.180000,0.450000,standard
PCO0005278,TRF0005346,P06,7.881000,0.180000,1.500000,standard
PCO0005279,TRF0005347,P01,9.519000,0.180000,0.830000,standard
PCO0005280,TRF0005348,P02,8.915000,0.180000,5.590000,standard
PCO0005281,TRF0005349,P05,8.470000,0.180000,0.530000,standard
PCO0005282,TRF0005350,P02,10.645000,0.180000,0.390000,standard
PCO0005283,TRF0005351,P01,7.451000,0.180000,8.630000,standard
PCO0005284,TRF0005352,P06,10.498000,0.180000,1.590000,standard
PCO0005285,TRF0005353,P02,10.145000,0.180000,21.160000,standard
PCO0005286,TRF0005354,P01,7.347000,0.180000,1.020000,standard
PCO0005287,TRF0005355,P05,7.147000,0.180000,3.440000,standard
PCO0005288,TRF0005356,P05,7.261000,0.180000,7.280000,standard
PCO0005289,TRF0005357,P03,8.919000,0.180000,0.270000,standard
PCO0005290,TRF0005358,P02,20.578000,0.180000,11.790000,priority
PCO0005291,TRF0005359,P05,7.078000,0.180000,0.410000,standard
PCO0005292,TRF0005360,P05,6.877000,0.180000,0.540000,standard
PCO0005293,TRF0005361,P04,9.988000,0.180000,6.610000,standard
PCO0005294,TRF0005363,P03,12.912000,0.180000,5.240000,standard
PCO0005295,TRF0005364,P05,7.140000,0.180000,5.680000,standard
PCO0005296,TRF0005365,P01,7.798000,0.180000,0.600000,standard
PCO0005297,TRF0005366,P01,9.646000,0.180000,1.240000,standard
PCO0005298,TRF0005367,P03,10.008000,0.180000,10.060000,standard
PCO0005299,TRF0005368,P04,10.996000,0.180000,0.310000,standard
PCO0005300,TRF0005369,P05,8.956000,0.180000,2.570000,standard
PCO0005301,TRF0005370,P03,11.265000,0.180000,0.650000,standard
PCO0005302,TRF0005371,P03,12.975000,0.180000,0.750000,standard
PCO0005303,TRF0005372,P05,5.795000,0.180000,0.420000,standard
PCO0005304,TRF0005373,P03,10.709000,0.180000,0.630000,standard
PCO0005305,TRF0005374,P01,7.331000,0.180000,0.910000,standard
PCO0005306,TRF0005375,P02,21.663000,0.180000,18.370000,priority
PCO0005307,TRF0005376,P06,11.567000,0.180000,0.740000,standard
PCO0005308,TRF0005377,P04,11.672000,0.180000,1.410000,standard
PCO0005309,TRF0005378,P06,9.343000,0.180000,2.390000,standard
PCO0005310,TRF0005379,P03,11.354000,0.180000,1.120000,standard
PCO0005311,TRF0005380,P02,7.994000,0.180000,1.200000,standard
PCO0005312,TRF0005381,P05,7.643000,0.180000,1.750000,standard
PCO0005313,TRF0005382,P01,8.910000,0.180000,1.040000,standard
PCO0005314,TRF0005383,P05,7.734000,0.180000,2.690000,standard
PCO0005315,TRF0005384,P01,7.104000,0.180000,4.060000,standard
PCO0005316,TRF0005385,P02,9.802000,0.180000,1.990000,standard
PCO0005317,TRF0005386,P04,12.454000,0.180000,0.610000,standard
PCO0005318,TRF0005387,P01,9.475000,0.180000,33.760000,standard
PCO0005319,TRF0005388,P04,10.984000,0.180000,5.810000,standard
PCO0005320,TRF0005389,P04,12.000000,0.180000,3.110000,standard
PCO0005321,TRF0005390,P05,8.749000,0.180000,0.640000,standard
PCO0005322,TRF0005391,P03,12.608000,0.180000,0.930000,standard
PCO0005323,TRF0005392,P02,9.888000,0.180000,0.330000,standard
PCO0005324,TRF0005393,P02,9.412000,0.180000,2.490000,standard
PCO0005325,TRF0005394,P01,7.972000,0.180000,5.080000,standard
PCO0005326,TRF0005395,P05,7.109000,0.180000,1.170000,standard
PCO0005327,TRF0005396,P02,9.604000,0.180000,0.410000,standard
PCO0005328,TRF0005397,P01,9.607000,0.180000,1.180000,standard
PCO0005329,TRF0005398,P01,8.968000,0.180000,0.310000,standard
PCO0005330,TRF0005399,P03,10.020000,0.180000,12.450000,standard
PCO0005331,TRF0005400,P04,13.206000,0.180000,1.120000,standard
PCO0005332,TRF0005401,P04,13.160000,0.180000,1.070000,standard
PCO0005333,TRF0005402,P02,20.912000,0.180000,1.910000,priority
PCO0005334,TRF0005403,P01,8.172000,0.180000,1.340000,standard
PCO0005335,TRF0005404,P03,9.454000,0.180000,1.040000,standard
PCO0005336,TRF0005405,P06,10.397000,0.180000,4.800000,standard
PCO0005337,TRF0005406,P01,7.245000,0.180000,1.060000,standard
PCO0005338,TRF0005407,P02,9.381000,0.180000,0.650000,standard
PCO0005339,TRF0005408,P02,8.242000,0.180000,1.060000,standard
PCO0005340,TRF0005409,P01,7.818000,0.180000,0.470000,standard
PCO0005341,TRF0005410,P04,13.047000,0.180000,8.150000,standard
PCO0005342,TRF0005411,P04,10.962000,0.180000,13.470000,standard
PCO0005343,TRF0005412,P04,11.869000,0.180000,0.990000,standard
PCO0005344,TRF0005413,P02,8.493000,0.180000,11.710000,standard
PCO0005345,TRF0005414,P01,7.746000,0.180000,1.630000,standard
PCO0005346,TRF0005416,P04,12.318000,0.180000,41.740000,standard
PCO0005347,TRF0005417,P01,7.966000,0.180000,0.570000,standard
PCO0005348,TRF0005418,P05,6.952000,0.180000,0.370000,standard
PCO0005349,TRF0005419,P05,7.312000,0.180000,1.400000,standard
PCO0005350,TRF0005420,P01,8.373000,0.180000,5.170000,standard
PCO0005351,TRF0005421,P03,11.796000,0.180000,0.720000,standard
PCO0005352,TRF0005422,P01,7.209000,0.180000,10.570000,standard
PCO0005353,TRF0005423,P04,13.014000,0.180000,0.560000,standard
PCO0005354,TRF0005424,P02,9.854000,0.180000,3.530000,standard
PCO0005355,TRF0005425,P01,8.707000,0.180000,0.410000,standard
PCO0005356,TRF0005426,P03,9.423000,0.180000,15.540000,standard
PCO0005357,TRF0005427,P06,10.506000,0.180000,0.660000,standard
PCO0005358,TRF0005428,P02,9.383000,0.180000,0.560000,standard
PCO0005359,TRF0005429,P01,8.273000,0.180000,1.520000,standard
PCO0005360,TRF0005430,P04,10.590000,0.180000,1.210000,standard
PCO0005361,TRF0005432,P03,9.592000,0.180000,1.730000,standard
PCO0005362,TRF0005433,P01,9.090000,0.180000,0.430000,standard
PCO0005363,TRF0005434,P03,8.440000,0.180000,4.640000,standard
PCO0005364,TRF0005435,P05,6.193000,0.180000,0.750000,standard
PCO0005365,TRF0005436,P02,8.776000,0.180000,19.850000,standard
PCO0005366,TRF0005437,P02,7.746000,0.180000,0.360000,standard
PCO0005367,TRF0005438,P01,7.445000,0.180000,1.760000,standard
PCO0005368,TRF0005439,P03,8.105000,0.180000,1.970000,standard
PCO0005369,TRF0005440,P03,11.003000,0.180000,0.560000,standard
PCO0005370,TRF0005441,P05,8.204000,0.180000,0.500000,standard
PCO0005371,TRF0005442,P01,6.963000,0.180000,0.440000,standard
PCO0005372,TRF0005443,P01,7.746000,0.180000,6.460000,standard
PCO0005373,TRF0005444,P04,12.123000,0.180000,0.970000,standard
PCO0005374,TRF0005445,P04,10.971000,0.180000,16.890000,standard
PCO0005375,TRF0005446,P01,7.274000,0.180000,1.020000,standard
PCO0005376,TRF0005447,P05,7.332000,0.180000,3.150000,standard
PCO0005377,TRF0005448,P02,8.417000,0.180000,1.540000,standard
PCO0005378,TRF0005449,P02,9.133000,0.180000,0.870000,standard
PCO0005379,TRF0005450,P01,7.012000,0.180000,7.740000,standard
PCO0005380,TRF0005451,P02,9.921000,0.180000,0.570000,standard
PCO0005381,TRF0005452,P03,11.711000,0.180000,6.870000,standard
PCO0005382,TRF0005453,P03,9.469000,0.180000,0.690000,standard
PCO0005383,TRF0005454,P04,9.886000,0.180000,0.950000,standard
PCO0005384,TRF0005455,P01,7.405000,0.180000,0.670000,standard
PCO0005385,TRF0005456,P05,6.236000,0.180000,1.020000,standard
PCO0005386,TRF0005457,P01,7.520000,0.180000,4.540000,standard
PCO0005387,TRF0005458,P01,9.695000,0.180000,3.010000,standard
PCO0005388,TRF0005459,P05,8.676000,0.180000,0.290000,standard
PCO0005389,TRF0005460,P01,7.343000,0.180000,2.280000,standard
PCO0005390,TRF0005461,P02,9.824000,0.180000,2.890000,standard
PCO0005391,TRF0005462,P01,7.342000,0.180000,1.650000,standard
PCO0005392,TRF0005463,P03,12.289000,0.180000,0.960000,standard
PCO0005393,TRF0005464,P04,13.454000,0.180000,0.390000,standard
PCO0005394,TRF0005465,P01,9.278000,0.180000,10.160000,standard
PCO0005395,TRF0005466,P02,8.086000,0.180000,13.820000,standard
PCO0005396,TRF0005467,P05,9.610000,0.180000,0.820000,standard
PCO0005397,TRF0005468,P03,10.110000,0.180000,0.230000,standard
PCO0005398,TRF0005469,P03,9.819000,0.180000,1.180000,standard
PCO0005399,TRF0005470,P01,7.042000,0.180000,0.340000,standard
PCO0005400,TRF0005471,P03,8.910000,0.180000,0.360000,standard
PCO0005401,TRF0005472,P06,9.413000,0.180000,0.650000,standard
PCO0005402,TRF0005473,P04,9.900000,0.180000,1.070000,standard
PCO0005403,TRF0005474,P01,8.794000,0.180000,2.960000,standard
PCO0005404,TRF0005475,P05,8.445000,0.180000,0.460000,standard
PCO0005405,TRF0005476,P01,7.183000,0.180000,0.380000,standard
PCO0005406,TRF0005477,P01,8.123000,0.180000,4.500000,standard
PCO0005407,TRF0005478,P04,12.779000,0.180000,1.610000,standard
PCO0005408,TRF0005479,P05,7.053000,0.180000,9.940000,standard
PCO0005409,TRF0005480,P02,8.867000,0.180000,2.840000,standard
PCO0005410,TRF0005481,P04,11.867000,0.180000,7.840000,standard
PCO0005411,TRF0005482,P01,8.171000,0.180000,2.040000,standard
PCO0005412,TRF0005483,P01,7.603000,0.180000,0.330000,standard
PCO0005413,TRF0005484,P02,9.008000,0.180000,0.470000,standard
PCO0005414,TRF0005485,P02,9.905000,0.180000,1.100000,standard
PCO0005415,TRF0005486,P01,8.455000,0.180000,0.570000,standard
PCO0005416,TRF0005487,P01,7.014000,0.180000,3.540000,standard
PCO0005417,TRF0005488,P05,8.754000,0.180000,3.210000,standard
PCO0005418,TRF0005489,P06,11.167000,0.180000,0.490000,standard
PCO0005419,TRF0005490,P05,8.124000,0.180000,0.280000,standard
PCO0005420,TRF0005491,P03,10.866000,0.180000,0.540000,standard
PCO0005421,TRF0005492,P01,7.940000,0.180000,0.940000,standard
PCO0005422,TRF0005493,P02,20.924000,0.180000,5.170000,priority
PCO0005423,TRF0005494,P04,12.639000,0.180000,0.510000,standard
PCO0005424,TRF0005495,P06,10.576000,0.180000,1.070000,standard
PCO0005425,TRF0005496,P05,7.588000,0.180000,0.350000,standard
PCO0005426,TRF0005497,P01,8.861000,0.180000,0.480000,standard
PCO0005427,TRF0005498,P01,7.031000,0.180000,0.610000,standard
PCO0005428,TRF0005499,P01,6.476000,0.180000,1.670000,standard
PCO0005429,TRF0005500,P06,11.302000,0.180000,3.470000,standard
PCO0005430,TRF0005501,P04,10.155000,0.180000,1.040000,standard
PCO0005431,TRF0005502,P03,11.581000,0.180000,0.380000,standard
PCO0005432,TRF0005503,P02,7.712000,0.180000,0.440000,standard
PCO0005433,TRF0005504,P02,21.655000,0.180000,1.330000,priority
PCO0005434,TRF0005505,P02,10.109000,0.180000,0.450000,standard
PCO0005435,TRF0005506,P04,13.067000,0.180000,0.460000,standard
PCO0005436,TRF0005507,P03,11.796000,0.180000,3.560000,standard
PCO0005437,TRF0005508,P06,10.377000,0.180000,27.450000,standard
PCO0005438,TRF0005509,P05,8.496000,0.180000,1.370000,standard
PCO0005439,TRF0005510,P03,9.519000,0.180000,0.490000,standard
PCO0005440,TRF0005511,P05,7.035000,0.180000,0.960000,standard
PCO0005441,TRF0005512,P02,8.549000,0.180000,1.180000,standard
PCO0005442,TRF0005513,P06,10.824000,0.180000,0.850000,standard
PCO0005443,TRF0005514,P02,7.069000,0.180000,0.280000,standard
PCO0005444,TRF0005515,P02,8.231000,0.180000,2.160000,standard
PCO0005445,TRF0005516,P02,21.130000,0.180000,1.230000,priority
PCO0005446,TRF0005517,P03,11.067000,0.180000,0.710000,standard
PCO0005447,TRF0005518,P01,6.366000,0.180000,7.240000,standard
PCO0005448,TRF0005519,P01,8.360000,0.180000,4.200000,standard
PCO0005449,TRF0005520,P05,6.735000,0.180000,2.170000,standard
PCO0005450,TRF0005521,P02,10.459000,0.180000,0.960000,standard
PCO0005451,TRF0005522,P03,12.242000,0.180000,2.280000,standard
PCO0005452,TRF0005523,P03,11.779000,0.180000,3.170000,standard
PCO0005453,TRF0005524,P04,11.067000,0.180000,6.240000,standard
PCO0005454,TRF0005525,P01,8.186000,0.180000,7.090000,standard
PCO0005455,TRF0005526,P05,7.070000,0.180000,2.060000,standard
PCO0005456,TRF0005527,P04,13.076000,0.180000,0.470000,standard
PCO0005457,TRF0005528,P03,11.664000,0.180000,0.490000,standard
PCO0005458,TRF0005529,P01,8.378000,0.180000,0.520000,standard
PCO0005459,TRF0005530,P02,9.583000,0.180000,0.960000,standard
PCO0005460,TRF0005531,P06,10.033000,0.180000,0.730000,standard
PCO0005461,TRF0005532,P05,9.087000,0.180000,1.270000,standard
PCO0005462,TRF0005533,P03,12.754000,0.180000,0.680000,standard
PCO0005463,TRF0005534,P03,11.749000,0.180000,13.780000,standard
PCO0005464,TRF0005535,P04,10.573000,0.180000,3.200000,standard
PCO0005465,TRF0005536,P03,9.879000,0.180000,1.010000,standard
PCO0005466,TRF0005537,P05,7.143000,0.180000,0.390000,standard
PCO0005467,TRF0005538,P06,9.165000,0.180000,0.550000,standard
PCO0005468,TRF0005539,P01,7.681000,0.180000,11.960000,standard
PCO0005469,TRF0005540,P01,8.801000,0.180000,0.890000,standard
PCO0005470,TRF0005541,P02,9.289000,0.180000,4.170000,standard
PCO0005471,TRF0005542,P06,10.757000,0.180000,0.700000,standard
PCO0005472,TRF0005543,P05,9.744000,0.180000,6.150000,standard
PCO0005473,TRF0005544,P01,7.098000,0.180000,10.250000,standard
PCO0005474,TRF0005545,P06,9.918000,0.180000,0.590000,standard
PCO0005475,TRF0005546,P03,10.352000,0.180000,1.670000,standard
PCO0005476,TRF0005547,P04,9.712000,0.180000,0.650000,standard
PCO0005477,TRF0005548,P01,7.711000,0.180000,0.220000,standard
PCO0005478,TRF0005549,P06,10.112000,0.180000,0.830000,standard
PCO0005479,TRF0005550,P02,10.124000,0.180000,2.990000,standard
PCO0005480,TRF0005551,P03,9.720000,0.180000,0.390000,standard
PCO0005481,TRF0005552,P01,7.804000,0.180000,1.680000,standard
PCO0005482,TRF0005553,P05,8.693000,0.180000,1.420000,standard
PCO0005483,TRF0005554,P05,8.497000,0.180000,0.510000,standard
PCO0005484,TRF0005555,P05,7.881000,0.180000,6.560000,standard
PCO0005485,TRF0005556,P02,9.346000,0.180000,0.700000,standard
PCO0005486,TRF0005557,P05,8.404000,0.180000,0.850000,standard
PCO0005487,TRF0005558,P05,7.481000,0.180000,1.750000,standard
PCO0005488,TRF0005559,P05,8.685000,0.180000,0.320000,standard
PCO0005489,TRF0005560,P05,7.757000,0.180000,3.970000,standard
PCO0005490,TRF0005561,P01,8.752000,0.180000,10.100000,standard
PCO0005491,TRF0005562,P05,6.935000,0.180000,0.300000,standard
PCO0005492,TRF0005563,P04,11.974000,0.180000,3.630000,standard
PCO0005493,TRF0005564,P02,21.961000,0.180000,1.360000,priority
PCO0005494,TRF0005565,P02,21.004000,0.180000,3.270000,priority
PCO0005495,TRF0005566,P04,13.368000,0.180000,0.390000,standard
PCO0005496,TRF0005567,P04,9.906000,0.180000,0.430000,standard
PCO0005497,TRF0005568,P02,8.155000,0.180000,0.790000,standard
PCO0005498,TRF0005569,P03,10.546000,0.180000,0.540000,standard
PCO0005499,TRF0005570,P04,11.048000,0.180000,0.870000,standard
PCO0005500,TRF0005571,P01,8.015000,0.180000,0.540000,standard
PCO0005501,TRF0005572,P05,8.660000,0.180000,0.460000,standard
PCO0005502,TRF0005573,P03,9.367000,0.180000,0.440000,standard
PCO0005503,TRF0005574,P03,10.309000,0.180000,0.950000,standard
PCO0005504,TRF0005575,P03,9.939000,0.180000,103.670000,standard
PCO0005505,TRF0005576,P02,10.863000,0.180000,12.550000,standard
PCO0005506,TRF0005577,P03,12.373000,0.180000,0.920000,standard
PCO0005507,TRF0005578,P06,8.658000,0.180000,0.630000,standard
PCO0005508,TRF0005579,P05,7.058000,0.180000,0.910000,standard
PCO0005509,TRF0005580,P06,9.817000,0.180000,0.720000,standard
PCO0005510,TRF0005581,P02,10.376000,0.180000,1.290000,standard
PCO0005511,TRF0005582,P04,12.182000,0.180000,0.690000,standard
PCO0005512,TRF0005583,P03,9.471000,0.180000,1.130000,standard
PCO0005513,TRF0005584,P03,9.780000,0.180000,0.610000,standard
PCO0005514,TRF0005585,P01,7.860000,0.180000,0.430000,standard
PCO0005515,TRF0005586,P01,7.725000,0.180000,0.310000,standard
PCO0005516,TRF0005587,P01,8.560000,0.180000,49.310000,standard
PCO0005517,TRF0005588,P03,9.418000,0.180000,0.350000,standard
PCO0005518,TRF0005589,P04,10.723000,0.180000,5.550000,standard
PCO0005519,TRF0005590,P02,8.888000,0.180000,0.670000,standard
PCO0005520,TRF0005591,P02,20.891000,0.180000,0.490000,priority
PCO0005521,TRF0005592,P05,7.346000,0.180000,0.520000,standard
PCO0005522,TRF0005593,P05,7.321000,0.180000,1.220000,standard
PCO0005523,TRF0005594,P06,10.973000,0.180000,0.270000,standard
PCO0005524,TRF0005595,P05,7.139000,0.180000,0.700000,standard
PCO0005525,TRF0005596,P01,9.536000,0.180000,4.140000,standard
PCO0005526,TRF0005598,P06,8.003000,0.180000,0.400000,standard
PCO0005527,TRF0005599,P04,12.724000,0.180000,0.890000,standard
PCO0005528,TRF0005600,P03,9.525000,0.180000,5.850000,standard
PCO0005529,TRF0005601,P02,8.769000,0.180000,0.460000,standard
PCO0005530,TRF0005602,P06,8.741000,0.180000,6.420000,standard
PCO0005531,TRF0005603,P01,10.355000,0.180000,3.800000,standard
PCO0005532,TRF0005604,P02,10.481000,0.180000,13.030000,standard
PCO0005533,TRF0005605,P06,11.912000,0.180000,12.440000,standard
PCO0005534,TRF0005606,P06,11.376000,0.180000,0.300000,standard
PCO0005535,TRF0005607,P01,7.868000,0.180000,19.440000,standard
PCO0005536,TRF0005608,P02,9.509000,0.180000,0.950000,standard
PCO0005537,TRF0005609,P02,8.356000,0.180000,3.330000,standard
PCO0005538,TRF0005610,P01,9.210000,0.180000,1.300000,standard
PCO0005539,TRF0005611,P02,7.329000,0.180000,0.960000,standard
PCO0005540,TRF0005612,P01,8.775000,0.180000,0.560000,standard
PCO0005541,TRF0005613,P05,7.532000,0.180000,0.430000,standard
PCO0005542,TRF0005614,P01,8.460000,0.180000,0.250000,standard
PCO0005543,TRF0005615,P04,10.992000,0.180000,2.550000,standard
PCO0005544,TRF0005616,P04,12.707000,0.180000,0.750000,standard
PCO0005545,TRF0005617,P03,10.555000,0.180000,11.420000,standard
PCO0005546,TRF0005618,P03,11.237000,0.180000,0.430000,standard
PCO0005547,TRF0005619,P04,9.924000,0.180000,0.590000,standard
PCO0005548,TRF0005620,P02,8.340000,0.180000,1.090000,standard
PCO0005549,TRF0005621,P03,9.048000,0.180000,1.190000,standard
PCO0005550,TRF0005622,P05,8.386000,0.180000,6.390000,standard
PCO0005551,TRF0005623,P05,7.852000,0.180000,0.730000,standard
PCO0005552,TRF0005624,P03,9.450000,0.180000,1.790000,standard
PCO0005553,TRF0005625,P02,10.823000,0.180000,2.710000,standard
PCO0005554,TRF0005626,P04,10.948000,0.180000,0.520000,standard
PCO0005555,TRF0005627,P03,8.996000,0.180000,3.910000,standard
PCO0005556,TRF0005628,P04,12.112000,0.180000,2.730000,standard
PCO0005557,TRF0005629,P02,9.385000,0.180000,1.110000,standard
PCO0005558,TRF0005630,P03,10.598000,0.180000,1.090000,standard
PCO0005559,TRF0005631,P06,8.516000,0.180000,5.870000,standard
PCO0005560,TRF0005632,P05,6.183000,0.180000,1.570000,standard
PCO0005561,TRF0005633,P06,9.435000,0.180000,2.740000,standard
PCO0005562,TRF0005634,P05,6.568000,0.180000,4.690000,standard
PCO0005563,TRF0005635,P06,10.858000,0.180000,1.040000,standard
PCO0005564,TRF0005636,P04,12.304000,0.180000,0.370000,standard
PCO0005565,TRF0005637,P02,9.830000,0.180000,0.680000,standard
PCO0005566,TRF0005639,P06,10.330000,0.180000,1.030000,standard
PCO0005567,TRF0005640,P04,10.949000,0.180000,0.550000,standard
PCO0005568,TRF0005641,P02,10.116000,0.180000,0.380000,standard
PCO0005569,TRF0005642,P04,10.717000,0.180000,0.440000,standard
PCO0005570,TRF0005643,P03,9.628000,0.180000,0.660000,standard
PCO0005571,TRF0005644,P06,10.342000,0.180000,3.910000,standard
PCO0005572,TRF0005645,P06,10.675000,0.180000,1.460000,standard
PCO0005573,TRF0005646,P04,13.374000,0.180000,0.850000,standard
PCO0005574,TRF0005647,P01,10.114000,0.180000,1.560000,standard
PCO0005575,TRF0005648,P06,8.370000,0.180000,1.810000,standard
PCO0005576,TRF0005649,P02,10.577000,0.180000,77.050000,standard
PCO0005577,TRF0005650,P02,10.641000,0.180000,7.880000,standard
PCO0005578,TRF0005651,P05,8.793000,0.180000,0.250000,standard
PCO0005579,TRF0005652,P01,8.228000,0.180000,0.670000,standard
PCO0005580,TRF0005653,P01,7.411000,0.180000,0.450000,standard
PCO0005581,TRF0005654,P03,10.011000,0.180000,2.410000,standard
PCO0005582,TRF0005655,P05,8.008000,0.180000,0.370000,standard
PCO0005583,TRF0005656,P03,12.234000,0.180000,1.340000,standard
PCO0005584,TRF0005657,P03,11.048000,0.180000,0.990000,standard
PCO0005585,TRF0005658,P02,8.906000,0.180000,1.190000,standard
PCO0005586,TRF0005659,P04,11.360000,0.180000,1.850000,standard
PCO0005587,TRF0005660,P02,11.139000,0.180000,7.460000,standard
PCO0005588,TRF0005661,P04,10.091000,0.180000,0.350000,standard
PCO0005589,TRF0005662,P04,9.624000,0.180000,7.470000,standard
PCO0005590,TRF0005663,P03,9.536000,0.180000,1.080000,standard
PCO0005591,TRF0005664,P02,20.732000,0.180000,7.560000,priority
PCO0005592,TRF0005665,P03,11.103000,0.180000,0.390000,standard
PCO0005593,TRF0005666,P06,9.462000,0.180000,0.430000,standard
PCO0005594,TRF0005667,P02,9.189000,0.180000,16.630000,standard
PCO0005595,TRF0005668,P03,9.442000,0.180000,3.230000,standard
PCO0005596,TRF0005669,P05,6.916000,0.180000,0.690000,standard
PCO0005597,TRF0005670,P01,10.344000,0.180000,2.170000,standard
PCO0005598,TRF0005671,P02,20.468000,0.180000,23.960000,priority
PCO0005599,TRF0005672,P05,7.186000,0.180000,1.670000,standard
PCO0005600,TRF0005673,P02,9.467000,0.180000,0.630000,standard
PCO0005601,TRF0005674,P04,11.521000,0.180000,2.470000,standard
PCO0005602,TRF0005675,P01,8.324000,0.180000,1.690000,standard
PCO0005603,TRF0005676,P04,13.100000,0.180000,0.920000,standard
PCO0005604,TRF0005677,P05,7.042000,0.180000,0.350000,standard
PCO0005605,TRF0005678,P01,7.475000,0.180000,21.020000,standard
PCO0005606,TRF0005679,P06,9.894000,0.180000,14.850000,standard
PCO0005607,TRF0005680,P06,9.563000,0.180000,5.330000,standard
PCO0005608,TRF0005681,P01,8.994000,0.180000,2.390000,standard
PCO0005609,TRF0005682,P01,10.765000,0.180000,0.540000,standard
PCO0005610,TRF0005683,P04,10.693000,0.180000,18.480000,standard
PCO0005611,TRF0005684,P02,8.504000,0.180000,5.000000,standard
PCO0005612,TRF0005685,P01,7.369000,0.180000,0.720000,standard
PCO0005613,TRF0005686,P02,9.053000,0.180000,20.170000,standard
PCO0005614,TRF0005687,P02,10.506000,0.180000,1.000000,standard
PCO0005615,TRF0005688,P05,7.114000,0.180000,1.450000,standard
PCO0005616,TRF0005689,P02,21.032000,0.180000,6.100000,priority
PCO0005617,TRF0005690,P01,8.662000,0.180000,0.370000,standard
PCO0005618,TRF0005691,P02,8.103000,0.180000,0.480000,standard
PCO0005619,TRF0005692,P03,9.727000,0.180000,2.710000,standard
PCO0005620,TRF0005693,P05,9.516000,0.180000,1.350000,standard
PCO0005621,TRF0005694,P03,9.958000,0.180000,4.940000,standard
PCO0005622,TRF0005695,P06,9.087000,0.180000,0.490000,standard
PCO0005623,TRF0005696,P02,8.639000,0.180000,0.610000,standard
PCO0005624,TRF0005697,P01,8.173000,0.180000,1.300000,standard
PCO0005625,TRF0005698,P02,10.105000,0.180000,0.640000,standard
PCO0005626,TRF0005699,P02,11.492000,0.180000,7.930000,standard
PCO0005627,TRF0005700,P03,9.216000,0.180000,19.640000,standard
PCO0005628,TRF0005701,P02,8.340000,0.180000,0.920000,standard
PCO0005629,TRF0005702,P04,9.782000,0.180000,12.870000,standard
PCO0005630,TRF0005703,P05,9.053000,0.180000,0.440000,standard
PCO0005631,TRF0005704,P06,9.034000,0.180000,6.990000,standard
PCO0005632,TRF0005705,P01,8.781000,0.180000,0.440000,standard
PCO0005633,TRF0005706,P04,11.451000,0.180000,0.350000,standard
PCO0005634,TRF0005707,P06,8.642000,0.180000,0.230000,standard
PCO0005635,TRF0005708,P04,10.340000,0.180000,0.380000,standard
PCO0005636,TRF0005709,P06,10.140000,0.180000,1.660000,standard
PCO0005637,TRF0005710,P03,11.265000,0.180000,0.590000,standard
PCO0005638,TRF0005711,P03,10.148000,0.180000,0.470000,standard
PCO0005639,TRF0005712,P02,8.456000,0.180000,4.670000,standard
PCO0005640,TRF0005713,P05,6.309000,0.180000,0.300000,standard
PCO0005641,TRF0005714,P01,7.862000,0.180000,14.090000,standard
PCO0005642,TRF0005715,P01,6.998000,0.180000,1.390000,standard
PCO0005643,TRF0005716,P05,8.162000,0.180000,0.650000,standard
PCO0005644,TRF0005717,P01,8.009000,0.180000,5.190000,standard
PCO0005645,TRF0005718,P04,11.941000,0.180000,1.020000,standard
PCO0005646,TRF0005719,P04,9.915000,0.180000,0.520000,standard
PCO0005647,TRF0005720,P03,9.399000,0.180000,1.950000,standard
PCO0005648,TRF0005721,P01,6.818000,0.180000,0.480000,standard
PCO0005649,TRF0005722,P01,8.392000,0.180000,7.560000,standard
PCO0005650,TRF0005723,P01,9.493000,0.180000,2.460000,standard
PCO0005651,TRF0005724,P05,6.634000,0.180000,0.510000,standard
PCO0005652,TRF0005725,P01,7.351000,0.180000,0.740000,standard
PCO0005653,TRF0005726,P02,9.421000,0.180000,0.770000,standard
PCO0005654,TRF0005727,P06,10.883000,0.180000,4.930000,standard
PCO0005655,TRF0005728,P04,11.217000,0.180000,2.500000,standard
PCO0005656,TRF0005729,P01,7.374000,0.180000,3.330000,standard
PCO0005657,TRF0005730,P04,12.750000,0.180000,3.510000,standard
PCO0005658,TRF0005731,P01,8.125000,0.180000,2.060000,standard
PCO0005659,TRF0005732,P02,9.094000,0.180000,1.000000,standard
PCO0005660,TRF0005733,P04,12.344000,0.180000,15.950000,standard
PCO0005661,TRF0005734,P06,9.534000,0.180000,1.130000,standard
PCO0005662,TRF0005735,P02,9.633000,0.180000,5.840000,standard
PCO0005663,TRF0005736,P02,8.808000,0.180000,0.520000,standard
PCO0005664,TRF0005737,P03,9.281000,0.180000,0.740000,standard
PCO0005665,TRF0005738,P01,7.028000,0.180000,30.830000,standard
PCO0005666,TRF0005739,P04,13.246000,0.180000,0.950000,standard
PCO0005667,TRF0005740,P06,9.820000,0.180000,2.910000,standard
PCO0005668,TRF0005741,P02,7.510000,0.180000,1.240000,standard
PCO0005669,TRF0005742,P01,10.059000,0.180000,0.280000,standard
PCO0005670,TRF0005743,P06,9.428000,0.180000,28.080000,standard
PCO0005671,TRF0005744,P04,11.132000,0.180000,5.080000,standard
PCO0005672,TRF0005745,P05,7.681000,0.180000,0.510000,standard
PCO0005673,TRF0005746,P03,9.936000,0.180000,7.000000,standard
PCO0005674,TRF0005747,P05,8.886000,0.180000,0.630000,standard
PCO0005675,TRF0005748,P06,11.692000,0.180000,1.360000,standard
PCO0005676,TRF0005749,P04,9.599000,0.180000,4.540000,standard
PCO0005677,TRF0005751,P01,7.714000,0.180000,56.410000,standard
PCO0005678,TRF0005752,P03,11.638000,0.180000,4.200000,standard
PCO0005679,TRF0005753,P03,9.366000,0.180000,0.920000,standard
PCO0005680,TRF0005754,P02,20.727000,0.180000,2.500000,priority
PCO0005681,TRF0005755,P02,8.968000,0.180000,3.120000,standard
PCO0005682,TRF0005756,P04,10.802000,0.180000,0.430000,standard
PCO0005683,TRF0005757,P05,8.008000,0.180000,0.440000,standard
PCO0005684,TRF0005758,P06,12.026000,0.180000,0.950000,standard
PCO0005685,TRF0005759,P02,8.784000,0.180000,0.710000,standard
PCO0005686,TRF0005761,P04,11.693000,0.180000,1.380000,standard
PCO0005687,TRF0005762,P04,10.806000,0.180000,8.790000,standard
PCO0005688,TRF0005763,P04,11.735000,0.180000,1.090000,standard
PCO0005689,TRF0005764,P02,10.955000,0.180000,0.490000,standard
PCO0005690,TRF0005765,P03,8.710000,0.180000,0.380000,standard
PCO0005691,TRF0005766,P06,9.939000,0.180000,2.570000,standard
PCO0005692,TRF0005767,P03,11.225000,0.180000,0.710000,standard
PCO0005693,TRF0005768,P04,11.058000,0.180000,10.690000,standard
PCO0005694,TRF0005769,P01,7.159000,0.180000,0.390000,standard
PCO0005695,TRF0005770,P02,7.182000,0.180000,2.020000,standard
PCO0005696,TRF0005771,P03,9.026000,0.180000,12.210000,standard
PCO0005697,TRF0005772,P03,9.458000,0.180000,0.610000,standard
PCO0005698,TRF0005773,P06,11.768000,0.180000,1.240000,standard
PCO0005699,TRF0005774,P03,10.919000,0.180000,0.650000,standard
PCO0005700,TRF0005775,P03,10.006000,0.180000,1.730000,standard
PCO0005701,TRF0005776,P03,10.029000,0.180000,0.570000,standard
PCO0005702,TRF0005777,P01,7.227000,0.180000,0.640000,standard
PCO0005703,TRF0005778,P03,8.916000,0.180000,0.290000,standard
PCO0005704,TRF0005779,P06,8.156000,0.180000,0.950000,standard
PCO0005705,TRF0005780,P04,11.103000,0.180000,0.300000,standard
PCO0005706,TRF0005781,P01,7.260000,0.180000,0.250000,standard
PCO0005707,TRF0005782,P01,10.039000,0.180000,0.540000,standard
PCO0005708,TRF0005783,P01,10.103000,0.180000,0.830000,standard
PCO0005709,TRF0005784,P04,12.422000,0.180000,1.990000,standard
PCO0005710,TRF0005785,P05,7.552000,0.180000,0.660000,standard
PCO0005711,TRF0005786,P01,9.378000,0.180000,2.910000,standard
PCO0005712,TRF0005787,P03,9.658000,0.180000,1.360000,standard
PCO0005713,TRF0005788,P04,12.010000,0.180000,8.880000,standard
PCO0005714,TRF0005789,P06,10.226000,0.180000,21.290000,standard
PCO0005715,TRF0005790,P03,11.916000,0.180000,11.790000,standard
PCO0005716,TRF0005791,P02,10.326000,0.180000,3.620000,standard
PCO0005717,TRF0005792,P03,8.126000,0.180000,0.460000,standard
PCO0005718,TRF0005793,P05,7.669000,0.180000,3.120000,standard
PCO0005719,TRF0005794,P02,8.331000,0.180000,6.430000,standard
PCO0005720,TRF0005795,P03,10.713000,0.180000,10.520000,standard
PCO0005721,TRF0005797,P05,7.525000,0.180000,3.630000,standard
PCO0005722,TRF0005798,P04,10.829000,0.180000,0.700000,standard
PCO0005723,TRF0005799,P01,9.867000,0.180000,0.540000,standard
PCO0005724,TRF0005800,P05,9.882000,0.180000,7.200000,standard
PCO0005725,TRF0005801,P01,7.625000,0.180000,0.550000,standard
PCO0005726,TRF0005802,P06,8.820000,0.180000,16.230000,standard
PCO0005727,TRF0005803,P01,7.735000,0.180000,0.210000,standard
PCO0005728,TRF0005804,P02,10.186000,0.180000,3.450000,standard
PCO0005729,TRF0005805,P06,9.782000,0.180000,3.080000,standard
PCO0005730,TRF0005806,P04,11.231000,0.180000,1.130000,standard
PCO0005731,TRF0005807,P02,10.527000,0.180000,1.550000,standard
PCO0005732,TRF0005808,P01,9.575000,0.180000,3.580000,standard
PCO0005733,TRF0005810,P01,8.446000,0.180000,8.550000,standard
PCO0005734,TRF0005811,P04,10.916000,0.180000,0.630000,standard
PCO0005735,TRF0005812,P02,9.623000,0.180000,0.650000,standard
PCO0005736,TRF0005813,P01,7.714000,0.180000,0.400000,standard
PCO0005737,TRF0005814,P05,8.155000,0.180000,0.530000,standard
PCO0005738,TRF0005815,P01,7.571000,0.180000,1.090000,standard
PCO0005739,TRF0005816,P02,9.197000,0.180000,0.570000,standard
PCO0005740,TRF0005817,P06,8.265000,0.180000,1.150000,standard
PCO0005741,TRF0005818,P05,6.964000,0.180000,21.480000,standard
PCO0005742,TRF0005819,P05,7.134000,0.180000,8.510000,standard
PCO0005743,TRF0005820,P01,7.859000,0.180000,0.510000,standard
PCO0005744,TRF0005821,P03,12.539000,0.180000,2.170000,standard
PCO0005745,TRF0005822,P03,10.801000,0.180000,9.330000,standard
PCO0005746,TRF0005823,P06,10.023000,0.180000,0.990000,standard
PCO0005747,TRF0005824,P02,7.994000,0.180000,0.690000,standard
PCO0005748,TRF0005825,P02,11.496000,0.180000,0.510000,standard
PCO0005749,TRF0005826,P06,9.153000,0.180000,3.350000,standard
PCO0005750,TRF0005827,P06,9.383000,0.180000,0.480000,standard
PCO0005751,TRF0005828,P02,9.221000,0.180000,0.510000,standard
PCO0005752,TRF0005829,P01,8.665000,0.180000,0.250000,standard
PCO0005753,TRF0005830,P03,11.154000,0.180000,1.280000,standard
PCO0005754,TRF0005831,P05,6.367000,0.180000,0.310000,standard
PCO0005755,TRF0005832,P03,9.549000,0.180000,19.380000,standard
PCO0005756,TRF0005833,P04,9.932000,0.180000,2.240000,standard
PCO0005757,TRF0005834,P04,13.080000,0.180000,1.200000,standard
PCO0005758,TRF0005835,P04,10.436000,0.180000,1.720000,standard
PCO0005759,TRF0005836,P05,7.634000,0.180000,0.310000,standard
PCO0005760,TRF0005837,P06,8.960000,0.180000,2.110000,standard
PCO0005761,TRF0005838,P02,11.161000,0.180000,0.480000,standard
PCO0005762,TRF0005839,P04,11.955000,0.180000,1.440000,standard
PCO0005763,TRF0005840,P05,7.643000,0.180000,0.370000,standard
PCO0005764,TRF0005841,P05,6.737000,0.180000,1.000000,standard
PCO0005765,TRF0005842,P04,11.329000,0.180000,13.330000,standard
PCO0005766,TRF0005843,P04,12.351000,0.180000,0.550000,standard
PCO0005767,TRF0005844,P04,9.942000,0.180000,0.530000,standard
PCO0005768,TRF0005845,P06,9.685000,0.180000,0.880000,standard
PCO0005769,TRF0005846,P02,8.300000,0.180000,5.300000,standard
PCO0005770,TRF0005847,P03,8.368000,0.180000,0.890000,standard
PCO0005771,TRF0005848,P02,10.475000,0.180000,1.050000,standard
PCO0005772,TRF0005849,P03,8.599000,0.180000,0.740000,standard
PCO0005773,TRF0005850,P05,9.552000,0.180000,23.260000,standard
PCO0005774,TRF0005851,P06,8.918000,0.180000,1.140000,standard
PCO0005775,TRF0005852,P01,8.289000,0.180000,65.750000,standard
PCO0005776,TRF0005853,P02,10.557000,0.180000,0.500000,standard
PCO0005777,TRF0005854,P02,9.669000,0.180000,1.350000,standard
PCO0005778,TRF0005855,P05,5.624000,0.180000,0.470000,standard
PCO0005779,TRF0005856,P01,9.261000,0.180000,0.850000,standard
PCO0005780,TRF0005857,P06,11.035000,0.180000,0.650000,standard
PCO0005781,TRF0005858,P02,20.082000,0.180000,1.980000,priority
PCO0005782,TRF0005859,P02,10.779000,0.180000,1.420000,standard
PCO0005783,TRF0005860,P02,8.361000,0.180000,24.280000,standard
PCO0005784,TRF0005861,P04,11.476000,0.180000,0.620000,standard
PCO0005785,TRF0005862,P03,9.740000,0.180000,0.900000,standard
PCO0005786,TRF0005863,P03,10.658000,0.180000,3.330000,standard
PCO0005787,TRF0005864,P03,11.289000,0.180000,5.540000,standard
PCO0005788,TRF0005865,P04,11.259000,0.180000,2.370000,standard
PCO0005789,TRF0005866,P02,10.372000,0.180000,0.490000,standard
PCO0005790,TRF0005867,P05,7.540000,0.180000,0.830000,standard
PCO0005791,TRF0005868,P02,10.456000,0.180000,0.460000,standard
PCO0005792,TRF0005869,P04,11.402000,0.180000,2.960000,standard
PCO0005793,TRF0005870,P01,7.538000,0.180000,0.420000,standard
PCO0005794,TRF0005871,P02,20.702000,0.180000,2.720000,priority
PCO0005795,TRF0005872,P03,11.439000,0.180000,1.080000,standard
PCO0005796,TRF0005873,P05,6.400000,0.180000,4.770000,standard
PCO0005797,TRF0005874,P04,10.705000,0.180000,1.190000,standard
PCO0005798,TRF0005875,P01,8.142000,0.180000,0.320000,standard
PCO0005799,TRF0005876,P01,8.248000,0.180000,17.390000,standard
PCO0005800,TRF0005877,P02,9.715000,0.180000,0.880000,standard
PCO0005801,TRF0005878,P06,10.998000,0.180000,16.210000,standard
PCO0005802,TRF0005879,P04,12.394000,0.180000,31.230000,standard
PCO0005803,TRF0005880,P04,12.114000,0.180000,0.740000,standard
PCO0005804,TRF0005881,P04,11.728000,0.180000,0.530000,standard
PCO0005805,TRF0005882,P01,9.731000,0.180000,0.600000,standard
PCO0005806,TRF0005883,P02,20.934000,0.180000,0.880000,priority
PCO0005807,TRF0005884,P03,11.311000,0.180000,1.210000,standard
PCO0005808,TRF0005885,P04,11.797000,0.180000,0.830000,standard
PCO0005809,TRF0005886,P05,6.652000,0.180000,8.900000,standard
PCO0005810,TRF0005887,P06,10.678000,0.180000,1.460000,standard
PCO0005811,TRF0005888,P05,7.141000,0.180000,1.350000,standard
PCO0005812,TRF0005889,P03,11.773000,0.180000,2.200000,standard
PCO0005813,TRF0005890,P02,9.756000,0.180000,1.860000,standard
PCO0005814,TRF0005891,P06,10.067000,0.180000,5.400000,standard
PCO0005815,TRF0005892,P02,11.266000,0.180000,5.590000,standard
PCO0005816,TRF0005893,P06,11.242000,0.180000,0.780000,standard
PCO0005817,TRF0005894,P02,8.509000,0.180000,0.450000,standard
PCO0005818,TRF0005895,P06,9.201000,0.180000,0.600000,standard
PCO0005819,TRF0005896,P06,10.222000,0.180000,1.580000,standard
PCO0005820,TRF0005897,P06,10.719000,0.180000,26.260000,standard
PCO0005821,TRF0005898,P01,9.217000,0.180000,33.390000,standard
PCO0005822,TRF0005899,P03,11.853000,0.180000,0.390000,standard
PCO0005823,TRF0005900,P05,8.973000,0.180000,0.420000,standard
PCO0005824,TRF0005901,P02,10.284000,0.180000,11.040000,standard
PCO0005825,TRF0005902,P01,10.089000,0.180000,27.600000,standard
PCO0005826,TRF0005903,P04,10.643000,0.180000,0.800000,standard
PCO0005827,TRF0005904,P06,10.711000,0.180000,35.430000,standard
PCO0005828,TRF0005905,P01,8.937000,0.180000,5.780000,standard
PCO0005829,TRF0005906,P01,10.497000,0.180000,2.400000,standard
PCO0005830,TRF0005907,P02,21.356000,0.180000,3.690000,priority
PCO0005831,TRF0005908,P02,7.813000,0.180000,0.370000,standard
PCO0005832,TRF0005909,P03,11.813000,0.180000,30.070000,standard
PCO0005833,TRF0005910,P06,10.617000,0.180000,4.450000,standard
PCO0005834,TRF0005911,P02,7.534000,0.180000,2.390000,standard
PCO0005835,TRF0005913,P02,7.368000,0.180000,1.300000,standard
PCO0005836,TRF0005914,P03,8.936000,0.180000,0.730000,standard
PCO0005837,TRF0005915,P04,9.762000,0.180000,0.730000,standard
PCO0005838,TRF0005916,P05,6.943000,0.180000,0.480000,standard
PCO0005839,TRF0005917,P03,8.485000,0.180000,0.860000,standard
PCO0005840,TRF0005918,P03,9.817000,0.180000,0.420000,standard
PCO0005841,TRF0005920,P03,9.553000,0.180000,4.740000,standard
PCO0005842,TRF0005921,P03,9.512000,0.180000,2.820000,standard
PCO0005843,TRF0005922,P02,10.088000,0.180000,0.450000,standard
PCO0005844,TRF0005923,P03,9.463000,0.180000,0.810000,standard
PCO0005845,TRF0005924,P03,8.843000,0.180000,5.610000,standard
PCO0005846,TRF0005925,P03,9.487000,0.180000,0.760000,standard
PCO0005847,TRF0005926,P04,11.767000,0.180000,1.790000,standard
PCO0005848,TRF0005927,P01,9.416000,0.180000,0.440000,standard
PCO0005849,TRF0005928,P01,8.765000,0.180000,11.840000,standard
PCO0005850,TRF0005929,P01,9.776000,0.180000,0.710000,standard
PCO0005851,TRF0005930,P03,10.293000,0.180000,5.500000,standard
PCO0005852,TRF0005931,P03,11.591000,0.180000,10.160000,standard
PCO0005853,TRF0005932,P04,12.356000,0.180000,0.390000,standard
PCO0005854,TRF0005933,P01,8.158000,0.180000,0.610000,standard
PCO0005855,TRF0005934,P05,7.611000,0.180000,8.960000,standard
PCO0005856,TRF0005935,P01,9.167000,0.180000,5.270000,standard
PCO0005857,TRF0005936,P06,10.220000,0.180000,0.830000,standard
PCO0005858,TRF0005937,P04,11.942000,0.180000,0.430000,standard
PCO0005859,TRF0005938,P04,10.327000,0.180000,0.730000,standard
PCO0005860,TRF0005939,P01,8.311000,0.180000,1.590000,standard
PCO0005861,TRF0005940,P05,6.395000,0.180000,0.240000,standard
PCO0005862,TRF0005941,P01,6.906000,0.180000,0.570000,standard
PCO0005863,TRF0005942,P02,21.700000,0.180000,2.700000,priority
PCO0005864,TRF0005943,P02,8.880000,0.180000,0.480000,standard
PCO0005865,TRF0005944,P01,9.977000,0.180000,0.420000,standard
PCO0005866,TRF0005945,P02,21.220000,0.180000,0.790000,priority
PCO0005867,TRF0005946,P04,11.686000,0.180000,14.900000,standard
PCO0005868,TRF0005947,P01,7.123000,0.180000,1.090000,standard
PCO0005869,TRF0005948,P02,20.434000,0.180000,0.610000,priority
PCO0005870,TRF0005949,P01,9.950000,0.180000,1.040000,standard
PCO0005871,TRF0005950,P01,8.559000,0.180000,1.000000,standard
PCO0005872,TRF0005951,P04,10.495000,0.180000,0.460000,standard
PCO0005873,TRF0005952,P04,10.319000,0.180000,12.770000,standard
PCO0005874,TRF0005953,P04,13.495000,0.180000,0.380000,standard
PCO0005875,TRF0005954,P03,9.139000,0.180000,1.180000,standard
PCO0005876,TRF0005955,P02,20.955000,0.180000,21.350000,priority
PCO0005877,TRF0005956,P03,10.364000,0.180000,1.400000,standard
PCO0005878,TRF0005957,P01,10.292000,0.180000,0.220000,standard
PCO0005879,TRF0005958,P02,10.353000,0.180000,0.320000,standard
PCO0005880,TRF0005959,P03,10.962000,0.180000,1.430000,standard
PCO0005881,TRF0005960,P03,10.770000,0.180000,1.370000,standard
PCO0005882,TRF0005961,P05,7.737000,0.180000,0.700000,standard
PCO0005883,TRF0005962,P04,12.847000,0.180000,2.620000,standard
PCO0005884,TRF0005963,P02,8.678000,0.180000,0.930000,standard
PCO0005885,TRF0005964,P05,9.131000,0.180000,0.430000,standard
PCO0005886,TRF0005965,P05,6.477000,0.180000,0.340000,standard
PCO0005887,TRF0005966,P04,12.461000,0.180000,3.310000,standard
PCO0005888,TRF0005967,P04,13.107000,0.180000,20.770000,standard
PCO0005889,TRF0005968,P05,8.998000,0.180000,0.650000,standard
PCO0005890,TRF0005969,P03,11.018000,0.180000,0.920000,standard
PCO0005891,TRF0005970,P02,9.206000,0.180000,0.440000,standard
PCO0005892,TRF0005971,P01,7.367000,0.180000,2.070000,standard
PCO0005893,TRF0005972,P03,11.043000,0.180000,1.510000,standard
PCO0005894,TRF0005973,P06,10.440000,0.180000,0.910000,standard
PCO0005895,TRF0005974,P06,10.850000,0.180000,0.580000,standard
PCO0005896,TRF0005975,P06,9.173000,0.180000,0.500000,standard
PCO0005897,TRF0005976,P05,7.821000,0.180000,0.360000,standard
PCO0005898,TRF0005977,P03,9.496000,0.180000,2.860000,standard
PCO0005899,TRF0005978,P04,10.101000,0.180000,0.700000,standard
PCO0005900,TRF0005979,P06,11.151000,0.180000,0.320000,standard
PCO0005901,TRF0005980,P03,11.180000,0.180000,0.800000,standard
PCO0005902,TRF0005981,P03,9.296000,0.180000,11.510000,standard
PCO0005903,TRF0005982,P03,9.904000,0.180000,0.380000,standard
PCO0005904,TRF0005983,P03,8.847000,0.180000,3.880000,standard
PCO0005905,TRF0005984,P03,8.357000,0.180000,0.480000,standard
PCO0005906,TRF0005985,P06,8.976000,0.180000,2.400000,standard
PCO0005907,TRF0005986,P05,8.999000,0.180000,0.570000,standard
PCO0005908,TRF0005987,P04,13.099000,0.180000,3.520000,standard
PCO0005909,TRF0005988,P04,12.745000,0.180000,3.560000,standard
PCO0005910,TRF0005989,P06,9.955000,0.180000,2.950000,standard
PCO0005911,TRF0005990,P05,8.743000,0.180000,0.570000,standard
PCO0005912,TRF0005991,P01,7.881000,0.180000,4.630000,standard
PCO0005913,TRF0005992,P02,8.668000,0.180000,0.970000,standard
PCO0005914,TRF0005993,P02,8.420000,0.180000,0.390000,standard
PCO0005915,TRF0005994,P04,11.562000,0.180000,86.950000,standard
PCO0005916,TRF0005995,P04,11.799000,0.180000,1.670000,standard
PCO0005917,TRF0005996,P02,20.802000,0.180000,32.730000,priority
PCO0005918,TRF0005997,P02,20.862000,0.180000,2.350000,priority
PCO0005919,TRF0005998,P05,6.123000,0.180000,1.400000,standard
PCO0005920,TRF0005999,P01,6.781000,0.180000,0.320000,standard
PCO0005921,TRF0006000,P05,9.799000,0.180000,1.220000,standard
PCO0005922,TRF0006001,P05,8.875000,0.180000,7.490000,standard
PCO0005923,TRF0006003,P02,7.887000,0.180000,0.760000,standard
PCO0005924,TRF0006004,P02,10.306000,0.180000,6.100000,standard
PCO0005925,TRF0006005,P01,8.884000,0.180000,7.070000,standard
PCO0005926,TRF0006006,P05,10.129000,0.180000,6.350000,standard
PCO0005927,TRF0006007,P02,8.738000,0.180000,1.750000,standard
PCO0005928,TRF0006008,P03,10.858000,0.180000,0.960000,standard
PCO0005929,TRF0006009,P01,8.204000,0.180000,6.480000,standard
PCO0005930,TRF0006010,P03,10.322000,0.180000,3.050000,standard
PCO0005931,TRF0006011,P05,7.377000,0.180000,1.550000,standard
PCO0005932,TRF0006012,P01,9.878000,0.180000,2.180000,standard
PCO0005933,TRF0006013,P05,8.397000,0.180000,2.280000,standard
PCO0005934,TRF0006014,P03,10.111000,0.180000,0.530000,standard
PCO0005935,TRF0006015,P04,9.648000,0.180000,0.520000,standard
PCO0005936,TRF0006016,P02,8.294000,0.180000,0.710000,standard
PCO0005937,TRF0006017,P03,11.543000,0.180000,1.200000,standard
PCO0005938,TRF0006018,P01,7.664000,0.180000,0.260000,standard
PCO0005939,TRF0006019,P04,10.365000,0.180000,26.900000,standard
PCO0005940,TRF0006020,P05,7.758000,0.180000,0.510000,standard
PCO0005941,TRF0006021,P03,10.443000,0.180000,0.590000,standard
PCO0005942,TRF0006022,P05,9.784000,0.180000,1.040000,standard
PCO0005943,TRF0006024,P04,12.929000,0.180000,0.740000,standard
PCO0005944,TRF0006025,P02,7.974000,0.180000,2.270000,standard
PCO0005945,TRF0006026,P05,7.817000,0.180000,1.390000,standard
PCO0005946,TRF0006027,P03,10.600000,0.180000,0.630000,standard
PCO0005947,TRF0006028,P04,9.589000,0.180000,8.140000,standard
PCO0005948,TRF0006029,P03,11.477000,0.180000,1.320000,standard
PCO0005949,TRF0006030,P05,6.921000,0.180000,0.710000,standard
PCO0005950,TRF0006031,P02,9.251000,0.180000,2.720000,standard
PCO0005951,TRF0006032,P01,7.454000,0.180000,1.860000,standard
PCO0005952,TRF0006033,P03,10.998000,0.180000,4.770000,standard
PCO0005953,TRF0006034,P03,10.343000,0.180000,0.310000,standard
PCO0005954,TRF0006035,P01,8.801000,0.180000,1.190000,standard
PCO0005955,TRF0006036,P01,7.844000,0.180000,0.600000,standard
PCO0005956,TRF0006037,P06,10.781000,0.180000,1.420000,standard
PCO0005957,TRF0006038,P02,10.297000,0.180000,5.550000,standard
PCO0005958,TRF0006039,P05,7.047000,0.180000,0.480000,standard
PCO0005959,TRF0006040,P06,9.301000,0.180000,1.940000,standard
PCO0005960,TRF0006041,P02,8.727000,0.180000,0.290000,standard
PCO0005961,TRF0006042,P06,10.018000,0.180000,0.430000,standard
PCO0005962,TRF0006043,P03,10.050000,0.180000,0.990000,standard
PCO0005963,TRF0006044,P05,7.011000,0.180000,4.800000,standard
PCO0005964,TRF0006045,P02,9.217000,0.180000,0.400000,standard
PCO0005965,TRF0006046,P01,7.125000,0.180000,1.660000,standard
PCO0005966,TRF0006047,P03,10.567000,0.180000,0.420000,standard
PCO0005967,TRF0006048,P05,7.979000,0.180000,0.390000,standard
PCO0005968,TRF0006049,P05,9.229000,0.180000,1.410000,standard
PCO0005969,TRF0006050,P04,10.907000,0.180000,0.600000,standard
PCO0005970,TRF0006051,P04,10.560000,0.180000,0.840000,standard
PCO0005971,TRF0006052,P02,8.609000,0.180000,1.890000,standard
PCO0005972,TRF0006053,P05,6.383000,0.180000,0.300000,standard
PCO0005973,TRF0006054,P02,8.521000,0.180000,1.040000,standard
PCO0005974,TRF0006055,P02,9.787000,0.180000,3.340000,standard
PCO0005975,TRF0006056,P01,9.809000,0.180000,14.940000,standard
PCO0005976,TRF0006057,P01,7.558000,0.180000,1.480000,standard
PCO0005977,TRF0006058,P05,9.331000,0.180000,5.020000,standard
PCO0005978,TRF0006059,P03,8.766000,0.180000,1.000000,standard
PCO0005979,TRF0006060,P02,8.119000,0.180000,2.230000,standard
PCO0005980,TRF0006061,P01,8.149000,0.180000,0.290000,standard
PCO0005981,TRF0006062,P02,11.153000,0.180000,0.410000,standard
PCO0005982,TRF0006063,P06,8.359000,0.180000,0.400000,standard
PCO0005983,TRF0006064,P04,12.925000,0.180000,1.800000,standard
PCO0005984,TRF0006065,P02,8.161000,0.180000,0.570000,standard
PCO0005985,TRF0006066,P05,9.344000,0.180000,0.880000,standard
PCO0005986,TRF0006067,P05,8.978000,0.180000,4.970000,standard
PCO0005987,TRF0006068,P03,9.529000,0.180000,1.440000,standard
PCO0005988,TRF0006069,P03,10.387000,0.180000,12.020000,standard
PCO0005989,TRF0006070,P04,10.348000,0.180000,0.870000,standard
PCO0005990,TRF0006071,P06,7.574000,0.180000,0.450000,standard
PCO0005991,TRF0006072,P06,10.693000,0.180000,2.410000,standard
PCO0005992,TRF0006073,P02,10.233000,0.180000,0.950000,standard
PCO0005993,TRF0006074,P06,8.999000,0.180000,1.280000,standard
PCO0005994,TRF0006075,P01,6.712000,0.180000,1.340000,standard
PCO0005995,TRF0006076,P02,10.382000,0.180000,0.820000,standard
PCO0005996,TRF0006078,P05,7.849000,0.180000,9.290000,standard
PCO0005997,TRF0006079,P02,21.310000,0.180000,1.230000,priority
PCO0005998,TRF0006080,P04,10.856000,0.180000,0.340000,standard
PCO0005999,TRF0006081,P02,9.191000,0.180000,6.200000,standard
PCO0006000,TRF0006082,P04,10.700000,0.180000,1.430000,standard
PCO0006001,TRF0006083,P03,10.963000,0.180000,1.380000,standard
PCO0006002,TRF0006084,P01,9.453000,0.180000,1.650000,standard
PCO0006003,TRF0006085,P01,9.234000,0.180000,6.010000,standard
PCO0006004,TRF0006086,P03,11.295000,0.180000,0.960000,standard
PCO0006005,TRF0006087,P01,7.524000,0.180000,4.900000,standard
PCO0006006,TRF0006088,P01,8.276000,0.180000,15.480000,standard
PCO0006007,TRF0006089,P03,11.705000,0.180000,0.620000,standard
PCO0006008,TRF0006090,P03,10.113000,0.180000,2.550000,standard
PCO0006009,TRF0006091,P02,9.034000,0.180000,0.650000,standard
PCO0006010,TRF0006092,P01,9.612000,0.180000,0.510000,standard
PCO0006011,TRF0006093,P01,8.268000,0.180000,0.480000,standard
PCO0006012,TRF0006094,P01,8.864000,0.180000,0.900000,standard
PCO0006013,TRF0006095,P06,9.497000,0.180000,0.620000,standard
PCO0006014,TRF0006096,P01,7.242000,0.180000,0.660000,standard
PCO0006015,TRF0006097,P01,7.895000,0.180000,0.430000,standard
PCO0006016,TRF0006098,P02,10.967000,0.180000,0.470000,standard
PCO0006017,TRF0006099,P04,11.053000,0.180000,7.390000,standard
PCO0006018,TRF0006100,P04,12.097000,0.180000,2.290000,standard
PCO0006019,TRF0006101,P03,10.777000,0.180000,1.310000,standard
PCO0006020,TRF0006102,P05,7.753000,0.180000,0.710000,standard
PCO0006021,TRF0006103,P05,7.270000,0.180000,0.980000,standard
PCO0006022,TRF0006104,P02,9.098000,0.180000,0.670000,standard
PCO0006023,TRF0006105,P02,8.267000,0.180000,6.070000,standard
PCO0006024,TRF0006106,P01,8.116000,0.180000,4.940000,standard
PCO0006025,TRF0006107,P04,12.593000,0.180000,0.500000,standard
PCO0006026,TRF0006108,P01,7.562000,0.180000,0.430000,standard
PCO0006027,TRF0006109,P04,12.605000,0.180000,19.230000,standard
PCO0006028,TRF0006110,P03,9.141000,0.180000,1.040000,standard
PCO0006029,TRF0006111,P04,11.361000,0.180000,1.160000,standard
PCO0006030,TRF0006112,P02,8.975000,0.180000,15.820000,standard
PCO0006031,TRF0006113,P04,12.192000,0.180000,0.430000,standard
PCO0006032,TRF0006114,P03,8.703000,0.180000,7.360000,standard
PCO0006033,TRF0006115,P04,10.661000,0.180000,1.480000,standard
PCO0006034,TRF0006116,P02,7.765000,0.180000,0.940000,standard
PCO0006035,TRF0006117,P02,8.102000,0.180000,4.730000,standard
PCO0006036,TRF0006118,P05,6.103000,0.180000,0.680000,standard
PCO0006037,TRF0006119,P06,10.887000,0.180000,0.460000,standard
PCO0006038,TRF0006120,P05,7.479000,0.180000,2.480000,standard
PCO0006039,TRF0006121,P06,11.456000,0.180000,2.390000,standard
PCO0006040,TRF0006122,P04,13.172000,0.180000,1.330000,standard
PCO0006041,TRF0006123,P06,9.322000,0.180000,0.960000,standard
PCO0006042,TRF0006125,P01,9.833000,0.180000,1.330000,standard
PCO0006043,TRF0006126,P01,8.091000,0.180000,3.980000,standard
PCO0006044,TRF0006127,P02,11.082000,0.180000,29.760000,standard
PCO0006045,TRF0006128,P02,9.199000,0.180000,2.790000,standard
PCO0006046,TRF0006129,P03,10.222000,0.180000,0.290000,standard
PCO0006047,TRF0006130,P04,9.967000,0.180000,1.030000,standard
PCO0006048,TRF0006131,P02,8.167000,0.180000,3.950000,standard
PCO0006049,TRF0006132,P02,7.044000,0.180000,0.420000,standard
PCO0006050,TRF0006133,P06,8.815000,0.180000,0.470000,standard
PCO0006051,TRF0006134,P03,9.809000,0.180000,35.840000,standard
PCO0006052,TRF0006135,P06,9.531000,0.180000,0.750000,standard
PCO0006053,TRF0006136,P05,6.735000,0.180000,0.440000,standard
PCO0006054,TRF0006137,P03,9.092000,0.180000,0.580000,standard
PCO0006055,TRF0006138,P06,11.234000,0.180000,3.070000,standard
PCO0006056,TRF0006139,P02,10.015000,0.180000,0.690000,standard
PCO0006057,TRF0006140,P01,7.929000,0.180000,0.380000,standard
PCO0006058,TRF0006141,P03,12.011000,0.180000,1.170000,standard
PCO0006059,TRF0006142,P01,9.398000,0.180000,5.310000,standard
PCO0006060,TRF0006143,P06,9.079000,0.180000,0.680000,standard
PCO0006061,TRF0006144,P01,8.580000,0.180000,1.280000,standard
PCO0006062,TRF0006145,P01,7.316000,0.180000,1.250000,standard
PCO0006063,TRF0006146,P03,9.950000,0.180000,6.650000,standard
PCO0006064,TRF0006147,P04,10.261000,0.180000,0.660000,standard
PCO0006065,TRF0006148,P05,9.342000,0.180000,0.630000,standard
PCO0006066,TRF0006149,P04,10.414000,0.180000,15.580000,standard
PCO0006067,TRF0006150,P01,9.882000,0.180000,0.790000,standard
PCO0006068,TRF0006151,P06,11.207000,0.180000,14.850000,standard
PCO0006069,TRF0006152,P05,9.767000,0.180000,3.530000,standard
PCO0006070,TRF0006153,P03,11.852000,0.180000,88.170000,standard
PCO0006071,TRF0006154,P01,7.179000,0.180000,1.100000,standard
PCO0006072,TRF0006155,P03,9.570000,0.180000,3.130000,standard
PCO0006073,TRF0006156,P06,9.718000,0.180000,18.350000,standard
PCO0006074,TRF0006157,P05,7.442000,0.180000,0.380000,standard
PCO0006075,TRF0006158,P01,8.345000,0.180000,0.280000,standard
PCO0006076,TRF0006159,P05,7.069000,0.180000,0.330000,standard
PCO0006077,TRF0006160,P06,8.991000,0.180000,4.770000,standard
PCO0006078,TRF0006161,P04,12.646000,0.180000,1.080000,standard
PCO0006079,TRF0006162,P02,9.681000,0.180000,0.910000,standard
PCO0006080,TRF0006163,P04,10.767000,0.180000,9.140000,standard
PCO0006081,TRF0006164,P05,6.995000,0.180000,1.110000,standard
PCO0006082,TRF0006165,P04,12.331000,0.180000,0.850000,standard
PCO0006083,TRF0006166,P03,10.078000,0.180000,0.420000,standard
PCO0006084,TRF0006167,P01,6.465000,0.180000,0.320000,standard
PCO0006085,TRF0006168,P05,9.385000,0.180000,0.930000,standard
PCO0006086,TRF0006169,P03,11.519000,0.180000,0.770000,standard
PCO0006087,TRF0006170,P06,9.480000,0.180000,1.210000,standard
PCO0006088,TRF0006171,P04,13.704000,0.180000,0.760000,standard
PCO0006089,TRF0006172,P01,8.954000,0.180000,3.090000,standard
PCO0006090,TRF0006173,P01,8.450000,0.180000,0.410000,standard
PCO0006091,TRF0006174,P02,8.080000,0.180000,0.650000,standard
PCO0006092,TRF0006175,P02,20.275000,0.180000,0.670000,priority
PCO0006093,TRF0006176,P03,10.520000,0.180000,1.690000,standard
PCO0006094,TRF0006177,P02,10.561000,0.180000,0.530000,standard
PCO0006095,TRF0006178,P04,12.967000,0.180000,6.020000,standard
PCO0006096,TRF0006179,P03,10.732000,0.180000,3.910000,standard
PCO0006097,TRF0006180,P03,11.753000,0.180000,0.690000,standard
PCO0006098,TRF0006181,P06,11.177000,0.180000,1.470000,standard
PCO0006099,TRF0006182,P02,8.911000,0.180000,3.020000,standard
PCO0006100,TRF0006183,P01,9.623000,0.180000,0.650000,standard
PCO0006101,TRF0006184,P04,13.278000,0.180000,1.890000,standard
PCO0006102,TRF0006185,P04,12.375000,0.180000,1.310000,standard
PCO0006103,TRF0006186,P02,8.760000,0.180000,5.350000,standard
PCO0006104,TRF0006187,P06,9.834000,0.180000,0.860000,standard
PCO0006105,TRF0006188,P02,7.749000,0.180000,0.220000,standard
PCO0006106,TRF0006189,P02,10.054000,0.180000,61.550000,standard
PCO0006107,TRF0006190,P02,10.338000,0.180000,0.470000,standard
PCO0006108,TRF0006191,P04,10.629000,0.180000,1.130000,standard
PCO0006109,TRF0006192,P04,12.876000,0.180000,58.940000,standard
PCO0006110,TRF0006193,P01,7.046000,0.180000,0.320000,standard
PCO0006111,TRF0006194,P01,6.667000,0.180000,0.240000,standard
PCO0006112,TRF0006195,P06,10.609000,0.180000,6.420000,standard
PCO0006113,TRF0006196,P06,8.811000,0.180000,1.960000,standard
PCO0006114,TRF0006197,P02,21.139000,0.180000,29.890000,priority
PCO0006115,TRF0006198,P04,9.569000,0.180000,3.630000,standard
PCO0006116,TRF0006199,P05,7.957000,0.180000,0.510000,standard
PCO0006117,TRF0006200,P01,7.800000,0.180000,1.060000,standard
PCO0006118,TRF0006201,P05,7.986000,0.180000,0.360000,standard
PCO0006119,TRF0006202,P06,9.169000,0.180000,1.660000,standard
PCO0006120,TRF0006203,P01,9.217000,0.180000,0.380000,standard
PCO0006121,TRF0006204,P02,8.367000,0.180000,85.490000,standard
PCO0006122,TRF0006205,P01,6.912000,0.180000,1.030000,standard
PCO0006123,TRF0006206,P05,5.982000,0.180000,0.240000,standard
PCO0006124,TRF0006207,P01,9.044000,0.180000,0.400000,standard
PCO0006125,TRF0006208,P01,9.773000,0.180000,1.300000,standard
PCO0006126,TRF0006209,P05,7.760000,0.180000,0.590000,standard
PCO0006127,TRF0006210,P04,11.606000,0.180000,1.410000,standard
PCO0006128,TRF0006211,P06,8.686000,0.180000,4.180000,standard
PCO0006129,TRF0006212,P05,8.922000,0.180000,0.560000,standard
PCO0006130,TRF0006213,P04,11.355000,0.180000,3.920000,standard
PCO0006131,TRF0006214,P05,9.515000,0.180000,1.440000,standard
PCO0006132,TRF0006215,P03,9.391000,0.180000,4.340000,standard
PCO0006133,TRF0006216,P02,9.676000,0.180000,0.640000,standard
PCO0006134,TRF0006217,P03,9.899000,0.180000,0.440000,standard
PCO0006135,TRF0006218,P05,7.548000,0.180000,0.850000,standard
PCO0006136,TRF0006219,P02,20.571000,0.180000,1.660000,priority
PCO0006137,TRF0006220,P05,6.860000,0.180000,0.330000,standard
PCO0006138,TRF0006221,P03,12.740000,0.180000,0.530000,standard
PCO0006139,TRF0006222,P04,10.891000,0.180000,31.980000,standard
PCO0006140,TRF0006223,P03,9.612000,0.180000,0.870000,standard
PCO0006141,TRF0006224,P05,7.331000,0.180000,10.890000,standard
PCO0006142,TRF0006225,P01,8.558000,0.180000,0.500000,standard
PCO0006143,TRF0006226,P05,9.040000,0.180000,1.050000,standard
PCO0006144,TRF0006227,P04,11.731000,0.180000,0.540000,standard
PCO0006145,TRF0006228,P03,10.662000,0.180000,0.780000,standard
PCO0006146,TRF0006229,P05,6.815000,0.180000,0.730000,standard
PCO0006147,TRF0006230,P06,9.613000,0.180000,0.440000,standard
PCO0006148,TRF0006231,P02,10.320000,0.180000,0.720000,standard
PCO0006149,TRF0006232,P01,6.755000,0.180000,3.550000,standard
PCO0006150,TRF0006233,P01,9.832000,0.180000,4.600000,standard
PCO0006151,TRF0006234,P06,8.892000,0.180000,8.860000,standard
PCO0006152,TRF0006235,P02,10.411000,0.180000,46.320000,standard
PCO0006153,TRF0006236,P04,11.481000,0.180000,28.920000,standard
PCO0006154,TRF0006237,P06,9.099000,0.180000,1.420000,standard
PCO0006155,TRF0006238,P05,6.443000,0.180000,10.830000,standard
PCO0006156,TRF0006239,P04,12.242000,0.180000,0.690000,standard
PCO0006157,TRF0006240,P01,7.867000,0.180000,0.470000,standard
PCO0006158,TRF0006241,P05,7.878000,0.180000,13.410000,standard
PCO0006159,TRF0006242,P01,7.128000,0.180000,0.350000,standard
PCO0006160,TRF0006243,P02,8.708000,0.180000,0.230000,standard
PCO0006161,TRF0006244,P02,8.125000,0.180000,9.100000,standard
PCO0006162,TRF0006245,P03,10.427000,0.180000,0.520000,standard
PCO0006163,TRF0006246,P04,10.625000,0.180000,0.540000,standard
PCO0006164,TRF0006247,P04,12.262000,0.180000,2.080000,standard
PCO0006165,TRF0006248,P01,9.317000,0.180000,0.360000,standard
PCO0006166,TRF0006249,P04,10.081000,0.180000,6.310000,standard
PCO0006167,TRF0006251,P03,11.760000,0.180000,3.180000,standard
PCO0006168,TRF0006252,P06,10.296000,0.180000,0.400000,standard
PCO0006169,TRF0006253,P03,9.718000,0.180000,0.350000,standard
PCO0006170,TRF0006254,P03,8.986000,0.180000,12.040000,standard
PCO0006171,TRF0006255,P04,9.669000,0.180000,1.290000,standard
PCO0006172,TRF0006256,P05,7.344000,0.180000,2.050000,standard
PCO0006173,TRF0006257,P03,9.119000,0.180000,4.110000,standard
PCO0006174,TRF0006258,P01,8.473000,0.180000,0.930000,standard
PCO0006175,TRF0006259,P01,8.386000,0.180000,1.820000,standard
PCO0006176,TRF0006260,P02,10.691000,0.180000,1.150000,standard
PCO0006177,TRF0006261,P04,12.890000,0.180000,27.570000,standard
PCO0006178,TRF0006262,P02,10.115000,0.180000,1.210000,standard
PCO0006179,TRF0006263,P05,8.595000,0.180000,9.450000,standard
PCO0006180,TRF0006264,P05,9.076000,0.180000,11.620000,standard
PCO0006181,TRF0006265,P04,12.460000,0.180000,1.560000,standard
PCO0006182,TRF0006266,P05,7.140000,0.180000,1.640000,standard
PCO0006183,TRF0006267,P03,9.758000,0.180000,7.460000,standard
PCO0006184,TRF0006268,P04,10.606000,0.180000,1.690000,standard
PCO0006185,TRF0006269,P06,9.803000,0.180000,0.300000,standard
PCO0006186,TRF0006270,P03,10.305000,0.180000,1.510000,standard
PCO0006187,TRF0006271,P02,8.089000,0.180000,0.440000,standard
PCO0006188,TRF0006272,P03,11.695000,0.180000,0.410000,standard
PCO0006189,TRF0006273,P03,12.155000,0.180000,5.040000,standard
PCO0006190,TRF0006274,P01,7.818000,0.180000,0.490000,standard
PCO0006191,TRF0006275,P04,10.708000,0.180000,0.530000,standard
PCO0006192,TRF0006276,P02,9.748000,0.180000,0.800000,standard
PCO0006193,TRF0006277,P05,8.575000,0.180000,2.150000,standard
PCO0006194,TRF0006278,P01,9.963000,0.180000,5.240000,standard
PCO0006195,TRF0006279,P02,11.411000,0.180000,2.750000,standard
PCO0006196,TRF0006280,P01,7.695000,0.180000,1.270000,standard
PCO0006197,TRF0006281,P04,9.866000,0.180000,7.310000,standard
PCO0006198,TRF0006282,P06,10.176000,0.180000,0.420000,standard
PCO0006199,TRF0006283,P02,10.055000,0.180000,0.710000,standard
PCO0006200,TRF0006285,P02,11.072000,0.180000,14.530000,standard
PCO0006201,TRF0006286,P06,11.186000,0.180000,0.790000,standard
PCO0006202,TRF0006287,P02,21.023000,0.180000,0.420000,priority
PCO0006203,TRF0006288,P03,10.067000,0.180000,22.400000,standard
PCO0006204,TRF0006289,P01,7.584000,0.180000,1.780000,standard
PCO0006205,TRF0006290,P01,8.417000,0.180000,2.730000,standard
PCO0006206,TRF0006292,P02,9.921000,0.180000,7.170000,standard
PCO0006207,TRF0006293,P01,8.943000,0.180000,1.110000,standard
PCO0006208,TRF0006294,P05,6.104000,0.180000,0.550000,standard
PCO0006209,TRF0006295,P06,8.446000,0.180000,0.520000,standard
PCO0006210,TRF0006296,P03,8.213000,0.180000,0.310000,standard
PCO0006211,TRF0006297,P03,9.310000,0.180000,0.910000,standard
PCO0006212,TRF0006298,P05,7.572000,0.180000,11.960000,standard
PCO0006213,TRF0006299,P01,7.674000,0.180000,0.540000,standard
PCO0006214,TRF0006300,P04,10.948000,0.180000,0.360000,standard
PCO0006215,TRF0006301,P04,12.857000,0.180000,2.000000,standard
PCO0006216,TRF0006302,P05,7.091000,0.180000,7.300000,standard
PCO0006217,TRF0006303,P01,7.192000,0.180000,1.810000,standard
PCO0006218,TRF0006304,P04,12.318000,0.180000,0.500000,standard
PCO0006219,TRF0006305,P04,10.013000,0.180000,12.210000,standard
PCO0006220,TRF0006306,P02,9.945000,0.180000,18.460000,standard
PCO0006221,TRF0006307,P03,9.501000,0.180000,1.910000,standard
PCO0006222,TRF0006308,P06,11.476000,0.180000,0.350000,standard
PCO0006223,TRF0006309,P05,7.178000,0.180000,1.800000,standard
PCO0006224,TRF0006310,P01,9.352000,0.180000,18.680000,standard
PCO0006225,TRF0006311,P06,11.042000,0.180000,5.090000,standard
PCO0006226,TRF0006312,P03,10.767000,0.180000,0.760000,standard
PCO0006227,TRF0006314,P03,9.804000,0.180000,3.740000,standard
PCO0006228,TRF0006315,P04,10.024000,0.180000,0.590000,standard
PCO0006229,TRF0006316,P04,13.319000,0.180000,7.610000,standard
PCO0006230,TRF0006317,P03,9.621000,0.180000,0.470000,standard
PCO0006231,TRF0006318,P04,8.901000,0.180000,1.400000,standard
PCO0006232,TRF0006319,P01,6.874000,0.180000,0.510000,standard
PCO0006233,TRF0006320,P01,7.858000,0.180000,5.910000,standard
PCO0006234,TRF0006321,P02,10.002000,0.180000,0.910000,standard
PCO0006235,TRF0006322,P03,12.752000,0.180000,12.090000,standard
PCO0006236,TRF0006323,P06,10.257000,0.180000,1.120000,standard
PCO0006237,TRF0006324,P04,11.377000,0.180000,0.490000,standard
PCO0006238,TRF0006325,P01,6.569000,0.180000,0.480000,standard
PCO0006239,TRF0006326,P02,8.466000,0.180000,2.130000,standard
PCO0006240,TRF0006327,P02,8.645000,0.180000,85.960000,standard
PCO0006241,TRF0006328,P03,12.093000,0.180000,0.630000,standard
PCO0006242,TRF0006329,P02,20.797000,0.180000,12.310000,priority
PCO0006243,TRF0006330,P03,10.526000,0.180000,4.980000,standard
PCO0006244,TRF0006331,P02,7.321000,0.180000,0.450000,standard
PCO0006245,TRF0006332,P03,8.895000,0.180000,0.350000,standard
PCO0006246,TRF0006333,P05,7.822000,0.180000,0.570000,standard
PCO0006247,TRF0006334,P02,9.185000,0.180000,0.420000,standard
PCO0006248,TRF0006335,P05,6.013000,0.180000,0.360000,standard
PCO0006249,TRF0006336,P02,10.423000,0.180000,0.830000,standard
PCO0006250,TRF0006337,P01,7.635000,0.180000,0.630000,standard
PCO0006251,TRF0006338,P04,11.719000,0.180000,10.700000,standard
PCO0006252,TRF0006339,P01,7.731000,0.180000,0.310000,standard
PCO0006253,TRF0006340,P02,10.122000,0.180000,0.580000,standard
PCO0006254,TRF0006341,P04,11.723000,0.180000,1.040000,standard
PCO0006255,TRF0006342,P02,11.352000,0.180000,0.350000,standard
PCO0006256,TRF0006343,P04,11.536000,0.180000,1.900000,standard
PCO0006257,TRF0006344,P04,11.938000,0.180000,2.050000,standard
PCO0006258,TRF0006345,P03,10.996000,0.180000,0.960000,standard
PCO0006259,TRF0006346,P04,9.829000,0.180000,0.760000,standard
PCO0006260,TRF0006347,P03,9.095000,0.180000,1.550000,standard
PCO0006261,TRF0006348,P04,10.095000,0.180000,0.300000,standard
PCO0006262,TRF0006349,P01,9.166000,0.180000,12.830000,standard
PCO0006263,TRF0006350,P05,7.841000,0.180000,5.630000,standard
PCO0006264,TRF0006351,P05,6.480000,0.180000,0.410000,standard
PCO0006265,TRF0006352,P01,6.949000,0.180000,6.340000,standard
PCO0006266,TRF0006353,P01,7.414000,0.180000,0.600000,standard
PCO0006267,TRF0006354,P02,10.307000,0.180000,0.400000,standard
PCO0006268,TRF0006355,P02,10.717000,0.180000,0.500000,standard
PCO0006269,TRF0006356,P01,7.996000,0.180000,0.700000,standard
PCO0006270,TRF0006357,P02,10.329000,0.180000,51.670000,standard
PCO0006271,TRF0006358,P02,20.553000,0.180000,1.470000,priority
PCO0006272,TRF0006359,P05,6.874000,0.180000,13.300000,standard
PCO0006273,TRF0006360,P03,9.316000,0.180000,3.370000,standard
PCO0006274,TRF0006362,P06,8.156000,0.180000,0.990000,standard
PCO0006275,TRF0006363,P04,10.201000,0.180000,4.690000,standard
PCO0006276,TRF0006364,P05,8.884000,0.180000,12.620000,standard
PCO0006277,TRF0006365,P03,10.136000,0.180000,0.420000,standard
PCO0006278,TRF0006366,P02,9.184000,0.180000,0.430000,standard
PCO0006279,TRF0006367,P01,7.349000,0.180000,0.300000,standard
PCO0006280,TRF0006368,P03,9.310000,0.180000,0.880000,standard
PCO0006281,TRF0006369,P05,8.973000,0.180000,0.930000,standard
PCO0006282,TRF0006370,P03,8.411000,0.180000,2.470000,standard
PCO0006283,TRF0006371,P04,10.604000,0.180000,0.270000,standard
PCO0006284,TRF0006372,P04,10.608000,0.180000,13.980000,standard
PCO0006285,TRF0006373,P04,10.110000,0.180000,0.520000,standard
PCO0006286,TRF0006374,P04,10.542000,0.180000,5.130000,standard
PCO0006287,TRF0006375,P01,11.102000,0.180000,3.990000,standard
PCO0006288,TRF0006376,P01,7.744000,0.180000,0.910000,standard
PCO0006289,TRF0006377,P06,10.636000,0.180000,2.650000,standard
PCO0006290,TRF0006378,P06,9.593000,0.180000,2.060000,standard
PCO0006291,TRF0006379,P01,7.459000,0.180000,11.790000,standard
PCO0006292,TRF0006380,P05,7.558000,0.180000,0.310000,standard
PCO0006293,TRF0006381,P05,8.221000,0.180000,0.700000,standard
PCO0006294,TRF0006382,P05,8.932000,0.180000,5.060000,standard
PCO0006295,TRF0006383,P02,10.219000,0.180000,0.280000,standard
PCO0006296,TRF0006384,P02,8.862000,0.180000,0.270000,standard
PCO0006297,TRF0006385,P01,9.261000,0.180000,0.990000,standard
PCO0006298,TRF0006386,P03,11.367000,0.180000,2.660000,standard
PCO0006299,TRF0006387,P05,8.458000,0.180000,0.550000,standard
PCO0006300,TRF0006388,P05,6.666000,0.180000,0.880000,standard
PCO0006301,TRF0006389,P06,9.198000,0.180000,0.600000,standard
PCO0006302,TRF0006390,P01,7.016000,0.180000,0.360000,standard
PCO0006303,TRF0006391,P03,11.960000,0.180000,17.280000,standard
PCO0006304,TRF0006392,P05,6.464000,0.180000,0.470000,standard
PCO0006305,TRF0006393,P02,20.934000,0.180000,0.650000,priority
PCO0006306,TRF0006394,P02,8.727000,0.180000,0.680000,standard
PCO0006307,TRF0006395,P02,21.390000,0.180000,0.760000,priority
PCO0006308,TRF0006396,P02,8.784000,0.180000,0.290000,standard
PCO0006309,TRF0006397,P03,9.480000,0.180000,0.490000,standard
PCO0006310,TRF0006398,P01,6.792000,0.180000,1.030000,standard
PCO0006311,TRF0006399,P06,10.339000,0.180000,65.170000,standard
PCO0006312,TRF0006400,P05,6.783000,0.180000,1.400000,standard
PCO0006313,TRF0006401,P02,9.737000,0.180000,3.990000,standard
PCO0006314,TRF0006402,P01,7.884000,0.180000,4.350000,standard
PCO0006315,TRF0006403,P04,12.307000,0.180000,5.090000,standard
PCO0006316,TRF0006404,P02,11.032000,0.180000,1.360000,standard
PCO0006317,TRF0006405,P01,7.057000,0.180000,1.150000,standard
PCO0006318,TRF0006406,P04,10.321000,0.180000,0.340000,standard
PCO0006319,TRF0006407,P01,7.987000,0.180000,27.470000,standard
PCO0006320,TRF0006408,P04,11.560000,0.180000,0.940000,standard
PCO0006321,TRF0006409,P02,11.835000,0.180000,0.500000,standard
PCO0006322,TRF0006410,P06,10.477000,0.180000,0.760000,standard
PCO0006323,TRF0006411,P02,8.949000,0.180000,0.600000,standard
PCO0006324,TRF0006412,P02,9.783000,0.180000,0.420000,standard
PCO0006325,TRF0006413,P04,9.389000,0.180000,0.870000,standard
PCO0006326,TRF0006414,P03,9.734000,0.180000,0.680000,standard
PCO0006327,TRF0006415,P02,10.452000,0.180000,0.880000,standard
PCO0006328,TRF0006416,P06,7.827000,0.180000,0.600000,standard
PCO0006329,TRF0006417,P02,9.249000,0.180000,1.020000,standard
PCO0006330,TRF0006418,P04,9.931000,0.180000,1.010000,standard
PCO0006331,TRF0006419,P04,12.174000,0.180000,0.940000,standard
PCO0006332,TRF0006420,P05,6.312000,0.180000,0.220000,standard
PCO0006333,TRF0006421,P02,10.921000,0.180000,22.620000,standard
PCO0006334,TRF0006422,P03,9.853000,0.180000,0.460000,standard
PCO0006335,TRF0006423,P02,20.713000,0.180000,23.810000,priority
PCO0006336,TRF0006424,P06,9.499000,0.180000,0.610000,standard
PCO0006337,TRF0006425,P05,7.285000,0.180000,0.450000,standard
PCO0006338,TRF0006426,P05,8.503000,0.180000,7.370000,standard
PCO0006339,TRF0006427,P03,9.412000,0.180000,1.860000,standard
PCO0006340,TRF0006428,P06,10.396000,0.180000,0.960000,standard
PCO0006341,TRF0006429,P05,7.447000,0.180000,0.230000,standard
PCO0006342,TRF0006430,P01,9.365000,0.180000,0.850000,standard
PCO0006343,TRF0006431,P06,10.392000,0.180000,0.360000,standard
PCO0006344,TRF0006432,P05,10.434000,0.180000,0.390000,standard
PCO0006345,TRF0006433,P04,13.134000,0.180000,0.480000,standard
PCO0006346,TRF0006434,P01,7.711000,0.180000,2.600000,standard
PCO0006347,TRF0006435,P04,11.759000,0.180000,1.380000,standard
PCO0006348,TRF0006436,P01,8.507000,0.180000,0.840000,standard
PCO0006349,TRF0006437,P05,7.387000,0.180000,8.860000,standard
PCO0006350,TRF0006438,P06,9.223000,0.180000,0.810000,standard
PCO0006351,TRF0006439,P05,9.333000,0.180000,6.440000,standard
PCO0006352,TRF0006440,P04,11.224000,0.180000,1.050000,standard
PCO0006353,TRF0006441,P02,9.173000,0.180000,0.310000,standard
PCO0006354,TRF0006442,P01,6.463000,0.180000,0.310000,standard
PCO0006355,TRF0006443,P01,7.886000,0.180000,0.610000,standard
PCO0006356,TRF0006444,P02,9.267000,0.180000,0.480000,standard
PCO0006357,TRF0006445,P06,11.184000,0.180000,5.800000,standard
PCO0006358,TRF0006446,P04,12.001000,0.180000,1.020000,standard
PCO0006359,TRF0006447,P02,20.895000,0.180000,1.080000,priority
PCO0006360,TRF0006448,P04,11.485000,0.180000,3.610000,standard
PCO0006361,TRF0006449,P03,9.073000,0.180000,4.820000,standard
PCO0006362,TRF0006450,P02,8.563000,0.180000,6.300000,standard
PCO0006363,TRF0006451,P03,9.532000,0.180000,0.630000,standard
PCO0006364,TRF0006452,P04,10.741000,0.180000,6.900000,standard
PCO0006365,TRF0006453,P04,11.877000,0.180000,18.430000,standard
PCO0006366,TRF0006454,P05,9.400000,0.180000,0.610000,standard
PCO0006367,TRF0006455,P06,9.190000,0.180000,0.460000,standard
PCO0006368,TRF0006456,P04,10.032000,0.180000,5.430000,standard
PCO0006369,TRF0006457,P04,12.566000,0.180000,0.510000,standard
PCO0006370,TRF0006458,P03,8.590000,0.180000,0.510000,standard
PCO0006371,TRF0006459,P03,11.060000,0.180000,18.250000,standard
PCO0006372,TRF0006460,P01,8.527000,0.180000,0.370000,standard
PCO0006373,TRF0006461,P01,7.483000,0.180000,0.630000,standard
PCO0006374,TRF0006462,P06,10.353000,0.180000,0.520000,standard
PCO0006375,TRF0006463,P05,7.856000,0.180000,0.840000,standard
PCO0006376,TRF0006464,P01,7.389000,0.180000,0.430000,standard
PCO0006377,TRF0006465,P01,7.450000,0.180000,2.320000,standard
PCO0006378,TRF0006466,P03,8.794000,0.180000,2.230000,standard
PCO0006379,TRF0006467,P03,10.582000,0.180000,28.130000,standard
PCO0006380,TRF0006468,P06,9.897000,0.180000,0.800000,standard
PCO0006381,TRF0006469,P05,8.428000,0.180000,1.300000,standard
PCO0006382,TRF0006470,P06,8.759000,0.180000,0.310000,standard
PCO0006383,TRF0006471,P06,11.098000,0.180000,4.930000,standard
PCO0006384,TRF0006472,P05,7.211000,0.180000,1.050000,standard
PCO0006385,TRF0006473,P06,9.675000,0.180000,1.070000,standard
PCO0006386,TRF0006474,P02,9.557000,0.180000,0.570000,standard
PCO0006387,TRF0006475,P05,6.434000,0.180000,0.720000,standard
PCO0006388,TRF0006476,P02,11.813000,0.180000,0.680000,standard
PCO0006389,TRF0006477,P01,8.325000,0.180000,2.680000,standard
PCO0006390,TRF0006478,P06,9.095000,0.180000,0.680000,standard
PCO0006391,TRF0006479,P01,7.189000,0.180000,6.220000,standard
PCO0006392,TRF0006480,P02,10.262000,0.180000,0.790000,standard
PCO0006393,TRF0006481,P02,8.715000,0.180000,11.650000,standard
PCO0006394,TRF0006483,P06,8.314000,0.180000,1.140000,standard
PCO0006395,TRF0006484,P01,7.217000,0.180000,0.690000,standard
PCO0006396,TRF0006485,P04,11.145000,0.180000,0.740000,standard
PCO0006397,TRF0006486,P01,7.975000,0.180000,0.650000,standard
PCO0006398,TRF0006487,P02,9.819000,0.180000,0.300000,standard
PCO0006399,TRF0006488,P05,6.806000,0.180000,1.460000,standard
PCO0006400,TRF0006489,P05,8.424000,0.180000,1.190000,standard
PCO0006401,TRF0006490,P02,8.408000,0.180000,0.910000,standard
PCO0006402,TRF0006491,P04,11.607000,0.180000,0.730000,standard
PCO0006403,TRF0006492,P01,7.778000,0.180000,2.180000,standard
PCO0006404,TRF0006493,P05,6.645000,0.180000,0.500000,standard
PCO0006405,TRF0006494,P01,9.524000,0.180000,0.800000,standard
PCO0006406,TRF0006495,P06,11.239000,0.180000,1.290000,standard
PCO0006407,TRF0006496,P05,9.802000,0.180000,0.540000,standard
PCO0006408,TRF0006497,P03,9.882000,0.180000,0.700000,standard
PCO0006409,TRF0006498,P02,9.583000,0.180000,0.840000,standard
PCO0006410,TRF0006499,P03,9.866000,0.180000,0.960000,standard
PCO0006411,TRF0006501,P01,7.012000,0.180000,21.850000,standard
PCO0006412,TRF0006502,P03,9.104000,0.180000,1.000000,standard
PCO0006413,TRF0006503,P06,8.684000,0.180000,5.500000,standard
PCO0006414,TRF0006504,P02,10.667000,0.180000,1.110000,standard
PCO0006415,TRF0006505,P05,9.007000,0.180000,34.880000,standard
PCO0006416,TRF0006506,P04,12.324000,0.180000,3.650000,standard
PCO0006417,TRF0006507,P05,6.954000,0.180000,0.480000,standard
PCO0006418,TRF0006508,P05,7.357000,0.180000,1.560000,standard
PCO0006419,TRF0006509,P05,10.035000,0.180000,0.650000,standard
PCO0006420,TRF0006510,P02,8.622000,0.180000,0.470000,standard
PCO0006421,TRF0006511,P06,11.341000,0.180000,0.760000,standard
PCO0006422,TRF0006512,P06,8.827000,0.180000,10.100000,standard
PCO0006423,TRF0006513,P04,10.666000,0.180000,0.360000,standard
PCO0006424,TRF0006514,P05,6.147000,0.180000,1.010000,standard
PCO0006425,TRF0006515,P01,9.185000,0.180000,5.690000,standard
PCO0006426,TRF0006516,P01,9.451000,0.180000,6.230000,standard
PCO0006427,TRF0006517,P04,9.816000,0.180000,0.850000,standard
PCO0006428,TRF0006518,P04,12.516000,0.180000,0.950000,standard
PCO0006429,TRF0006519,P03,8.288000,0.180000,0.700000,standard
PCO0006430,TRF0006520,P05,8.050000,0.180000,0.600000,standard
PCO0006431,TRF0006521,P05,9.248000,0.180000,18.360000,standard
PCO0006432,TRF0006522,P02,8.343000,0.180000,6.760000,standard
PCO0006433,TRF0006523,P02,8.220000,0.180000,0.780000,standard
PCO0006434,TRF0006524,P02,9.645000,0.180000,0.660000,standard
PCO0006435,TRF0006525,P05,6.677000,0.180000,1.020000,standard
PCO0006436,TRF0006526,P05,7.968000,0.180000,3.100000,standard
PCO0006437,TRF0006527,P01,7.426000,0.180000,10.420000,standard
PCO0006438,TRF0006528,P05,7.675000,0.180000,0.510000,standard
PCO0006439,TRF0006529,P04,12.553000,0.180000,1.540000,standard
PCO0006440,TRF0006530,P03,12.023000,0.180000,9.170000,standard
PCO0006441,TRF0006531,P03,11.038000,0.180000,26.810000,standard
PCO0006442,TRF0006532,P02,8.691000,0.180000,1.450000,standard
PCO0006443,TRF0006533,P02,10.656000,0.180000,1.040000,standard
PCO0006444,TRF0006534,P01,7.611000,0.180000,5.870000,standard
PCO0006445,TRF0006535,P02,10.620000,0.180000,0.450000,standard
PCO0006446,TRF0006536,P01,6.709000,0.180000,0.310000,standard
PCO0006447,TRF0006537,P05,7.101000,0.180000,1.740000,standard
PCO0006448,TRF0006538,P01,7.352000,0.180000,10.050000,standard
PCO0006449,TRF0006539,P01,9.665000,0.180000,0.630000,standard
PCO0006450,TRF0006540,P03,9.722000,0.180000,0.630000,standard
PCO0006451,TRF0006541,P02,7.816000,0.180000,0.420000,standard
PCO0006452,TRF0006542,P04,10.543000,0.180000,0.410000,standard
PCO0006453,TRF0006543,P01,8.291000,0.180000,0.980000,standard
PCO0006454,TRF0006544,P05,8.371000,0.180000,3.740000,standard
PCO0006455,TRF0006545,P01,8.815000,0.180000,0.610000,standard
PCO0006456,TRF0006546,P05,8.301000,0.180000,0.540000,standard
PCO0006457,TRF0006547,P04,11.358000,0.180000,3.830000,standard
PCO0006458,TRF0006548,P02,21.531000,0.180000,4.150000,priority
PCO0006459,TRF0006549,P04,11.124000,0.180000,5.770000,standard
PCO0006460,TRF0006550,P01,8.778000,0.180000,1.610000,standard
PCO0006461,TRF0006551,P05,9.295000,0.180000,0.920000,standard
PCO0006462,TRF0006552,P01,7.315000,0.180000,0.300000,standard
PCO0006463,TRF0006553,P06,9.743000,0.180000,0.330000,standard
PCO0006464,TRF0006554,P05,8.945000,0.180000,1.830000,standard
PCO0006465,TRF0006555,P02,10.148000,0.180000,4.820000,standard
PCO0006466,TRF0006556,P02,20.929000,0.180000,0.890000,priority
PCO0006467,TRF0006557,P05,8.896000,0.180000,0.330000,standard
PCO0006468,TRF0006558,P04,12.848000,0.180000,1.040000,standard
PCO0006469,TRF0006559,P05,6.937000,0.180000,1.280000,standard
PCO0006470,TRF0006560,P03,10.030000,0.180000,5.960000,standard
PCO0006471,TRF0006561,P02,20.992000,0.180000,0.980000,priority
PCO0006472,TRF0006562,P03,9.374000,0.180000,1.430000,standard
PCO0006473,TRF0006563,P03,11.725000,0.180000,0.670000,standard
PCO0006474,TRF0006564,P01,7.197000,0.180000,0.630000,standard
PCO0006475,TRF0006565,P01,10.277000,0.180000,0.390000,standard
PCO0006476,TRF0006566,P01,10.420000,0.180000,0.710000,standard
PCO0006477,TRF0006567,P02,10.767000,0.180000,0.630000,standard
PCO0006478,TRF0006568,P05,9.643000,0.180000,0.660000,standard
PCO0006479,TRF0006569,P02,20.492000,0.180000,1.470000,priority
PCO0006480,TRF0006570,P03,10.660000,0.180000,5.030000,standard
PCO0006481,TRF0006571,P02,8.954000,0.180000,0.920000,standard
PCO0006482,TRF0006572,P05,7.663000,0.180000,0.340000,standard
PCO0006483,TRF0006573,P01,7.443000,0.180000,0.490000,standard
PCO0006484,TRF0006574,P03,12.352000,0.180000,7.940000,standard
PCO0006485,TRF0006575,P06,10.380000,0.180000,0.700000,standard
PCO0006486,TRF0006576,P02,10.414000,0.180000,0.630000,standard
PCO0006487,TRF0006577,P04,10.227000,0.180000,0.560000,standard
PCO0006488,TRF0006578,P01,8.479000,0.180000,1.140000,standard
PCO0006489,TRF0006579,P03,9.826000,0.180000,7.260000,standard
PCO0006490,TRF0006580,P04,11.952000,0.180000,18.870000,standard
PCO0006491,TRF0006581,P02,7.610000,0.180000,0.470000,standard
PCO0006492,TRF0006582,P03,11.437000,0.180000,5.040000,standard
PCO0006493,TRF0006583,P01,9.170000,0.180000,0.340000,standard
PCO0006494,TRF0006584,P03,11.316000,0.180000,2.880000,standard
PCO0006495,TRF0006585,P04,12.404000,0.180000,4.020000,standard
PCO0006496,TRF0006586,P05,9.341000,0.180000,4.860000,standard
PCO0006497,TRF0006587,P05,6.460000,0.180000,0.560000,standard
PCO0006498,TRF0006588,P06,10.756000,0.180000,0.360000,standard
PCO0006499,TRF0006589,P06,10.946000,0.180000,2.540000,standard
PCO0006500,TRF0006590,P01,9.657000,0.180000,0.410000,standard
PCO0006501,TRF0006591,P01,6.760000,0.180000,0.510000,standard
PCO0006502,TRF0006592,P03,9.091000,0.180000,31.610000,standard
PCO0006503,TRF0006593,P02,8.416000,0.180000,0.800000,standard
PCO0006504,TRF0006594,P01,6.767000,0.180000,0.330000,standard
PCO0006505,TRF0006595,P02,8.287000,0.180000,16.040000,standard
PCO0006506,TRF0006596,P05,6.997000,0.180000,0.370000,standard
PCO0006507,TRF0006597,P03,10.892000,0.180000,12.280000,standard
PCO0006508,TRF0006598,P02,10.324000,0.180000,0.370000,standard
PCO0006509,TRF0006599,P06,9.267000,0.180000,0.680000,standard
PCO0006510,TRF0006600,P03,10.871000,0.180000,0.330000,standard
PCO0006511,TRF0006601,P02,8.294000,0.180000,38.340000,standard
PCO0006512,TRF0006602,P01,8.263000,0.180000,3.360000,standard
PCO0006513,TRF0006603,P04,10.630000,0.180000,2.430000,standard
PCO0006514,TRF0006604,P03,9.386000,0.180000,2.200000,standard
PCO0006515,TRF0006605,P03,9.030000,0.180000,10.460000,standard
PCO0006516,TRF0006606,P01,7.843000,0.180000,0.280000,standard
PCO0006517,TRF0006607,P04,10.047000,0.180000,2.290000,standard
PCO0006518,TRF0006608,P03,9.166000,0.180000,9.030000,standard
PCO0006519,TRF0006609,P04,13.109000,0.180000,0.940000,standard
PCO0006520,TRF0006610,P04,11.048000,0.180000,1.680000,standard
PCO0006521,TRF0006611,P04,10.700000,0.180000,2.460000,standard
PCO0006522,TRF0006612,P05,6.823000,0.180000,0.300000,standard
PCO0006523,TRF0006613,P01,8.394000,0.180000,0.490000,standard
PCO0006524,TRF0006614,P05,9.589000,0.180000,0.550000,standard
PCO0006525,TRF0006615,P04,10.838000,0.180000,0.680000,standard
PCO0006526,TRF0006616,P05,7.591000,0.180000,1.710000,standard
PCO0006527,TRF0006617,P03,8.717000,0.180000,11.120000,standard
PCO0006528,TRF0006618,P01,10.327000,0.180000,9.620000,standard
PCO0006529,TRF0006619,P01,7.393000,0.180000,0.860000,standard
PCO0006530,TRF0006620,P05,6.901000,0.180000,0.390000,standard
PCO0006531,TRF0006621,P06,11.740000,0.180000,3.380000,standard
PCO0006532,TRF0006622,P06,9.218000,0.180000,0.270000,standard
PCO0006533,TRF0006623,P03,9.662000,0.180000,0.420000,standard
PCO0006534,TRF0006625,P01,8.029000,0.180000,43.180000,standard
PCO0006535,TRF0006626,P06,9.592000,0.180000,0.600000,standard
PCO0006536,TRF0006627,P06,8.289000,0.180000,0.610000,standard
PCO0006537,TRF0006628,P02,9.510000,0.180000,1.270000,standard
PCO0006538,TRF0006629,P06,11.093000,0.180000,0.440000,standard
PCO0006539,TRF0006630,P05,7.439000,0.180000,1.190000,standard
PCO0006540,TRF0006631,P02,20.545000,0.180000,2.400000,priority
PCO0006541,TRF0006632,P01,7.940000,0.180000,0.290000,standard
PCO0006542,TRF0006633,P01,8.064000,0.180000,3.820000,standard
PCO0006543,TRF0006634,P02,8.686000,0.180000,0.490000,standard
PCO0006544,TRF0006635,P03,10.576000,0.180000,0.540000,standard
PCO0006545,TRF0006636,P05,7.683000,0.180000,1.040000,standard
PCO0006546,TRF0006637,P02,8.487000,0.180000,1.880000,standard
PCO0006547,TRF0006638,P04,9.688000,0.180000,1.090000,standard
PCO0006548,TRF0006639,P05,9.088000,0.180000,0.430000,standard
PCO0006549,TRF0006640,P06,8.985000,0.180000,11.850000,standard
PCO0006550,TRF0006641,P06,10.699000,0.180000,0.300000,standard
PCO0006551,TRF0006642,P04,12.380000,0.180000,35.230000,standard
PCO0006552,TRF0006643,P04,10.893000,0.180000,25.350000,standard
PCO0006553,TRF0006644,P06,9.574000,0.180000,1.590000,standard
PCO0006554,TRF0006645,P02,11.501000,0.180000,12.610000,standard
PCO0006555,TRF0006646,P02,10.250000,0.180000,1.670000,standard
PCO0006556,TRF0006647,P04,11.333000,0.180000,1.250000,standard
PCO0006557,TRF0006648,P01,8.266000,0.180000,0.680000,standard
PCO0006558,TRF0006649,P05,7.031000,0.180000,9.440000,standard
PCO0006559,TRF0006650,P06,9.134000,0.180000,0.470000,standard
PCO0006560,TRF0006651,P05,6.850000,0.180000,0.480000,standard
PCO0006561,TRF0006652,P04,10.701000,0.180000,8.850000,standard
PCO0006562,TRF0006653,P06,10.886000,0.180000,17.460000,standard
PCO0006563,TRF0006654,P05,6.747000,0.180000,0.300000,standard
PCO0006564,TRF0006655,P05,7.118000,0.180000,0.580000,standard
PCO0006565,TRF0006656,P01,8.239000,0.180000,0.390000,standard
PCO0006566,TRF0006657,P01,10.165000,0.180000,17.110000,standard
PCO0006567,TRF0006658,P05,7.031000,0.180000,0.330000,standard
PCO0006568,TRF0006659,P01,7.249000,0.180000,0.420000,standard
PCO0006569,TRF0006660,P03,11.489000,0.180000,10.470000,standard
PCO0006570,TRF0006661,P02,10.129000,0.180000,0.480000,standard
PCO0006571,TRF0006662,P03,12.184000,0.180000,0.930000,standard
PCO0006572,TRF0006663,P06,8.520000,0.180000,0.870000,standard
PCO0006573,TRF0006664,P06,9.871000,0.180000,0.920000,standard
PCO0006574,TRF0006665,P01,7.438000,0.180000,0.410000,standard
PCO0006575,TRF0006666,P02,9.693000,0.180000,2.590000,standard
PCO0006576,TRF0006667,P05,8.978000,0.180000,0.620000,standard
PCO0006577,TRF0006668,P01,9.078000,0.180000,0.890000,standard
PCO0006578,TRF0006669,P01,7.982000,0.180000,13.250000,standard
PCO0006579,TRF0006670,P06,9.088000,0.180000,3.660000,standard
PCO0006580,TRF0006671,P01,7.831000,0.180000,1.000000,standard
PCO0006581,TRF0006672,P02,10.092000,0.180000,0.330000,standard
PCO0006582,TRF0006673,P05,8.712000,0.180000,3.300000,standard
PCO0006583,TRF0006674,P02,10.752000,0.180000,0.650000,standard
PCO0006584,TRF0006675,P03,9.523000,0.180000,2.170000,standard
PCO0006585,TRF0006676,P01,9.449000,0.180000,4.520000,standard
PCO0006586,TRF0006677,P04,10.863000,0.180000,0.620000,standard
PCO0006587,TRF0006678,P03,10.945000,0.180000,17.450000,standard
PCO0006588,TRF0006679,P01,9.781000,0.180000,13.330000,standard
PCO0006589,TRF0006680,P03,9.836000,0.180000,6.100000,standard
PCO0006590,TRF0006681,P05,7.903000,0.180000,0.950000,standard
PCO0006591,TRF0006682,P02,21.388000,0.180000,4.150000,priority
PCO0006592,TRF0006683,P02,8.448000,0.180000,0.390000,standard
PCO0006593,TRF0006684,P01,10.042000,0.180000,9.200000,standard
PCO0006594,TRF0006685,P03,9.118000,0.180000,0.440000,standard
PCO0006595,TRF0006686,P01,9.954000,0.180000,0.350000,standard
PCO0006596,TRF0006687,P05,7.655000,0.180000,2.110000,standard
PCO0006597,TRF0006688,P01,7.709000,0.180000,0.740000,standard
PCO0006598,TRF0006689,P04,12.311000,0.180000,0.810000,standard
PCO0006599,TRF0006690,P04,12.166000,0.180000,6.330000,standard
PCO0006600,TRF0006691,P01,8.673000,0.180000,0.580000,standard
PCO0006601,TRF0006692,P05,7.738000,0.180000,0.500000,standard
PCO0006602,TRF0006693,P02,7.859000,0.180000,15.200000,standard
PCO0006603,TRF0006694,P06,9.766000,0.180000,154.390000,standard
PCO0006604,TRF0006695,P06,8.678000,0.180000,0.410000,standard
PCO0006605,TRF0006696,P02,9.773000,0.180000,0.750000,standard
PCO0006606,TRF0006697,P01,7.881000,0.180000,0.850000,standard
PCO0006607,TRF0006698,P06,10.901000,0.180000,0.450000,standard
PCO0006608,TRF0006699,P05,7.947000,0.180000,0.300000,standard
PCO0006609,TRF0006700,P06,9.250000,0.180000,2.180000,standard
PCO0006610,TRF0006701,P02,21.293000,0.180000,1.060000,priority
PCO0006611,TRF0006702,P01,9.484000,0.180000,5.410000,standard
PCO0006612,TRF0006703,P03,9.761000,0.180000,1.190000,standard
PCO0006613,TRF0006704,P04,12.990000,0.180000,10.810000,standard
PCO0006614,TRF0006705,P02,9.255000,0.180000,0.410000,standard
PCO0006615,TRF0006706,P04,12.575000,0.180000,6.250000,standard
PCO0006616,TRF0006707,P04,11.508000,0.180000,42.410000,standard
PCO0006617,TRF0006708,P06,8.442000,0.180000,0.420000,standard
PCO0006618,TRF0006709,P06,9.559000,0.180000,0.560000,standard
PCO0006619,TRF0006710,P02,20.148000,0.180000,0.840000,priority
PCO0006620,TRF0006711,P02,10.652000,0.180000,0.530000,standard
PCO0006621,TRF0006712,P03,9.998000,0.180000,1.000000,standard
PCO0006622,TRF0006713,P03,10.151000,0.180000,0.710000,standard
PCO0006623,TRF0006714,P03,9.584000,0.180000,0.350000,standard
PCO0006624,TRF0006715,P03,10.397000,0.180000,5.340000,standard
PCO0006625,TRF0006716,P06,10.817000,0.180000,3.920000,standard
PCO0006626,TRF0006717,P02,8.718000,0.180000,0.670000,standard
PCO0006627,TRF0006718,P02,7.711000,0.180000,0.340000,standard
PCO0006628,TRF0006719,P02,10.482000,0.180000,1.390000,standard
PCO0006629,TRF0006720,P01,6.583000,0.180000,0.370000,standard
PCO0006630,TRF0006721,P01,7.537000,0.180000,0.670000,standard
PCO0006631,TRF0006722,P05,8.610000,0.180000,66.640000,standard
PCO0006632,TRF0006723,P06,9.558000,0.180000,0.430000,standard
PCO0006633,TRF0006724,P03,8.872000,0.180000,15.290000,standard
PCO0006634,TRF0006725,P03,9.530000,0.180000,1.010000,standard
PCO0006635,TRF0006726,P02,9.982000,0.180000,0.320000,standard
PCO0006636,TRF0006727,P05,6.875000,0.180000,5.730000,standard
PCO0006637,TRF0006728,P02,9.924000,0.180000,0.990000,standard
PCO0006638,TRF0006729,P04,11.482000,0.180000,0.660000,standard
PCO0006639,TRF0006730,P03,11.057000,0.180000,119.040000,standard
PCO0006640,TRF0006731,P02,10.934000,0.180000,0.440000,standard
PCO0006641,TRF0006732,P05,6.364000,0.180000,0.330000,standard
PCO0006642,TRF0006733,P03,11.325000,0.180000,5.240000,standard
PCO0006643,TRF0006734,P06,10.259000,0.180000,0.490000,standard
PCO0006644,TRF0006735,P02,8.762000,0.180000,0.420000,standard
PCO0006645,TRF0006736,P04,12.820000,0.180000,0.700000,standard
PCO0006646,TRF0006737,P01,7.861000,0.180000,0.900000,standard
PCO0006647,TRF0006738,P05,8.625000,0.180000,3.650000,standard
PCO0006648,TRF0006739,P01,10.599000,0.180000,0.540000,standard
PCO0006649,TRF0006740,P03,10.848000,0.180000,3.570000,standard
PCO0006650,TRF0006741,P02,10.764000,0.180000,0.810000,standard
PCO0006651,TRF0006742,P01,9.081000,0.180000,2.180000,standard
PCO0006652,TRF0006743,P02,11.387000,0.180000,0.590000,standard
PCO0006653,TRF0006744,P02,7.955000,0.180000,69.480000,standard
PCO0006654,TRF0006745,P02,21.260000,0.180000,1.580000,priority
PCO0006655,TRF0006746,P03,8.922000,0.180000,0.870000,standard
PCO0006656,TRF0006747,P05,8.723000,0.180000,0.840000,standard
PCO0006657,TRF0006748,P02,10.673000,0.180000,0.870000,standard
PCO0006658,TRF0006749,P03,8.696000,0.180000,1.350000,standard
PCO0006659,TRF0006750,P03,10.368000,0.180000,2.910000,standard
PCO0006660,TRF0006751,P05,6.809000,0.180000,1.950000,standard
PCO0006661,TRF0006752,P02,9.696000,0.180000,2.980000,standard
PCO0006662,TRF0006753,P03,9.659000,0.180000,0.630000,standard
PCO0006663,TRF0006754,P04,10.490000,0.180000,0.270000,standard
PCO0006664,TRF0006755,P05,6.709000,0.180000,0.660000,standard
PCO0006665,TRF0006756,P01,7.296000,0.180000,1.210000,standard
PCO0006666,TRF0006757,P01,9.118000,0.180000,0.840000,standard
PCO0006667,TRF0006758,P01,7.435000,0.180000,7.870000,standard
PCO0006668,TRF0006759,P04,10.626000,0.180000,13.490000,standard
PCO0006669,TRF0006760,P03,10.959000,0.180000,11.620000,standard
PCO0006670,TRF0006761,P01,7.097000,0.180000,0.510000,standard
PCO0006671,TRF0006762,P03,9.368000,0.180000,0.590000,standard
PCO0006672,TRF0006763,P03,9.272000,0.180000,0.270000,standard
PCO0006673,TRF0006764,P06,10.254000,0.180000,1.230000,standard
PCO0006674,TRF0006765,P06,8.497000,0.180000,0.720000,standard
PCO0006675,TRF0006767,P04,10.284000,0.180000,1.170000,standard
PCO0006676,TRF0006768,P05,6.724000,0.180000,5.290000,standard
PCO0006677,TRF0006769,P01,8.328000,0.180000,0.540000,standard
PCO0006678,TRF0006770,P03,8.873000,0.180000,0.790000,standard
PCO0006679,TRF0006771,P06,8.864000,0.180000,66.910000,standard
PCO0006680,TRF0006772,P03,9.207000,0.180000,0.350000,standard
PCO0006681,TRF0006773,P04,12.115000,0.180000,0.450000,standard
PCO0006682,TRF0006774,P01,8.533000,0.180000,0.360000,standard
PCO0006683,TRF0006775,P02,10.228000,0.180000,1.300000,standard
PCO0006684,TRF0006776,P05,7.798000,0.180000,17.710000,standard
PCO0006685,TRF0006777,P02,8.706000,0.180000,1.670000,standard
PCO0006686,TRF0006778,P04,11.120000,0.180000,2.270000,standard
PCO0006687,TRF0006779,P04,10.797000,0.180000,4.090000,standard
PCO0006688,TRF0006780,P02,11.008000,0.180000,1.740000,standard
PCO0006689,TRF0006781,P05,7.177000,0.180000,3.970000,standard
PCO0006690,TRF0006782,P05,8.171000,0.180000,1.020000,standard
PCO0006691,TRF0006783,P02,9.409000,0.180000,0.640000,standard
PCO0006692,TRF0006784,P03,8.613000,0.180000,0.260000,standard
PCO0006693,TRF0006785,P05,7.092000,0.180000,3.760000,standard
PCO0006694,TRF0006786,P04,12.750000,0.180000,0.320000,standard
PCO0006695,TRF0006787,P04,13.000000,0.180000,0.490000,standard
PCO0006696,TRF0006788,P04,10.800000,0.180000,9.700000,standard
PCO0006697,TRF0006789,P06,10.939000,0.180000,3.370000,standard
PCO0006698,TRF0006790,P01,6.504000,0.180000,2.650000,standard
PCO0006699,TRF0006791,P02,8.525000,0.180000,3.510000,standard
PCO0006700,TRF0006792,P06,8.734000,0.180000,23.740000,standard
PCO0006701,TRF0006793,P05,8.371000,0.180000,0.880000,standard
PCO0006702,TRF0006794,P04,11.232000,0.180000,1.550000,standard
PCO0006703,TRF0006795,P01,7.170000,0.180000,0.460000,standard
PCO0006704,TRF0006796,P02,20.562000,0.180000,13.980000,priority
PCO0006705,TRF0006797,P03,9.213000,0.180000,3.600000,standard
PCO0006706,TRF0006798,P03,8.841000,0.180000,0.500000,standard
PCO0006707,TRF0006799,P02,7.960000,0.180000,0.720000,standard
PCO0006708,TRF0006800,P04,13.196000,0.180000,17.680000,standard
PCO0006709,TRF0006801,P02,10.390000,0.180000,0.410000,standard
PCO0006710,TRF0006802,P03,11.441000,0.180000,2.430000,standard
PCO0006711,TRF0006803,P03,9.023000,0.180000,10.610000,standard
PCO0006712,TRF0006804,P05,9.593000,0.180000,1.970000,standard
PCO0006713,TRF0006805,P04,13.151000,0.180000,1.460000,standard
PCO0006714,TRF0006806,P02,8.716000,0.180000,0.730000,standard
PCO0006715,TRF0006807,P02,8.373000,0.180000,1.320000,standard
PCO0006716,TRF0006808,P06,9.029000,0.180000,3.640000,standard
PCO0006717,TRF0006809,P01,7.564000,0.180000,0.410000,standard
PCO0006718,TRF0006810,P05,8.596000,0.180000,0.510000,standard
PCO0006719,TRF0006811,P01,9.486000,0.180000,1.620000,standard
PCO0006720,TRF0006812,P05,6.479000,0.180000,0.650000,standard
PCO0006721,TRF0006813,P02,9.164000,0.180000,0.690000,standard
PCO0006722,TRF0006814,P01,7.959000,0.180000,0.390000,standard
PCO0006723,TRF0006815,P01,6.528000,0.180000,0.400000,standard
PCO0006724,TRF0006816,P02,8.547000,0.180000,0.590000,standard
PCO0006725,TRF0006817,P01,7.725000,0.180000,4.240000,standard
PCO0006726,TRF0006818,P04,11.081000,0.180000,0.590000,standard
PCO0006727,TRF0006819,P02,9.276000,0.180000,0.440000,standard
PCO0006728,TRF0006820,P03,9.409000,0.180000,0.600000,standard
PCO0006729,TRF0006821,P01,8.079000,0.180000,0.290000,standard
PCO0006730,TRF0006822,P06,9.823000,0.180000,0.770000,standard
PCO0006731,TRF0006823,P01,8.281000,0.180000,7.860000,standard
PCO0006732,TRF0006825,P04,12.945000,0.180000,9.810000,standard
PCO0006733,TRF0006826,P03,10.628000,0.180000,1.540000,standard
PCO0006734,TRF0006827,P02,11.385000,0.180000,3.720000,standard
PCO0006735,TRF0006828,P04,9.767000,0.180000,1.000000,standard
PCO0006736,TRF0006829,P04,13.590000,0.180000,1.030000,standard
PCO0006737,TRF0006830,P04,11.060000,0.180000,2.190000,standard
PCO0006738,TRF0006831,P01,9.533000,0.180000,0.260000,standard
PCO0006739,TRF0006832,P02,8.808000,0.180000,1.120000,standard
PCO0006740,TRF0006833,P01,6.880000,0.180000,0.980000,standard
PCO0006741,TRF0006834,P02,9.384000,0.180000,0.510000,standard
PCO0006742,TRF0006835,P04,13.970000,0.180000,0.670000,standard
PCO0006743,TRF0006836,P03,9.798000,0.180000,0.410000,standard
PCO0006744,TRF0006837,P04,12.574000,0.180000,0.420000,standard
PCO0006745,TRF0006838,P04,10.192000,0.180000,4.430000,standard
PCO0006746,TRF0006839,P05,6.890000,0.180000,0.690000,standard
PCO0006747,TRF0006840,P05,6.743000,0.180000,16.340000,standard
PCO0006748,TRF0006841,P05,7.712000,0.180000,0.230000,standard
PCO0006749,TRF0006842,P06,9.644000,0.180000,0.930000,standard
PCO0006750,TRF0006843,P02,20.676000,0.180000,0.600000,priority
PCO0006751,TRF0006844,P04,12.900000,0.180000,0.820000,standard
PCO0006752,TRF0006845,P06,9.596000,0.180000,0.860000,standard
PCO0006753,TRF0006846,P05,6.451000,0.180000,0.400000,standard
PCO0006754,TRF0006847,P02,11.089000,0.180000,0.740000,standard
PCO0006755,TRF0006848,P02,8.898000,0.180000,0.780000,standard
PCO0006756,TRF0006849,P05,7.057000,0.180000,154.560000,standard
PCO0006757,TRF0006850,P02,11.285000,0.180000,3.080000,standard
PCO0006758,TRF0006851,P01,7.419000,0.180000,0.390000,standard
PCO0006759,TRF0006852,P04,9.561000,0.180000,0.830000,standard
PCO0006760,TRF0006853,P05,9.602000,0.180000,5.050000,standard
PCO0006761,TRF0006854,P05,7.073000,0.180000,11.830000,standard
PCO0006762,TRF0006855,P01,9.267000,0.180000,10.560000,standard
PCO0006763,TRF0006856,P04,11.118000,0.180000,0.480000,standard
PCO0006764,TRF0006857,P06,11.970000,0.180000,0.590000,standard
PCO0006765,TRF0006858,P04,10.700000,0.180000,3.750000,standard
PCO0006766,TRF0006859,P05,8.096000,0.180000,30.330000,standard
PCO0006767,TRF0006860,P06,11.463000,0.180000,0.490000,standard
PCO0006768,TRF0006861,P01,9.700000,0.180000,0.530000,standard
PCO0006769,TRF0006862,P01,8.228000,0.180000,1.550000,standard
PCO0006770,TRF0006863,P06,10.828000,0.180000,28.410000,standard
PCO0006771,TRF0006864,P01,6.623000,0.180000,0.350000,standard
PCO0006772,TRF0006865,P03,9.180000,0.180000,0.270000,standard
PCO0006773,TRF0006866,P03,11.322000,0.180000,10.040000,standard
PCO0006774,TRF0006867,P05,9.054000,0.180000,0.290000,standard
PCO0006775,TRF0006868,P02,11.188000,0.180000,0.440000,standard
PCO0006776,TRF0006869,P01,6.816000,0.180000,4.280000,standard
PCO0006777,TRF0006870,P06,8.877000,0.180000,0.520000,standard
PCO0006778,TRF0006871,P04,9.990000,0.180000,0.390000,standard
PCO0006779,TRF0006872,P02,20.501000,0.180000,1.380000,priority
PCO0006780,TRF0006873,P02,8.939000,0.180000,0.970000,standard
PCO0006781,TRF0006874,P01,8.794000,0.180000,1.250000,standard
PCO0006782,TRF0006875,P02,21.098000,0.180000,9.260000,priority
PCO0006783,TRF0006876,P02,8.804000,0.180000,0.830000,standard
PCO0006784,TRF0006877,P02,8.826000,0.180000,1.580000,standard
PCO0006785,TRF0006878,P01,6.606000,0.180000,1.740000,standard
PCO0006786,TRF0006879,P03,11.022000,0.180000,0.990000,standard
PCO0006787,TRF0006880,P03,11.855000,0.180000,1.170000,standard
PCO0006788,TRF0006881,P06,10.602000,0.180000,44.660000,standard
PCO0006789,TRF0006882,P03,12.239000,0.180000,0.460000,standard
PCO0006790,TRF0006883,P01,8.510000,0.180000,0.300000,standard
PCO0006791,TRF0006884,P05,6.869000,0.180000,9.460000,standard
PCO0006792,TRF0006885,P04,10.773000,0.180000,12.070000,standard
PCO0006793,TRF0006886,P03,11.205000,0.180000,0.660000,standard
PCO0006794,TRF0006887,P04,9.862000,0.180000,3.010000,standard
PCO0006795,TRF0006888,P03,10.757000,0.180000,0.810000,standard
PCO0006796,TRF0006889,P05,6.772000,0.180000,0.390000,standard
PCO0006797,TRF0006890,P05,7.449000,0.180000,0.850000,standard
PCO0006798,TRF0006891,P02,8.364000,0.180000,0.370000,standard
PCO0006799,TRF0006892,P06,8.849000,0.180000,6.010000,standard
PCO0006800,TRF0006893,P04,11.399000,0.180000,2.230000,standard
PCO0006801,TRF0006894,P06,8.510000,0.180000,1.700000,standard
PCO0006802,TRF0006895,P06,11.515000,0.180000,0.320000,standard
PCO0006803,TRF0006896,P04,9.885000,0.180000,5.100000,standard
PCO0006804,TRF0006897,P03,9.996000,0.180000,4.800000,standard
PCO0006805,TRF0006898,P01,7.274000,0.180000,0.440000,standard
PCO0006806,TRF0006899,P04,11.296000,0.180000,1.180000,standard
PCO0006807,TRF0006900,P05,7.090000,0.180000,0.920000,standard
PCO0006808,TRF0006901,P01,7.652000,0.180000,23.100000,standard
PCO0006809,TRF0006902,P01,7.160000,0.180000,179.180000,standard
PCO0006810,TRF0006903,P03,9.515000,0.180000,0.250000,standard
PCO0006811,TRF0006904,P01,8.137000,0.180000,2.830000,standard
PCO0006812,TRF0006905,P03,10.307000,0.180000,0.640000,standard
PCO0006813,TRF0006906,P03,11.301000,0.180000,0.520000,standard
PCO0006814,TRF0006907,P04,10.212000,0.180000,1.070000,standard
PCO0006815,TRF0006908,P04,11.948000,0.180000,0.320000,standard
PCO0006816,TRF0006909,P02,8.039000,0.180000,0.770000,standard
PCO0006817,TRF0006910,P01,10.521000,0.180000,0.940000,standard
PCO0006818,TRF0006911,P02,8.350000,0.180000,1.100000,standard
PCO0006819,TRF0006912,P03,9.882000,0.180000,0.920000,standard
PCO0006820,TRF0006913,P02,7.497000,0.180000,0.410000,standard
PCO0006821,TRF0006914,P03,9.227000,0.180000,2.130000,standard
PCO0006822,TRF0006915,P05,8.091000,0.180000,8.820000,standard
PCO0006823,TRF0006916,P04,10.798000,0.180000,18.350000,standard
PCO0006824,TRF0006917,P01,8.509000,0.180000,0.830000,standard
PCO0006825,TRF0006918,P01,7.543000,0.180000,0.390000,standard
PCO0006826,TRF0006919,P01,10.565000,0.180000,0.760000,standard
PCO0006827,TRF0006920,P01,9.083000,0.180000,0.730000,standard
PCO0006828,TRF0006921,P01,9.936000,0.180000,0.740000,standard
PCO0006829,TRF0006922,P05,9.037000,0.180000,6.700000,standard
PCO0006830,TRF0006923,P04,11.632000,0.180000,4.870000,standard
PCO0006831,TRF0006924,P03,11.145000,0.180000,2.440000,standard
PCO0006832,TRF0006925,P05,9.880000,0.180000,18.000000,standard
PCO0006833,TRF0006926,P02,20.730000,0.180000,0.620000,priority
PCO0006834,TRF0006927,P05,7.272000,0.180000,0.380000,standard
PCO0006835,TRF0006928,P04,11.795000,0.180000,14.990000,standard
PCO0006836,TRF0006929,P03,11.846000,0.180000,6.560000,standard
PCO0006837,TRF0006930,P03,10.320000,0.180000,8.170000,standard
PCO0006838,TRF0006932,P06,9.684000,0.180000,0.560000,standard
PCO0006839,TRF0006933,P05,7.048000,0.180000,16.170000,standard
PCO0006840,TRF0006934,P02,21.545000,0.180000,4.550000,priority
PCO0006841,TRF0006935,P05,7.011000,0.180000,0.290000,standard
PCO0006842,TRF0006936,P01,8.369000,0.180000,11.760000,standard
PCO0006843,TRF0006937,P04,9.923000,0.180000,6.910000,standard
PCO0006844,TRF0006938,P03,9.844000,0.180000,0.820000,standard
PCO0006845,TRF0006939,P05,8.316000,0.180000,1.080000,standard
PCO0006846,TRF0006940,P03,9.666000,0.180000,9.950000,standard
PCO0006847,TRF0006941,P04,12.121000,0.180000,5.060000,standard
PCO0006848,TRF0006942,P05,9.766000,0.180000,1.530000,standard
PCO0006849,TRF0006943,P04,12.741000,0.180000,0.830000,standard
PCO0006850,TRF0006944,P06,10.353000,0.180000,2.580000,standard
PCO0006851,TRF0006945,P04,10.438000,0.180000,0.720000,standard
PCO0006852,TRF0006946,P06,8.974000,0.180000,4.870000,standard
PCO0006853,TRF0006947,P05,7.481000,0.180000,0.330000,standard
PCO0006854,TRF0006948,P06,11.290000,0.180000,26.820000,standard
PCO0006855,TRF0006949,P01,7.085000,0.180000,1.610000,standard
PCO0006856,TRF0006950,P02,8.469000,0.180000,3.280000,standard
PCO0006857,TRF0006951,P01,8.776000,0.180000,10.590000,standard
PCO0006858,TRF0006952,P02,8.235000,0.180000,2.650000,standard
PCO0006859,TRF0006953,P04,10.063000,0.180000,6.160000,standard
PCO0006860,TRF0006954,P02,7.246000,0.180000,2.190000,standard
PCO0006861,TRF0006955,P03,9.630000,0.180000,5.160000,standard
PCO0006862,TRF0006956,P06,10.948000,0.180000,2.850000,standard
PCO0006863,TRF0006957,P03,12.240000,0.180000,0.270000,standard
PCO0006864,TRF0006958,P03,10.643000,0.180000,0.840000,standard
PCO0006865,TRF0006959,P02,8.260000,0.180000,0.500000,standard
PCO0006866,TRF0006960,P04,11.473000,0.180000,0.690000,standard
PCO0006867,TRF0006961,P04,11.695000,0.180000,9.140000,standard
PCO0006868,TRF0006962,P01,6.906000,0.180000,32.040000,standard
PCO0006869,TRF0006963,P05,7.276000,0.180000,11.810000,standard
PCO0006870,TRF0006964,P02,8.166000,0.180000,1.780000,standard
PCO0006871,TRF0006965,P04,12.072000,0.180000,8.750000,standard
PCO0006872,TRF0006966,P01,8.719000,0.180000,0.220000,standard
PCO0006873,TRF0006967,P04,10.348000,0.180000,0.290000,standard
PCO0006874,TRF0006968,P06,11.558000,0.180000,0.400000,standard
PCO0006875,TRF0006969,P01,7.468000,0.180000,0.490000,standard
PCO0006876,TRF0006970,P03,12.087000,0.180000,0.530000,standard
PCO0006877,TRF0006971,P03,11.039000,0.180000,0.570000,standard
PCO0006878,TRF0006972,P06,9.474000,0.180000,0.510000,standard
PCO0006879,TRF0006973,P03,11.898000,0.180000,5.360000,standard
PCO0006880,TRF0006974,P05,7.279000,0.180000,0.520000,standard
PCO0006881,TRF0006975,P02,11.256000,0.180000,0.980000,standard
PCO0006882,TRF0006976,P03,10.322000,0.180000,0.710000,standard
PCO0006883,TRF0006977,P03,11.680000,0.180000,47.440000,standard
PCO0006884,TRF0006978,P02,7.972000,0.180000,0.510000,standard
PCO0006885,TRF0006979,P06,8.640000,0.180000,0.300000,standard
PCO0006886,TRF0006980,P01,8.729000,0.180000,1.560000,standard
PCO0006887,TRF0006981,P04,10.999000,0.180000,1.860000,standard
PCO0006888,TRF0006982,P04,10.202000,0.180000,1.050000,standard
PCO0006889,TRF0006983,P01,7.446000,0.180000,0.270000,standard
PCO0006890,TRF0006984,P01,8.422000,0.180000,0.280000,standard
PCO0006891,TRF0006985,P02,10.136000,0.180000,0.250000,standard
PCO0006892,TRF0006986,P05,7.214000,0.180000,4.300000,standard
PCO0006893,TRF0006987,P03,11.069000,0.180000,0.660000,standard
PCO0006894,TRF0006989,P04,11.552000,0.180000,7.280000,standard
PCO0006895,TRF0006990,P05,7.245000,0.180000,18.230000,standard
PCO0006896,TRF0006991,P03,9.233000,0.180000,4.090000,standard
PCO0006897,TRF0006992,P05,9.247000,0.180000,0.860000,standard
PCO0006898,TRF0006993,P05,7.066000,0.180000,22.940000,standard
PCO0006899,TRF0006994,P01,8.096000,0.180000,0.730000,standard
PCO0006900,TRF0006995,P03,10.533000,0.180000,0.530000,standard
PCO0006901,TRF0006996,P01,10.619000,0.180000,0.360000,standard
PCO0006902,TRF0006997,P06,8.659000,0.180000,0.760000,standard
PCO0006903,TRF0006998,P04,12.548000,0.180000,1.250000,standard
PCO0006904,TRF0006999,P05,6.832000,0.180000,2.700000,standard
PCO0006905,TRF0007000,P01,7.377000,0.180000,0.400000,standard
PCO0006906,TRF0007001,P06,8.776000,0.180000,2.200000,standard
PCO0006907,TRF0007002,P02,8.371000,0.180000,2.970000,standard
PCO0006908,TRF0007003,P02,8.102000,0.180000,0.380000,standard
PCO0006909,TRF0007004,P02,9.706000,0.180000,2.160000,standard
PCO0006910,TRF0007005,P01,8.943000,0.180000,0.440000,standard
PCO0006911,TRF0007006,P02,9.005000,0.180000,1.380000,standard
PCO0006912,TRF0007007,P03,11.950000,0.180000,0.370000,standard
PCO0006913,TRF0007008,P05,8.104000,0.180000,0.380000,standard
PCO0006914,TRF0007009,P01,7.977000,0.180000,3.560000,standard
PCO0006915,TRF0007010,P01,10.026000,0.180000,0.340000,standard
PCO0006916,TRF0007011,P02,21.322000,0.180000,5.170000,priority
PCO0006917,TRF0007012,P04,12.763000,0.180000,0.860000,standard
PCO0006918,TRF0007013,P05,7.920000,0.180000,0.360000,standard
PCO0006919,TRF0007014,P05,9.436000,0.180000,0.320000,standard
PCO0006920,TRF0007015,P03,9.680000,0.180000,14.220000,standard
PCO0006921,TRF0007016,P06,10.839000,0.180000,5.150000,standard
PCO0006922,TRF0007017,P01,5.954000,0.180000,6.990000,standard
PCO0006923,TRF0007018,P06,11.053000,0.180000,0.540000,standard
PCO0006924,TRF0007019,P04,10.334000,0.180000,1.800000,standard
PCO0006925,TRF0007020,P02,10.402000,0.180000,6.740000,standard
PCO0006926,TRF0007021,P01,8.922000,0.180000,3.210000,standard
PCO0006927,TRF0007022,P02,9.309000,0.180000,0.520000,standard
PCO0006928,TRF0007023,P05,6.721000,0.180000,6.690000,standard
PCO0006929,TRF0007024,P05,6.148000,0.180000,0.600000,standard
PCO0006930,TRF0007025,P01,8.854000,0.180000,0.510000,standard
PCO0006931,TRF0007026,P01,7.975000,0.180000,2.820000,standard
PCO0006932,TRF0007027,P03,9.286000,0.180000,6.670000,standard
PCO0006933,TRF0007028,P01,8.045000,0.180000,9.490000,standard
PCO0006934,TRF0007029,P05,5.759000,0.180000,0.280000,standard
PCO0006935,TRF0007031,P06,9.340000,0.180000,0.630000,standard
PCO0006936,TRF0007032,P02,10.421000,0.180000,0.370000,standard
PCO0006937,TRF0007033,P06,9.428000,0.180000,1.870000,standard
PCO0006938,TRF0007034,P05,7.194000,0.180000,14.890000,standard
PCO0006939,TRF0007035,P03,9.215000,0.180000,113.520000,standard
PCO0006940,TRF0007036,P02,8.519000,0.180000,0.500000,standard
PCO0006941,TRF0007037,P02,20.999000,0.180000,53.200000,priority
PCO0006942,TRF0007038,P06,9.134000,0.180000,0.500000,standard
PCO0006943,TRF0007039,P03,11.637000,0.180000,0.530000,standard
PCO0006944,TRF0007040,P01,6.053000,0.180000,1.830000,standard
PCO0006945,TRF0007041,P06,8.643000,0.180000,0.920000,standard
PCO0006946,TRF0007042,P01,7.351000,0.180000,7.980000,standard
PCO0006947,TRF0007043,P05,9.019000,0.180000,1.070000,standard
PCO0006948,TRF0007044,P05,8.835000,0.180000,6.500000,standard
PCO0006949,TRF0007045,P04,13.749000,0.180000,0.960000,standard
PCO0006950,TRF0007046,P05,8.557000,0.180000,0.630000,standard
PCO0006951,TRF0007047,P01,7.822000,0.180000,0.660000,standard
PCO0006952,TRF0007048,P04,11.611000,0.180000,32.960000,standard
PCO0006953,TRF0007049,P05,7.326000,0.180000,3.070000,standard
PCO0006954,TRF0007050,P06,10.529000,0.180000,4.520000,standard
PCO0006955,TRF0007051,P06,8.832000,0.180000,1.920000,standard
PCO0006956,TRF0007052,P02,8.760000,0.180000,14.300000,standard
PCO0006957,TRF0007053,P03,11.389000,0.180000,0.510000,standard
PCO0006958,TRF0007054,P04,11.728000,0.180000,0.820000,standard
PCO0006959,TRF0007055,P02,8.340000,0.180000,0.540000,standard
PCO0006960,TRF0007056,P01,8.030000,0.180000,1.630000,standard
PCO0006961,TRF0007057,P02,10.027000,0.180000,0.550000,standard
PCO0006962,TRF0007058,P01,7.280000,0.180000,30.760000,standard
PCO0006963,TRF0007059,P03,11.943000,0.180000,43.410000,standard
PCO0006964,TRF0007060,P04,13.365000,0.180000,0.380000,standard
PCO0006965,TRF0007061,P03,11.715000,0.180000,0.530000,standard
PCO0006966,TRF0007062,P01,9.350000,0.180000,4.160000,standard
PCO0006967,TRF0007063,P03,10.223000,0.180000,1.290000,standard
PCO0006968,TRF0007064,P06,11.945000,0.180000,2.030000,standard
PCO0006969,TRF0007065,P05,7.646000,0.180000,0.840000,standard
PCO0006970,TRF0007066,P05,7.348000,0.180000,0.670000,standard
PCO0006971,TRF0007067,P01,9.751000,0.180000,7.830000,standard
PCO0006972,TRF0007068,P04,11.633000,0.180000,11.520000,standard
PCO0006973,TRF0007069,P03,9.879000,0.180000,1.330000,standard
PCO0006974,TRF0007070,P01,8.647000,0.180000,0.670000,standard
PCO0006975,TRF0007071,P03,9.802000,0.180000,2.690000,standard
PCO0006976,TRF0007072,P02,22.108000,0.180000,0.510000,priority
PCO0006977,TRF0007073,P02,21.233000,0.180000,4.690000,priority
PCO0006978,TRF0007074,P04,10.378000,0.180000,0.790000,standard
PCO0006979,TRF0007075,P01,8.404000,0.180000,1.030000,standard
PCO0006980,TRF0007076,P02,8.825000,0.180000,3.260000,standard
PCO0006981,TRF0007077,P05,6.715000,0.180000,0.350000,standard
PCO0006982,TRF0007078,P05,6.714000,0.180000,0.600000,standard
PCO0006983,TRF0007079,P02,10.582000,0.180000,0.630000,standard
PCO0006984,TRF0007080,P06,10.850000,0.180000,21.100000,standard
PCO0006985,TRF0007081,P04,10.777000,0.180000,1.290000,standard
PCO0006986,TRF0007082,P05,8.550000,0.180000,1.320000,standard
PCO0006987,TRF0007083,P04,11.555000,0.180000,0.620000,standard
PCO0006988,TRF0007084,P05,6.616000,0.180000,0.570000,standard
PCO0006989,TRF0007085,P06,9.646000,0.180000,2.940000,standard
PCO0006990,TRF0007086,P04,9.526000,0.180000,2.370000,standard
PCO0006991,TRF0007087,P05,7.753000,0.180000,0.210000,standard
PCO0006992,TRF0007088,P05,7.583000,0.180000,3.030000,standard
PCO0006993,TRF0007089,P03,9.760000,0.180000,1.230000,standard
PCO0006994,TRF0007090,P01,8.506000,0.180000,0.290000,standard
PCO0006995,TRF0007091,P04,12.954000,0.180000,1.090000,standard
PCO0006996,TRF0007092,P03,9.395000,0.180000,0.500000,standard
PCO0006997,TRF0007093,P03,12.013000,0.180000,4.230000,standard
PCO0006998,TRF0007094,P04,11.716000,0.180000,0.530000,standard
PCO0006999,TRF0007095,P05,7.111000,0.180000,6.030000,standard
PCO0007000,TRF0007096,P04,10.465000,0.180000,1.330000,standard
PCO0007001,TRF0007097,P04,12.527000,0.180000,1.470000,standard
PCO0007002,TRF0007098,P01,7.910000,0.180000,1.910000,standard
PCO0007003,TRF0007099,P05,7.018000,0.180000,1.520000,standard
PCO0007004,TRF0007100,P01,7.219000,0.180000,8.410000,standard
PCO0007005,TRF0007101,P05,9.027000,0.180000,0.290000,standard
PCO0007006,TRF0007102,P02,8.608000,0.180000,4.350000,standard
PCO0007007,TRF0007103,P01,7.408000,0.180000,1.970000,standard
PCO0007008,TRF0007104,P01,8.439000,0.180000,0.470000,standard
PCO0007009,TRF0007105,P04,9.995000,0.180000,1.960000,standard
PCO0007010,TRF0007106,P03,9.726000,0.180000,1.290000,standard
PCO0007011,TRF0007107,P02,9.074000,0.180000,0.680000,standard
PCO0007012,TRF0007108,P04,11.062000,0.180000,0.430000,standard
PCO0007013,TRF0007109,P01,7.930000,0.180000,0.590000,standard
PCO0007014,TRF0007110,P05,6.802000,0.180000,1.040000,standard
PCO0007015,TRF0007111,P02,6.907000,0.180000,12.100000,standard
PCO0007016,TRF0007112,P02,8.559000,0.180000,0.580000,standard
PCO0007017,TRF0007113,P02,8.830000,0.180000,62.790000,standard
PCO0007018,TRF0007114,P02,20.409000,0.180000,3.000000,priority
PCO0007019,TRF0007115,P04,12.485000,0.180000,3.160000,standard
PCO0007020,TRF0007116,P06,10.319000,0.180000,0.630000,standard
PCO0007021,TRF0007117,P04,12.519000,0.180000,0.710000,standard
PCO0007022,TRF0007118,P04,11.476000,0.180000,12.120000,standard
PCO0007023,TRF0007119,P06,11.455000,0.180000,0.980000,standard
PCO0007024,TRF0007120,P06,9.650000,0.180000,1.300000,standard
PCO0007025,TRF0007121,P02,10.194000,0.180000,0.550000,standard
PCO0007026,TRF0007122,P04,11.978000,0.180000,2.370000,standard
PCO0007027,TRF0007123,P01,7.750000,0.180000,3.500000,standard
PCO0007028,TRF0007124,P03,10.227000,0.180000,2.530000,standard
PCO0007029,TRF0007125,P02,9.343000,0.180000,0.930000,standard
PCO0007030,TRF0007126,P01,8.679000,0.180000,0.330000,standard
PCO0007031,TRF0007127,P04,9.674000,0.180000,8.690000,standard
PCO0007032,TRF0007128,P03,8.334000,0.180000,1.300000,standard
PCO0007033,TRF0007129,P01,7.393000,0.180000,1.210000,standard
PCO0007034,TRF0007130,P05,9.341000,0.180000,2.460000,standard
PCO0007035,TRF0007131,P03,11.518000,0.180000,1.230000,standard
PCO0007036,TRF0007132,P05,8.576000,0.180000,0.530000,standard
PCO0007037,TRF0007133,P02,9.291000,0.180000,1.580000,standard
PCO0007038,TRF0007134,P04,12.899000,0.180000,0.340000,standard
PCO0007039,TRF0007135,P02,7.029000,0.180000,0.370000,standard
PCO0007040,TRF0007136,P03,11.862000,0.180000,0.950000,standard
PCO0007041,TRF0007137,P04,11.265000,0.180000,0.440000,standard
PCO0007042,TRF0007138,P04,10.258000,0.180000,1.780000,standard
PCO0007043,TRF0007139,P02,10.012000,0.180000,0.690000,standard
PCO0007044,TRF0007140,P02,9.731000,0.180000,6.440000,standard
PCO0007045,TRF0007141,P06,8.223000,0.180000,0.670000,standard
PCO0007046,TRF0007142,P04,12.204000,0.180000,6.940000,standard
PCO0007047,TRF0007143,P05,7.323000,0.180000,1.780000,standard
PCO0007048,TRF0007144,P01,6.898000,0.180000,2.570000,standard
PCO0007049,TRF0007145,P03,11.649000,0.180000,3.490000,standard
PCO0007050,TRF0007146,P06,9.556000,0.180000,0.680000,standard
PCO0007051,TRF0007147,P01,8.318000,0.180000,2.450000,standard
PCO0007052,TRF0007148,P01,8.586000,0.180000,0.970000,standard
PCO0007053,TRF0007149,P01,10.058000,0.180000,3.990000,standard
PCO0007054,TRF0007150,P01,10.226000,0.180000,0.520000,standard
PCO0007055,TRF0007151,P01,10.701000,0.180000,0.320000,standard
PCO0007056,TRF0007152,P06,9.862000,0.180000,35.020000,standard
PCO0007057,TRF0007153,P02,8.512000,0.180000,0.630000,standard
PCO0007058,TRF0007154,P06,9.039000,0.180000,4.430000,standard
PCO0007059,TRF0007155,P04,10.267000,0.180000,0.510000,standard
PCO0007060,TRF0007156,P04,10.670000,0.180000,0.250000,standard
PCO0007061,TRF0007157,P02,7.998000,0.180000,1.320000,standard
PCO0007062,TRF0007158,P06,10.864000,0.180000,1.820000,standard
PCO0007063,TRF0007159,P01,8.759000,0.180000,0.470000,standard
PCO0007064,TRF0007160,P02,9.242000,0.180000,2.020000,standard
PCO0007065,TRF0007161,P05,8.837000,0.180000,0.470000,standard
PCO0007066,TRF0007162,P02,8.892000,0.180000,15.110000,standard
PCO0007067,TRF0007163,P04,13.139000,0.180000,0.990000,standard
PCO0007068,TRF0007164,P03,10.826000,0.180000,0.830000,standard
PCO0007069,TRF0007165,P06,8.211000,0.180000,0.450000,standard
PCO0007070,TRF0007166,P04,13.503000,0.180000,3.270000,standard
PCO0007071,TRF0007167,P02,10.589000,0.180000,0.720000,standard
PCO0007072,TRF0007169,P03,10.202000,0.180000,0.360000,standard
PCO0007073,TRF0007170,P04,10.582000,0.180000,0.280000,standard
PCO0007074,TRF0007171,P06,10.566000,0.180000,0.590000,standard
PCO0007075,TRF0007172,P01,9.567000,0.180000,1.430000,standard
PCO0007076,TRF0007173,P01,8.518000,0.180000,15.150000,standard
PCO0007077,TRF0007174,P05,7.899000,0.180000,0.470000,standard
PCO0007078,TRF0007175,P06,8.156000,0.180000,0.790000,standard
PCO0007079,TRF0007176,P06,8.300000,0.180000,2.260000,standard
PCO0007080,TRF0007177,P03,8.525000,0.180000,4.000000,standard
PCO0007081,TRF0007178,P01,7.834000,0.180000,0.870000,standard
PCO0007082,TRF0007179,P04,10.183000,0.180000,0.840000,standard
PCO0007083,TRF0007180,P05,6.412000,0.180000,0.410000,standard
PCO0007084,TRF0007181,P06,8.616000,0.180000,2.420000,standard
PCO0007085,TRF0007182,P04,10.036000,0.180000,54.560000,standard
PCO0007086,TRF0007183,P04,10.267000,0.180000,0.500000,standard
PCO0007087,TRF0007184,P02,9.117000,0.180000,7.460000,standard
PCO0007088,TRF0007185,P05,8.915000,0.180000,4.200000,standard
PCO0007089,TRF0007186,P04,13.075000,0.180000,1.870000,standard
PCO0007090,TRF0007187,P06,10.846000,0.180000,1.600000,standard
PCO0007091,TRF0007188,P05,9.582000,0.180000,13.000000,standard
PCO0007092,TRF0007189,P01,7.231000,0.180000,1.430000,standard
PCO0007093,TRF0007190,P03,9.166000,0.180000,0.670000,standard
PCO0007094,TRF0007191,P05,7.190000,0.180000,0.350000,standard
PCO0007095,TRF0007192,P02,10.461000,0.180000,5.170000,standard
PCO0007096,TRF0007193,P01,7.554000,0.180000,0.960000,standard
PCO0007097,TRF0007194,P01,7.729000,0.180000,7.950000,standard
PCO0007098,TRF0007195,P05,8.502000,0.180000,5.430000,standard
PCO0007099,TRF0007196,P05,7.667000,0.180000,10.560000,standard
PCO0007100,TRF0007197,P05,6.743000,0.180000,2.120000,standard
PCO0007101,TRF0007198,P02,8.178000,0.180000,0.390000,standard
PCO0007102,TRF0007199,P06,8.764000,0.180000,3.690000,standard
PCO0007103,TRF0007200,P05,9.578000,0.180000,0.860000,standard
PCO0007104,TRF0007201,P05,6.869000,0.180000,0.660000,standard
PCO0007105,TRF0007202,P02,8.779000,0.180000,0.510000,standard
PCO0007106,TRF0007203,P04,12.329000,0.180000,1.210000,standard
PCO0007107,TRF0007204,P04,9.778000,0.180000,0.560000,standard
PCO0007108,TRF0007205,P04,10.819000,0.180000,0.460000,standard
PCO0007109,TRF0007206,P04,10.297000,0.180000,1.890000,standard
PCO0007110,TRF0007207,P02,9.618000,0.180000,3.450000,standard
PCO0007111,TRF0007208,P03,12.549000,0.180000,75.560000,standard
PCO0007112,TRF0007209,P04,13.194000,0.180000,2.450000,standard
PCO0007113,TRF0007210,P01,6.699000,0.180000,0.610000,standard
PCO0007114,TRF0007211,P03,9.592000,0.180000,0.270000,standard
PCO0007115,TRF0007212,P05,7.661000,0.180000,0.710000,standard
PCO0007116,TRF0007213,P04,10.211000,0.180000,0.480000,standard
PCO0007117,TRF0007214,P05,7.043000,0.180000,6.830000,standard
PCO0007118,TRF0007215,P03,11.138000,0.180000,4.510000,standard
PCO0007119,TRF0007216,P05,8.973000,0.180000,2.140000,standard
PCO0007120,TRF0007217,P01,8.075000,0.180000,7.070000,standard
PCO0007121,TRF0007218,P02,8.203000,0.180000,3.110000,standard
PCO0007122,TRF0007219,P02,9.648000,0.180000,0.360000,standard
PCO0007123,TRF0007220,P05,9.659000,0.180000,1.010000,standard
PCO0007124,TRF0007221,P01,10.201000,0.180000,0.500000,standard
PCO0007125,TRF0007222,P01,8.558000,0.180000,10.430000,standard
PCO0007126,TRF0007223,P01,8.371000,0.180000,6.590000,standard
PCO0007127,TRF0007224,P02,11.085000,0.180000,0.880000,standard
PCO0007128,TRF0007225,P04,12.768000,0.180000,2.310000,standard
PCO0007129,TRF0007226,P02,11.088000,0.180000,0.430000,standard
PCO0007130,TRF0007227,P03,11.189000,0.180000,6.720000,standard
PCO0007131,TRF0007228,P01,7.158000,0.180000,33.520000,standard
PCO0007132,TRF0007229,P02,7.785000,0.180000,0.660000,standard
PCO0007133,TRF0007230,P03,11.930000,0.180000,1.310000,standard
PCO0007134,TRF0007231,P05,9.337000,0.180000,4.630000,standard
PCO0007135,TRF0007232,P04,10.580000,0.180000,1.270000,standard
PCO0007136,TRF0007233,P02,9.920000,0.180000,3.240000,standard
PCO0007137,TRF0007234,P01,6.504000,0.180000,1.520000,standard
PCO0007138,TRF0007235,P03,9.543000,0.180000,18.740000,standard
PCO0007139,TRF0007236,P03,9.589000,0.180000,13.480000,standard
PCO0007140,TRF0007237,P01,8.947000,0.180000,0.390000,standard
PCO0007141,TRF0007238,P04,9.883000,0.180000,8.370000,standard
PCO0007142,TRF0007239,P04,13.292000,0.180000,18.840000,standard
PCO0007143,TRF0007240,P03,9.319000,0.180000,0.440000,standard
PCO0007144,TRF0007241,P02,9.230000,0.180000,7.040000,standard
PCO0007145,TRF0007242,P02,8.534000,0.180000,0.450000,standard
PCO0007146,TRF0007243,P03,12.299000,0.180000,0.640000,standard
PCO0007147,TRF0007244,P06,8.962000,0.180000,0.330000,standard
PCO0007148,TRF0007245,P05,10.838000,0.180000,0.570000,standard
PCO0007149,TRF0007246,P06,9.296000,0.180000,6.280000,standard
PCO0007150,TRF0007247,P05,6.580000,0.180000,6.290000,standard
PCO0007151,TRF0007248,P04,12.171000,0.180000,8.630000,standard
PCO0007152,TRF0007249,P04,11.257000,0.180000,0.490000,standard
PCO0007153,TRF0007250,P01,9.655000,0.180000,1.920000,standard
PCO0007154,TRF0007251,P03,12.059000,0.180000,9.670000,standard
PCO0007155,TRF0007252,P01,7.379000,0.180000,3.290000,standard
PCO0007156,TRF0007253,P04,10.617000,0.180000,6.630000,standard
PCO0007157,TRF0007254,P03,10.833000,0.180000,1.720000,standard
PCO0007158,TRF0007255,P01,9.311000,0.180000,0.630000,standard
PCO0007159,TRF0007256,P02,11.330000,0.180000,1.780000,standard
PCO0007160,TRF0007257,P06,9.767000,0.180000,0.520000,standard
PCO0007161,TRF0007258,P05,6.738000,0.180000,0.700000,standard
PCO0007162,TRF0007259,P05,9.331000,0.180000,0.440000,standard
PCO0007163,TRF0007260,P02,8.382000,0.180000,1.210000,standard
PCO0007164,TRF0007261,P05,6.536000,0.180000,0.510000,standard
PCO0007165,TRF0007262,P01,9.602000,0.180000,0.880000,standard
PCO0007166,TRF0007263,P06,9.082000,0.180000,0.470000,standard
PCO0007167,TRF0007264,P02,8.677000,0.180000,20.390000,standard
PCO0007168,TRF0007265,P05,6.044000,0.180000,0.370000,standard
PCO0007169,TRF0007266,P04,13.281000,0.180000,4.300000,standard
PCO0007170,TRF0007267,P05,6.549000,0.180000,0.330000,standard
PCO0007171,TRF0007268,P02,10.649000,0.180000,16.930000,standard
PCO0007172,TRF0007270,P03,9.675000,0.180000,1.730000,standard
PCO0007173,TRF0007271,P01,9.249000,0.180000,0.440000,standard
PCO0007174,TRF0007272,P02,8.527000,0.180000,0.570000,standard
PCO0007175,TRF0007273,P01,9.735000,0.180000,0.590000,standard
PCO0007176,TRF0007274,P05,6.554000,0.180000,0.540000,standard
PCO0007177,TRF0007275,P05,6.599000,0.180000,0.320000,standard
PCO0007178,TRF0007276,P01,8.244000,0.180000,1.280000,standard
PCO0007179,TRF0007277,P03,12.044000,0.180000,4.460000,standard
PCO0007180,TRF0007278,P03,10.147000,0.180000,0.430000,standard
PCO0007181,TRF0007279,P04,10.754000,0.180000,7.030000,standard
PCO0007182,TRF0007280,P06,11.393000,0.180000,34.230000,standard
PCO0007183,TRF0007281,P05,9.744000,0.180000,15.950000,standard
PCO0007184,TRF0007282,P01,7.799000,0.180000,1.150000,standard
PCO0007185,TRF0007283,P06,9.403000,0.180000,0.350000,standard
PCO0007186,TRF0007284,P02,21.480000,0.180000,7.190000,priority
PCO0007187,TRF0007285,P02,8.457000,0.180000,0.220000,standard
PCO0007188,TRF0007286,P05,7.999000,0.180000,0.840000,standard
PCO0007189,TRF0007287,P03,11.097000,0.180000,11.810000,standard
PCO0007190,TRF0007288,P06,9.106000,0.180000,1.600000,standard
PCO0007191,TRF0007289,P04,10.073000,0.180000,2.780000,standard
PCO0007192,TRF0007290,P01,10.033000,0.180000,1.080000,standard
PCO0007193,TRF0007291,P05,6.343000,0.180000,0.480000,standard
PCO0007194,TRF0007292,P02,8.797000,0.180000,7.070000,standard
PCO0007195,TRF0007293,P01,7.913000,0.180000,2.120000,standard
PCO0007196,TRF0007294,P03,12.463000,0.180000,0.470000,standard
PCO0007197,TRF0007295,P05,6.974000,0.180000,0.620000,standard
PCO0007198,TRF0007296,P05,7.393000,0.180000,2.510000,standard
PCO0007199,TRF0007297,P05,7.109000,0.180000,0.380000,standard
PCO0007200,TRF0007298,P02,10.074000,0.180000,0.340000,standard
PCO0007201,TRF0007299,P03,8.709000,0.180000,1.480000,standard
PCO0007202,TRF0007300,P03,9.540000,0.180000,0.430000,standard
PCO0007203,TRF0007301,P01,8.849000,0.180000,0.620000,standard
PCO0007204,TRF0007302,P03,11.165000,0.180000,5.490000,standard
PCO0007205,TRF0007303,P01,8.154000,0.180000,1.590000,standard
PCO0007206,TRF0007304,P02,10.031000,0.180000,0.480000,standard
PCO0007207,TRF0007305,P06,9.616000,0.180000,25.610000,standard
PCO0007208,TRF0007306,P05,7.010000,0.180000,13.650000,standard
PCO0007209,TRF0007307,P04,10.775000,0.180000,0.380000,standard
PCO0007210,TRF0007308,P02,10.422000,0.180000,2.450000,standard
PCO0007211,TRF0007309,P02,8.248000,0.180000,0.910000,standard
PCO0007212,TRF0007310,P03,8.417000,0.180000,0.740000,standard
PCO0007213,TRF0007311,P05,7.724000,0.180000,0.460000,standard
PCO0007214,TRF0007312,P01,9.274000,0.180000,2.630000,standard
PCO0007215,TRF0007313,P01,7.462000,0.180000,7.810000,standard
PCO0007216,TRF0007314,P01,8.530000,0.180000,2.470000,standard
PCO0007217,TRF0007315,P04,11.293000,0.180000,7.420000,standard
PCO0007218,TRF0007316,P03,10.085000,0.180000,0.690000,standard
PCO0007219,TRF0007317,P02,10.669000,0.180000,0.230000,standard
PCO0007220,TRF0007318,P05,7.080000,0.180000,0.300000,standard
PCO0007221,TRF0007319,P01,7.052000,0.180000,1.020000,standard
PCO0007222,TRF0007320,P03,11.028000,0.180000,0.680000,standard
PCO0007223,TRF0007321,P01,7.812000,0.180000,16.040000,standard
PCO0007224,TRF0007322,P03,9.255000,0.180000,0.550000,standard
PCO0007225,TRF0007323,P01,6.575000,0.180000,0.700000,standard
PCO0007226,TRF0007324,P03,9.001000,0.180000,1.060000,standard
PCO0007227,TRF0007325,P04,10.940000,0.180000,3.450000,standard
PCO0007228,TRF0007326,P02,20.350000,0.180000,0.420000,priority
PCO0007229,TRF0007327,P04,12.347000,0.180000,0.490000,standard
PCO0007230,TRF0007328,P02,8.503000,0.180000,0.640000,standard
PCO0007231,TRF0007329,P04,12.807000,0.180000,3.260000,standard
PCO0007232,TRF0007330,P02,21.123000,0.180000,108.080000,priority
PCO0007233,TRF0007331,P03,10.575000,0.180000,1.120000,standard
PCO0007234,TRF0007332,P02,20.743000,0.180000,2.070000,priority
PCO0007235,TRF0007333,P06,11.526000,0.180000,0.640000,standard
PCO0007236,TRF0007334,P01,6.369000,0.180000,1.130000,standard
PCO0007237,TRF0007335,P03,11.644000,0.180000,1.380000,standard
PCO0007238,TRF0007336,P05,6.907000,0.180000,0.510000,standard
PCO0007239,TRF0007337,P05,9.208000,0.180000,1.020000,standard
PCO0007240,TRF0007338,P01,9.119000,0.180000,0.880000,standard
PCO0007241,TRF0007339,P04,11.647000,0.180000,1.620000,standard
PCO0007242,TRF0007340,P01,9.778000,0.180000,3.300000,standard
PCO0007243,TRF0007341,P03,11.010000,0.180000,4.820000,standard
PCO0007244,TRF0007342,P05,8.732000,0.180000,0.680000,standard
PCO0007245,TRF0007343,P03,10.708000,0.180000,5.680000,standard
PCO0007246,TRF0007344,P04,10.973000,0.180000,0.580000,standard
PCO0007247,TRF0007345,P02,8.366000,0.180000,3.060000,standard
PCO0007248,TRF0007346,P06,9.719000,0.180000,0.710000,standard
PCO0007249,TRF0007347,P04,11.660000,0.180000,0.580000,standard
PCO0007250,TRF0007348,P01,9.438000,0.180000,5.180000,standard
PCO0007251,TRF0007349,P01,9.140000,0.180000,0.710000,standard
PCO0007252,TRF0007350,P06,7.787000,0.180000,0.840000,standard
PCO0007253,TRF0007351,P04,10.475000,0.180000,0.490000,standard
PCO0007254,TRF0007352,P01,9.663000,0.180000,3.480000,standard
PCO0007255,TRF0007353,P02,20.028000,0.180000,1.430000,priority
PCO0007256,TRF0007354,P01,9.174000,0.180000,1.250000,standard
PCO0007257,TRF0007355,P05,7.103000,0.180000,0.500000,standard
PCO0007258,TRF0007356,P02,8.438000,0.180000,0.860000,standard
PCO0007259,TRF0007357,P05,6.853000,0.180000,1.910000,standard
PCO0007260,TRF0007358,P04,12.410000,0.180000,1.320000,standard
PCO0007261,TRF0007359,P02,8.748000,0.180000,0.410000,standard
PCO0007262,TRF0007360,P04,10.875000,0.180000,2.060000,standard
PCO0007263,TRF0007361,P04,11.461000,0.180000,0.650000,standard
PCO0007264,TRF0007362,P05,6.849000,0.180000,0.230000,standard
PCO0007265,TRF0007363,P05,7.154000,0.180000,0.390000,standard
PCO0007266,TRF0007364,P02,8.102000,0.180000,6.150000,standard
PCO0007267,TRF0007365,P04,12.551000,0.180000,1.530000,standard
PCO0007268,TRF0007366,P03,12.522000,0.180000,3.520000,standard
PCO0007269,TRF0007367,P01,9.767000,0.180000,0.420000,standard
PCO0007270,TRF0007368,P03,11.484000,0.180000,0.370000,standard
PCO0007271,TRF0007369,P02,10.436000,0.180000,2.270000,standard
PCO0007272,TRF0007370,P04,10.304000,0.180000,0.540000,standard
PCO0007273,TRF0007371,P02,8.864000,0.180000,1.090000,standard
PCO0007274,TRF0007372,P05,7.276000,0.180000,0.430000,standard
PCO0007275,TRF0007373,P03,10.456000,0.180000,6.590000,standard
PCO0007276,TRF0007374,P01,6.523000,0.180000,0.380000,standard
PCO0007277,TRF0007375,P01,7.321000,0.180000,0.800000,standard
PCO0007278,TRF0007376,P05,7.324000,0.180000,0.350000,standard
PCO0007279,TRF0007377,P01,9.877000,0.180000,0.440000,standard
PCO0007280,TRF0007378,P04,10.016000,0.180000,0.920000,standard
PCO0007281,TRF0007379,P04,10.464000,0.180000,0.350000,standard
PCO0007282,TRF0007380,P06,10.948000,0.180000,0.450000,standard
PCO0007283,TRF0007381,P04,10.684000,0.180000,0.600000,standard
PCO0007284,TRF0007382,P04,11.918000,0.180000,0.860000,standard
PCO0007285,TRF0007383,P03,12.109000,0.180000,1.260000,standard
PCO0007286,TRF0007384,P04,10.644000,0.180000,2.570000,standard
PCO0007287,TRF0007385,P06,10.731000,0.180000,17.980000,standard
PCO0007288,TRF0007386,P01,9.682000,0.180000,0.360000,standard
PCO0007289,TRF0007387,P06,9.096000,0.180000,1.820000,standard
PCO0007290,TRF0007388,P04,11.921000,0.180000,0.740000,standard
PCO0007291,TRF0007389,P05,7.571000,0.180000,0.730000,standard
PCO0007292,TRF0007390,P06,11.671000,0.180000,36.740000,standard
PCO0007293,TRF0007391,P02,9.526000,0.180000,0.480000,standard
PCO0007294,TRF0007392,P05,6.239000,0.180000,0.620000,standard
PCO0007295,TRF0007393,P06,9.663000,0.180000,2.940000,standard
PCO0007296,TRF0007394,P03,9.347000,0.180000,1.290000,standard
PCO0007297,TRF0007395,P01,8.052000,0.180000,1.010000,standard
PCO0007298,TRF0007396,P02,8.089000,0.180000,11.480000,standard
PCO0007299,TRF0007397,P05,6.416000,0.180000,0.350000,standard
PCO0007300,TRF0007398,P01,8.000000,0.180000,5.170000,standard
PCO0007301,TRF0007399,P06,9.314000,0.180000,0.550000,standard
PCO0007302,TRF0007400,P03,9.417000,0.180000,0.360000,standard
PCO0007303,TRF0007401,P06,10.557000,0.180000,4.290000,standard
PCO0007304,TRF0007402,P05,7.106000,0.180000,0.910000,standard
PCO0007305,TRF0007403,P05,7.941000,0.180000,0.500000,standard
PCO0007306,TRF0007404,P05,6.530000,0.180000,9.060000,standard
PCO0007307,TRF0007405,P02,21.506000,0.180000,24.940000,priority
PCO0007308,TRF0007406,P05,8.405000,0.180000,3.270000,standard
PCO0007309,TRF0007407,P02,12.069000,0.180000,14.730000,standard
PCO0007310,TRF0007408,P06,8.590000,0.180000,0.530000,standard
PCO0007311,TRF0007409,P04,12.675000,0.180000,12.230000,standard
PCO0007312,TRF0007410,P06,9.015000,0.180000,6.260000,standard
PCO0007313,TRF0007411,P06,10.885000,0.180000,1.070000,standard
PCO0007314,TRF0007412,P05,6.703000,0.180000,3.930000,standard
PCO0007315,TRF0007413,P01,9.363000,0.180000,0.390000,standard
PCO0007316,TRF0007414,P03,11.406000,0.180000,1.050000,standard
PCO0007317,TRF0007415,P01,9.557000,0.180000,1.010000,standard
PCO0007318,TRF0007416,P02,9.246000,0.180000,0.640000,standard
PCO0007319,TRF0007417,P04,10.319000,0.180000,24.410000,standard
PCO0007320,TRF0007418,P03,9.137000,0.180000,2.320000,standard
PCO0007321,TRF0007419,P06,7.953000,0.180000,5.430000,standard
PCO0007322,TRF0007420,P05,7.395000,0.180000,18.520000,standard
PCO0007323,TRF0007421,P06,8.702000,0.180000,0.300000,standard
PCO0007324,TRF0007422,P01,9.643000,0.180000,0.720000,standard
PCO0007325,TRF0007423,P04,11.581000,0.180000,5.540000,standard
PCO0007326,TRF0007424,P01,8.404000,0.180000,0.260000,standard
PCO0007327,TRF0007425,P01,10.067000,0.180000,2.150000,standard
PCO0007328,TRF0007426,P02,8.529000,0.180000,1.090000,standard
PCO0007329,TRF0007427,P02,9.709000,0.180000,2.240000,standard
PCO0007330,TRF0007428,P01,10.141000,0.180000,1.280000,standard
PCO0007331,TRF0007429,P04,12.028000,0.180000,1.120000,standard
PCO0007332,TRF0007430,P03,10.068000,0.180000,1.980000,standard
PCO0007333,TRF0007431,P01,8.030000,0.180000,0.340000,standard
PCO0007334,TRF0007432,P02,8.137000,0.180000,2.340000,standard
PCO0007335,TRF0007433,P04,11.017000,0.180000,0.400000,standard
PCO0007336,TRF0007434,P04,11.048000,0.180000,51.350000,standard
PCO0007337,TRF0007435,P01,9.136000,0.180000,5.960000,standard
PCO0007338,TRF0007436,P03,8.300000,0.180000,0.470000,standard
PCO0007339,TRF0007437,P01,7.479000,0.180000,0.860000,standard
PCO0007340,TRF0007438,P01,7.894000,0.180000,4.840000,standard
PCO0007341,TRF0007439,P03,9.932000,0.180000,6.360000,standard
PCO0007342,TRF0007440,P02,9.806000,0.180000,4.210000,standard
PCO0007343,TRF0007442,P04,9.777000,0.180000,0.580000,standard
PCO0007344,TRF0007443,P06,9.661000,0.180000,9.630000,standard
PCO0007345,TRF0007444,P03,9.753000,0.180000,5.770000,standard
PCO0007346,TRF0007445,P05,6.440000,0.180000,36.190000,standard
PCO0007347,TRF0007446,P06,11.531000,0.180000,2.430000,standard
PCO0007348,TRF0007447,P01,9.177000,0.180000,0.300000,standard
PCO0007349,TRF0007448,P03,10.199000,0.180000,7.820000,standard
PCO0007350,TRF0007449,P05,9.302000,0.180000,0.290000,standard
PCO0007351,TRF0007450,P05,6.467000,0.180000,0.480000,standard
PCO0007352,TRF0007451,P06,8.580000,0.180000,11.180000,standard
PCO0007353,TRF0007452,P02,9.696000,0.180000,2.640000,standard
PCO0007354,TRF0007453,P01,9.285000,0.180000,0.390000,standard
PCO0007355,TRF0007454,P02,8.656000,0.180000,3.710000,standard
PCO0007356,TRF0007455,P06,9.350000,0.180000,10.130000,standard
PCO0007357,TRF0007456,P02,9.452000,0.180000,0.680000,standard
PCO0007358,TRF0007457,P04,11.089000,0.180000,1.230000,standard
PCO0007359,TRF0007458,P03,12.165000,0.180000,0.520000,standard
PCO0007360,TRF0007459,P06,9.667000,0.180000,1.120000,standard
PCO0007361,TRF0007460,P01,7.468000,0.180000,0.610000,standard
PCO0007362,TRF0007461,P02,8.691000,0.180000,1.690000,standard
PCO0007363,TRF0007462,P04,9.923000,0.180000,0.790000,standard
PCO0007364,TRF0007463,P06,8.485000,0.180000,13.740000,standard
PCO0007365,TRF0007464,P05,7.001000,0.180000,0.400000,standard
PCO0007366,TRF0007465,P01,9.690000,0.180000,5.540000,standard
PCO0007367,TRF0007466,P03,11.220000,0.180000,1.570000,standard
PCO0007368,TRF0007467,P06,9.950000,0.180000,1.580000,standard
PCO0007369,TRF0007468,P04,11.416000,0.180000,0.420000,standard
PCO0007370,TRF0007469,P01,9.223000,0.180000,0.950000,standard
PCO0007371,TRF0007470,P04,12.377000,0.180000,4.260000,standard
PCO0007372,TRF0007471,P04,11.628000,0.180000,3.240000,standard
PCO0007373,TRF0007472,P01,8.200000,0.180000,0.340000,standard
PCO0007374,TRF0007473,P03,10.772000,0.180000,8.520000,standard
PCO0007375,TRF0007474,P03,9.345000,0.180000,0.300000,standard
PCO0007376,TRF0007475,P04,10.666000,0.180000,50.790000,standard
PCO0007377,TRF0007476,P01,9.206000,0.180000,2.830000,standard
PCO0007378,TRF0007477,P03,10.424000,0.180000,5.410000,standard
PCO0007379,TRF0007478,P01,7.630000,0.180000,10.800000,standard
PCO0007380,TRF0007479,P04,10.899000,0.180000,1.280000,standard
PCO0007381,TRF0007480,P02,8.597000,0.180000,0.560000,standard
PCO0007382,TRF0007481,P04,10.411000,0.180000,0.550000,standard
PCO0007383,TRF0007482,P01,7.197000,0.180000,0.310000,standard
PCO0007384,TRF0007483,P02,21.572000,0.180000,0.700000,priority
PCO0007385,TRF0007484,P04,11.181000,0.180000,0.360000,standard
PCO0007386,TRF0007485,P01,7.968000,0.180000,1.800000,standard
PCO0007387,TRF0007486,P06,11.002000,0.180000,0.530000,standard
PCO0007388,TRF0007487,P01,8.194000,0.180000,0.400000,standard
PCO0007389,TRF0007488,P05,9.017000,0.180000,0.470000,standard
PCO0007390,TRF0007489,P01,8.459000,0.180000,0.470000,standard
PCO0007391,TRF0007490,P05,7.389000,0.180000,6.040000,standard
PCO0007392,TRF0007491,P03,9.221000,0.180000,0.720000,standard
PCO0007393,TRF0007492,P05,6.951000,0.180000,0.690000,standard
PCO0007394,TRF0007493,P04,9.864000,0.180000,1.410000,standard
PCO0007395,TRF0007494,P02,8.910000,0.180000,2.660000,standard
PCO0007396,TRF0007495,P01,9.520000,0.180000,0.490000,standard
PCO0007397,TRF0007496,P04,12.999000,0.180000,9.720000,standard
PCO0007398,TRF0007497,P03,8.913000,0.180000,0.960000,standard
PCO0007399,TRF0007498,P04,11.207000,0.180000,2.910000,standard
PCO0007400,TRF0007499,P03,8.630000,0.180000,3.930000,standard
PCO0007401,TRF0007500,P02,10.485000,0.180000,3.880000,standard
PCO0007402,TRF0007501,P03,10.573000,0.180000,0.380000,standard
PCO0007403,TRF0007502,P06,11.411000,0.180000,0.580000,standard
PCO0007404,TRF0007504,P05,9.560000,0.180000,1.590000,standard
PCO0007405,TRF0007505,P01,8.957000,0.180000,0.600000,standard
PCO0007406,TRF0007506,P05,8.627000,0.180000,0.560000,standard
PCO0007407,TRF0007507,P05,6.313000,0.180000,3.350000,standard
PCO0007408,TRF0007508,P02,11.537000,0.180000,1.730000,standard
PCO0007409,TRF0007509,P06,8.599000,0.180000,1.150000,standard
PCO0007410,TRF0007510,P02,10.391000,0.180000,1.120000,standard
PCO0007411,TRF0007511,P01,8.333000,0.180000,2.040000,standard
PCO0007412,TRF0007512,P01,7.969000,0.180000,0.390000,standard
PCO0007413,TRF0007513,P05,8.322000,0.180000,7.270000,standard
PCO0007414,TRF0007514,P05,7.066000,0.180000,0.360000,standard
PCO0007415,TRF0007515,P02,8.658000,0.180000,1.760000,standard
PCO0007416,TRF0007516,P01,8.665000,0.180000,0.240000,standard
PCO0007417,TRF0007517,P01,8.507000,0.180000,0.520000,standard
PCO0007418,TRF0007518,P04,11.816000,0.180000,10.800000,standard
PCO0007419,TRF0007519,P05,7.615000,0.180000,0.750000,standard
PCO0007420,TRF0007520,P01,6.995000,0.180000,0.340000,standard
PCO0007421,TRF0007521,P06,9.737000,0.180000,1.130000,standard
PCO0007422,TRF0007522,P01,7.733000,0.180000,1.230000,standard
PCO0007423,TRF0007523,P03,8.951000,0.180000,1.230000,standard
PCO0007424,TRF0007524,P05,7.638000,0.180000,0.350000,standard
PCO0007425,TRF0007525,P01,8.890000,0.180000,0.300000,standard
PCO0007426,TRF0007526,P04,12.739000,0.180000,0.760000,standard
PCO0007427,TRF0007527,P02,20.555000,0.180000,0.550000,priority
PCO0007428,TRF0007528,P03,12.033000,0.180000,0.400000,standard
PCO0007429,TRF0007529,P01,8.080000,0.180000,6.430000,standard
PCO0007430,TRF0007530,P05,8.212000,0.180000,0.930000,standard
PCO0007431,TRF0007531,P01,7.444000,0.180000,1.730000,standard
PCO0007432,TRF0007532,P02,8.140000,0.180000,0.470000,standard
PCO0007433,TRF0007533,P06,9.780000,0.180000,1.000000,standard
PCO0007434,TRF0007534,P01,8.213000,0.180000,0.550000,standard
PCO0007435,TRF0007535,P02,11.423000,0.180000,0.630000,standard
PCO0007436,TRF0007536,P05,8.186000,0.180000,0.730000,standard
PCO0007437,TRF0007537,P01,8.179000,0.180000,1.070000,standard
PCO0007438,TRF0007538,P03,10.425000,0.180000,3.400000,standard
PCO0007439,TRF0007539,P02,10.544000,0.180000,3.560000,standard
PCO0007440,TRF0007540,P03,10.575000,0.180000,0.470000,standard
PCO0007441,TRF0007541,P01,7.759000,0.180000,0.710000,standard
PCO0007442,TRF0007542,P04,12.093000,0.180000,1.620000,standard
PCO0007443,TRF0007543,P02,8.813000,0.180000,0.560000,standard
PCO0007444,TRF0007544,P02,8.020000,0.180000,0.860000,standard
PCO0007445,TRF0007545,P01,9.583000,0.180000,8.510000,standard
PCO0007446,TRF0007546,P02,10.011000,0.180000,0.400000,standard
PCO0007447,TRF0007547,P01,9.316000,0.180000,1.020000,standard
PCO0007448,TRF0007548,P02,10.346000,0.180000,3.930000,standard
PCO0007449,TRF0007549,P01,8.604000,0.180000,0.710000,standard
PCO0007450,TRF0007550,P06,8.607000,0.180000,0.610000,standard
PCO0007451,TRF0007551,P02,10.159000,0.180000,0.490000,standard
PCO0007452,TRF0007552,P06,10.061000,0.180000,4.480000,standard
PCO0007453,TRF0007553,P03,10.336000,0.180000,0.620000,standard
PCO0007454,TRF0007554,P06,8.160000,0.180000,0.420000,standard
PCO0007455,TRF0007555,P04,9.496000,0.180000,1.200000,standard
PCO0007456,TRF0007556,P06,11.280000,0.180000,0.320000,standard
PCO0007457,TRF0007557,P01,9.212000,0.180000,0.750000,standard
PCO0007458,TRF0007558,P04,12.174000,0.180000,0.980000,standard
PCO0007459,TRF0007559,P02,9.055000,0.180000,0.750000,standard
PCO0007460,TRF0007560,P04,9.852000,0.180000,6.330000,standard
PCO0007461,TRF0007561,P06,9.695000,0.180000,1.830000,standard
PCO0007462,TRF0007562,P01,7.441000,0.180000,0.320000,standard
PCO0007463,TRF0007563,P06,10.609000,0.180000,0.230000,standard
PCO0007464,TRF0007564,P02,10.806000,0.180000,0.500000,standard
PCO0007465,TRF0007565,P03,9.557000,0.180000,1.310000,standard
PCO0007466,TRF0007566,P02,9.607000,0.180000,0.370000,standard
PCO0007467,TRF0007567,P03,8.535000,0.180000,1.130000,standard
PCO0007468,TRF0007568,P02,10.447000,0.180000,37.650000,standard
PCO0007469,TRF0007569,P01,9.220000,0.180000,6.750000,standard
PCO0007470,TRF0007570,P05,7.514000,0.180000,1.770000,standard
PCO0007471,TRF0007571,P01,7.821000,0.180000,5.640000,standard
PCO0007472,TRF0007572,P04,10.410000,0.180000,6.860000,standard
PCO0007473,TRF0007573,P01,6.628000,0.180000,2.710000,standard
PCO0007474,TRF0007574,P05,5.990000,0.180000,0.650000,standard
PCO0007475,TRF0007575,P02,8.745000,0.180000,4.860000,standard
PCO0007476,TRF0007576,P01,9.858000,0.180000,62.520000,standard
PCO0007477,TRF0007577,P03,11.748000,0.180000,0.300000,standard
PCO0007478,TRF0007578,P01,9.872000,0.180000,0.660000,standard
PCO0007479,TRF0007579,P04,12.945000,0.180000,1.100000,standard
PCO0007480,TRF0007580,P06,12.001000,0.180000,2.870000,standard
PCO0007481,TRF0007581,P04,10.595000,0.180000,26.410000,standard
PCO0007482,TRF0007582,P02,11.199000,0.180000,0.720000,standard
PCO0007483,TRF0007583,P03,11.594000,0.180000,1.640000,standard
PCO0007484,TRF0007584,P02,21.258000,0.180000,1.360000,priority
PCO0007485,TRF0007585,P06,8.419000,0.180000,2.980000,standard
PCO0007486,TRF0007586,P05,7.396000,0.180000,0.450000,standard
PCO0007487,TRF0007587,P02,10.524000,0.180000,7.590000,standard
PCO0007488,TRF0007588,P04,12.392000,0.180000,0.260000,standard
PCO0007489,TRF0007589,P05,7.037000,0.180000,6.130000,standard
PCO0007490,TRF0007590,P06,9.467000,0.180000,19.000000,standard
PCO0007491,TRF0007591,P01,9.047000,0.180000,3.590000,standard
PCO0007492,TRF0007592,P04,10.361000,0.180000,1.970000,standard
PCO0007493,TRF0007593,P04,11.492000,0.180000,0.620000,standard
PCO0007494,TRF0007594,P01,8.899000,0.180000,2.610000,standard
PCO0007495,TRF0007595,P03,9.528000,0.180000,0.800000,standard
PCO0007496,TRF0007596,P03,9.488000,0.180000,1.050000,standard
PCO0007497,TRF0007597,P05,9.480000,0.180000,30.090000,standard
PCO0007498,TRF0007598,P01,7.182000,0.180000,1.550000,standard
PCO0007499,TRF0007599,P03,10.397000,0.180000,0.570000,standard
PCO0007500,TRF0007600,P03,10.746000,0.180000,1.530000,standard
PCO0007501,TRF0007601,P01,6.745000,0.180000,0.280000,standard
PCO0007502,TRF0007602,P04,12.858000,0.180000,1.890000,standard
PCO0007503,TRF0007603,P03,9.659000,0.180000,1.080000,standard
PCO0007504,TRF0007604,P04,13.709000,0.180000,1.390000,standard
PCO0007505,TRF0007605,P05,8.070000,0.180000,27.730000,standard
PCO0007506,TRF0007606,P06,10.762000,0.180000,0.620000,standard
PCO0007507,TRF0007607,P04,13.006000,0.180000,7.040000,standard
PCO0007508,TRF0007608,P01,9.708000,0.180000,0.310000,standard
PCO0007509,TRF0007609,P01,8.802000,0.180000,1.700000,standard
PCO0007510,TRF0007610,P02,9.854000,0.180000,0.680000,standard
PCO0007511,TRF0007611,P02,10.579000,0.180000,0.410000,standard
PCO0007512,TRF0007612,P05,8.003000,0.180000,6.140000,standard
PCO0007513,TRF0007613,P02,21.633000,0.180000,1.300000,priority
PCO0007514,TRF0007614,P03,10.108000,0.180000,21.520000,standard
PCO0007515,TRF0007615,P02,10.093000,0.180000,1.050000,standard
PCO0007516,TRF0007616,P03,8.624000,0.180000,6.900000,standard
PCO0007517,TRF0007617,P04,11.569000,0.180000,1.500000,standard
PCO0007518,TRF0007618,P04,12.694000,0.180000,0.450000,standard
PCO0007519,TRF0007619,P05,6.501000,0.180000,0.830000,standard
PCO0007520,TRF0007620,P04,10.282000,0.180000,0.790000,standard
PCO0007521,TRF0007621,P03,10.902000,0.180000,0.740000,standard
PCO0007522,TRF0007622,P02,9.275000,0.180000,0.400000,standard
PCO0007523,TRF0007623,P06,8.584000,0.180000,0.820000,standard
PCO0007524,TRF0007624,P02,7.886000,0.180000,9.070000,standard
PCO0007525,TRF0007625,P01,6.981000,0.180000,0.240000,standard
PCO0007526,TRF0007626,P02,9.703000,0.180000,3.800000,standard
PCO0007527,TRF0007627,P04,13.368000,0.180000,53.630000,standard
PCO0007528,TRF0007628,P03,11.161000,0.180000,13.130000,standard
PCO0007529,TRF0007629,P03,11.648000,0.180000,1.880000,standard
PCO0007530,TRF0007630,P01,9.833000,0.180000,30.230000,standard
PCO0007531,TRF0007631,P05,8.264000,0.180000,93.070000,standard
PCO0007532,TRF0007632,P03,10.760000,0.180000,44.970000,standard
PCO0007533,TRF0007633,P02,8.864000,0.180000,0.300000,standard
PCO0007534,TRF0007634,P03,9.968000,0.180000,6.110000,standard
PCO0007535,TRF0007635,P02,20.447000,0.180000,1.630000,priority
PCO0007536,TRF0007636,P01,9.228000,0.180000,21.240000,standard
PCO0007537,TRF0007637,P06,9.046000,0.180000,10.070000,standard
PCO0007538,TRF0007638,P05,7.627000,0.180000,3.910000,standard
PCO0007539,TRF0007639,P03,9.451000,0.180000,11.840000,standard
PCO0007540,TRF0007640,P03,10.844000,0.180000,0.690000,standard
PCO0007541,TRF0007641,P01,8.802000,0.180000,0.520000,standard
PCO0007542,TRF0007642,P01,7.793000,0.180000,0.650000,standard
PCO0007543,TRF0007644,P01,8.632000,0.180000,0.590000,standard
PCO0007544,TRF0007645,P05,8.172000,0.180000,4.720000,standard
PCO0007545,TRF0007646,P04,10.775000,0.180000,5.680000,standard
PCO0007546,TRF0007647,P04,11.548000,0.180000,0.520000,standard
PCO0007547,TRF0007648,P06,7.982000,0.180000,0.770000,standard
PCO0007548,TRF0007649,P01,7.627000,0.180000,0.370000,standard
PCO0007549,TRF0007650,P02,7.834000,0.180000,0.830000,standard
PCO0007550,TRF0007651,P06,8.628000,0.180000,1.460000,standard
PCO0007551,TRF0007652,P05,9.359000,0.180000,0.680000,standard
PCO0007552,TRF0007653,P06,8.681000,0.180000,2.170000,standard
PCO0007553,TRF0007654,P05,7.041000,0.180000,0.320000,standard
PCO0007554,TRF0007655,P01,9.347000,0.180000,3.400000,standard
PCO0007555,TRF0007656,P05,8.008000,0.180000,0.800000,standard
PCO0007556,TRF0007658,P03,10.323000,0.180000,0.720000,standard
PCO0007557,TRF0007659,P01,9.118000,0.180000,0.760000,standard
PCO0007558,TRF0007660,P03,10.274000,0.180000,3.100000,standard
PCO0007559,TRF0007661,P04,12.564000,0.180000,6.650000,standard
PCO0007560,TRF0007662,P04,10.704000,0.180000,0.410000,standard
PCO0007561,TRF0007663,P06,10.374000,0.180000,0.340000,standard
PCO0007562,TRF0007664,P04,13.474000,0.180000,4.670000,standard
PCO0007563,TRF0007665,P04,10.636000,0.180000,10.780000,standard
PCO0007564,TRF0007666,P06,8.767000,0.180000,6.800000,standard
PCO0007565,TRF0007667,P06,9.780000,0.180000,0.670000,standard
PCO0007566,TRF0007668,P02,10.984000,0.180000,21.470000,standard
PCO0007567,TRF0007669,P03,10.663000,0.180000,0.410000,standard
PCO0007568,TRF0007670,P03,8.116000,0.180000,0.960000,standard
PCO0007569,TRF0007671,P02,9.489000,0.180000,2.300000,standard
PCO0007570,TRF0007672,P02,9.447000,0.180000,0.810000,standard
PCO0007571,TRF0007673,P01,6.247000,0.180000,3.230000,standard
PCO0007572,TRF0007674,P04,11.472000,0.180000,20.030000,standard
PCO0007573,TRF0007675,P03,10.852000,0.180000,4.620000,standard
PCO0007574,TRF0007676,P03,11.879000,0.180000,7.000000,standard
PCO0007575,TRF0007677,P02,9.729000,0.180000,0.970000,standard
PCO0007576,TRF0007678,P03,11.650000,0.180000,0.600000,standard
PCO0007577,TRF0007679,P04,11.694000,0.180000,1.880000,standard
PCO0007578,TRF0007680,P05,7.446000,0.180000,0.530000,standard
PCO0007579,TRF0007681,P01,9.075000,0.180000,0.560000,standard
PCO0007580,TRF0007682,P05,7.644000,0.180000,1.090000,standard
PCO0007581,TRF0007683,P05,7.501000,0.180000,0.600000,standard
PCO0007582,TRF0007684,P03,11.919000,0.180000,0.330000,standard
PCO0007583,TRF0007685,P03,11.866000,0.180000,0.500000,standard
PCO0007584,TRF0007686,P04,11.969000,0.180000,18.960000,standard
PCO0007585,TRF0007687,P03,11.642000,0.180000,5.080000,standard
PCO0007586,TRF0007688,P06,9.747000,0.180000,0.610000,standard
PCO0007587,TRF0007689,P02,9.107000,0.180000,1.020000,standard
PCO0007588,TRF0007690,P02,9.659000,0.180000,1.860000,standard
PCO0007589,TRF0007691,P05,9.030000,0.180000,0.690000,standard
PCO0007590,TRF0007692,P06,11.038000,0.180000,0.350000,standard
PCO0007591,TRF0007693,P05,9.425000,0.180000,1.780000,standard
PCO0007592,TRF0007694,P06,9.985000,0.180000,0.950000,standard
PCO0007593,TRF0007695,P03,9.516000,0.180000,0.430000,standard
PCO0007594,TRF0007696,P02,9.679000,0.180000,0.640000,standard
PCO0007595,TRF0007697,P04,11.369000,0.180000,1.150000,standard
PCO0007596,TRF0007698,P06,8.448000,0.180000,14.470000,standard
PCO0007597,TRF0007699,P04,11.415000,0.180000,5.830000,standard
PCO0007598,TRF0007700,P03,10.748000,0.180000,3.860000,standard
PCO0007599,TRF0007701,P03,12.886000,0.180000,0.840000,standard
PCO0007600,TRF0007702,P01,9.565000,0.180000,1.390000,standard
PCO0007601,TRF0007703,P04,10.359000,0.180000,0.320000,standard
PCO0007602,TRF0007704,P06,10.752000,0.180000,2.390000,standard
PCO0007603,TRF0007705,P01,7.818000,0.180000,1.070000,standard
PCO0007604,TRF0007706,P03,11.276000,0.180000,1.120000,standard
PCO0007605,TRF0007707,P02,8.641000,0.180000,3.910000,standard
PCO0007606,TRF0007708,P03,11.220000,0.180000,0.500000,standard
PCO0007607,TRF0007709,P06,10.174000,0.180000,0.410000,standard
PCO0007608,TRF0007710,P02,9.267000,0.180000,26.560000,standard
PCO0007609,TRF0007711,P05,9.457000,0.180000,0.470000,standard
PCO0007610,TRF0007712,P06,9.215000,0.180000,6.360000,standard
PCO0007611,TRF0007713,P06,9.557000,0.180000,0.950000,standard
PCO0007612,TRF0007714,P04,10.488000,0.180000,7.710000,standard
PCO0007613,TRF0007715,P01,7.289000,0.180000,1.050000,standard
PCO0007614,TRF0007716,P04,10.406000,0.180000,2.450000,standard
PCO0007615,TRF0007717,P01,7.825000,0.180000,1.580000,standard
PCO0007616,TRF0007718,P05,7.232000,0.180000,0.640000,standard
PCO0007617,TRF0007719,P01,6.520000,0.180000,0.640000,standard
PCO0007618,TRF0007720,P02,10.627000,0.180000,1.770000,standard
PCO0007619,TRF0007721,P03,8.807000,0.180000,1.490000,standard
PCO0007620,TRF0007722,P05,8.905000,0.180000,16.460000,standard
PCO0007621,TRF0007723,P02,11.404000,0.180000,1.150000,standard
PCO0007622,TRF0007724,P01,7.790000,0.180000,0.450000,standard
PCO0007623,TRF0007725,P04,9.722000,0.180000,1.220000,standard
PCO0007624,TRF0007726,P01,9.014000,0.180000,11.860000,standard
PCO0007625,TRF0007727,P03,9.452000,0.180000,1.410000,standard
PCO0007626,TRF0007728,P03,9.460000,0.180000,6.030000,standard
PCO0007627,TRF0007729,P04,12.198000,0.180000,1.940000,standard
PCO0007628,TRF0007730,P05,8.427000,0.180000,0.930000,standard
PCO0007629,TRF0007731,P02,10.543000,0.180000,1.170000,standard
PCO0007630,TRF0007732,P03,9.356000,0.180000,0.410000,standard
PCO0007631,TRF0007733,P04,9.634000,0.180000,0.330000,standard
PCO0007632,TRF0007734,P06,9.140000,0.180000,0.630000,standard
PCO0007633,TRF0007735,P05,8.546000,0.180000,1.820000,standard
PCO0007634,TRF0007736,P04,11.606000,0.180000,1.180000,standard
PCO0007635,TRF0007737,P06,10.237000,0.180000,0.750000,standard
PCO0007636,TRF0007738,P05,6.553000,0.180000,0.650000,standard
PCO0007637,TRF0007739,P04,10.036000,0.180000,0.390000,standard
PCO0007638,TRF0007740,P04,12.775000,0.180000,5.870000,standard
PCO0007639,TRF0007741,P06,11.183000,0.180000,0.890000,standard
PCO0007640,TRF0007742,P02,8.591000,0.180000,1.580000,standard
PCO0007641,TRF0007743,P04,9.655000,0.180000,4.600000,standard
PCO0007642,TRF0007744,P03,9.397000,0.180000,0.750000,standard
PCO0007643,TRF0007745,P02,10.356000,0.180000,2.160000,standard
PCO0007644,TRF0007746,P06,9.787000,0.180000,0.400000,standard
PCO0007645,TRF0007747,P01,7.499000,0.180000,2.960000,standard
PCO0007646,TRF0007748,P03,9.085000,0.180000,4.710000,standard
PCO0007647,TRF0007749,P01,7.366000,0.180000,0.430000,standard
PCO0007648,TRF0007750,P02,7.761000,0.180000,0.290000,standard
PCO0007649,TRF0007751,P01,9.781000,0.180000,1.490000,standard
PCO0007650,TRF0007752,P06,10.094000,0.180000,14.700000,standard
PCO0007651,TRF0007753,P05,6.150000,0.180000,0.840000,standard
PCO0007652,TRF0007754,P01,7.266000,0.180000,0.360000,standard
PCO0007653,TRF0007755,P03,9.540000,0.180000,0.380000,standard
PCO0007654,TRF0007756,P05,8.431000,0.180000,16.950000,standard
PCO0007655,TRF0007758,P03,9.436000,0.180000,0.940000,standard
PCO0007656,TRF0007759,P04,13.117000,0.180000,1.960000,standard
PCO0007657,TRF0007760,P05,9.459000,0.180000,0.680000,standard
PCO0007658,TRF0007761,P06,8.547000,0.180000,4.910000,standard
PCO0007659,TRF0007762,P02,7.952000,0.180000,13.500000,standard
PCO0007660,TRF0007763,P01,7.259000,0.180000,0.330000,standard
PCO0007661,TRF0007764,P06,9.279000,0.180000,0.440000,standard
PCO0007662,TRF0007765,P01,6.924000,0.180000,0.590000,standard
PCO0007663,TRF0007766,P05,9.731000,0.180000,4.370000,standard
PCO0007664,TRF0007767,P04,11.848000,0.180000,7.790000,standard
PCO0007665,TRF0007768,P01,6.816000,0.180000,1.190000,standard
PCO0007666,TRF0007769,P04,12.791000,0.180000,2.460000,standard
PCO0007667,TRF0007770,P05,6.797000,0.180000,0.750000,standard
PCO0007668,TRF0007771,P04,10.788000,0.180000,0.660000,standard
PCO0007669,TRF0007772,P02,9.076000,0.180000,0.830000,standard
PCO0007670,TRF0007773,P02,11.243000,0.180000,1.460000,standard
PCO0007671,TRF0007774,P03,8.606000,0.180000,9.070000,standard
PCO0007672,TRF0007775,P06,10.086000,0.180000,3.670000,standard
PCO0007673,TRF0007776,P02,10.190000,0.180000,1.750000,standard
PCO0007674,TRF0007777,P04,12.618000,0.180000,2.870000,standard
PCO0007675,TRF0007778,P04,11.425000,0.180000,1.100000,standard
PCO0007676,TRF0007779,P01,7.203000,0.180000,0.380000,standard
PCO0007677,TRF0007780,P02,21.098000,0.180000,6.560000,priority
PCO0007678,TRF0007781,P03,10.481000,0.180000,1.220000,standard
PCO0007679,TRF0007782,P01,9.263000,0.180000,19.260000,standard
PCO0007680,TRF0007783,P01,7.301000,0.180000,0.440000,standard
PCO0007681,TRF0007784,P01,10.276000,0.180000,0.510000,standard
PCO0007682,TRF0007785,P05,6.806000,0.180000,0.350000,standard
PCO0007683,TRF0007786,P06,9.453000,0.180000,4.400000,standard
PCO0007684,TRF0007787,P02,10.682000,0.180000,2.730000,standard
PCO0007685,TRF0007788,P05,8.496000,0.180000,0.860000,standard
PCO0007686,TRF0007789,P06,10.588000,0.180000,0.510000,standard
PCO0007687,TRF0007790,P03,9.961000,0.180000,23.460000,standard
PCO0007688,TRF0007791,P03,12.083000,0.180000,0.970000,standard
PCO0007689,TRF0007792,P05,8.209000,0.180000,8.910000,standard
PCO0007690,TRF0007793,P01,7.931000,0.180000,0.710000,standard
PCO0007691,TRF0007794,P05,8.928000,0.180000,0.400000,standard
PCO0007692,TRF0007795,P01,9.939000,0.180000,0.740000,standard
PCO0007693,TRF0007796,P01,7.900000,0.180000,2.540000,standard
PCO0007694,TRF0007797,P03,11.401000,0.180000,6.490000,standard
PCO0007695,TRF0007798,P02,20.877000,0.180000,37.520000,priority
PCO0007696,TRF0007799,P04,10.721000,0.180000,11.740000,standard
PCO0007697,TRF0007800,P01,7.236000,0.180000,0.960000,standard
PCO0007698,TRF0007801,P02,8.707000,0.180000,2.650000,standard
PCO0007699,TRF0007802,P03,11.192000,0.180000,1.730000,standard
PCO0007700,TRF0007803,P03,10.837000,0.180000,0.620000,standard
PCO0007701,TRF0007804,P06,10.829000,0.180000,1.260000,standard
PCO0007702,TRF0007805,P01,9.489000,0.180000,1.160000,standard
PCO0007703,TRF0007806,P03,9.018000,0.180000,1.200000,standard
PCO0007704,TRF0007807,P05,7.643000,0.180000,0.260000,standard
PCO0007705,TRF0007808,P01,9.214000,0.180000,0.540000,standard
PCO0007706,TRF0007809,P01,8.129000,0.180000,0.790000,standard
PCO0007707,TRF0007810,P01,7.101000,0.180000,0.500000,standard
PCO0007708,TRF0007811,P06,8.990000,0.180000,2.120000,standard
PCO0007709,TRF0007812,P05,7.637000,0.180000,10.370000,standard
PCO0007710,TRF0007813,P03,11.919000,0.180000,1.400000,standard
PCO0007711,TRF0007814,P06,9.025000,0.180000,0.780000,standard
PCO0007712,TRF0007815,P05,7.258000,0.180000,0.480000,standard
PCO0007713,TRF0007816,P03,9.161000,0.180000,1.320000,standard
PCO0007714,TRF0007817,P02,8.545000,0.180000,7.750000,standard
PCO0007715,TRF0007818,P04,11.519000,0.180000,1.700000,standard
PCO0007716,TRF0007819,P01,7.153000,0.180000,0.320000,standard
PCO0007717,TRF0007820,P02,8.486000,0.180000,6.340000,standard
PCO0007718,TRF0007821,P02,21.269000,0.180000,2.300000,priority
PCO0007719,TRF0007822,P03,10.376000,0.180000,0.520000,standard
PCO0007720,TRF0007823,P04,10.595000,0.180000,2.420000,standard
PCO0007721,TRF0007824,P01,6.574000,0.180000,8.010000,standard
PCO0007722,TRF0007825,P02,11.696000,0.180000,4.010000,standard
PCO0007723,TRF0007826,P01,8.161000,0.180000,1.130000,standard
PCO0007724,TRF0007827,P01,6.698000,0.180000,2.010000,standard
PCO0007725,TRF0007828,P03,10.139000,0.180000,5.370000,standard
PCO0007726,TRF0007829,P02,9.525000,0.180000,0.350000,standard
PCO0007727,TRF0007830,P04,13.572000,0.180000,1.980000,standard
PCO0007728,TRF0007831,P01,6.898000,0.180000,2.290000,standard
PCO0007729,TRF0007832,P03,9.103000,0.180000,7.020000,standard
PCO0007730,TRF0007833,P05,7.894000,0.180000,0.410000,standard
PCO0007731,TRF0007834,P02,21.152000,0.180000,0.730000,priority
PCO0007732,TRF0007835,P06,9.667000,0.180000,4.550000,standard
PCO0007733,TRF0007836,P04,10.151000,0.180000,1.060000,standard
PCO0007734,TRF0007837,P06,9.021000,0.180000,4.010000,standard
PCO0007735,TRF0007838,P01,8.959000,0.180000,33.640000,standard
PCO0007736,TRF0007839,P01,7.305000,0.180000,1.140000,standard
PCO0007737,TRF0007840,P02,8.261000,0.180000,10.430000,standard
PCO0007738,TRF0007841,P03,10.015000,0.180000,2.290000,standard
PCO0007739,TRF0007842,P06,10.936000,0.180000,8.060000,standard
PCO0007740,TRF0007843,P02,9.593000,0.180000,15.120000,standard
PCO0007741,TRF0007844,P03,9.736000,0.180000,0.630000,standard
PCO0007742,TRF0007845,P01,7.253000,0.180000,0.790000,standard
PCO0007743,TRF0007846,P05,6.961000,0.180000,0.470000,standard
PCO0007744,TRF0007847,P01,7.105000,0.180000,13.380000,standard
PCO0007745,TRF0007848,P06,8.633000,0.180000,1.420000,standard
PCO0007746,TRF0007849,P03,10.750000,0.180000,0.550000,standard
PCO0007747,TRF0007850,P03,11.631000,0.180000,1.430000,standard
PCO0007748,TRF0007851,P01,8.649000,0.180000,0.830000,standard
PCO0007749,TRF0007852,P01,10.791000,0.180000,5.820000,standard
PCO0007750,TRF0007853,P04,10.227000,0.180000,18.980000,standard
PCO0007751,TRF0007854,P02,10.994000,0.180000,7.090000,standard
PCO0007752,TRF0007855,P05,6.845000,0.180000,3.010000,standard
PCO0007753,TRF0007856,P05,6.910000,0.180000,0.620000,standard
PCO0007754,TRF0007857,P03,10.044000,0.180000,1.850000,standard
PCO0007755,TRF0007858,P03,12.348000,0.180000,23.710000,standard
PCO0007756,TRF0007859,P03,9.402000,0.180000,18.220000,standard
PCO0007757,TRF0007860,P02,10.966000,0.180000,22.400000,standard
PCO0007758,TRF0007861,P06,11.486000,0.180000,2.980000,standard
PCO0007759,TRF0007862,P04,11.084000,0.180000,0.530000,standard
PCO0007760,TRF0007863,P05,7.546000,0.180000,2.070000,standard
PCO0007761,TRF0007864,P01,8.721000,0.180000,9.070000,standard
PCO0007762,TRF0007865,P01,8.788000,0.180000,3.260000,standard
PCO0007763,TRF0007866,P01,7.628000,0.180000,0.280000,standard
PCO0007764,TRF0007867,P06,8.562000,0.180000,1.050000,standard
PCO0007765,TRF0007868,P04,13.021000,0.180000,0.530000,standard
PCO0007766,TRF0007869,P02,21.723000,0.180000,1.800000,priority
PCO0007767,TRF0007870,P01,7.581000,0.180000,6.520000,standard
PCO0007768,TRF0007871,P05,7.438000,0.180000,1.930000,standard
PCO0007769,TRF0007872,P02,8.849000,0.180000,4.610000,standard
PCO0007770,TRF0007873,P05,6.065000,0.180000,2.290000,standard
PCO0007771,TRF0007874,P04,10.138000,0.180000,2.610000,standard
PCO0007772,TRF0007875,P02,9.056000,0.180000,40.570000,standard
PCO0007773,TRF0007876,P01,7.204000,0.180000,0.540000,standard
PCO0007774,TRF0007877,P03,9.545000,0.180000,3.280000,standard
PCO0007775,TRF0007878,P03,9.980000,0.180000,0.900000,standard
PCO0007776,TRF0007879,P02,20.063000,0.180000,0.910000,priority
PCO0007777,TRF0007880,P01,7.468000,0.180000,0.510000,standard
PCO0007778,TRF0007881,P02,7.954000,0.180000,20.170000,standard
PCO0007779,TRF0007882,P03,9.504000,0.180000,2.070000,standard
PCO0007780,TRF0007883,P05,8.190000,0.180000,0.430000,standard
PCO0007781,TRF0007884,P05,9.270000,0.180000,23.930000,standard
PCO0007782,TRF0007885,P05,6.739000,0.180000,0.250000,standard
PCO0007783,TRF0007886,P03,8.700000,0.180000,38.270000,standard
PCO0007784,TRF0007887,P06,11.566000,0.180000,82.590000,standard
PCO0007785,TRF0007888,P01,9.013000,0.180000,0.770000,standard
PCO0007786,TRF0007889,P01,7.744000,0.180000,8.880000,standard
PCO0007787,TRF0007890,P04,10.527000,0.180000,2.040000,standard
PCO0007788,TRF0007891,P04,12.657000,0.180000,10.380000,standard
PCO0007789,TRF0007892,P01,7.195000,0.180000,1.370000,standard
PCO0007790,TRF0007893,P01,6.361000,0.180000,1.170000,standard
PCO0007791,TRF0007894,P02,8.045000,0.180000,5.020000,standard
PCO0007792,TRF0007895,P05,6.899000,0.180000,0.440000,standard
PCO0007793,TRF0007896,P03,10.635000,0.180000,4.570000,standard
PCO0007794,TRF0007897,P04,10.511000,0.180000,0.420000,standard
PCO0007795,TRF0007898,P06,11.481000,0.180000,28.430000,standard
PCO0007796,TRF0007899,P02,9.891000,0.180000,5.150000,standard
PCO0007797,TRF0007900,P03,11.532000,0.180000,11.240000,standard
PCO0007798,TRF0007901,P04,12.941000,0.180000,0.340000,standard
PCO0007799,TRF0007902,P04,10.340000,0.180000,1.230000,standard
PCO0007800,TRF0007903,P03,10.559000,0.180000,0.840000,standard
PCO0007801,TRF0007904,P06,9.031000,0.180000,1.610000,standard
PCO0007802,TRF0007905,P01,7.573000,0.180000,0.410000,standard
PCO0007803,TRF0007906,P05,9.509000,0.180000,1.590000,standard
PCO0007804,TRF0007907,P02,9.102000,0.180000,0.570000,standard
PCO0007805,TRF0007908,P01,10.201000,0.180000,0.860000,standard
PCO0007806,TRF0007909,P01,8.878000,0.180000,7.970000,standard
PCO0007807,TRF0007910,P05,7.823000,0.180000,1.040000,standard
PCO0007808,TRF0007911,P05,10.023000,0.180000,1.380000,standard
PCO0007809,TRF0007912,P01,7.687000,0.180000,1.860000,standard
PCO0007810,TRF0007913,P05,8.350000,0.180000,0.630000,standard
PCO0007811,TRF0007914,P05,9.343000,0.180000,1.620000,standard
PCO0007812,TRF0007915,P05,6.458000,0.180000,6.390000,standard
PCO0007813,TRF0007916,P02,8.241000,0.180000,22.670000,standard
PCO0007814,TRF0007917,P06,9.778000,0.180000,0.810000,standard
PCO0007815,TRF0007918,P03,10.994000,0.180000,17.710000,standard
PCO0007816,TRF0007919,P02,11.054000,0.180000,37.430000,standard
PCO0007817,TRF0007920,P01,9.363000,0.180000,0.520000,standard
PCO0007818,TRF0007921,P05,6.158000,0.180000,0.910000,standard
PCO0007819,TRF0007922,P06,9.118000,0.180000,0.430000,standard
PCO0007820,TRF0007923,P03,10.090000,0.180000,1.930000,standard
PCO0007821,TRF0007924,P03,10.237000,0.180000,0.780000,standard
PCO0007822,TRF0007925,P03,11.522000,0.180000,1.860000,standard
PCO0007823,TRF0007926,P03,9.584000,0.180000,3.760000,standard
PCO0007824,TRF0007927,P06,10.041000,0.180000,1.160000,standard
PCO0007825,TRF0007928,P06,9.280000,0.180000,0.440000,standard
PCO0007826,TRF0007929,P06,10.906000,0.180000,1.880000,standard
PCO0007827,TRF0007930,P05,10.160000,0.180000,0.870000,standard
PCO0007828,TRF0007931,P01,7.236000,0.180000,0.450000,standard
PCO0007829,TRF0007932,P04,11.316000,0.180000,41.170000,standard
PCO0007830,TRF0007933,P03,9.929000,0.180000,0.340000,standard
PCO0007831,TRF0007934,P01,7.494000,0.180000,3.850000,standard
PCO0007832,TRF0007935,P04,11.098000,0.180000,5.770000,standard
PCO0007833,TRF0007936,P01,10.066000,0.180000,4.050000,standard
PCO0007834,TRF0007937,P03,10.813000,0.180000,10.720000,standard
PCO0007835,TRF0007938,P05,8.884000,0.180000,2.430000,standard
PCO0007836,TRF0007939,P04,10.911000,0.180000,5.820000,standard
PCO0007837,TRF0007940,P06,9.914000,0.180000,1.650000,standard
PCO0007838,TRF0007941,P03,9.826000,0.180000,10.270000,standard
PCO0007839,TRF0007942,P03,10.792000,0.180000,1.420000,standard
PCO0007840,TRF0007943,P01,7.351000,0.180000,0.690000,standard
PCO0007841,TRF0007944,P05,9.119000,0.180000,0.680000,standard
PCO0007842,TRF0007945,P01,6.863000,0.180000,0.680000,standard
PCO0007843,TRF0007946,P04,12.958000,0.180000,1.100000,standard
PCO0007844,TRF0007947,P01,6.758000,0.180000,0.720000,standard
PCO0007845,TRF0007948,P04,11.758000,0.180000,1.920000,standard
PCO0007846,TRF0007949,P01,9.770000,0.180000,0.920000,standard
PCO0007847,TRF0007950,P02,8.732000,0.180000,2.060000,standard
PCO0007848,TRF0007951,P02,10.231000,0.180000,0.500000,standard
PCO0007849,TRF0007952,P01,8.325000,0.180000,3.160000,standard
PCO0007850,TRF0007953,P01,8.097000,0.180000,0.940000,standard
PCO0007851,TRF0007954,P03,9.736000,0.180000,1.890000,standard
PCO0007852,TRF0007955,P03,9.672000,0.180000,0.610000,standard
PCO0007853,TRF0007956,P02,9.959000,0.180000,0.450000,standard
PCO0007854,TRF0007957,P03,8.561000,0.180000,0.650000,standard
PCO0007855,TRF0007958,P02,11.322000,0.180000,1.310000,standard
PCO0007856,TRF0007959,P02,7.976000,0.180000,1.110000,standard
PCO0007857,TRF0007960,P02,21.729000,0.180000,22.680000,priority
PCO0007858,TRF0007961,P05,9.398000,0.180000,1.880000,standard
PCO0007859,TRF0007962,P06,9.773000,0.180000,22.040000,standard
PCO0007860,TRF0007963,P05,7.400000,0.180000,20.320000,standard
PCO0007861,TRF0007964,P05,9.195000,0.180000,0.730000,standard
PCO0007862,TRF0007965,P05,8.816000,0.180000,0.300000,standard
PCO0007863,TRF0007966,P05,7.367000,0.180000,5.390000,standard
PCO0007864,TRF0007967,P06,8.486000,0.180000,0.350000,standard
PCO0007865,TRF0007968,P01,7.073000,0.180000,2.740000,standard
PCO0007866,TRF0007969,P03,10.411000,0.180000,0.360000,standard
PCO0007867,TRF0007970,P01,7.392000,0.180000,1.650000,standard
PCO0007868,TRF0007971,P02,10.718000,0.180000,4.190000,standard
PCO0007869,TRF0007972,P01,8.461000,0.180000,1.900000,standard
PCO0007870,TRF0007973,P03,9.944000,0.180000,0.390000,standard
PCO0007871,TRF0007974,P02,7.759000,0.180000,1.620000,standard
PCO0007872,TRF0007975,P05,8.086000,0.180000,1.870000,standard
PCO0007873,TRF0007976,P04,11.894000,0.180000,1.090000,standard
PCO0007874,TRF0007977,P01,9.322000,0.180000,0.520000,standard
PCO0007875,TRF0007978,P06,9.603000,0.180000,12.900000,standard
PCO0007876,TRF0007979,P02,8.280000,0.180000,4.020000,standard
PCO0007877,TRF0007980,P05,7.233000,0.180000,1.930000,standard
PCO0007878,TRF0007981,P05,7.485000,0.180000,4.080000,standard
PCO0007879,TRF0007982,P03,9.001000,0.180000,0.550000,standard
PCO0007880,TRF0007983,P04,11.257000,0.180000,7.180000,standard
PCO0007881,TRF0007984,P02,21.096000,0.180000,1.040000,priority
PCO0007882,TRF0007985,P04,12.769000,0.180000,0.940000,standard
PCO0007883,TRF0007986,P03,9.594000,0.180000,0.660000,standard
PCO0007884,TRF0007987,P01,7.847000,0.180000,2.410000,standard
PCO0007885,TRF0007988,P06,8.621000,0.180000,0.430000,standard
PCO0007886,TRF0007989,P03,9.792000,0.180000,1.050000,standard
PCO0007887,TRF0007990,P01,7.971000,0.180000,0.290000,standard
PCO0007888,TRF0007991,P01,7.857000,0.180000,6.120000,standard
PCO0007889,TRF0007992,P02,21.104000,0.180000,1.470000,priority
PCO0007890,TRF0007993,P06,9.335000,0.180000,3.580000,standard
PCO0007891,TRF0007994,P04,11.239000,0.180000,13.610000,standard
PCO0007892,TRF0007995,P04,10.034000,0.180000,9.550000,standard
PCO0007893,TRF0007996,P05,7.643000,0.180000,0.600000,standard
PCO0007894,TRF0007997,P03,9.774000,0.180000,0.280000,standard
PCO0007895,TRF0007998,P02,9.673000,0.180000,1.680000,standard
PCO0007896,TRF0007999,P03,11.407000,0.180000,1.770000,standard
PCO0007897,TRF0008000,P04,11.407000,0.180000,0.690000,standard
PCO0007898,TRF0008001,P04,10.984000,0.180000,0.460000,standard
PCO0007899,TRF0008002,P03,9.525000,0.180000,0.240000,standard
PCO0007900,TRF0008003,P05,7.638000,0.180000,0.790000,standard
PCO0007901,TRF0008004,P06,10.320000,0.180000,10.200000,standard
PCO0007902,TRF0008005,P03,11.533000,0.180000,7.980000,standard
PCO0007903,TRF0008006,P06,10.262000,0.180000,24.540000,standard
PCO0007904,TRF0008007,P04,10.606000,0.180000,0.600000,standard
PCO0007905,TRF0008008,P06,9.672000,0.180000,0.630000,standard
PCO0007906,TRF0008009,P01,6.911000,0.180000,0.370000,standard
PCO0007907,TRF0008010,P04,9.119000,0.180000,3.340000,standard
PCO0007908,TRF0008011,P04,10.550000,0.180000,2.670000,standard
PCO0007909,TRF0008012,P04,9.556000,0.180000,0.330000,standard
PCO0007910,TRF0008013,P04,11.721000,0.180000,0.510000,standard
PCO0007911,TRF0008014,P01,8.984000,0.180000,3.950000,standard
PCO0007912,TRF0008015,P03,10.571000,0.180000,45.710000,standard
PCO0007913,TRF0008016,P06,9.583000,0.180000,11.070000,standard
PCO0007914,TRF0008017,P05,8.141000,0.180000,16.090000,standard
PCO0007915,TRF0008018,P02,9.427000,0.180000,0.930000,standard
PCO0007916,TRF0008019,P01,7.687000,0.180000,1.020000,standard
PCO0007917,TRF0008020,P03,9.393000,0.180000,2.810000,standard
PCO0007918,TRF0008021,P03,8.472000,0.180000,0.280000,standard
PCO0007919,TRF0008022,P06,9.640000,0.180000,0.350000,standard
PCO0007920,TRF0008023,P06,8.636000,0.180000,0.460000,standard
PCO0007921,TRF0008024,P05,8.533000,0.180000,0.400000,standard
PCO0007922,TRF0008025,P05,7.567000,0.180000,0.700000,standard
PCO0007923,TRF0008026,P03,8.814000,0.180000,5.480000,standard
PCO0007924,TRF0008027,P06,10.018000,0.180000,0.680000,standard
PCO0007925,TRF0008028,P06,9.725000,0.180000,0.560000,standard
PCO0007926,TRF0008029,P05,6.885000,0.180000,0.750000,standard
PCO0007927,TRF0008030,P03,12.765000,0.180000,2.300000,standard
PCO0007928,TRF0008031,P05,7.031000,0.180000,3.710000,standard
PCO0007929,TRF0008032,P01,7.445000,0.180000,7.500000,standard
PCO0007930,TRF0008033,P03,9.453000,0.180000,8.170000,standard
PCO0007931,TRF0008034,P03,9.535000,0.180000,1.130000,standard
PCO0007932,TRF0008035,P04,12.928000,0.180000,0.570000,standard
PCO0007933,TRF0008036,P01,7.175000,0.180000,1.220000,standard
PCO0007934,TRF0008037,P01,10.515000,0.180000,2.440000,standard
PCO0007935,TRF0008038,P01,7.752000,0.180000,0.360000,standard
PCO0007936,TRF0008039,P01,8.454000,0.180000,0.620000,standard
PCO0007937,TRF0008040,P03,8.993000,0.180000,0.320000,standard
PCO0007938,TRF0008041,P03,11.092000,0.180000,8.840000,standard
PCO0007939,TRF0008042,P05,8.411000,0.180000,13.610000,standard
PCO0007940,TRF0008043,P01,9.270000,0.180000,24.720000,standard
PCO0007941,TRF0008044,P05,6.671000,0.180000,0.830000,standard
PCO0007942,TRF0008045,P01,7.351000,0.180000,0.550000,standard
PCO0007943,TRF0008046,P06,8.717000,0.180000,0.600000,standard
PCO0007944,TRF0008047,P01,7.644000,0.180000,4.410000,standard
PCO0007945,TRF0008048,P03,12.177000,0.180000,6.970000,standard
PCO0007946,TRF0008049,P03,9.212000,0.180000,1.220000,standard
PCO0007947,TRF0008050,P05,6.621000,0.180000,3.590000,standard
PCO0007948,TRF0008051,P03,12.130000,0.180000,0.610000,standard
PCO0007949,TRF0008052,P02,11.620000,0.180000,0.650000,standard
PCO0007950,TRF0008053,P03,9.645000,0.180000,2.020000,standard
PCO0007951,TRF0008054,P02,8.083000,0.180000,0.360000,standard
PCO0007952,TRF0008055,P02,21.595000,0.180000,1.660000,priority
PCO0007953,TRF0008056,P04,10.527000,0.180000,0.850000,standard
PCO0007954,TRF0008057,P01,8.446000,0.180000,0.910000,standard
PCO0007955,TRF0008058,P06,9.095000,0.180000,10.330000,standard
PCO0007956,TRF0008059,P04,11.194000,0.180000,4.520000,standard
PCO0007957,TRF0008060,P01,6.871000,0.180000,6.320000,standard
PCO0007958,TRF0008061,P01,10.425000,0.180000,4.360000,standard
PCO0007959,TRF0008062,P02,8.251000,0.180000,3.290000,standard
PCO0007960,TRF0008063,P06,9.271000,0.180000,0.650000,standard
PCO0007961,TRF0008064,P04,9.987000,0.180000,0.440000,standard
PCO0007962,TRF0008065,P01,6.399000,0.180000,0.710000,standard
PCO0007963,TRF0008066,P01,7.829000,0.180000,0.590000,standard
PCO0007964,TRF0008067,P05,7.134000,0.180000,7.680000,standard
PCO0007965,TRF0008068,P05,7.766000,0.180000,2.860000,standard
PCO0007966,TRF0008069,P05,7.645000,0.180000,1.190000,standard
PCO0007967,TRF0008070,P03,11.650000,0.180000,0.730000,standard
PCO0007968,TRF0008071,P02,9.577000,0.180000,0.640000,standard
PCO0007969,TRF0008073,P01,8.248000,0.180000,0.450000,standard
PCO0007970,TRF0008074,P03,9.332000,0.180000,0.490000,standard
PCO0007971,TRF0008075,P01,7.339000,0.180000,0.670000,standard
PCO0007972,TRF0008076,P06,9.209000,0.180000,0.470000,standard
PCO0007973,TRF0008077,P02,7.678000,0.180000,0.280000,standard
PCO0007974,TRF0008078,P06,8.890000,0.180000,12.520000,standard
PCO0007975,TRF0008079,P05,8.916000,0.180000,0.650000,standard
PCO0007976,TRF0008080,P04,11.326000,0.180000,0.770000,standard
PCO0007977,TRF0008081,P05,7.058000,0.180000,0.880000,standard
PCO0007978,TRF0008082,P02,9.271000,0.180000,18.860000,standard
PCO0007979,TRF0008083,P01,7.582000,0.180000,0.520000,standard
PCO0007980,TRF0008084,P02,7.682000,0.180000,0.420000,standard
PCO0007981,TRF0008085,P03,8.816000,0.180000,1.740000,standard
PCO0007982,TRF0008086,P03,9.738000,0.180000,1.140000,standard
PCO0007983,TRF0008087,P03,11.155000,0.180000,0.550000,standard
PCO0007984,TRF0008088,P06,9.785000,0.180000,2.120000,standard
PCO0007985,TRF0008089,P01,6.463000,0.180000,0.300000,standard
PCO0007986,TRF0008090,P04,10.838000,0.180000,6.680000,standard
PCO0007987,TRF0008091,P03,9.396000,0.180000,0.730000,standard
PCO0007988,TRF0008092,P02,10.624000,0.180000,1.800000,standard
PCO0007989,TRF0008093,P02,8.172000,0.180000,0.940000,standard
PCO0007990,TRF0008094,P01,6.610000,0.180000,0.410000,standard
PCO0007991,TRF0008095,P01,8.382000,0.180000,1.870000,standard
PCO0007992,TRF0008096,P01,8.412000,0.180000,7.580000,standard
PCO0007993,TRF0008097,P01,7.277000,0.180000,2.870000,standard
PCO0007994,TRF0008098,P06,9.082000,0.180000,5.650000,standard
PCO0007995,TRF0008099,P02,10.256000,0.180000,2.580000,standard
PCO0007996,TRF0008100,P05,5.877000,0.180000,0.680000,standard
PCO0007997,TRF0008101,P01,7.284000,0.180000,0.350000,standard
PCO0007998,TRF0008102,P05,7.300000,0.180000,7.260000,standard
PCO0007999,TRF0008103,P01,7.598000,0.180000,0.410000,standard
PCO0008000,TRF0008104,P04,13.277000,0.180000,2.260000,standard
PCO0008001,TRF0008105,P06,9.763000,0.180000,0.560000,standard
PCO0008002,TRF0008106,P03,9.574000,0.180000,5.940000,standard
PCO0008003,TRF0008109,P02,8.297000,0.180000,0.380000,standard
PCO0008004,TRF0008110,P05,8.189000,0.180000,0.550000,standard
PCO0008005,TRF0008111,P05,8.579000,0.180000,0.470000,standard
PCO0008006,TRF0008112,P03,9.847000,0.180000,0.330000,standard
PCO0008007,TRF0008113,P02,8.183000,0.180000,1.210000,standard
PCO0008008,TRF0008114,P01,6.399000,0.180000,1.530000,standard
PCO0008009,TRF0008115,P01,8.050000,0.180000,0.420000,standard
PCO0008010,TRF0008116,P02,8.613000,0.180000,0.490000,standard
PCO0008011,TRF0008117,P04,12.400000,0.180000,4.040000,standard
PCO0008012,TRF0008118,P02,7.469000,0.180000,0.870000,standard
PCO0008013,TRF0008120,P06,10.566000,0.180000,3.700000,standard
PCO0008014,TRF0008121,P04,10.524000,0.180000,19.860000,standard
PCO0008015,TRF0008122,P01,7.009000,0.180000,0.570000,standard
PCO0008016,TRF0008123,P04,13.270000,0.180000,0.820000,standard
PCO0008017,TRF0008124,P01,7.543000,0.180000,3.520000,standard
PCO0008018,TRF0008125,P06,8.447000,0.180000,0.380000,standard
PCO0008019,TRF0008126,P02,8.582000,0.180000,2.950000,standard
PCO0008020,TRF0008127,P04,12.875000,0.180000,1.110000,standard
PCO0008021,TRF0008128,P06,11.835000,0.180000,1.130000,standard
PCO0008022,TRF0008129,P01,7.392000,0.180000,0.290000,standard
PCO0008023,TRF0008130,P03,9.332000,0.180000,91.370000,standard
PCO0008024,TRF0008131,P01,7.271000,0.180000,22.160000,standard
PCO0008025,TRF0008132,P04,11.611000,0.180000,0.580000,standard
PCO0008026,TRF0008133,P04,11.177000,0.180000,14.160000,standard
PCO0008027,TRF0008134,P03,9.765000,0.180000,0.340000,standard
PCO0008028,TRF0008135,P05,7.131000,0.180000,0.840000,standard
PCO0008029,TRF0008136,P04,11.590000,0.180000,0.230000,standard
PCO0008030,TRF0008137,P06,12.212000,0.180000,1.160000,standard
PCO0008031,TRF0008138,P03,9.652000,0.180000,8.390000,standard
PCO0008032,TRF0008139,P06,9.994000,0.180000,2.030000,standard
PCO0008033,TRF0008140,P03,9.641000,0.180000,1.140000,standard
PCO0008034,TRF0008141,P04,13.474000,0.180000,15.330000,standard
PCO0008035,TRF0008142,P05,8.982000,0.180000,0.630000,standard
PCO0008036,TRF0008143,P01,9.005000,0.180000,8.990000,standard
PCO0008037,TRF0008144,P01,9.396000,0.180000,2.430000,standard
PCO0008038,TRF0008145,P05,8.508000,0.180000,0.550000,standard
PCO0008039,TRF0008146,P04,11.662000,0.180000,0.700000,standard
PCO0008040,TRF0008147,P01,10.165000,0.180000,0.330000,standard
PCO0008041,TRF0008148,P05,7.617000,0.180000,0.600000,standard
PCO0008042,TRF0008149,P05,8.603000,0.180000,0.250000,standard
PCO0008043,TRF0008150,P03,11.905000,0.180000,66.420000,standard
PCO0008044,TRF0008151,P02,9.707000,0.180000,10.170000,standard
PCO0008045,TRF0008152,P01,7.486000,0.180000,0.630000,standard
PCO0008046,TRF0008154,P06,8.603000,0.180000,15.350000,standard
PCO0008047,TRF0008155,P04,9.498000,0.180000,1.320000,standard
PCO0008048,TRF0008156,P06,8.770000,0.180000,0.700000,standard
PCO0008049,TRF0008157,P05,6.806000,0.180000,0.800000,standard
PCO0008050,TRF0008159,P02,8.576000,0.180000,0.520000,standard
PCO0008051,TRF0008160,P05,6.681000,0.180000,0.820000,standard
PCO0008052,TRF0008161,P05,7.381000,0.180000,0.520000,standard
PCO0008053,TRF0008162,P03,10.855000,0.180000,10.820000,standard
PCO0008054,TRF0008163,P01,9.210000,0.180000,1.640000,standard
PCO0008055,TRF0008164,P01,8.412000,0.180000,16.120000,standard
PCO0008056,TRF0008165,P02,7.652000,0.180000,0.870000,standard
PCO0008057,TRF0008166,P03,11.254000,0.180000,0.860000,standard
PCO0008058,TRF0008167,P03,11.600000,0.180000,1.020000,standard
PCO0008059,TRF0008168,P05,6.988000,0.180000,1.090000,standard
PCO0008060,TRF0008169,P01,7.544000,0.180000,1.100000,standard
PCO0008061,TRF0008170,P04,11.083000,0.180000,0.950000,standard
PCO0008062,TRF0008171,P05,7.360000,0.180000,1.060000,standard
PCO0008063,TRF0008172,P05,7.150000,0.180000,0.850000,standard
PCO0008064,TRF0008173,P03,9.896000,0.180000,4.470000,standard
PCO0008065,TRF0008175,P04,10.842000,0.180000,31.410000,standard
PCO0008066,TRF0008176,P01,7.531000,0.180000,27.550000,standard
PCO0008067,TRF0008177,P03,10.919000,0.180000,2.850000,standard
PCO0008068,TRF0008178,P05,9.901000,0.180000,0.740000,standard
PCO0008069,TRF0008179,P06,8.847000,0.180000,0.710000,standard
PCO0008070,TRF0008181,P04,10.998000,0.180000,1.100000,standard
PCO0008071,TRF0008182,P03,9.824000,0.180000,1.800000,standard
PCO0008072,TRF0008183,P05,7.445000,0.180000,0.830000,standard
PCO0008073,TRF0008184,P03,10.648000,0.180000,1.320000,standard
PCO0008074,TRF0008185,P05,8.956000,0.180000,5.060000,standard
PCO0008075,TRF0008186,P01,8.833000,0.180000,1.490000,standard
PCO0008076,TRF0008187,P03,11.808000,0.180000,17.470000,standard
PCO0008077,TRF0008188,P04,12.350000,0.180000,2.890000,standard
PCO0008078,TRF0008189,P06,10.227000,0.180000,6.300000,standard
PCO0008079,TRF0008190,P04,11.158000,0.180000,1.130000,standard
PCO0008080,TRF0008191,P05,6.637000,0.180000,0.420000,standard
PCO0008081,TRF0008192,P04,13.144000,0.180000,18.430000,standard
PCO0008082,TRF0008193,P01,9.184000,0.180000,0.520000,standard
PCO0008083,TRF0008194,P06,9.845000,0.180000,0.590000,standard
PCO0008084,TRF0008195,P05,7.134000,0.180000,0.410000,standard
PCO0008085,TRF0008196,P06,8.696000,0.180000,1.650000,standard
PCO0008086,TRF0008197,P02,21.037000,0.180000,1.460000,priority
PCO0008087,TRF0008198,P02,11.244000,0.180000,14.860000,standard
PCO0008088,TRF0008199,P02,7.675000,0.180000,5.250000,standard
PCO0008089,TRF0008200,P05,7.286000,0.180000,1.350000,standard
PCO0008090,TRF0008201,P04,12.539000,0.180000,0.570000,standard
PCO0008091,TRF0008202,P05,7.731000,0.180000,0.340000,standard
PCO0008092,TRF0008203,P04,11.444000,0.180000,1.660000,standard
PCO0008093,TRF0008204,P04,12.872000,0.180000,0.630000,standard
PCO0008094,TRF0008205,P01,7.143000,0.180000,0.530000,standard
PCO0008095,TRF0008206,P02,8.207000,0.180000,2.950000,standard
PCO0008096,TRF0008207,P01,7.588000,0.180000,0.390000,standard
PCO0008097,TRF0008208,P02,9.518000,0.180000,1.360000,standard
PCO0008098,TRF0008209,P05,9.253000,0.180000,2.330000,standard
PCO0008099,TRF0008210,P03,9.570000,0.180000,2.660000,standard
PCO0008100,TRF0008211,P02,7.983000,0.180000,0.430000,standard
PCO0008101,TRF0008212,P04,11.968000,0.180000,1.010000,standard
PCO0008102,TRF0008213,P02,21.262000,0.180000,17.870000,priority
PCO0008103,TRF0008214,P03,12.233000,0.180000,0.720000,standard
PCO0008104,TRF0008215,P06,8.685000,0.180000,2.060000,standard
PCO0008105,TRF0008216,P05,8.212000,0.180000,0.760000,standard
PCO0008106,TRF0008217,P02,8.443000,0.180000,1.130000,standard
PCO0008107,TRF0008218,P01,6.991000,0.180000,1.590000,standard
PCO0008108,TRF0008219,P01,9.067000,0.180000,0.420000,standard
PCO0008109,TRF0008220,P06,11.480000,0.180000,3.010000,standard
PCO0008110,TRF0008221,P05,8.138000,0.180000,1.000000,standard
PCO0008111,TRF0008222,P02,9.815000,0.180000,0.640000,standard
PCO0008112,TRF0008223,P05,8.435000,0.180000,1.290000,standard
PCO0008113,TRF0008224,P06,10.437000,0.180000,28.900000,standard
PCO0008114,TRF0008225,P06,9.143000,0.180000,0.240000,standard
PCO0008115,TRF0008226,P02,21.373000,0.180000,1.170000,priority
PCO0008116,TRF0008227,P04,11.124000,0.180000,0.680000,standard
PCO0008117,TRF0008228,P05,8.302000,0.180000,4.330000,standard
PCO0008118,TRF0008229,P05,7.955000,0.180000,0.520000,standard
PCO0008119,TRF0008230,P02,10.927000,0.180000,1.020000,standard
PCO0008120,TRF0008231,P01,7.901000,0.180000,0.590000,standard
PCO0008121,TRF0008232,P01,6.924000,0.180000,7.240000,standard
PCO0008122,TRF0008233,P04,10.602000,0.180000,22.280000,standard
PCO0008123,TRF0008234,P06,9.489000,0.180000,1.080000,standard
PCO0008124,TRF0008235,P04,10.589000,0.180000,8.000000,standard
PCO0008125,TRF0008236,P04,11.127000,0.180000,4.700000,standard
PCO0008126,TRF0008237,P06,10.105000,0.180000,0.710000,standard
PCO0008127,TRF0008238,P06,10.145000,0.180000,0.510000,standard
PCO0008128,TRF0008239,P01,9.114000,0.180000,2.190000,standard
PCO0008129,TRF0008240,P05,7.544000,0.180000,50.010000,standard
PCO0008130,TRF0008241,P01,7.357000,0.180000,1.460000,standard
PCO0008131,TRF0008242,P03,10.283000,0.180000,14.790000,standard
PCO0008132,TRF0008243,P03,9.599000,0.180000,7.520000,standard
PCO0008133,TRF0008244,P05,6.537000,0.180000,0.600000,standard
PCO0008134,TRF0008245,P04,13.237000,0.180000,4.080000,standard
PCO0008135,TRF0008246,P04,9.734000,0.180000,1.710000,standard
PCO0008136,TRF0008247,P06,8.688000,0.180000,6.020000,standard
PCO0008137,TRF0008248,P01,9.534000,0.180000,1.020000,standard
PCO0008138,TRF0008249,P03,9.793000,0.180000,1.410000,standard
PCO0008139,TRF0008250,P01,5.701000,0.180000,5.580000,standard
PCO0008140,TRF0008251,P01,9.924000,0.180000,2.130000,standard
PCO0008141,TRF0008252,P02,20.465000,0.180000,4.940000,priority
PCO0008142,TRF0008253,P01,9.461000,0.180000,0.330000,standard
PCO0008143,TRF0008254,P06,9.070000,0.180000,0.450000,standard
PCO0008144,TRF0008255,P02,10.399000,0.180000,7.870000,standard
PCO0008145,TRF0008256,P02,10.943000,0.180000,0.380000,standard
PCO0008146,TRF0008257,P05,7.674000,0.180000,0.430000,standard
PCO0008147,TRF0008258,P02,8.721000,0.180000,0.630000,standard
PCO0008148,TRF0008259,P03,10.378000,0.180000,17.710000,standard
PCO0008149,TRF0008260,P01,8.882000,0.180000,1.300000,standard
PCO0008150,TRF0008261,P02,21.501000,0.180000,1.400000,priority
PCO0008151,TRF0008262,P01,10.332000,0.180000,0.870000,standard
PCO0008152,TRF0008263,P06,10.940000,0.180000,1.230000,standard
PCO0008153,TRF0008264,P03,11.830000,0.180000,0.340000,standard
PCO0008154,TRF0008265,P01,7.510000,0.180000,0.450000,standard
PCO0008155,TRF0008266,P05,8.352000,0.180000,0.340000,standard
PCO0008156,TRF0008267,P05,9.491000,0.180000,0.840000,standard
PCO0008157,TRF0008268,P03,10.960000,0.180000,2.090000,standard
PCO0008158,TRF0008269,P03,9.754000,0.180000,0.400000,standard
PCO0008159,TRF0008270,P01,9.404000,0.180000,0.270000,standard
PCO0008160,TRF0008271,P02,7.865000,0.180000,31.720000,standard
PCO0008161,TRF0008272,P01,8.450000,0.180000,22.100000,standard
PCO0008162,TRF0008273,P01,8.954000,0.180000,0.430000,standard
PCO0008163,TRF0008274,P02,9.861000,0.180000,0.390000,standard
PCO0008164,TRF0008275,P01,8.517000,0.180000,11.240000,standard
PCO0008165,TRF0008276,P04,10.124000,0.180000,10.300000,standard
PCO0008166,TRF0008277,P01,8.661000,0.180000,1.120000,standard
PCO0008167,TRF0008278,P03,9.099000,0.180000,2.120000,standard
PCO0008168,TRF0008279,P01,8.145000,0.180000,0.650000,standard
PCO0008169,TRF0008280,P02,8.768000,0.180000,0.610000,standard
PCO0008170,TRF0008281,P02,9.399000,0.180000,1.110000,standard
PCO0008171,TRF0008282,P02,10.819000,0.180000,0.550000,standard
PCO0008172,TRF0008283,P01,8.748000,0.180000,2.660000,standard
PCO0008173,TRF0008284,P05,8.235000,0.180000,0.670000,standard
PCO0008174,TRF0008285,P03,11.394000,0.180000,1.100000,standard
PCO0008175,TRF0008286,P02,9.215000,0.180000,1.580000,standard
PCO0008176,TRF0008287,P04,10.917000,0.180000,12.680000,standard
PCO0008177,TRF0008288,P01,7.592000,0.180000,0.280000,standard
PCO0008178,TRF0008290,P06,10.017000,0.180000,3.080000,standard
PCO0008179,TRF0008291,P02,11.072000,0.180000,7.070000,standard
PCO0008180,TRF0008292,P03,8.947000,0.180000,0.790000,standard
PCO0008181,TRF0008293,P04,12.963000,0.180000,0.830000,standard
PCO0008182,TRF0008294,P02,9.095000,0.180000,15.370000,standard
PCO0008183,TRF0008295,P03,10.546000,0.180000,0.540000,standard
PCO0008184,TRF0008296,P01,10.115000,0.180000,0.810000,standard
PCO0008185,TRF0008297,P05,5.859000,0.180000,0.370000,standard
PCO0008186,TRF0008298,P04,11.863000,0.180000,0.480000,standard
PCO0008187,TRF0008299,P05,6.879000,0.180000,0.410000,standard
PCO0008188,TRF0008300,P01,8.340000,0.180000,11.230000,standard
PCO0008189,TRF0008301,P02,8.501000,0.180000,1.220000,standard
PCO0008190,TRF0008302,P01,7.232000,0.180000,4.590000,standard
PCO0008191,TRF0008303,P04,11.383000,0.180000,6.230000,standard
PCO0008192,TRF0008304,P04,11.069000,0.180000,0.420000,standard
PCO0008193,TRF0008305,P01,9.002000,0.180000,13.110000,standard
PCO0008194,TRF0008306,P02,8.282000,0.180000,0.650000,standard
PCO0008195,TRF0008307,P04,12.005000,0.180000,0.550000,standard
PCO0008196,TRF0008308,P03,11.394000,0.180000,0.430000,standard
PCO0008197,TRF0008309,P03,10.124000,0.180000,0.820000,standard
PCO0008198,TRF0008310,P02,10.899000,0.180000,110.720000,standard
PCO0008199,TRF0008311,P06,8.883000,0.180000,0.900000,standard
PCO0008200,TRF0008312,P06,9.236000,0.180000,0.380000,standard
PCO0008201,TRF0008313,P02,11.689000,0.180000,0.420000,standard
PCO0008202,TRF0008314,P04,12.017000,0.180000,1.650000,standard
PCO0008203,TRF0008315,P05,7.229000,0.180000,14.360000,standard
PCO0008204,TRF0008316,P02,9.874000,0.180000,3.230000,standard
PCO0008205,TRF0008317,P01,7.765000,0.180000,0.400000,standard
PCO0008206,TRF0008319,P02,10.080000,0.180000,1.310000,standard
PCO0008207,TRF0008320,P02,8.103000,0.180000,0.300000,standard
PCO0008208,TRF0008321,P03,9.360000,0.180000,0.660000,standard
PCO0008209,TRF0008322,P06,10.538000,0.180000,0.370000,standard
PCO0008210,TRF0008323,P04,10.463000,0.180000,0.680000,standard
PCO0008211,TRF0008324,P04,10.840000,0.180000,1.230000,standard
PCO0008212,TRF0008325,P02,8.436000,0.180000,1.560000,standard
PCO0008213,TRF0008326,P06,8.429000,0.180000,8.920000,standard
PCO0008214,TRF0008327,P02,8.394000,0.180000,6.140000,standard
PCO0008215,TRF0008328,P05,8.884000,0.180000,0.440000,standard
PCO0008216,TRF0008329,P04,9.768000,0.180000,0.680000,standard
PCO0008217,TRF0008330,P06,10.660000,0.180000,4.030000,standard
PCO0008218,TRF0008331,P01,7.207000,0.180000,4.470000,standard
PCO0008219,TRF0008332,P04,12.417000,0.180000,0.350000,standard
PCO0008220,TRF0008333,P04,12.577000,0.180000,0.580000,standard
PCO0008221,TRF0008334,P03,10.763000,0.180000,0.990000,standard
PCO0008222,TRF0008335,P03,11.424000,0.180000,0.470000,standard
PCO0008223,TRF0008336,P05,8.644000,0.180000,0.310000,standard
PCO0008224,TRF0008337,P04,10.605000,0.180000,0.660000,standard
PCO0008225,TRF0008338,P03,9.279000,0.180000,13.050000,standard
PCO0008226,TRF0008339,P06,10.427000,0.180000,0.410000,standard
PCO0008227,TRF0008340,P04,11.007000,0.180000,3.680000,standard
PCO0008228,TRF0008341,P04,12.240000,0.180000,0.900000,standard
PCO0008229,TRF0008342,P06,8.465000,0.180000,0.300000,standard
PCO0008230,TRF0008343,P03,9.674000,0.180000,28.070000,standard
PCO0008231,TRF0008344,P02,7.795000,0.180000,0.550000,standard
PCO0008232,TRF0008345,P02,9.793000,0.180000,10.310000,standard
PCO0008233,TRF0008346,P05,9.151000,0.180000,0.310000,standard
PCO0008234,TRF0008347,P04,13.142000,0.180000,2.340000,standard
PCO0008235,TRF0008348,P02,8.991000,0.180000,3.200000,standard
PCO0008236,TRF0008349,P03,10.155000,0.180000,1.910000,standard
PCO0008237,TRF0008350,P06,8.896000,0.180000,9.150000,standard
PCO0008238,TRF0008351,P05,8.838000,0.180000,2.520000,standard
PCO0008239,TRF0008352,P04,10.920000,0.180000,0.520000,standard
PCO0008240,TRF0008353,P04,11.342000,0.180000,3.170000,standard
PCO0008241,TRF0008354,P03,9.776000,0.180000,0.840000,standard
PCO0008242,TRF0008355,P01,9.168000,0.180000,1.170000,standard
PCO0008243,TRF0008356,P02,10.848000,0.180000,5.060000,standard
PCO0008244,TRF0008357,P02,9.782000,0.180000,0.470000,standard
PCO0008245,TRF0008358,P05,6.023000,0.180000,0.520000,standard
PCO0008246,TRF0008359,P02,8.973000,0.180000,1.330000,standard
PCO0008247,TRF0008360,P01,7.526000,0.180000,0.230000,standard
PCO0008248,TRF0008361,P02,8.505000,0.180000,0.340000,standard
PCO0008249,TRF0008362,P01,7.478000,0.180000,9.910000,standard
PCO0008250,TRF0008363,P01,8.255000,0.180000,5.270000,standard
PCO0008251,TRF0008364,P04,9.737000,0.180000,1.670000,standard
PCO0008252,TRF0008365,P01,9.044000,0.180000,1.650000,standard
PCO0008253,TRF0008366,P03,9.584000,0.180000,1.440000,standard
PCO0008254,TRF0008367,P02,8.358000,0.180000,0.930000,standard
PCO0008255,TRF0008368,P03,10.050000,0.180000,2.860000,standard
PCO0008256,TRF0008369,P03,9.683000,0.180000,1.440000,standard
PCO0008257,TRF0008370,P03,9.102000,0.180000,0.490000,standard
PCO0008258,TRF0008371,P02,8.172000,0.180000,5.650000,standard
PCO0008259,TRF0008372,P04,10.460000,0.180000,0.950000,standard
PCO0008260,TRF0008373,P02,7.898000,0.180000,0.320000,standard
PCO0008261,TRF0008374,P02,10.190000,0.180000,0.470000,standard
PCO0008262,TRF0008375,P02,8.260000,0.180000,1.430000,standard
PCO0008263,TRF0008376,P04,10.376000,0.180000,64.690000,standard
PCO0008264,TRF0008377,P05,7.118000,0.180000,0.600000,standard
PCO0008265,TRF0008378,P05,6.997000,0.180000,0.730000,standard
PCO0008266,TRF0008379,P05,7.283000,0.180000,1.360000,standard
PCO0008267,TRF0008380,P01,8.680000,0.180000,0.470000,standard
PCO0008268,TRF0008381,P02,8.507000,0.180000,0.560000,standard
PCO0008269,TRF0008382,P06,9.684000,0.180000,5.700000,standard
PCO0008270,TRF0008383,P04,9.827000,0.180000,14.800000,standard
PCO0008271,TRF0008384,P05,6.420000,0.180000,14.850000,standard
PCO0008272,TRF0008385,P03,10.907000,0.180000,4.680000,standard
PCO0008273,TRF0008386,P06,9.188000,0.180000,0.650000,standard
PCO0008274,TRF0008387,P03,8.843000,0.180000,0.590000,standard
PCO0008275,TRF0008389,P06,11.282000,0.180000,0.660000,standard
PCO0008276,TRF0008390,P04,9.380000,0.180000,0.530000,standard
PCO0008277,TRF0008391,P01,7.663000,0.180000,1.070000,standard
PCO0008278,TRF0008392,P01,9.040000,0.180000,0.730000,standard
PCO0008279,TRF0008393,P05,7.296000,0.180000,1.850000,standard
PCO0008280,TRF0008394,P02,9.799000,0.180000,1.380000,standard
PCO0008281,TRF0008395,P02,8.195000,0.180000,2.450000,standard
PCO0008282,TRF0008396,P03,11.189000,0.180000,0.930000,standard
PCO0008283,TRF0008397,P01,7.840000,0.180000,0.320000,standard
PCO0008284,TRF0008398,P03,9.481000,0.180000,0.600000,standard
PCO0008285,TRF0008399,P05,8.964000,0.180000,0.680000,standard
PCO0008286,TRF0008400,P03,9.793000,0.180000,0.480000,standard
PCO0008287,TRF0008401,P04,10.138000,0.180000,1.160000,standard
PCO0008288,TRF0008402,P03,8.666000,0.180000,4.980000,standard
PCO0008289,TRF0008403,P05,6.513000,0.180000,1.430000,standard
PCO0008290,TRF0008404,P06,8.824000,0.180000,0.580000,standard
PCO0008291,TRF0008405,P03,11.814000,0.180000,1.290000,standard
PCO0008292,TRF0008406,P03,9.513000,0.180000,0.360000,standard
PCO0008293,TRF0008407,P06,9.525000,0.180000,1.820000,standard
PCO0008294,TRF0008408,P01,7.543000,0.180000,0.480000,standard
PCO0008295,TRF0008409,P03,9.444000,0.180000,17.950000,standard
PCO0008296,TRF0008410,P01,8.372000,0.180000,5.790000,standard
PCO0008297,TRF0008411,P01,9.504000,0.180000,0.370000,standard
PCO0008298,TRF0008412,P04,10.783000,0.180000,9.110000,standard
PCO0008299,TRF0008413,P05,8.249000,0.180000,0.770000,standard
PCO0008300,TRF0008414,P01,7.795000,0.180000,11.130000,standard
PCO0008301,TRF0008415,P05,9.135000,0.180000,0.510000,standard
PCO0008302,TRF0008416,P06,11.058000,0.180000,0.750000,standard
PCO0008303,TRF0008417,P01,8.300000,0.180000,0.880000,standard
PCO0008304,TRF0008418,P06,8.521000,0.180000,0.990000,standard
PCO0008305,TRF0008419,P05,7.893000,0.180000,0.490000,standard
PCO0008306,TRF0008420,P01,9.869000,0.180000,7.920000,standard
PCO0008307,TRF0008421,P02,8.617000,0.180000,3.870000,standard
PCO0008308,TRF0008422,P02,9.234000,0.180000,1.360000,standard
PCO0008309,TRF0008423,P01,7.294000,0.180000,20.290000,standard
PCO0008310,TRF0008424,P05,6.366000,0.180000,4.780000,standard
PCO0008311,TRF0008425,P06,8.437000,0.180000,13.900000,standard
PCO0008312,TRF0008426,P04,11.721000,0.180000,15.410000,standard
PCO0008313,TRF0008427,P01,8.417000,0.180000,6.960000,standard
PCO0008314,TRF0008428,P01,8.463000,0.180000,6.140000,standard
PCO0008315,TRF0008429,P02,8.138000,0.180000,0.300000,standard
PCO0008316,TRF0008430,P02,9.113000,0.180000,9.340000,standard
PCO0008317,TRF0008431,P03,12.173000,0.180000,1.980000,standard
PCO0008318,TRF0008432,P02,10.167000,0.180000,1.720000,standard
PCO0008319,TRF0008433,P04,12.982000,0.180000,19.660000,standard
PCO0008320,TRF0008434,P01,7.118000,0.180000,3.110000,standard
PCO0008321,TRF0008435,P04,12.203000,0.180000,3.330000,standard
PCO0008322,TRF0008436,P06,9.520000,0.180000,1.810000,standard
PCO0008323,TRF0008437,P03,9.271000,0.180000,0.710000,standard
PCO0008324,TRF0008438,P04,10.365000,0.180000,8.610000,standard
PCO0008325,TRF0008439,P01,6.610000,0.180000,1.020000,standard
PCO0008326,TRF0008440,P06,8.106000,0.180000,0.990000,standard
PCO0008327,TRF0008441,P03,11.404000,0.180000,2.700000,standard
PCO0008328,TRF0008442,P03,10.264000,0.180000,8.140000,standard
PCO0008329,TRF0008443,P02,8.830000,0.180000,5.270000,standard
PCO0008330,TRF0008444,P03,9.970000,0.180000,1.960000,standard
PCO0008331,TRF0008445,P05,8.301000,0.180000,1.740000,standard
PCO0008332,TRF0008446,P03,11.510000,0.180000,11.600000,standard
PCO0008333,TRF0008447,P06,8.555000,0.180000,0.660000,standard
PCO0008334,TRF0008448,P05,8.369000,0.180000,0.910000,standard
PCO0008335,TRF0008450,P02,10.153000,0.180000,1.190000,standard
PCO0008336,TRF0008451,P05,9.733000,0.180000,1.800000,standard
PCO0008337,TRF0008452,P06,10.567000,0.180000,0.710000,standard
PCO0008338,TRF0008453,P01,10.301000,0.180000,11.030000,standard
PCO0008339,TRF0008454,P06,9.425000,0.180000,0.820000,standard
PCO0008340,TRF0008455,P06,11.613000,0.180000,0.510000,standard
PCO0008341,TRF0008456,P01,7.270000,0.180000,8.200000,standard
PCO0008342,TRF0008457,P01,7.998000,0.180000,76.430000,standard
PCO0008343,TRF0008458,P03,11.608000,0.180000,12.630000,standard
PCO0008344,TRF0008459,P04,10.511000,0.180000,1.040000,standard
PCO0008345,TRF0008460,P06,10.482000,0.180000,2.020000,standard
PCO0008346,TRF0008461,P03,9.540000,0.180000,13.050000,standard
PCO0008347,TRF0008462,P01,7.852000,0.180000,9.720000,standard
PCO0008348,TRF0008463,P04,11.439000,0.180000,0.960000,standard
PCO0008349,TRF0008464,P05,9.357000,0.180000,0.400000,standard
PCO0008350,TRF0008465,P06,7.790000,0.180000,0.900000,standard
PCO0008351,TRF0008466,P02,7.842000,0.180000,2.970000,standard
PCO0008352,TRF0008467,P05,7.802000,0.180000,4.530000,standard
PCO0008353,TRF0008468,P03,9.598000,0.180000,0.910000,standard
PCO0008354,TRF0008469,P05,7.423000,0.180000,0.270000,standard
PCO0008355,TRF0008470,P05,6.923000,0.180000,0.300000,standard
PCO0008356,TRF0008471,P03,9.475000,0.180000,0.500000,standard
PCO0008357,TRF0008472,P06,8.654000,0.180000,3.310000,standard
PCO0008358,TRF0008473,P02,8.090000,0.180000,0.340000,standard
PCO0008359,TRF0008474,P01,7.613000,0.180000,1.060000,standard
PCO0008360,TRF0008475,P02,9.609000,0.180000,8.320000,standard
PCO0008361,TRF0008476,P01,7.181000,0.180000,2.970000,standard
PCO0008362,TRF0008477,P01,8.979000,0.180000,1.140000,standard
PCO0008363,TRF0008478,P02,7.684000,0.180000,43.100000,standard
PCO0008364,TRF0008479,P01,10.740000,0.180000,1.310000,standard
PCO0008365,TRF0008480,P03,10.555000,0.180000,0.500000,standard
PCO0008366,TRF0008481,P06,9.054000,0.180000,15.700000,standard
PCO0008367,TRF0008482,P02,10.856000,0.180000,0.640000,standard
PCO0008368,TRF0008483,P01,7.728000,0.180000,0.790000,standard
PCO0008369,TRF0008484,P01,7.495000,0.180000,2.200000,standard
PCO0008370,TRF0008485,P05,8.139000,0.180000,0.610000,standard
PCO0008371,TRF0008486,P05,7.062000,0.180000,0.230000,standard
PCO0008372,TRF0008487,P01,6.360000,0.180000,2.820000,standard
PCO0008373,TRF0008488,P05,8.998000,0.180000,2.710000,standard
PCO0008374,TRF0008489,P01,7.449000,0.180000,0.660000,standard
PCO0008375,TRF0008490,P01,8.359000,0.180000,0.860000,standard
PCO0008376,TRF0008491,P01,7.480000,0.180000,13.800000,standard
PCO0008377,TRF0008492,P02,8.279000,0.180000,0.980000,standard
PCO0008378,TRF0008493,P01,9.791000,0.180000,1.330000,standard
PCO0008379,TRF0008494,P01,10.089000,0.180000,0.430000,standard
PCO0008380,TRF0008495,P02,7.980000,0.180000,4.900000,standard
PCO0008381,TRF0008496,P01,8.006000,0.180000,0.630000,standard
PCO0008382,TRF0008497,P06,10.470000,0.180000,0.480000,standard
PCO0008383,TRF0008498,P05,8.014000,0.180000,0.350000,standard
PCO0008384,TRF0008500,P02,8.584000,0.180000,23.550000,standard
PCO0008385,TRF0008501,P05,6.712000,0.180000,3.420000,standard
PCO0008386,TRF0008502,P05,6.565000,0.180000,0.650000,standard
PCO0008387,TRF0008503,P01,9.095000,0.180000,3.180000,standard
PCO0008388,TRF0008504,P04,10.496000,0.180000,2.120000,standard
PCO0008389,TRF0008505,P06,10.553000,0.180000,0.520000,standard
PCO0008390,TRF0008506,P05,6.870000,0.180000,25.480000,standard
PCO0008391,TRF0008507,P03,11.073000,0.180000,0.650000,standard
PCO0008392,TRF0008508,P03,11.743000,0.180000,0.930000,standard
PCO0008393,TRF0008509,P01,7.346000,0.180000,0.610000,standard
PCO0008394,TRF0008510,P03,9.389000,0.180000,6.880000,standard
PCO0008395,TRF0008511,P06,10.123000,0.180000,0.800000,standard
PCO0008396,TRF0008512,P06,11.688000,0.180000,3.580000,standard
PCO0008397,TRF0008513,P01,7.043000,0.180000,0.570000,standard
PCO0008398,TRF0008514,P06,9.721000,0.180000,1.010000,standard
PCO0008399,TRF0008515,P02,9.516000,0.180000,3.880000,standard
PCO0008400,TRF0008516,P02,8.124000,0.180000,0.390000,standard
PCO0008401,TRF0008517,P06,10.366000,0.180000,9.620000,standard
PCO0008402,TRF0008518,P01,8.790000,0.180000,0.850000,standard
PCO0008403,TRF0008519,P01,6.818000,0.180000,2.910000,standard
PCO0008404,TRF0008520,P03,10.594000,0.180000,81.110000,standard
PCO0008405,TRF0008521,P04,11.756000,0.180000,20.550000,standard
PCO0008406,TRF0008522,P06,9.294000,0.180000,2.530000,standard
PCO0008407,TRF0008523,P04,12.318000,0.180000,5.090000,standard
PCO0008408,TRF0008524,P05,6.820000,0.180000,4.640000,standard
PCO0008409,TRF0008525,P01,8.494000,0.180000,0.580000,standard
PCO0008410,TRF0008526,P05,6.503000,0.180000,0.310000,standard
PCO0008411,TRF0008527,P01,10.504000,0.180000,1.100000,standard
PCO0008412,TRF0008528,P02,10.508000,0.180000,0.790000,standard
PCO0008413,TRF0008529,P03,12.613000,0.180000,2.160000,standard
PCO0008414,TRF0008530,P02,21.204000,0.180000,8.150000,priority
PCO0008415,TRF0008531,P05,6.421000,0.180000,0.520000,standard
PCO0008416,TRF0008532,P04,9.836000,0.180000,0.890000,standard
PCO0008417,TRF0008533,P04,10.875000,0.180000,2.020000,standard
PCO0008418,TRF0008534,P02,11.137000,0.180000,3.290000,standard
PCO0008419,TRF0008535,P06,8.218000,0.180000,3.990000,standard
PCO0008420,TRF0008536,P04,10.916000,0.180000,0.410000,standard
PCO0008421,TRF0008537,P06,10.136000,0.180000,0.680000,standard
PCO0008422,TRF0008538,P01,7.521000,0.180000,1.040000,standard
PCO0008423,TRF0008539,P02,9.019000,0.180000,0.390000,standard
PCO0008424,TRF0008540,P04,10.598000,0.180000,14.830000,standard
PCO0008425,TRF0008541,P01,8.304000,0.180000,5.650000,standard
PCO0008426,TRF0008542,P05,8.528000,0.180000,1.110000,standard
PCO0008427,TRF0008543,P01,7.942000,0.180000,6.610000,standard
PCO0008428,TRF0008544,P05,8.413000,0.180000,0.480000,standard
PCO0008429,TRF0008545,P06,8.639000,0.180000,0.880000,standard
PCO0008430,TRF0008546,P03,10.011000,0.180000,7.940000,standard
PCO0008431,TRF0008547,P01,6.990000,0.180000,3.110000,standard
PCO0008432,TRF0008548,P05,9.237000,0.180000,21.990000,standard
PCO0008433,TRF0008549,P03,10.321000,0.180000,2.340000,standard
PCO0008434,TRF0008550,P02,8.856000,0.180000,0.310000,standard
PCO0008435,TRF0008551,P03,9.479000,0.180000,0.270000,standard
PCO0008436,TRF0008552,P04,9.794000,0.180000,3.170000,standard
PCO0008437,TRF0008553,P03,9.851000,0.180000,1.760000,standard
PCO0008438,TRF0008554,P05,6.018000,0.180000,0.370000,standard
PCO0008439,TRF0008555,P03,9.402000,0.180000,0.370000,standard
PCO0008440,TRF0008556,P04,10.073000,0.180000,0.650000,standard
PCO0008441,TRF0008557,P03,8.822000,0.180000,1.530000,standard
PCO0008442,TRF0008558,P04,12.311000,0.180000,1.670000,standard
PCO0008443,TRF0008559,P03,10.286000,0.180000,0.940000,standard
PCO0008444,TRF0008560,P04,12.133000,0.180000,0.740000,standard
PCO0008445,TRF0008561,P06,8.793000,0.180000,1.370000,standard
PCO0008446,TRF0008562,P05,9.545000,0.180000,0.830000,standard
PCO0008447,TRF0008563,P04,12.400000,0.180000,1.680000,standard
PCO0008448,TRF0008564,P03,8.580000,0.180000,0.590000,standard
PCO0008449,TRF0008565,P02,8.764000,0.180000,0.480000,standard
PCO0008450,TRF0008566,P05,8.506000,0.180000,81.170000,standard
PCO0008451,TRF0008567,P01,10.298000,0.180000,0.760000,standard
PCO0008452,TRF0008568,P01,6.641000,0.180000,0.470000,standard
PCO0008453,TRF0008569,P05,8.392000,0.180000,0.740000,standard
PCO0008454,TRF0008570,P06,8.439000,0.180000,0.990000,standard
PCO0008455,TRF0008571,P01,7.276000,0.180000,3.300000,standard
PCO0008456,TRF0008572,P03,11.244000,0.180000,35.480000,standard
PCO0008457,TRF0008573,P05,8.744000,0.180000,0.680000,standard
PCO0008458,TRF0008574,P03,9.619000,0.180000,0.550000,standard
PCO0008459,TRF0008575,P06,9.279000,0.180000,20.310000,standard
PCO0008460,TRF0008576,P02,8.656000,0.180000,0.890000,standard
PCO0008461,TRF0008577,P04,10.303000,0.180000,0.580000,standard
PCO0008462,TRF0008578,P03,11.145000,0.180000,12.120000,standard
PCO0008463,TRF0008579,P01,7.168000,0.180000,1.670000,standard
PCO0008464,TRF0008580,P04,10.263000,0.180000,0.470000,standard
PCO0008465,TRF0008581,P02,8.141000,0.180000,0.680000,standard
PCO0008466,TRF0008582,P06,11.084000,0.180000,0.640000,standard
PCO0008467,TRF0008583,P02,8.445000,0.180000,0.870000,standard
PCO0008468,TRF0008584,P03,9.141000,0.180000,1.720000,standard
PCO0008469,TRF0008585,P01,6.888000,0.180000,0.670000,standard
PCO0008470,TRF0008586,P04,9.961000,0.180000,24.680000,standard
PCO0008471,TRF0008587,P04,11.367000,0.180000,1.170000,standard
PCO0008472,TRF0008588,P01,8.543000,0.180000,0.520000,standard
PCO0008473,TRF0008589,P05,8.666000,0.180000,0.470000,standard
PCO0008474,TRF0008590,P02,8.335000,0.180000,1.730000,standard
PCO0008475,TRF0008592,P03,9.275000,0.180000,1.570000,standard
PCO0008476,TRF0008593,P02,8.096000,0.180000,18.830000,standard
PCO0008477,TRF0008594,P05,8.699000,0.180000,5.140000,standard
PCO0008478,TRF0008595,P04,9.891000,0.180000,1.250000,standard
PCO0008479,TRF0008596,P03,10.009000,0.180000,4.320000,standard
PCO0008480,TRF0008597,P06,9.622000,0.180000,12.090000,standard
PCO0008481,TRF0008598,P03,10.660000,0.180000,0.370000,standard
PCO0008482,TRF0008599,P03,10.269000,0.180000,1.040000,standard
PCO0008483,TRF0008600,P04,10.681000,0.180000,0.910000,standard
PCO0008484,TRF0008601,P05,6.213000,0.180000,1.150000,standard
PCO0008485,TRF0008602,P01,8.927000,0.180000,0.520000,standard
PCO0008486,TRF0008603,P06,10.121000,0.180000,2.490000,standard
PCO0008487,TRF0008604,P05,6.775000,0.180000,0.420000,standard
PCO0008488,TRF0008605,P01,8.601000,0.180000,0.430000,standard
PCO0008489,TRF0008606,P01,10.442000,0.180000,0.540000,standard
PCO0008490,TRF0008607,P05,9.013000,0.180000,0.300000,standard
PCO0008491,TRF0008608,P01,8.191000,0.180000,0.730000,standard
PCO0008492,TRF0008610,P01,6.856000,0.180000,3.730000,standard
PCO0008493,TRF0008611,P03,10.628000,0.180000,1.510000,standard
PCO0008494,TRF0008612,P01,9.342000,0.180000,0.540000,standard
PCO0008495,TRF0008613,P02,8.168000,0.180000,3.640000,standard
PCO0008496,TRF0008614,P05,8.211000,0.180000,0.430000,standard
PCO0008497,TRF0008615,P03,11.050000,0.180000,2.120000,standard
PCO0008498,TRF0008616,P01,8.465000,0.180000,1.140000,standard
PCO0008499,TRF0008618,P05,6.317000,0.180000,0.810000,standard
PCO0008500,TRF0008619,P05,9.229000,0.180000,1.090000,standard
PCO0008501,TRF0008620,P01,7.062000,0.180000,1.490000,standard
PCO0008502,TRF0008621,P06,9.033000,0.180000,0.370000,standard
PCO0008503,TRF0008622,P05,7.413000,0.180000,9.010000,standard
PCO0008504,TRF0008623,P05,6.048000,0.180000,4.330000,standard
PCO0008505,TRF0008625,P06,9.970000,0.180000,0.790000,standard
PCO0008506,TRF0008626,P04,13.815000,0.180000,7.630000,standard
PCO0008507,TRF0008627,P03,9.938000,0.180000,4.240000,standard
PCO0008508,TRF0008628,P05,8.818000,0.180000,2.830000,standard
PCO0008509,TRF0008629,P05,7.948000,0.180000,0.590000,standard
PCO0008510,TRF0008630,P01,9.491000,0.180000,1.930000,standard
PCO0008511,TRF0008631,P01,7.700000,0.180000,2.720000,standard
PCO0008512,TRF0008632,P01,7.704000,0.180000,0.710000,standard
PCO0008513,TRF0008633,P04,12.125000,0.180000,1.070000,standard
PCO0008514,TRF0008634,P03,11.290000,0.180000,4.610000,standard
PCO0008515,TRF0008635,P03,9.665000,0.180000,0.640000,standard
PCO0008516,TRF0008636,P02,8.244000,0.180000,4.240000,standard
PCO0008517,TRF0008637,P01,7.429000,0.180000,0.740000,standard
PCO0008518,TRF0008638,P01,6.793000,0.180000,26.480000,standard
PCO0008519,TRF0008639,P06,10.830000,0.180000,0.740000,standard
PCO0008520,TRF0008640,P05,9.344000,0.180000,0.510000,standard
PCO0008521,TRF0008641,P04,10.285000,0.180000,1.830000,standard
PCO0008522,TRF0008642,P01,7.691000,0.180000,2.340000,standard
PCO0008523,TRF0008643,P01,6.526000,0.180000,6.380000,standard
PCO0008524,TRF0008644,P01,6.851000,0.180000,0.610000,standard
PCO0008525,TRF0008645,P01,8.960000,0.180000,0.630000,standard
PCO0008526,TRF0008646,P06,10.595000,0.180000,0.460000,standard
PCO0008527,TRF0008647,P04,11.198000,0.180000,1.860000,standard
PCO0008528,TRF0008648,P04,9.487000,0.180000,2.150000,standard
PCO0008529,TRF0008649,P04,10.074000,0.180000,10.730000,standard
PCO0008530,TRF0008650,P04,13.781000,0.180000,0.400000,standard
PCO0008531,TRF0008651,P01,7.564000,0.180000,2.270000,standard
PCO0008532,TRF0008652,P03,8.975000,0.180000,0.840000,standard
PCO0008533,TRF0008653,P02,9.947000,0.180000,0.540000,standard
PCO0008534,TRF0008654,P03,11.406000,0.180000,59.160000,standard
PCO0008535,TRF0008655,P05,7.059000,0.180000,0.230000,standard
PCO0008536,TRF0008656,P04,13.134000,0.180000,0.580000,standard
PCO0008537,TRF0008657,P06,8.579000,0.180000,0.770000,standard
PCO0008538,TRF0008658,P02,21.520000,0.180000,2.550000,priority
PCO0008539,TRF0008659,P06,11.011000,0.180000,2.510000,standard
PCO0008540,TRF0008660,P06,8.995000,0.180000,0.520000,standard
PCO0008541,TRF0008661,P02,7.971000,0.180000,0.590000,standard
PCO0008542,TRF0008662,P01,7.436000,0.180000,0.550000,standard
PCO0008543,TRF0008663,P01,7.697000,0.180000,0.770000,standard
PCO0008544,TRF0008665,P02,8.769000,0.180000,0.450000,standard
PCO0008545,TRF0008666,P01,9.519000,0.180000,0.360000,standard
PCO0008546,TRF0008667,P02,8.200000,0.180000,3.110000,standard
PCO0008547,TRF0008668,P01,8.811000,0.180000,0.400000,standard
PCO0008548,TRF0008669,P06,9.144000,0.180000,14.550000,standard
PCO0008549,TRF0008670,P03,9.255000,0.180000,0.380000,standard
PCO0008550,TRF0008671,P04,11.951000,0.180000,0.990000,standard
PCO0008551,TRF0008672,P03,8.288000,0.180000,0.750000,standard
PCO0008552,TRF0008673,P01,9.970000,0.180000,5.880000,standard
PCO0008553,TRF0008674,P03,9.370000,0.180000,2.030000,standard
PCO0008554,TRF0008675,P02,11.030000,0.180000,0.840000,standard
PCO0008555,TRF0008676,P06,9.243000,0.180000,0.550000,standard
PCO0008556,TRF0008677,P03,8.858000,0.180000,1.030000,standard
PCO0008557,TRF0008678,P06,10.113000,0.180000,15.520000,standard
PCO0008558,TRF0008679,P03,11.077000,0.180000,6.050000,standard
PCO0008559,TRF0008680,P04,12.206000,0.180000,1.640000,standard
PCO0008560,TRF0008681,P05,7.038000,0.180000,1.790000,standard
PCO0008561,TRF0008682,P04,10.588000,0.180000,1.970000,standard
PCO0008562,TRF0008683,P01,9.101000,0.180000,6.250000,standard
PCO0008563,TRF0008684,P02,10.522000,0.180000,89.030000,standard
PCO0008564,TRF0008685,P05,6.183000,0.180000,3.720000,standard
PCO0008565,TRF0008686,P02,10.171000,0.180000,1.130000,standard
PCO0008566,TRF0008687,P02,11.117000,0.180000,0.610000,standard
PCO0008567,TRF0008688,P01,7.827000,0.180000,25.160000,standard
PCO0008568,TRF0008689,P06,11.144000,0.180000,17.850000,standard
PCO0008569,TRF0008690,P03,11.875000,0.180000,21.570000,standard
PCO0008570,TRF0008691,P04,13.021000,0.180000,0.690000,standard
PCO0008571,TRF0008692,P03,12.446000,0.180000,30.710000,standard
PCO0008572,TRF0008693,P03,10.656000,0.180000,0.470000,standard
PCO0008573,TRF0008694,P01,10.312000,0.180000,0.670000,standard
PCO0008574,TRF0008695,P04,12.566000,0.180000,0.510000,standard
PCO0008575,TRF0008696,P01,8.278000,0.180000,2.220000,standard
PCO0008576,TRF0008697,P03,10.008000,0.180000,0.470000,standard
PCO0008577,TRF0008698,P02,8.457000,0.180000,3.710000,standard
PCO0008578,TRF0008699,P03,10.396000,0.180000,0.760000,standard
PCO0008579,TRF0008700,P01,8.552000,0.180000,5.950000,standard
PCO0008580,TRF0008701,P02,11.034000,0.180000,1.360000,standard
PCO0008581,TRF0008702,P04,10.745000,0.180000,11.940000,standard
PCO0008582,TRF0008703,P05,8.994000,0.180000,0.750000,standard
PCO0008583,TRF0008704,P05,6.415000,0.180000,0.900000,standard
PCO0008584,TRF0008705,P03,9.491000,0.180000,32.860000,standard
PCO0008585,TRF0008706,P01,7.455000,0.180000,0.380000,standard
PCO0008586,TRF0008707,P03,8.909000,0.180000,1.220000,standard
PCO0008587,TRF0008708,P04,10.615000,0.180000,10.810000,standard
PCO0008588,TRF0008709,P03,9.680000,0.180000,20.400000,standard
PCO0008589,TRF0008710,P06,10.972000,0.180000,0.530000,standard
PCO0008590,TRF0008711,P02,11.384000,0.180000,0.590000,standard
PCO0008591,TRF0008712,P02,8.717000,0.180000,1.480000,standard
PCO0008592,TRF0008713,P02,8.855000,0.180000,0.550000,standard
PCO0008593,TRF0008714,P04,10.004000,0.180000,0.440000,standard
PCO0008594,TRF0008715,P02,20.771000,0.180000,7.660000,priority
PCO0008595,TRF0008716,P05,6.914000,0.180000,0.290000,standard
PCO0008596,TRF0008717,P06,9.513000,0.180000,4.710000,standard
PCO0008597,TRF0008718,P02,9.272000,0.180000,0.420000,standard
PCO0008598,TRF0008719,P06,11.728000,0.180000,6.440000,standard
PCO0008599,TRF0008720,P04,12.803000,0.180000,30.230000,standard
PCO0008600,TRF0008721,P03,9.852000,0.180000,0.800000,standard
PCO0008601,TRF0008722,P03,11.385000,0.180000,1.250000,standard
PCO0008602,TRF0008723,P04,10.337000,0.180000,10.710000,standard
PCO0008603,TRF0008724,P03,10.383000,0.180000,0.370000,standard
PCO0008604,TRF0008725,P06,11.565000,0.180000,0.550000,standard
PCO0008605,TRF0008726,P06,10.989000,0.180000,2.340000,standard
PCO0008606,TRF0008727,P02,11.274000,0.180000,8.960000,standard
PCO0008607,TRF0008728,P01,8.034000,0.180000,3.260000,standard
PCO0008608,TRF0008729,P03,12.352000,0.180000,5.270000,standard
PCO0008609,TRF0008730,P03,10.312000,0.180000,0.420000,standard
PCO0008610,TRF0008731,P02,11.039000,0.180000,4.410000,standard
PCO0008611,TRF0008732,P03,10.779000,0.180000,11.600000,standard
PCO0008612,TRF0008733,P02,9.257000,0.180000,0.410000,standard
PCO0008613,TRF0008734,P06,10.563000,0.180000,0.380000,standard
PCO0008614,TRF0008735,P02,20.873000,0.180000,1.400000,priority
PCO0008615,TRF0008736,P02,8.428000,0.180000,1.630000,standard
PCO0008616,TRF0008737,P02,7.585000,0.180000,0.410000,standard
PCO0008617,TRF0008738,P01,6.948000,0.180000,0.270000,standard
PCO0008618,TRF0008739,P03,10.633000,0.180000,0.520000,standard
PCO0008619,TRF0008740,P03,8.769000,0.180000,0.960000,standard
PCO0008620,TRF0008741,P01,8.363000,0.180000,7.620000,standard
PCO0008621,TRF0008742,P01,9.939000,0.180000,1.120000,standard
PCO0008622,TRF0008743,P02,9.938000,0.180000,0.730000,standard
PCO0008623,TRF0008744,P01,9.908000,0.180000,5.450000,standard
PCO0008624,TRF0008745,P02,10.088000,0.180000,1.230000,standard
PCO0008625,TRF0008746,P02,8.481000,0.180000,7.700000,standard
PCO0008626,TRF0008747,P06,9.190000,0.180000,12.620000,standard
PCO0008627,TRF0008748,P03,9.930000,0.180000,1.790000,standard
PCO0008628,TRF0008749,P01,7.691000,0.180000,10.980000,standard
PCO0008629,TRF0008750,P01,9.353000,0.180000,4.770000,standard
PCO0008630,TRF0008751,P06,8.834000,0.180000,1.010000,standard
PCO0008631,TRF0008752,P03,10.395000,0.180000,2.780000,standard
PCO0008632,TRF0008753,P06,10.376000,0.180000,0.850000,standard
PCO0008633,TRF0008754,P03,10.843000,0.180000,0.580000,standard
PCO0008634,TRF0008755,P03,10.420000,0.180000,1.240000,standard
PCO0008635,TRF0008756,P04,10.408000,0.180000,4.760000,standard
PCO0008636,TRF0008757,P03,9.927000,0.180000,21.330000,standard
PCO0008637,TRF0008758,P04,11.353000,0.180000,16.630000,standard
PCO0008638,TRF0008759,P06,10.173000,0.180000,0.770000,standard
PCO0008639,TRF0008760,P06,8.987000,0.180000,0.520000,standard
PCO0008640,TRF0008761,P04,11.576000,0.180000,2.550000,standard
PCO0008641,TRF0008762,P03,12.526000,0.180000,7.030000,standard
PCO0008642,TRF0008763,P06,10.729000,0.180000,1.240000,standard
PCO0008643,TRF0008764,P06,8.093000,0.180000,1.280000,standard
PCO0008644,TRF0008765,P04,11.344000,0.180000,0.810000,standard
PCO0008645,TRF0008766,P02,8.687000,0.180000,11.530000,standard
PCO0008646,TRF0008767,P04,11.484000,0.180000,3.150000,standard
PCO0008647,TRF0008768,P03,10.423000,0.180000,32.510000,standard
PCO0008648,TRF0008769,P04,10.577000,0.180000,1.030000,standard
PCO0008649,TRF0008770,P05,7.489000,0.180000,5.000000,standard
PCO0008650,TRF0008771,P05,7.070000,0.180000,0.290000,standard
PCO0008651,TRF0008772,P05,8.059000,0.180000,0.770000,standard
PCO0008652,TRF0008773,P02,21.174000,0.180000,0.970000,priority
PCO0008653,TRF0008774,P02,9.367000,0.180000,11.180000,standard
PCO0008654,TRF0008775,P04,11.303000,0.180000,0.840000,standard
PCO0008655,TRF0008776,P03,10.095000,0.180000,3.070000,standard
PCO0008656,TRF0008777,P03,11.903000,0.180000,1.750000,standard
PCO0008657,TRF0008778,P04,10.394000,0.180000,10.320000,standard
PCO0008658,TRF0008779,P01,7.144000,0.180000,0.530000,standard
PCO0008659,TRF0008780,P02,7.766000,0.180000,0.730000,standard
PCO0008660,TRF0008781,P02,10.445000,0.180000,9.650000,standard
PCO0008661,TRF0008782,P01,8.144000,0.180000,1.460000,standard
PCO0008662,TRF0008783,P01,10.230000,0.180000,1.080000,standard
PCO0008663,TRF0008784,P02,9.859000,0.180000,0.350000,standard
PCO0008664,TRF0008785,P03,10.158000,0.180000,7.140000,standard
PCO0008665,TRF0008786,P01,9.370000,0.180000,0.310000,standard
PCO0008666,TRF0008787,P06,7.784000,0.180000,0.440000,standard
PCO0008667,TRF0008788,P02,8.830000,0.180000,7.160000,standard
PCO0008668,TRF0008789,P01,10.735000,0.180000,12.830000,standard
PCO0008669,TRF0008790,P04,10.792000,0.180000,1.450000,standard
PCO0008670,TRF0008791,P02,8.302000,0.180000,39.270000,standard
PCO0008671,TRF0008792,P04,12.816000,0.180000,0.440000,standard
PCO0008672,TRF0008793,P03,10.304000,0.180000,1.650000,standard
PCO0008673,TRF0008794,P02,10.062000,0.180000,0.690000,standard
PCO0008674,TRF0008795,P05,7.125000,0.180000,6.000000,standard
PCO0008675,TRF0008796,P02,8.681000,0.180000,0.810000,standard
PCO0008676,TRF0008797,P03,9.761000,0.180000,6.820000,standard
PCO0008677,TRF0008798,P01,8.808000,0.180000,8.000000,standard
PCO0008678,TRF0008799,P03,9.932000,0.180000,1.960000,standard
PCO0008679,TRF0008800,P06,10.924000,0.180000,5.230000,standard
PCO0008680,TRF0008801,P02,10.254000,0.180000,0.570000,standard
PCO0008681,TRF0008802,P05,9.442000,0.180000,1.080000,standard
PCO0008682,TRF0008803,P02,9.822000,0.180000,6.650000,standard
PCO0008683,TRF0008804,P04,11.633000,0.180000,12.570000,standard
PCO0008684,TRF0008805,P05,7.353000,0.180000,0.350000,standard
PCO0008685,TRF0008806,P06,10.167000,0.180000,1.250000,standard
PCO0008686,TRF0008807,P02,21.304000,0.180000,1.270000,priority
PCO0008687,TRF0008808,P03,9.339000,0.180000,71.640000,standard
PCO0008688,TRF0008809,P01,7.458000,0.180000,5.870000,standard
PCO0008689,TRF0008810,P03,10.348000,0.180000,0.370000,standard
PCO0008690,TRF0008811,P03,11.866000,0.180000,7.430000,standard
PCO0008691,TRF0008812,P05,9.648000,0.180000,1.000000,standard
PCO0008692,TRF0008813,P04,10.579000,0.180000,8.620000,standard
PCO0008693,TRF0008814,P02,11.114000,0.180000,0.790000,standard
PCO0008694,TRF0008815,P05,8.043000,0.180000,6.970000,standard
PCO0008695,TRF0008816,P03,9.900000,0.180000,18.780000,standard
PCO0008696,TRF0008817,P02,11.086000,0.180000,1.400000,standard
PCO0008697,TRF0008818,P03,10.429000,0.180000,0.340000,standard
PCO0008698,TRF0008819,P03,12.699000,0.180000,0.610000,standard
PCO0008699,TRF0008820,P03,9.894000,0.180000,0.430000,standard
PCO0008700,TRF0008821,P01,7.692000,0.180000,8.660000,standard
PCO0008701,TRF0008822,P01,7.484000,0.180000,4.210000,standard
PCO0008702,TRF0008823,P05,8.592000,0.180000,0.470000,standard
PCO0008703,TRF0008824,P04,10.975000,0.180000,0.560000,standard
PCO0008704,TRF0008825,P05,7.441000,0.180000,37.860000,standard
PCO0008705,TRF0008826,P01,9.029000,0.180000,2.670000,standard
PCO0008706,TRF0008827,P04,9.536000,0.180000,15.390000,standard
PCO0008707,TRF0008828,P03,10.732000,0.180000,1.190000,standard
PCO0008708,TRF0008829,P05,7.390000,0.180000,1.250000,standard
PCO0008709,TRF0008830,P01,8.086000,0.180000,0.450000,standard
PCO0008710,TRF0008831,P02,8.136000,0.180000,1.630000,standard
PCO0008711,TRF0008832,P04,12.843000,0.180000,0.490000,standard
PCO0008712,TRF0008833,P06,11.171000,0.180000,2.910000,standard
PCO0008713,TRF0008834,P05,8.516000,0.180000,0.340000,standard
PCO0008714,TRF0008835,P03,11.539000,0.180000,3.040000,standard
PCO0008715,TRF0008836,P02,10.185000,0.180000,1.010000,standard
PCO0008716,TRF0008837,P02,8.342000,0.180000,0.920000,standard
PCO0008717,TRF0008838,P04,12.490000,0.180000,0.400000,standard
PCO0008718,TRF0008839,P05,7.531000,0.180000,14.150000,standard
PCO0008719,TRF0008840,P06,10.721000,0.180000,0.590000,standard
PCO0008720,TRF0008841,P06,10.303000,0.180000,49.860000,standard
PCO0008721,TRF0008842,P03,10.826000,0.180000,0.780000,standard
PCO0008722,TRF0008843,P05,7.484000,0.180000,1.360000,standard
PCO0008723,TRF0008844,P01,8.075000,0.180000,1.700000,standard
PCO0008724,TRF0008845,P01,7.851000,0.180000,19.140000,standard
PCO0008725,TRF0008847,P01,7.726000,0.180000,0.730000,standard
PCO0008726,TRF0008848,P01,8.222000,0.180000,0.600000,standard
PCO0008727,TRF0008850,P05,7.602000,0.180000,22.520000,standard
PCO0008728,TRF0008851,P04,11.158000,0.180000,13.000000,standard
PCO0008729,TRF0008852,P05,6.351000,0.180000,0.440000,standard
PCO0008730,TRF0008853,P05,7.898000,0.180000,11.480000,standard
PCO0008731,TRF0008854,P01,9.119000,0.180000,0.600000,standard
PCO0008732,TRF0008855,P05,8.862000,0.180000,16.030000,standard
PCO0008733,TRF0008856,P05,7.195000,0.180000,0.840000,standard
PCO0008734,TRF0008857,P01,9.516000,0.180000,9.400000,standard
PCO0008735,TRF0008858,P01,7.039000,0.180000,7.750000,standard
PCO0008736,TRF0008859,P06,9.960000,0.180000,4.040000,standard
PCO0008737,TRF0008860,P01,9.262000,0.180000,0.390000,standard
PCO0008738,TRF0008861,P04,12.119000,0.180000,0.410000,standard
PCO0008739,TRF0008862,P02,10.179000,0.180000,0.420000,standard
PCO0008740,TRF0008863,P03,10.395000,0.180000,7.840000,standard
PCO0008741,TRF0008864,P01,7.484000,0.180000,1.500000,standard
PCO0008742,TRF0008865,P03,9.790000,0.180000,0.390000,standard
PCO0008743,TRF0008866,P03,9.409000,0.180000,31.500000,standard
PCO0008744,TRF0008867,P02,20.801000,0.180000,5.790000,priority
PCO0008745,TRF0008868,P02,7.968000,0.180000,0.930000,standard
PCO0008746,TRF0008869,P02,21.450000,0.180000,1.610000,priority
PCO0008747,TRF0008870,P06,9.001000,0.180000,0.960000,standard
PCO0008748,TRF0008871,P04,13.138000,0.180000,0.910000,standard
PCO0008749,TRF0008872,P04,12.635000,0.180000,0.810000,standard
PCO0008750,TRF0008873,P01,7.212000,0.180000,1.680000,standard
PCO0008751,TRF0008875,P03,12.817000,0.180000,1.100000,standard
PCO0008752,TRF0008876,P01,7.802000,0.180000,37.290000,standard
PCO0008753,TRF0008877,P02,10.620000,0.180000,0.360000,standard
PCO0008754,TRF0008878,P02,20.746000,0.180000,4.830000,priority
PCO0008755,TRF0008879,P06,11.290000,0.180000,1.800000,standard
PCO0008756,TRF0008880,P01,8.313000,0.180000,1.940000,standard
PCO0008757,TRF0008881,P04,10.271000,0.180000,8.830000,standard
PCO0008758,TRF0008882,P04,10.477000,0.180000,0.620000,standard
PCO0008759,TRF0008883,P05,9.001000,0.180000,8.690000,standard
PCO0008760,TRF0008884,P06,9.020000,0.180000,1.700000,standard
PCO0008761,TRF0008885,P04,12.045000,0.180000,22.010000,standard
PCO0008762,TRF0008886,P05,8.164000,0.180000,3.330000,standard
PCO0008763,TRF0008887,P05,10.109000,0.180000,2.770000,standard
PCO0008764,TRF0008888,P01,9.729000,0.180000,0.360000,standard
PCO0008765,TRF0008889,P06,11.092000,0.180000,0.300000,standard
PCO0008766,TRF0008890,P05,9.025000,0.180000,5.510000,standard
PCO0008767,TRF0008891,P05,9.739000,0.180000,2.480000,standard
PCO0008768,TRF0008892,P06,8.127000,0.180000,12.060000,standard
PCO0008769,TRF0008893,P06,10.389000,0.180000,1.070000,standard
PCO0008770,TRF0008894,P06,9.054000,0.180000,1.040000,standard
PCO0008771,TRF0008895,P02,8.206000,0.180000,3.010000,standard
PCO0008772,TRF0008896,P06,8.855000,0.180000,10.960000,standard
PCO0008773,TRF0008897,P02,20.998000,0.180000,1.110000,priority
PCO0008774,TRF0008898,P02,8.358000,0.180000,0.460000,standard
PCO0008775,TRF0008899,P03,11.620000,0.180000,1.680000,standard
PCO0008776,TRF0008901,P02,10.446000,0.180000,0.510000,standard
PCO0008777,TRF0008902,P01,8.398000,0.180000,0.920000,standard
PCO0008778,TRF0008903,P02,9.085000,0.180000,0.640000,standard
PCO0008779,TRF0008904,P02,9.262000,0.180000,0.380000,standard
PCO0008780,TRF0008905,P01,7.691000,0.180000,2.130000,standard
PCO0008781,TRF0008906,P03,10.821000,0.180000,1.120000,standard
PCO0008782,TRF0008907,P02,20.627000,0.180000,2.880000,priority
PCO0008783,TRF0008908,P04,12.127000,0.180000,7.060000,standard
PCO0008784,TRF0008909,P05,8.100000,0.180000,0.500000,standard
PCO0008785,TRF0008910,P06,8.616000,0.180000,1.340000,standard
PCO0008786,TRF0008911,P06,10.042000,0.180000,2.570000,standard
PCO0008787,TRF0008912,P02,8.269000,0.180000,1.160000,standard
PCO0008788,TRF0008913,P04,10.442000,0.180000,0.280000,standard
PCO0008789,TRF0008914,P06,10.698000,0.180000,2.090000,standard
PCO0008790,TRF0008915,P01,8.278000,0.180000,0.700000,standard
PCO0008791,TRF0008916,P05,8.548000,0.180000,1.030000,standard
PCO0008792,TRF0008917,P01,7.821000,0.180000,0.490000,standard
PCO0008793,TRF0008918,P02,11.057000,0.180000,1.210000,standard
PCO0008794,TRF0008919,P04,11.675000,0.180000,1.590000,standard
PCO0008795,TRF0008920,P05,8.832000,0.180000,0.750000,standard
PCO0008796,TRF0008921,P05,7.331000,0.180000,0.840000,standard
PCO0008797,TRF0008922,P06,12.041000,0.180000,1.980000,standard
PCO0008798,TRF0008923,P05,9.670000,0.180000,8.340000,standard
PCO0008799,TRF0008924,P01,6.862000,0.180000,1.230000,standard
PCO0008800,TRF0008925,P01,9.036000,0.180000,2.090000,standard
PCO0008801,TRF0008926,P05,6.082000,0.180000,0.650000,standard
PCO0008802,TRF0008927,P01,7.093000,0.180000,0.530000,standard
PCO0008803,TRF0008928,P02,21.313000,0.180000,22.930000,priority
PCO0008804,TRF0008929,P01,6.452000,0.180000,8.250000,standard
PCO0008805,TRF0008930,P05,8.136000,0.180000,14.400000,standard
PCO0008806,TRF0008931,P02,10.111000,0.180000,0.580000,standard
PCO0008807,TRF0008932,P01,9.528000,0.180000,0.490000,standard
PCO0008808,TRF0008933,P01,8.483000,0.180000,0.970000,standard
PCO0008809,TRF0008934,P04,12.104000,0.180000,0.710000,standard
PCO0008810,TRF0008935,P02,21.069000,0.180000,0.580000,priority
PCO0008811,TRF0008936,P06,11.100000,0.180000,21.580000,standard
PCO0008812,TRF0008937,P05,6.916000,0.180000,0.820000,standard
PCO0008813,TRF0008938,P03,9.259000,0.180000,11.150000,standard
PCO0008814,TRF0008939,P01,8.974000,0.180000,18.530000,standard
PCO0008815,TRF0008940,P03,9.439000,0.180000,0.960000,standard
PCO0008816,TRF0008941,P02,9.956000,0.180000,0.510000,standard
PCO0008817,TRF0008942,P06,10.298000,0.180000,1.520000,standard
PCO0008818,TRF0008943,P06,9.371000,0.180000,2.260000,standard
PCO0008819,TRF0008944,P03,11.852000,0.180000,1.870000,standard
PCO0008820,TRF0008945,P03,11.986000,0.180000,0.700000,standard
PCO0008821,TRF0008946,P04,10.413000,0.180000,0.370000,standard
PCO0008822,TRF0008947,P01,7.666000,0.180000,1.380000,standard
PCO0008823,TRF0008948,P01,8.695000,0.180000,0.780000,standard
PCO0008824,TRF0008949,P05,7.070000,0.180000,3.510000,standard
PCO0008825,TRF0008950,P01,9.346000,0.180000,7.610000,standard
PCO0008826,TRF0008951,P06,9.403000,0.180000,2.950000,standard
PCO0008827,TRF0008952,P06,8.311000,0.180000,1.970000,standard
PCO0008828,TRF0008953,P01,8.898000,0.180000,0.550000,standard
PCO0008829,TRF0008954,P03,11.659000,0.180000,1.600000,standard
PCO0008830,TRF0008955,P02,10.378000,0.180000,1.120000,standard
PCO0008831,TRF0008956,P03,8.410000,0.180000,15.190000,standard
PCO0008832,TRF0008957,P03,9.142000,0.180000,16.230000,standard
PCO0008833,TRF0008958,P02,8.599000,0.180000,0.550000,standard
PCO0008834,TRF0008959,P04,10.660000,0.180000,0.980000,standard
PCO0008835,TRF0008960,P05,8.547000,0.180000,9.650000,standard
PCO0008836,TRF0008961,P02,7.977000,0.180000,0.920000,standard
PCO0008837,TRF0008962,P05,6.207000,0.180000,0.390000,standard
PCO0008838,TRF0008963,P03,9.009000,0.180000,1.340000,standard
PCO0008839,TRF0008964,P04,12.081000,0.180000,1.450000,standard
PCO0008840,TRF0008965,P06,8.603000,0.180000,0.350000,standard
PCO0008841,TRF0008967,P03,9.240000,0.180000,3.150000,standard
PCO0008842,TRF0008968,P03,10.386000,0.180000,10.100000,standard
PCO0008843,TRF0008969,P03,12.113000,0.180000,1.220000,standard
PCO0008844,TRF0008970,P02,8.871000,0.180000,0.220000,standard
PCO0008845,TRF0008971,P01,9.788000,0.180000,1.230000,standard
PCO0008846,TRF0008972,P05,6.668000,0.180000,0.960000,standard
PCO0008847,TRF0008973,P05,8.265000,0.180000,5.060000,standard
PCO0008848,TRF0008974,P03,11.455000,0.180000,0.560000,standard
PCO0008849,TRF0008975,P06,8.749000,0.180000,0.630000,standard
PCO0008850,TRF0008976,P04,11.946000,0.180000,2.050000,standard
PCO0008851,TRF0008977,P03,9.597000,0.180000,0.440000,standard
PCO0008852,TRF0008978,P04,12.620000,0.180000,1.880000,standard
PCO0008853,TRF0008979,P01,6.420000,0.180000,1.250000,standard
PCO0008854,TRF0008980,P03,11.108000,0.180000,0.260000,standard
PCO0008855,TRF0008981,P02,9.654000,0.180000,6.900000,standard
PCO0008856,TRF0008982,P01,9.854000,0.180000,2.740000,standard
PCO0008857,TRF0008983,P04,12.294000,0.180000,1.230000,standard
PCO0008858,TRF0008984,P04,11.578000,0.180000,18.060000,standard
PCO0008859,TRF0008985,P05,7.362000,0.180000,0.370000,standard
PCO0008860,TRF0008986,P02,9.184000,0.180000,0.420000,standard
PCO0008861,TRF0008987,P04,13.144000,0.180000,1.970000,standard
PCO0008862,TRF0008988,P06,8.697000,0.180000,0.560000,standard
PCO0008863,TRF0008989,P02,9.766000,0.180000,12.200000,standard
PCO0008864,TRF0008990,P02,10.156000,0.180000,0.400000,standard
PCO0008865,TRF0008991,P06,11.698000,0.180000,1.880000,standard
PCO0008866,TRF0008992,P03,10.533000,0.180000,0.970000,standard
PCO0008867,TRF0008993,P01,10.704000,0.180000,0.830000,standard
PCO0008868,TRF0008994,P03,10.565000,0.180000,0.610000,standard
PCO0008869,TRF0008995,P05,7.246000,0.180000,0.620000,standard
PCO0008870,TRF0008996,P01,7.041000,0.180000,6.900000,standard
PCO0008871,TRF0008997,P04,12.614000,0.180000,1.970000,standard
PCO0008872,TRF0008998,P02,10.477000,0.180000,0.730000,standard
PCO0008873,TRF0008999,P01,10.022000,0.180000,15.390000,standard
PCO0008874,TRF0009000,P04,11.893000,0.180000,15.240000,standard
PCO0008875,TRF0009001,P03,9.968000,0.180000,1.010000,standard
PCO0008876,TRF0009002,P02,7.640000,0.180000,1.740000,standard
PCO0008877,TRF0009003,P05,9.009000,0.180000,0.630000,standard
PCO0008878,TRF0009004,P01,9.255000,0.180000,3.010000,standard
PCO0008879,TRF0009005,P04,10.428000,0.180000,0.740000,standard
PCO0008880,TRF0009006,P06,9.698000,0.180000,1.330000,standard
PCO0008881,TRF0009007,P03,8.074000,0.180000,1.020000,standard
PCO0008882,TRF0009008,P05,7.013000,0.180000,0.270000,standard
PCO0008883,TRF0009009,P02,20.410000,0.180000,0.510000,priority
PCO0008884,TRF0009010,P04,10.590000,0.180000,0.350000,standard
PCO0008885,TRF0009011,P04,10.419000,0.180000,1.890000,standard
PCO0008886,TRF0009012,P05,7.155000,0.180000,0.400000,standard
PCO0008887,TRF0009013,P04,10.689000,0.180000,0.660000,standard
PCO0008888,TRF0009014,P01,9.724000,0.180000,4.310000,standard
PCO0008889,TRF0009015,P03,10.523000,0.180000,1.460000,standard
PCO0008890,TRF0009016,P03,11.459000,0.180000,0.580000,standard
PCO0008891,TRF0009017,P01,7.144000,0.180000,0.570000,standard
PCO0008892,TRF0009018,P04,11.733000,0.180000,0.610000,standard
PCO0008893,TRF0009019,P03,9.689000,0.180000,0.700000,standard
PCO0008894,TRF0009020,P05,7.642000,0.180000,0.400000,standard
PCO0008895,TRF0009021,P01,7.859000,0.180000,0.460000,standard
PCO0008896,TRF0009022,P05,8.111000,0.180000,37.400000,standard
PCO0008897,TRF0009023,P06,10.450000,0.180000,10.440000,standard
PCO0008898,TRF0009024,P05,6.892000,0.180000,4.060000,standard
PCO0008899,TRF0009025,P01,7.281000,0.180000,0.240000,standard
PCO0008900,TRF0009026,P05,7.428000,0.180000,21.440000,standard
PCO0008901,TRF0009027,P03,10.165000,0.180000,9.920000,standard
PCO0008902,TRF0009028,P02,10.018000,0.180000,4.640000,standard
PCO0008903,TRF0009029,P02,10.628000,0.180000,1.190000,standard
PCO0008904,TRF0009030,P02,9.200000,0.180000,0.440000,standard
PCO0008905,TRF0009031,P02,9.591000,0.180000,0.460000,standard
PCO0008906,TRF0009032,P03,9.407000,0.180000,0.410000,standard
PCO0008907,TRF0009033,P05,7.949000,0.180000,2.070000,standard
PCO0008908,TRF0009034,P02,9.990000,0.180000,1.380000,standard
PCO0008909,TRF0009035,P03,9.441000,0.180000,10.430000,standard
PCO0008910,TRF0009036,P05,6.586000,0.180000,0.720000,standard
PCO0008911,TRF0009037,P01,7.727000,0.180000,1.540000,standard
PCO0008912,TRF0009038,P04,10.814000,0.180000,17.470000,standard
PCO0008913,TRF0009039,P04,12.425000,0.180000,0.960000,standard
PCO0008914,TRF0009040,P03,11.925000,0.180000,0.330000,standard
PCO0008915,TRF0009041,P04,9.969000,0.180000,1.320000,standard
PCO0008916,TRF0009042,P03,9.711000,0.180000,4.170000,standard
PCO0008917,TRF0009043,P02,21.162000,0.180000,4.940000,priority
PCO0008918,TRF0009044,P01,9.357000,0.180000,0.700000,standard
PCO0008919,TRF0009045,P03,8.860000,0.180000,10.080000,standard
PCO0008920,TRF0009046,P01,9.770000,0.180000,4.070000,standard
PCO0008921,TRF0009047,P04,10.193000,0.180000,0.330000,standard
PCO0008922,TRF0009048,P04,10.335000,0.180000,0.620000,standard
PCO0008923,TRF0009049,P02,9.351000,0.180000,0.600000,standard
PCO0008924,TRF0009050,P05,6.991000,0.180000,7.930000,standard
PCO0008925,TRF0009051,P05,7.315000,0.180000,0.340000,standard
PCO0008926,TRF0009052,P01,9.040000,0.180000,2.770000,standard
PCO0008927,TRF0009053,P02,11.616000,0.180000,2.630000,standard
PCO0008928,TRF0009054,P05,8.233000,0.180000,0.690000,standard
PCO0008929,TRF0009055,P05,9.191000,0.180000,0.570000,standard
PCO0008930,TRF0009056,P04,11.627000,0.180000,1.050000,standard
PCO0008931,TRF0009057,P04,12.286000,0.180000,0.580000,standard
PCO0008932,TRF0009058,P03,9.302000,0.180000,0.650000,standard
PCO0008933,TRF0009059,P06,11.253000,0.180000,0.540000,standard
PCO0008934,TRF0009060,P01,9.419000,0.180000,0.330000,standard
PCO0008935,TRF0009061,P06,7.931000,0.180000,1.760000,standard
PCO0008936,TRF0009062,P02,11.500000,0.180000,27.210000,standard
PCO0008937,TRF0009063,P06,10.612000,0.180000,16.460000,standard
PCO0008938,TRF0009064,P01,9.875000,0.180000,0.500000,standard
PCO0008939,TRF0009065,P02,9.730000,0.180000,0.690000,standard
PCO0008940,TRF0009066,P03,9.300000,0.180000,0.430000,standard
PCO0008941,TRF0009067,P04,10.203000,0.180000,6.740000,standard
PCO0008942,TRF0009068,P01,6.068000,0.180000,0.270000,standard
PCO0008943,TRF0009069,P02,8.711000,0.180000,31.870000,standard
PCO0008944,TRF0009070,P01,7.276000,0.180000,1.840000,standard
PCO0008945,TRF0009071,P06,10.095000,0.180000,6.650000,standard
PCO0008946,TRF0009072,P04,13.062000,0.180000,8.330000,standard
PCO0008947,TRF0009073,P04,11.172000,0.180000,3.020000,standard
PCO0008948,TRF0009074,P02,9.162000,0.180000,2.230000,standard
PCO0008949,TRF0009075,P05,8.873000,0.180000,0.380000,standard
PCO0008950,TRF0009076,P05,9.562000,0.180000,0.410000,standard
PCO0008951,TRF0009077,P01,9.258000,0.180000,1.020000,standard
PCO0008952,TRF0009078,P04,11.759000,0.180000,0.970000,standard
PCO0008953,TRF0009079,P03,10.648000,0.180000,1.330000,standard
PCO0008954,TRF0009080,P02,11.462000,0.180000,3.560000,standard
PCO0008955,TRF0009081,P03,9.182000,0.180000,0.260000,standard
PCO0008956,TRF0009082,P06,9.509000,0.180000,1.160000,standard
PCO0008957,TRF0009083,P03,9.582000,0.180000,8.630000,standard
PCO0008958,TRF0009084,P06,8.892000,0.180000,0.420000,standard
PCO0008959,TRF0009085,P04,9.520000,0.180000,0.780000,standard
PCO0008960,TRF0009086,P06,10.059000,0.180000,3.750000,standard
PCO0008961,TRF0009087,P03,9.637000,0.180000,24.000000,standard
PCO0008962,TRF0009088,P03,11.063000,0.180000,0.850000,standard
PCO0008963,TRF0009089,P03,9.331000,0.180000,4.870000,standard
PCO0008964,TRF0009090,P04,10.964000,0.180000,1.500000,standard
PCO0008965,TRF0009091,P02,20.967000,0.180000,8.470000,priority
PCO0008966,TRF0009092,P05,7.445000,0.180000,0.430000,standard
PCO0008967,TRF0009093,P05,8.287000,0.180000,1.870000,standard
PCO0008968,TRF0009094,P02,8.619000,0.180000,1.490000,standard
PCO0008969,TRF0009095,P06,8.950000,0.180000,0.600000,standard
PCO0008970,TRF0009096,P01,8.842000,0.180000,2.940000,standard
PCO0008971,TRF0009097,P04,13.328000,0.180000,3.990000,standard
PCO0008972,TRF0009098,P02,21.190000,0.180000,3.880000,priority
PCO0008973,TRF0009099,P04,11.536000,0.180000,1.970000,standard
PCO0008974,TRF0009100,P02,7.694000,0.180000,0.450000,standard
PCO0008975,TRF0009101,P03,10.257000,0.180000,1.460000,standard
PCO0008976,TRF0009102,P01,9.511000,0.180000,1.280000,standard
PCO0008977,TRF0009103,P01,9.124000,0.180000,3.650000,standard
PCO0008978,TRF0009104,P01,10.238000,0.180000,4.360000,standard
PCO0008979,TRF0009105,P06,8.925000,0.180000,0.630000,standard
PCO0008980,TRF0009106,P01,7.920000,0.180000,2.050000,standard
PCO0008981,TRF0009107,P06,8.444000,0.180000,0.800000,standard
PCO0008982,TRF0009108,P05,8.542000,0.180000,2.220000,standard
PCO0008983,TRF0009110,P04,9.478000,0.180000,6.360000,standard
PCO0008984,TRF0009111,P02,10.115000,0.180000,0.780000,standard
PCO0008985,TRF0009112,P02,21.090000,0.180000,13.410000,priority
PCO0008986,TRF0009113,P02,7.777000,0.180000,16.220000,standard
PCO0008987,TRF0009114,P02,10.448000,0.180000,0.700000,standard
PCO0008988,TRF0009115,P06,8.977000,0.180000,4.810000,standard
PCO0008989,TRF0009116,P01,7.916000,0.180000,0.500000,standard
PCO0008990,TRF0009117,P06,8.657000,0.180000,7.350000,standard
PCO0008991,TRF0009118,P06,11.414000,0.180000,0.760000,standard
PCO0008992,TRF0009119,P04,10.283000,0.180000,0.650000,standard
PCO0008993,TRF0009120,P02,7.480000,0.180000,0.850000,standard
PCO0008994,TRF0009121,P01,9.469000,0.180000,2.440000,standard
PCO0008995,TRF0009122,P01,10.735000,0.180000,0.440000,standard
PCO0008996,TRF0009123,P01,7.242000,0.180000,2.240000,standard
PCO0008997,TRF0009124,P04,12.293000,0.180000,1.610000,standard
PCO0008998,TRF0009125,P06,9.268000,0.180000,1.890000,standard
PCO0008999,TRF0009126,P01,9.152000,0.180000,0.950000,standard
PCO0009000,TRF0009127,P04,10.321000,0.180000,0.290000,standard
PCO0009001,TRF0009128,P05,7.166000,0.180000,0.460000,standard
PCO0009002,TRF0009129,P02,9.402000,0.180000,0.760000,standard
PCO0009003,TRF0009130,P01,7.073000,0.180000,0.650000,standard
PCO0009004,TRF0009131,P02,11.531000,0.180000,28.050000,standard
PCO0009005,TRF0009132,P02,20.288000,0.180000,0.740000,priority
PCO0009006,TRF0009133,P02,11.508000,0.180000,1.720000,standard
PCO0009007,TRF0009134,P02,8.191000,0.180000,7.450000,standard
PCO0009008,TRF0009135,P03,9.916000,0.180000,0.870000,standard
PCO0009009,TRF0009136,P01,7.878000,0.180000,1.130000,standard
PCO0009010,TRF0009137,P01,9.013000,0.180000,0.270000,standard
PCO0009011,TRF0009138,P01,9.176000,0.180000,13.660000,standard
PCO0009012,TRF0009139,P05,9.488000,0.180000,0.500000,standard
PCO0009013,TRF0009140,P01,7.592000,0.180000,15.420000,standard
PCO0009014,TRF0009141,P03,12.012000,0.180000,5.840000,standard
PCO0009015,TRF0009142,P02,8.348000,0.180000,0.450000,standard
PCO0009016,TRF0009143,P02,9.709000,0.180000,7.010000,standard
PCO0009017,TRF0009144,P06,8.942000,0.180000,0.500000,standard
PCO0009018,TRF0009145,P01,8.402000,0.180000,1.170000,standard
PCO0009019,TRF0009146,P03,9.597000,0.180000,3.150000,standard
PCO0009020,TRF0009147,P05,7.372000,0.180000,3.230000,standard
PCO0009021,TRF0009148,P05,6.499000,0.180000,0.500000,standard
PCO0009022,TRF0009149,P04,11.858000,0.180000,7.850000,standard
PCO0009023,TRF0009150,P02,8.339000,0.180000,5.630000,standard
PCO0009024,TRF0009151,P06,8.841000,0.180000,0.830000,standard
PCO0009025,TRF0009152,P03,9.318000,0.180000,2.270000,standard
PCO0009026,TRF0009153,P06,12.638000,0.180000,0.630000,standard
PCO0009027,TRF0009154,P01,8.915000,0.180000,0.740000,standard
PCO0009028,TRF0009155,P04,13.451000,0.180000,33.520000,standard
PCO0009029,TRF0009156,P03,9.677000,0.180000,0.250000,standard
PCO0009030,TRF0009158,P04,10.371000,0.180000,6.610000,standard
PCO0009031,TRF0009159,P03,9.753000,0.180000,0.460000,standard
PCO0009032,TRF0009160,P01,8.680000,0.180000,44.760000,standard
PCO0009033,TRF0009161,P02,10.385000,0.180000,1.510000,standard
PCO0009034,TRF0009162,P02,8.214000,0.180000,0.340000,standard
PCO0009035,TRF0009163,P05,6.608000,0.180000,9.280000,standard
PCO0009036,TRF0009164,P04,12.639000,0.180000,0.950000,standard
PCO0009037,TRF0009165,P03,10.791000,0.180000,6.970000,standard
PCO0009038,TRF0009166,P01,7.833000,0.180000,3.250000,standard
PCO0009039,TRF0009167,P04,11.131000,0.180000,0.420000,standard
PCO0009040,TRF0009168,P04,11.708000,0.180000,5.700000,standard
PCO0009041,TRF0009169,P02,8.373000,0.180000,0.820000,standard
PCO0009042,TRF0009170,P02,21.067000,0.180000,8.430000,priority
PCO0009043,TRF0009171,P01,8.622000,0.180000,0.540000,standard
PCO0009044,TRF0009172,P04,9.877000,0.180000,2.410000,standard
PCO0009045,TRF0009173,P04,12.818000,0.180000,23.150000,standard
PCO0009046,TRF0009174,P03,9.717000,0.180000,1.200000,standard
PCO0009047,TRF0009175,P01,7.901000,0.180000,0.490000,standard
PCO0009048,TRF0009176,P06,11.123000,0.180000,1.470000,standard
PCO0009049,TRF0009177,P04,9.897000,0.180000,0.700000,standard
PCO0009050,TRF0009178,P06,9.082000,0.180000,0.360000,standard
PCO0009051,TRF0009179,P04,12.168000,0.180000,1.930000,standard
PCO0009052,TRF0009180,P01,7.136000,0.180000,13.750000,standard
PCO0009053,TRF0009182,P03,11.338000,0.180000,0.330000,standard
PCO0009054,TRF0009183,P02,8.806000,0.180000,0.330000,standard
PCO0009055,TRF0009184,P01,10.178000,0.180000,0.380000,standard
PCO0009056,TRF0009185,P02,8.208000,0.180000,0.430000,standard
PCO0009057,TRF0009186,P04,11.773000,0.180000,3.120000,standard
PCO0009058,TRF0009187,P02,8.053000,0.180000,0.350000,standard
PCO0009059,TRF0009188,P01,9.237000,0.180000,1.530000,standard
PCO0009060,TRF0009189,P01,8.877000,0.180000,3.380000,standard
PCO0009061,TRF0009190,P02,10.094000,0.180000,1.780000,standard
PCO0009062,TRF0009191,P05,6.386000,0.180000,0.950000,standard
PCO0009063,TRF0009192,P02,11.637000,0.180000,0.690000,standard
PCO0009064,TRF0009193,P06,9.045000,0.180000,0.330000,standard
PCO0009065,TRF0009194,P01,7.735000,0.180000,1.130000,standard
PCO0009066,TRF0009195,P06,8.037000,0.180000,0.460000,standard
PCO0009067,TRF0009196,P03,11.374000,0.180000,4.510000,standard
PCO0009068,TRF0009197,P05,7.418000,0.180000,0.870000,standard
PCO0009069,TRF0009198,P01,9.812000,0.180000,1.220000,standard
PCO0009070,TRF0009199,P03,11.172000,0.180000,0.620000,standard
PCO0009071,TRF0009200,P04,12.245000,0.180000,1.550000,standard
PCO0009072,TRF0009201,P03,11.135000,0.180000,0.690000,standard
PCO0009073,TRF0009202,P01,10.014000,0.180000,0.860000,standard
PCO0009074,TRF0009203,P02,8.364000,0.180000,11.300000,standard
PCO0009075,TRF0009204,P02,10.608000,0.180000,1.040000,standard
PCO0009076,TRF0009205,P04,10.280000,0.180000,0.750000,standard
PCO0009077,TRF0009206,P03,8.672000,0.180000,0.490000,standard
PCO0009078,TRF0009207,P01,10.442000,0.180000,1.550000,standard
PCO0009079,TRF0009208,P02,20.829000,0.180000,1.400000,priority
PCO0009080,TRF0009209,P02,8.565000,0.180000,13.810000,standard
PCO0009081,TRF0009210,P01,9.126000,0.180000,14.450000,standard
PCO0009082,TRF0009211,P04,10.272000,0.180000,3.790000,standard
PCO0009083,TRF0009212,P06,9.566000,0.180000,0.510000,standard
PCO0009084,TRF0009213,P02,8.340000,0.180000,0.910000,standard
PCO0009085,TRF0009214,P01,6.964000,0.180000,12.310000,standard
PCO0009086,TRF0009215,P01,8.331000,0.180000,3.410000,standard
PCO0009087,TRF0009216,P05,7.132000,0.180000,0.330000,standard
PCO0009088,TRF0009217,P06,9.475000,0.180000,0.770000,standard
PCO0009089,TRF0009218,P06,8.774000,0.180000,4.330000,standard
PCO0009090,TRF0009219,P06,11.968000,0.180000,5.200000,standard
PCO0009091,TRF0009220,P01,7.929000,0.180000,0.840000,standard
PCO0009092,TRF0009221,P03,11.132000,0.180000,34.470000,standard
PCO0009093,TRF0009222,P04,12.471000,0.180000,1.910000,standard
PCO0009094,TRF0009223,P02,8.394000,0.180000,0.370000,standard
PCO0009095,TRF0009224,P02,8.508000,0.180000,5.550000,standard
PCO0009096,TRF0009225,P04,11.560000,0.180000,1.690000,standard
PCO0009097,TRF0009226,P02,10.301000,0.180000,23.190000,standard
PCO0009098,TRF0009227,P01,7.580000,0.180000,0.310000,standard
PCO0009099,TRF0009229,P06,9.027000,0.180000,7.080000,standard
PCO0009100,TRF0009230,P06,9.085000,0.180000,8.440000,standard
PCO0009101,TRF0009231,P06,10.701000,0.180000,1.480000,standard
PCO0009102,TRF0009232,P02,9.139000,0.180000,0.900000,standard
PCO0009103,TRF0009233,P04,9.775000,0.180000,20.070000,standard
PCO0009104,TRF0009234,P05,8.146000,0.180000,0.380000,standard
PCO0009105,TRF0009235,P01,9.086000,0.180000,2.510000,standard
PCO0009106,TRF0009236,P01,9.107000,0.180000,0.380000,standard
PCO0009107,TRF0009237,P05,7.750000,0.180000,0.550000,standard
PCO0009108,TRF0009238,P04,10.658000,0.180000,1.640000,standard
PCO0009109,TRF0009239,P02,8.345000,0.180000,0.560000,standard
PCO0009110,TRF0009240,P05,7.156000,0.180000,37.560000,standard
PCO0009111,TRF0009241,P02,21.426000,0.180000,0.540000,priority
PCO0009112,TRF0009242,P02,20.529000,0.180000,11.100000,priority
PCO0009113,TRF0009243,P03,9.246000,0.180000,0.540000,standard
PCO0009114,TRF0009244,P01,8.235000,0.180000,0.520000,standard
PCO0009115,TRF0009245,P05,7.468000,0.180000,1.900000,standard
PCO0009116,TRF0009246,P01,8.989000,0.180000,5.440000,standard
PCO0009117,TRF0009247,P04,10.346000,0.180000,0.450000,standard
PCO0009118,TRF0009248,P02,7.391000,0.180000,0.300000,standard
PCO0009119,TRF0009249,P04,10.060000,0.180000,5.510000,standard
PCO0009120,TRF0009250,P02,9.495000,0.180000,0.490000,standard
PCO0009121,TRF0009251,P03,10.453000,0.180000,8.670000,standard
PCO0009122,TRF0009252,P01,8.846000,0.180000,0.420000,standard
PCO0009123,TRF0009253,P02,10.406000,0.180000,1.110000,standard
PCO0009124,TRF0009254,P03,11.445000,0.180000,1.460000,standard
PCO0009125,TRF0009255,P02,8.437000,0.180000,1.190000,standard
PCO0009126,TRF0009256,P03,10.650000,0.180000,0.760000,standard
PCO0009127,TRF0009257,P01,9.166000,0.180000,0.360000,standard
PCO0009128,TRF0009258,P02,10.834000,0.180000,3.200000,standard
PCO0009129,TRF0009259,P02,8.408000,0.180000,0.930000,standard
PCO0009130,TRF0009260,P03,9.970000,0.180000,3.200000,standard
PCO0009131,TRF0009261,P01,7.594000,0.180000,0.460000,standard
PCO0009132,TRF0009262,P03,10.451000,0.180000,36.690000,standard
PCO0009133,TRF0009263,P06,10.206000,0.180000,2.180000,standard
PCO0009134,TRF0009264,P05,8.244000,0.180000,2.920000,standard
PCO0009135,TRF0009265,P02,21.956000,0.180000,3.060000,priority
PCO0009136,TRF0009267,P02,8.054000,0.180000,0.440000,standard
PCO0009137,TRF0009268,P04,10.384000,0.180000,12.350000,standard
PCO0009138,TRF0009269,P01,9.038000,0.180000,4.780000,standard
PCO0009139,TRF0009270,P03,9.994000,0.180000,31.720000,standard
PCO0009140,TRF0009271,P02,10.610000,0.180000,7.250000,standard
PCO0009141,TRF0009272,P02,10.339000,0.180000,2.240000,standard
PCO0009142,TRF0009273,P03,9.950000,0.180000,0.930000,standard
PCO0009143,TRF0009274,P02,8.020000,0.180000,0.290000,standard
PCO0009144,TRF0009275,P05,6.791000,0.180000,0.530000,standard
PCO0009145,TRF0009276,P05,8.776000,0.180000,0.230000,standard
PCO0009146,TRF0009277,P04,12.747000,0.180000,0.830000,standard
PCO0009147,TRF0009278,P01,10.617000,0.180000,4.810000,standard
PCO0009148,TRF0009279,P01,7.558000,0.180000,8.740000,standard
PCO0009149,TRF0009280,P04,10.060000,0.180000,0.470000,standard
PCO0009150,TRF0009281,P01,8.000000,0.180000,3.350000,standard
PCO0009151,TRF0009282,P05,7.533000,0.180000,0.440000,standard
PCO0009152,TRF0009283,P03,9.577000,0.180000,0.300000,standard
PCO0009153,TRF0009284,P01,9.802000,0.180000,0.430000,standard
PCO0009154,TRF0009285,P03,10.024000,0.180000,2.530000,standard
PCO0009155,TRF0009286,P06,10.991000,0.180000,28.890000,standard
PCO0009156,TRF0009287,P02,9.733000,0.180000,0.350000,standard
PCO0009157,TRF0009288,P01,7.754000,0.180000,3.310000,standard
PCO0009158,TRF0009289,P01,7.086000,0.180000,0.800000,standard
PCO0009159,TRF0009290,P01,7.234000,0.180000,0.410000,standard
PCO0009160,TRF0009291,P01,7.786000,0.180000,1.790000,standard
PCO0009161,TRF0009292,P02,8.423000,0.180000,6.880000,standard
PCO0009162,TRF0009293,P04,11.697000,0.180000,3.230000,standard
PCO0009163,TRF0009294,P05,9.626000,0.180000,12.030000,standard
PCO0009164,TRF0009295,P04,10.084000,0.180000,4.620000,standard
PCO0009165,TRF0009296,P04,10.522000,0.180000,0.430000,standard
PCO0009166,TRF0009297,P05,10.027000,0.180000,0.640000,standard
PCO0009167,TRF0009298,P06,8.620000,0.180000,0.680000,standard
PCO0009168,TRF0009299,P06,10.458000,0.180000,0.660000,standard
PCO0009169,TRF0009300,P05,7.350000,0.180000,0.440000,standard
PCO0009170,TRF0009301,P05,6.368000,0.180000,0.770000,standard
PCO0009171,TRF0009302,P01,7.772000,0.180000,0.470000,standard
PCO0009172,TRF0009303,P02,9.662000,0.180000,0.640000,standard
PCO0009173,TRF0009304,P02,8.997000,0.180000,13.050000,standard
PCO0009174,TRF0009305,P04,10.309000,0.180000,0.530000,standard
PCO0009175,TRF0009306,P01,7.318000,0.180000,0.570000,standard
PCO0009176,TRF0009307,P03,9.686000,0.180000,0.730000,standard
PCO0009177,TRF0009308,P01,9.650000,0.180000,1.350000,standard
PCO0009178,TRF0009309,P06,8.352000,0.180000,1.350000,standard
PCO0009179,TRF0009310,P05,8.398000,0.180000,1.380000,standard
PCO0009180,TRF0009311,P03,11.206000,0.180000,1.070000,standard
PCO0009181,TRF0009312,P02,8.485000,0.180000,1.030000,standard
PCO0009182,TRF0009313,P03,10.457000,0.180000,1.460000,standard
PCO0009183,TRF0009314,P05,6.549000,0.180000,0.290000,standard
PCO0009184,TRF0009315,P06,9.945000,0.180000,0.890000,standard
PCO0009185,TRF0009316,P03,10.857000,0.180000,0.670000,standard
PCO0009186,TRF0009317,P02,21.146000,0.180000,0.660000,priority
PCO0009187,TRF0009318,P01,7.764000,0.180000,0.980000,standard
PCO0009188,TRF0009319,P03,11.110000,0.180000,44.550000,standard
PCO0009189,TRF0009320,P03,11.053000,0.180000,0.380000,standard
PCO0009190,TRF0009321,P03,8.944000,0.180000,1.100000,standard
PCO0009191,TRF0009322,P02,9.307000,0.180000,18.880000,standard
PCO0009192,TRF0009323,P03,9.641000,0.180000,1.360000,standard
PCO0009193,TRF0009324,P02,7.971000,0.180000,6.470000,standard
PCO0009194,TRF0009325,P03,11.444000,0.180000,2.520000,standard
PCO0009195,TRF0009327,P03,11.014000,0.180000,0.370000,standard
PCO0009196,TRF0009328,P05,7.501000,0.180000,0.600000,standard
PCO0009197,TRF0009329,P02,10.864000,0.180000,11.070000,standard
PCO0009198,TRF0009330,P05,8.877000,0.180000,0.610000,standard
PCO0009199,TRF0009331,P02,7.747000,0.180000,2.990000,standard
PCO0009200,TRF0009332,P02,10.339000,0.180000,1.330000,standard
PCO0009201,TRF0009333,P01,7.806000,0.180000,1.030000,standard
PCO0009202,TRF0009334,P03,11.298000,0.180000,3.870000,standard
PCO0009203,TRF0009335,P04,11.318000,0.180000,1.050000,standard
PCO0009204,TRF0009336,P05,7.408000,0.180000,3.370000,standard
PCO0009205,TRF0009337,P01,8.957000,0.180000,4.580000,standard
PCO0009206,TRF0009338,P03,8.840000,0.180000,0.890000,standard
PCO0009207,TRF0009339,P04,11.294000,0.180000,28.070000,standard
PCO0009208,TRF0009340,P01,8.473000,0.180000,0.910000,standard
PCO0009209,TRF0009341,P01,7.273000,0.180000,3.600000,standard
PCO0009210,TRF0009342,P03,8.837000,0.180000,3.970000,standard
PCO0009211,TRF0009343,P05,9.330000,0.180000,4.640000,standard
PCO0009212,TRF0009344,P01,7.924000,0.180000,10.490000,standard
PCO0009213,TRF0009345,P04,12.827000,0.180000,3.130000,standard
PCO0009214,TRF0009346,P01,7.705000,0.180000,0.960000,standard
PCO0009215,TRF0009347,P02,8.457000,0.180000,0.930000,standard
PCO0009216,TRF0009348,P03,10.036000,0.180000,0.310000,standard
PCO0009217,TRF0009349,P02,10.474000,0.180000,1.120000,standard
PCO0009218,TRF0009350,P01,8.906000,0.180000,0.800000,standard
PCO0009219,TRF0009351,P04,11.928000,0.180000,25.050000,standard
PCO0009220,TRF0009352,P03,9.894000,0.180000,0.340000,standard
PCO0009221,TRF0009353,P06,9.551000,0.180000,1.060000,standard
PCO0009222,TRF0009354,P03,8.926000,0.180000,1.130000,standard
PCO0009223,TRF0009355,P04,10.258000,0.180000,9.760000,standard
PCO0009224,TRF0009356,P04,9.907000,0.180000,4.790000,standard
PCO0009225,TRF0009357,P06,11.482000,0.180000,0.460000,standard
PCO0009226,TRF0009358,P03,11.380000,0.180000,1.260000,standard
PCO0009227,TRF0009359,P04,13.384000,0.180000,12.930000,standard
PCO0009228,TRF0009360,P03,11.651000,0.180000,2.270000,standard
PCO0009229,TRF0009361,P04,10.878000,0.180000,0.810000,standard
PCO0009230,TRF0009362,P04,12.770000,0.180000,1.520000,standard
PCO0009231,TRF0009363,P03,11.429000,0.180000,1.700000,standard
PCO0009232,TRF0009364,P04,11.290000,0.180000,9.160000,standard
PCO0009233,TRF0009365,P06,9.403000,0.180000,0.620000,standard
PCO0009234,TRF0009366,P06,10.541000,0.180000,6.150000,standard
PCO0009235,TRF0009367,P04,11.670000,0.180000,3.110000,standard
PCO0009236,TRF0009368,P01,9.639000,0.180000,2.720000,standard
PCO0009237,TRF0009369,P05,7.447000,0.180000,4.190000,standard
PCO0009238,TRF0009370,P02,8.498000,0.180000,0.600000,standard
PCO0009239,TRF0009371,P04,10.585000,0.180000,18.010000,standard
PCO0009240,TRF0009372,P01,7.385000,0.180000,0.960000,standard
PCO0009241,TRF0009373,P01,9.948000,0.180000,21.290000,standard
PCO0009242,TRF0009374,P01,8.073000,0.180000,3.500000,standard
PCO0009243,TRF0009375,P01,7.938000,0.180000,1.980000,standard
PCO0009244,TRF0009376,P03,9.369000,0.180000,0.670000,standard
PCO0009245,TRF0009377,P03,11.140000,0.180000,21.150000,standard
PCO0009246,TRF0009378,P06,7.356000,0.180000,0.910000,standard
PCO0009247,TRF0009379,P03,9.760000,0.180000,1.030000,standard
PCO0009248,TRF0009380,P05,7.058000,0.180000,0.580000,standard
PCO0009249,TRF0009381,P01,10.841000,0.180000,16.930000,standard
PCO0009250,TRF0009383,P02,10.997000,0.180000,0.370000,standard
PCO0009251,TRF0009384,P02,21.077000,0.180000,4.630000,priority
PCO0009252,TRF0009385,P04,11.370000,0.180000,0.410000,standard
PCO0009253,TRF0009386,P05,7.294000,0.180000,0.600000,standard
PCO0009254,TRF0009387,P06,8.555000,0.180000,0.320000,standard
PCO0009255,TRF0009389,P06,9.118000,0.180000,20.680000,standard
PCO0009256,TRF0009390,P05,6.413000,0.180000,0.300000,standard
PCO0009257,TRF0009391,P05,6.629000,0.180000,0.550000,standard
PCO0009258,TRF0009392,P05,7.718000,0.180000,0.710000,standard
PCO0009259,TRF0009393,P03,8.850000,0.180000,1.360000,standard
PCO0009260,TRF0009394,P04,10.049000,0.180000,0.380000,standard
PCO0009261,TRF0009395,P02,9.921000,0.180000,0.440000,standard
PCO0009262,TRF0009396,P05,7.589000,0.180000,9.590000,standard
PCO0009263,TRF0009397,P03,9.750000,0.180000,10.280000,standard
PCO0009264,TRF0009398,P02,8.643000,0.180000,2.440000,standard
PCO0009265,TRF0009399,P05,6.906000,0.180000,1.520000,standard
PCO0009266,TRF0009400,P02,7.650000,0.180000,1.710000,standard
PCO0009267,TRF0009401,P05,6.795000,0.180000,0.250000,standard
PCO0009268,TRF0009402,P01,9.144000,0.180000,3.990000,standard
PCO0009269,TRF0009403,P05,6.912000,0.180000,0.730000,standard
PCO0009270,TRF0009404,P01,6.590000,0.180000,1.400000,standard
PCO0009271,TRF0009405,P04,13.213000,0.180000,1.470000,standard
PCO0009272,TRF0009406,P02,8.436000,0.180000,1.250000,standard
PCO0009273,TRF0009407,P02,7.901000,0.180000,6.030000,standard
PCO0009274,TRF0009409,P06,10.006000,0.180000,0.630000,standard
PCO0009275,TRF0009410,P03,12.911000,0.180000,4.430000,standard
PCO0009276,TRF0009411,P05,6.812000,0.180000,0.720000,standard
PCO0009277,TRF0009412,P06,9.429000,0.180000,7.670000,standard
PCO0009278,TRF0009413,P02,10.502000,0.180000,0.440000,standard
PCO0009279,TRF0009414,P01,9.352000,0.180000,4.210000,standard
PCO0009280,TRF0009415,P05,7.064000,0.180000,0.370000,standard
PCO0009281,TRF0009416,P05,9.653000,0.180000,0.710000,standard
PCO0009282,TRF0009417,P06,8.782000,0.180000,4.460000,standard
PCO0009283,TRF0009418,P01,7.638000,0.180000,1.380000,standard
PCO0009284,TRF0009419,P05,6.475000,0.180000,20.000000,standard
PCO0009285,TRF0009420,P01,7.883000,0.180000,2.750000,standard
PCO0009286,TRF0009421,P06,9.387000,0.180000,10.480000,standard
PCO0009287,TRF0009422,P03,10.542000,0.180000,0.310000,standard
PCO0009288,TRF0009423,P05,7.235000,0.180000,2.100000,standard
PCO0009289,TRF0009424,P02,9.085000,0.180000,1.510000,standard
PCO0009290,TRF0009425,P02,8.107000,0.180000,0.500000,standard
PCO0009291,TRF0009426,P05,10.000000,0.180000,0.500000,standard
PCO0009292,TRF0009427,P04,10.173000,0.180000,1.080000,standard
PCO0009293,TRF0009428,P06,10.352000,0.180000,1.030000,standard
PCO0009294,TRF0009429,P02,21.203000,0.180000,0.780000,priority
PCO0009295,TRF0009430,P06,8.943000,0.180000,24.390000,standard
PCO0009296,TRF0009431,P06,8.895000,0.180000,0.320000,standard
PCO0009297,TRF0009432,P02,8.774000,0.180000,1.100000,standard
PCO0009298,TRF0009433,P05,9.388000,0.180000,0.390000,standard
PCO0009299,TRF0009434,P05,8.790000,0.180000,6.770000,standard
PCO0009300,TRF0009435,P03,9.258000,0.180000,34.530000,standard
PCO0009301,TRF0009436,P01,8.037000,0.180000,0.890000,standard
PCO0009302,TRF0009437,P06,9.507000,0.180000,0.610000,standard
PCO0009303,TRF0009438,P02,10.290000,0.180000,0.450000,standard
PCO0009304,TRF0009439,P03,10.834000,0.180000,0.410000,standard
PCO0009305,TRF0009440,P06,8.556000,0.180000,1.340000,standard
PCO0009306,TRF0009441,P03,11.014000,0.180000,1.000000,standard
PCO0009307,TRF0009442,P01,9.001000,0.180000,6.970000,standard
PCO0009308,TRF0009443,P05,7.020000,0.180000,0.850000,standard
PCO0009309,TRF0009444,P04,9.940000,0.180000,0.390000,standard
PCO0009310,TRF0009445,P06,7.875000,0.180000,0.340000,standard
PCO0009311,TRF0009446,P02,11.623000,0.180000,0.610000,standard
PCO0009312,TRF0009447,P05,6.683000,0.180000,0.710000,standard
PCO0009313,TRF0009448,P01,10.389000,0.180000,1.520000,standard
PCO0009314,TRF0009449,P01,7.295000,0.180000,0.980000,standard
PCO0009315,TRF0009450,P04,11.196000,0.180000,0.700000,standard
PCO0009316,TRF0009451,P02,8.972000,0.180000,0.260000,standard
PCO0009317,TRF0009452,P02,8.041000,0.180000,0.710000,standard
PCO0009318,TRF0009453,P03,10.291000,0.180000,0.870000,standard
PCO0009319,TRF0009454,P03,11.306000,0.180000,2.890000,standard
PCO0009320,TRF0009455,P03,9.561000,0.180000,10.800000,standard
PCO0009321,TRF0009456,P03,11.170000,0.180000,0.590000,standard
PCO0009322,TRF0009457,P03,11.551000,0.180000,0.660000,standard
PCO0009323,TRF0009458,P06,9.728000,0.180000,11.340000,standard
PCO0009324,TRF0009459,P02,10.733000,0.180000,0.650000,standard
PCO0009325,TRF0009460,P06,9.876000,0.180000,1.210000,standard
PCO0009326,TRF0009461,P02,8.051000,0.180000,0.280000,standard
PCO0009327,TRF0009462,P01,8.186000,0.180000,2.620000,standard
PCO0009328,TRF0009463,P04,10.688000,0.180000,74.390000,standard
PCO0009329,TRF0009464,P05,9.711000,0.180000,13.710000,standard
PCO0009330,TRF0009465,P06,10.299000,0.180000,0.460000,standard
PCO0009331,TRF0009466,P06,8.783000,0.180000,4.560000,standard
PCO0009332,TRF0009467,P02,8.346000,0.180000,1.520000,standard
PCO0009333,TRF0009468,P02,20.735000,0.180000,5.110000,priority
PCO0009334,TRF0009469,P02,8.693000,0.180000,0.920000,standard
PCO0009335,TRF0009470,P04,10.836000,0.180000,2.080000,standard
PCO0009336,TRF0009471,P01,7.920000,0.180000,0.620000,standard
PCO0009337,TRF0009472,P02,8.207000,0.180000,0.820000,standard
PCO0009338,TRF0009473,P02,9.898000,0.180000,0.500000,standard
PCO0009339,TRF0009474,P03,11.204000,0.180000,62.810000,standard
PCO0009340,TRF0009475,P05,10.582000,0.180000,5.360000,standard
PCO0009341,TRF0009476,P06,8.723000,0.180000,0.760000,standard
PCO0009342,TRF0009477,P02,20.636000,0.180000,2.410000,priority
PCO0009343,TRF0009478,P04,12.538000,0.180000,37.770000,standard
PCO0009344,TRF0009479,P06,10.748000,0.180000,1.340000,standard
PCO0009345,TRF0009480,P03,8.942000,0.180000,1.180000,standard
PCO0009346,TRF0009481,P03,9.771000,0.180000,1.440000,standard
PCO0009347,TRF0009482,P06,10.398000,0.180000,0.440000,standard
PCO0009348,TRF0009483,P05,9.540000,0.180000,0.630000,standard
PCO0009349,TRF0009484,P01,7.735000,0.180000,0.360000,standard
PCO0009350,TRF0009485,P05,6.216000,0.180000,0.460000,standard
PCO0009351,TRF0009486,P05,7.886000,0.180000,3.450000,standard
PCO0009352,TRF0009487,P03,12.142000,0.180000,11.050000,standard
PCO0009353,TRF0009488,P04,10.336000,0.180000,0.760000,standard
PCO0009354,TRF0009489,P04,10.498000,0.180000,1.050000,standard
PCO0009355,TRF0009490,P04,10.680000,0.180000,0.270000,standard
PCO0009356,TRF0009491,P05,8.809000,0.180000,0.540000,standard
PCO0009357,TRF0009492,P05,9.128000,0.180000,0.320000,standard
PCO0009358,TRF0009493,P01,8.615000,0.180000,4.390000,standard
PCO0009359,TRF0009494,P01,6.916000,0.180000,1.740000,standard
PCO0009360,TRF0009495,P04,13.620000,0.180000,9.930000,standard
PCO0009361,TRF0009496,P02,9.090000,0.180000,1.120000,standard
PCO0009362,TRF0009497,P02,7.726000,0.180000,0.410000,standard
PCO0009363,TRF0009498,P02,8.192000,0.180000,0.600000,standard
PCO0009364,TRF0009499,P06,11.468000,0.180000,0.360000,standard
PCO0009365,TRF0009500,P03,10.628000,0.180000,0.410000,standard
PCO0009366,TRF0009501,P03,9.419000,0.180000,0.510000,standard
PCO0009367,TRF0009503,P06,8.728000,0.180000,7.110000,standard
PCO0009368,TRF0009504,P05,9.190000,0.180000,0.460000,standard
PCO0009369,TRF0009505,P02,10.395000,0.180000,0.330000,standard
PCO0009370,TRF0009506,P06,10.144000,0.180000,11.350000,standard
PCO0009371,TRF0009507,P02,8.861000,0.180000,0.500000,standard
PCO0009372,TRF0009508,P02,10.976000,0.180000,11.230000,standard
PCO0009373,TRF0009509,P04,10.362000,0.180000,2.370000,standard
PCO0009374,TRF0009510,P03,10.773000,0.180000,1.570000,standard
PCO0009375,TRF0009511,P03,12.258000,0.180000,0.450000,standard
PCO0009376,TRF0009512,P02,10.030000,0.180000,0.980000,standard
PCO0009377,TRF0009513,P01,7.304000,0.180000,0.350000,standard
PCO0009378,TRF0009514,P04,10.717000,0.180000,0.550000,standard
PCO0009379,TRF0009515,P04,11.886000,0.180000,0.570000,standard
PCO0009380,TRF0009516,P04,12.544000,0.180000,19.730000,standard
PCO0009381,TRF0009517,P01,9.702000,0.180000,0.350000,standard
PCO0009382,TRF0009518,P03,11.794000,0.180000,1.120000,standard
PCO0009383,TRF0009519,P01,6.803000,0.180000,0.600000,standard
PCO0009384,TRF0009520,P06,7.359000,0.180000,2.380000,standard
PCO0009385,TRF0009521,P02,8.576000,0.180000,0.400000,standard
PCO0009386,TRF0009522,P02,9.006000,0.180000,1.210000,standard
PCO0009387,TRF0009523,P06,10.120000,0.180000,1.120000,standard
PCO0009388,TRF0009524,P06,8.547000,0.180000,7.100000,standard
PCO0009389,TRF0009525,P03,9.483000,0.180000,1.040000,standard
PCO0009390,TRF0009526,P02,7.972000,0.180000,0.430000,standard
PCO0009391,TRF0009527,P05,8.603000,0.180000,41.230000,standard
PCO0009392,TRF0009528,P04,9.830000,0.180000,1.800000,standard
PCO0009393,TRF0009529,P01,9.259000,0.180000,0.640000,standard
PCO0009394,TRF0009530,P02,9.327000,0.180000,1.960000,standard
PCO0009395,TRF0009531,P01,7.103000,0.180000,0.430000,standard
PCO0009396,TRF0009532,P02,10.342000,0.180000,8.680000,standard
PCO0009397,TRF0009533,P05,6.580000,0.180000,2.310000,standard
PCO0009398,TRF0009534,P06,8.926000,0.180000,1.530000,standard
PCO0009399,TRF0009535,P05,6.954000,0.180000,0.270000,standard
PCO0009400,TRF0009536,P04,11.728000,0.180000,1.230000,standard
PCO0009401,TRF0009537,P05,6.788000,0.180000,3.620000,standard
PCO0009402,TRF0009538,P02,8.280000,0.180000,0.890000,standard
PCO0009403,TRF0009539,P01,7.296000,0.180000,1.400000,standard
PCO0009404,TRF0009540,P01,7.804000,0.180000,0.680000,standard
PCO0009405,TRF0009541,P06,10.619000,0.180000,1.480000,standard
PCO0009406,TRF0009542,P02,20.304000,0.180000,48.480000,priority
PCO0009407,TRF0009543,P03,11.523000,0.180000,0.510000,standard
PCO0009408,TRF0009544,P04,11.811000,0.180000,40.030000,standard
PCO0009409,TRF0009545,P02,10.178000,0.180000,3.050000,standard
PCO0009410,TRF0009546,P03,11.297000,0.180000,0.990000,standard
PCO0009411,TRF0009547,P04,10.367000,0.180000,0.500000,standard
PCO0009412,TRF0009548,P05,9.059000,0.180000,1.850000,standard
PCO0009413,TRF0009549,P04,10.139000,0.180000,0.910000,standard
PCO0009414,TRF0009550,P02,8.184000,0.180000,0.810000,standard
PCO0009415,TRF0009551,P06,12.287000,0.180000,0.490000,standard
PCO0009416,TRF0009552,P01,9.597000,0.180000,0.720000,standard
PCO0009417,TRF0009553,P02,9.915000,0.180000,2.800000,standard
PCO0009418,TRF0009554,P05,8.440000,0.180000,0.720000,standard
PCO0009419,TRF0009555,P03,9.336000,0.180000,1.800000,standard
PCO0009420,TRF0009556,P01,8.342000,0.180000,1.190000,standard
PCO0009421,TRF0009557,P02,9.287000,0.180000,0.650000,standard
PCO0009422,TRF0009558,P02,8.285000,0.180000,0.350000,standard
PCO0009423,TRF0009559,P05,7.848000,0.180000,2.700000,standard
PCO0009424,TRF0009560,P01,10.472000,0.180000,55.500000,standard
PCO0009425,TRF0009561,P05,6.680000,0.180000,1.260000,standard
PCO0009426,TRF0009562,P03,9.226000,0.180000,11.220000,standard
PCO0009427,TRF0009563,P02,9.126000,0.180000,7.370000,standard
PCO0009428,TRF0009564,P01,7.563000,0.180000,8.720000,standard
PCO0009429,TRF0009565,P01,8.207000,0.180000,0.540000,standard
PCO0009430,TRF0009566,P04,13.169000,0.180000,5.250000,standard
PCO0009431,TRF0009567,P01,7.179000,0.180000,0.720000,standard
PCO0009432,TRF0009568,P05,6.691000,0.180000,0.370000,standard
PCO0009433,TRF0009569,P05,7.957000,0.180000,7.930000,standard
PCO0009434,TRF0009570,P01,6.861000,0.180000,2.350000,standard
PCO0009435,TRF0009571,P05,6.162000,0.180000,4.240000,standard
PCO0009436,TRF0009572,P04,11.759000,0.180000,10.670000,standard
PCO0009437,TRF0009573,P01,8.358000,0.180000,0.700000,standard
PCO0009438,TRF0009574,P01,7.345000,0.180000,0.510000,standard
PCO0009439,TRF0009575,P03,12.158000,0.180000,0.480000,standard
PCO0009440,TRF0009576,P03,10.246000,0.180000,0.400000,standard
PCO0009441,TRF0009577,P02,7.668000,0.180000,0.250000,standard
PCO0009442,TRF0009578,P06,10.224000,0.180000,1.100000,standard
PCO0009443,TRF0009579,P01,9.006000,0.180000,2.930000,standard
PCO0009444,TRF0009580,P03,8.796000,0.180000,0.380000,standard
PCO0009445,TRF0009581,P04,11.467000,0.180000,8.440000,standard
PCO0009446,TRF0009582,P01,10.083000,0.180000,12.710000,standard
PCO0009447,TRF0009583,P03,9.077000,0.180000,0.400000,standard
PCO0009448,TRF0009584,P06,10.076000,0.180000,0.600000,standard
PCO0009449,TRF0009585,P05,8.044000,0.180000,0.610000,standard
PCO0009450,TRF0009586,P04,10.316000,0.180000,11.980000,standard
PCO0009451,TRF0009587,P03,12.433000,0.180000,1.430000,standard
PCO0009452,TRF0009588,P03,12.095000,0.180000,35.110000,standard
PCO0009453,TRF0009589,P02,7.964000,0.180000,1.670000,standard
PCO0009454,TRF0009590,P02,9.142000,0.180000,1.110000,standard
PCO0009455,TRF0009591,P02,9.810000,0.180000,0.850000,standard
PCO0009456,TRF0009592,P01,8.032000,0.180000,2.390000,standard
PCO0009457,TRF0009593,P04,12.117000,0.180000,9.320000,standard
PCO0009458,TRF0009594,P06,8.464000,0.180000,18.650000,standard
PCO0009459,TRF0009595,P01,10.910000,0.180000,1.110000,standard
PCO0009460,TRF0009596,P05,7.512000,0.180000,0.470000,standard
PCO0009461,TRF0009598,P01,9.048000,0.180000,0.490000,standard
PCO0009462,TRF0009599,P01,8.189000,0.180000,1.920000,standard
PCO0009463,TRF0009600,P01,9.418000,0.180000,0.600000,standard
PCO0009464,TRF0009601,P01,8.271000,0.180000,0.300000,standard
PCO0009465,TRF0009602,P01,7.995000,0.180000,1.070000,standard
PCO0009466,TRF0009603,P03,8.887000,0.180000,2.550000,standard
PCO0009467,TRF0009604,P04,13.458000,0.180000,7.800000,standard
PCO0009468,TRF0009605,P01,8.402000,0.180000,0.510000,standard
PCO0009469,TRF0009606,P02,7.828000,0.180000,4.770000,standard
PCO0009470,TRF0009607,P02,8.709000,0.180000,0.900000,standard
PCO0009471,TRF0009608,P04,10.442000,0.180000,0.920000,standard
PCO0009472,TRF0009609,P06,9.442000,0.180000,5.460000,standard
PCO0009473,TRF0009610,P02,10.576000,0.180000,2.900000,standard
PCO0009474,TRF0009611,P02,10.106000,0.180000,0.800000,standard
PCO0009475,TRF0009612,P03,9.314000,0.180000,2.470000,standard
PCO0009476,TRF0009613,P04,10.149000,0.180000,2.530000,standard
PCO0009477,TRF0009614,P04,11.630000,0.180000,1.620000,standard
PCO0009478,TRF0009615,P03,11.293000,0.180000,0.660000,standard
PCO0009479,TRF0009616,P06,10.693000,0.180000,0.800000,standard
PCO0009480,TRF0009617,P05,8.331000,0.180000,0.670000,standard
PCO0009481,TRF0009618,P01,7.126000,0.180000,0.590000,standard
PCO0009482,TRF0009619,P05,5.716000,0.180000,1.050000,standard
PCO0009483,TRF0009620,P03,11.305000,0.180000,2.270000,standard
PCO0009484,TRF0009621,P03,8.893000,0.180000,1.320000,standard
PCO0009485,TRF0009622,P03,9.636000,0.180000,0.260000,standard
PCO0009486,TRF0009623,P06,8.894000,0.180000,4.210000,standard
PCO0009487,TRF0009624,P02,9.449000,0.180000,1.920000,standard
PCO0009488,TRF0009625,P03,9.549000,0.180000,19.070000,standard
PCO0009489,TRF0009626,P06,9.634000,0.180000,1.100000,standard
PCO0009490,TRF0009627,P06,9.465000,0.180000,0.970000,standard
PCO0009491,TRF0009628,P04,10.329000,0.180000,1.490000,standard
PCO0009492,TRF0009629,P05,9.224000,0.180000,8.830000,standard
PCO0009493,TRF0009630,P05,6.863000,0.180000,0.530000,standard
PCO0009494,TRF0009631,P02,7.552000,0.180000,0.370000,standard
PCO0009495,TRF0009632,P06,10.873000,0.180000,0.390000,standard
PCO0009496,TRF0009633,P06,11.526000,0.180000,0.770000,standard
PCO0009497,TRF0009634,P03,12.430000,0.180000,1.650000,standard
PCO0009498,TRF0009635,P05,9.266000,0.180000,7.800000,standard
PCO0009499,TRF0009636,P04,13.065000,0.180000,0.560000,standard
PCO0009500,TRF0009637,P03,9.486000,0.180000,1.850000,standard
PCO0009501,TRF0009638,P03,9.941000,0.180000,0.840000,standard
PCO0009502,TRF0009639,P06,11.185000,0.180000,0.450000,standard
PCO0009503,TRF0009640,P05,9.857000,0.180000,0.970000,standard
PCO0009504,TRF0009641,P04,10.352000,0.180000,0.360000,standard
PCO0009505,TRF0009642,P04,10.519000,0.180000,1.680000,standard
PCO0009506,TRF0009643,P02,8.823000,0.180000,0.700000,standard
PCO0009507,TRF0009644,P02,7.020000,0.180000,0.620000,standard
PCO0009508,TRF0009645,P02,9.815000,0.180000,8.070000,standard
PCO0009509,TRF0009646,P02,9.924000,0.180000,1.670000,standard
PCO0009510,TRF0009647,P01,7.534000,0.180000,0.370000,standard
PCO0009511,TRF0009648,P03,10.773000,0.180000,0.840000,standard
PCO0009512,TRF0009649,P02,7.770000,0.180000,22.650000,standard
PCO0009513,TRF0009650,P01,7.905000,0.180000,2.150000,standard
PCO0009514,TRF0009651,P05,8.931000,0.180000,0.770000,standard
PCO0009515,TRF0009652,P04,10.818000,0.180000,0.570000,standard
PCO0009516,TRF0009653,P02,8.941000,0.180000,0.330000,standard
PCO0009517,TRF0009654,P05,9.214000,0.180000,0.670000,standard
PCO0009518,TRF0009655,P02,9.902000,0.180000,13.160000,standard
PCO0009519,TRF0009656,P01,7.029000,0.180000,3.410000,standard
PCO0009520,TRF0009657,P03,11.080000,0.180000,0.510000,standard
PCO0009521,TRF0009658,P02,9.779000,0.180000,1.820000,standard
PCO0009522,TRF0009659,P04,12.211000,0.180000,2.780000,standard
PCO0009523,TRF0009660,P02,8.547000,0.180000,1.230000,standard
PCO0009524,TRF0009661,P01,8.084000,0.180000,1.080000,standard
PCO0009525,TRF0009662,P06,10.914000,0.180000,0.220000,standard
PCO0009526,TRF0009663,P04,9.311000,0.180000,5.840000,standard
PCO0009527,TRF0009664,P02,9.057000,0.180000,1.060000,standard
PCO0009528,TRF0009665,P01,7.684000,0.180000,0.740000,standard
PCO0009529,TRF0009666,P06,11.230000,0.180000,7.120000,standard
PCO0009530,TRF0009667,P04,11.967000,0.180000,44.830000,standard
PCO0009531,TRF0009668,P06,11.707000,0.180000,1.870000,standard
PCO0009532,TRF0009669,P02,10.087000,0.180000,0.670000,standard
PCO0009533,TRF0009670,P03,9.209000,0.180000,1.400000,standard
PCO0009534,TRF0009671,P02,9.717000,0.180000,0.610000,standard
PCO0009535,TRF0009672,P02,10.789000,0.180000,1.050000,standard
PCO0009536,TRF0009673,P02,10.513000,0.180000,36.020000,standard
PCO0009537,TRF0009674,P02,20.651000,0.180000,1.920000,priority
PCO0009538,TRF0009675,P06,8.631000,0.180000,0.450000,standard
PCO0009539,TRF0009676,P01,9.648000,0.180000,1.450000,standard
PCO0009540,TRF0009677,P02,8.208000,0.180000,5.730000,standard
PCO0009541,TRF0009678,P04,11.299000,0.180000,5.400000,standard
PCO0009542,TRF0009679,P02,7.628000,0.180000,1.260000,standard
PCO0009543,TRF0009680,P01,8.901000,0.180000,0.900000,standard
PCO0009544,TRF0009681,P04,12.081000,0.180000,0.590000,standard
PCO0009545,TRF0009682,P02,10.438000,0.180000,25.240000,standard
PCO0009546,TRF0009683,P05,6.823000,0.180000,0.710000,standard
PCO0009547,TRF0009684,P06,10.732000,0.180000,3.810000,standard
PCO0009548,TRF0009685,P04,13.415000,0.180000,0.480000,standard
PCO0009549,TRF0009686,P02,8.445000,0.180000,17.830000,standard
PCO0009550,TRF0009687,P05,8.913000,0.180000,0.320000,standard
PCO0009551,TRF0009688,P03,12.154000,0.180000,0.520000,standard
PCO0009552,TRF0009689,P03,10.725000,0.180000,3.180000,standard
PCO0009553,TRF0009690,P01,9.196000,0.180000,0.320000,standard
PCO0009554,TRF0009691,P03,8.991000,0.180000,0.470000,standard
PCO0009555,TRF0009692,P05,6.230000,0.180000,5.100000,standard
PCO0009556,TRF0009693,P02,8.195000,0.180000,8.030000,standard
PCO0009557,TRF0009694,P04,11.998000,0.180000,0.580000,standard
PCO0009558,TRF0009695,P05,7.520000,0.180000,4.860000,standard
PCO0009559,TRF0009696,P03,10.969000,0.180000,0.520000,standard
PCO0009560,TRF0009697,P01,6.538000,0.180000,0.930000,standard
PCO0009561,TRF0009698,P06,9.056000,0.180000,1.730000,standard
PCO0009562,TRF0009699,P05,8.801000,0.180000,1.110000,standard
PCO0009563,TRF0009700,P02,8.099000,0.180000,5.140000,standard
PCO0009564,TRF0009701,P04,10.765000,0.180000,7.800000,standard
PCO0009565,TRF0009702,P04,12.734000,0.180000,2.280000,standard
PCO0009566,TRF0009703,P04,10.191000,0.180000,5.610000,standard
PCO0009567,TRF0009704,P05,9.297000,0.180000,8.170000,standard
PCO0009568,TRF0009705,P01,7.251000,0.180000,8.800000,standard
PCO0009569,TRF0009706,P01,7.821000,0.180000,21.660000,standard
PCO0009570,TRF0009707,P03,9.642000,0.180000,0.380000,standard
PCO0009571,TRF0009708,P01,8.237000,0.180000,1.010000,standard
PCO0009572,TRF0009709,P01,9.807000,0.180000,9.600000,standard
PCO0009573,TRF0009710,P01,7.416000,0.180000,0.570000,standard
PCO0009574,TRF0009711,P02,8.015000,0.180000,1.650000,standard
PCO0009575,TRF0009712,P06,9.365000,0.180000,0.670000,standard
PCO0009576,TRF0009713,P05,7.507000,0.180000,2.050000,standard
PCO0009577,TRF0009715,P01,8.066000,0.180000,5.150000,standard
PCO0009578,TRF0009716,P03,9.600000,0.180000,0.700000,standard
PCO0009579,TRF0009717,P03,11.464000,0.180000,2.500000,standard
PCO0009580,TRF0009718,P04,11.795000,0.180000,0.770000,standard
PCO0009581,TRF0009719,P06,11.847000,0.180000,2.710000,standard
PCO0009582,TRF0009720,P01,7.613000,0.180000,1.220000,standard
PCO0009583,TRF0009721,P03,9.558000,0.180000,18.380000,standard
PCO0009584,TRF0009722,P05,8.411000,0.180000,0.430000,standard
PCO0009585,TRF0009723,P05,7.812000,0.180000,5.370000,standard
PCO0009586,TRF0009724,P03,9.462000,0.180000,0.750000,standard
PCO0009587,TRF0009725,P01,7.446000,0.180000,0.520000,standard
PCO0009588,TRF0009727,P05,7.605000,0.180000,27.040000,standard
PCO0009589,TRF0009728,P02,8.013000,0.180000,1.540000,standard
PCO0009590,TRF0009729,P01,8.922000,0.180000,0.670000,standard
PCO0009591,TRF0009730,P05,9.169000,0.180000,5.080000,standard
PCO0009592,TRF0009731,P03,10.635000,0.180000,2.200000,standard
PCO0009593,TRF0009732,P06,11.476000,0.180000,1.830000,standard
PCO0009594,TRF0009734,P02,9.364000,0.180000,44.970000,standard
PCO0009595,TRF0009735,P01,8.206000,0.180000,0.430000,standard
PCO0009596,TRF0009736,P04,10.933000,0.180000,5.260000,standard
PCO0009597,TRF0009737,P04,11.329000,0.180000,1.610000,standard
PCO0009598,TRF0009738,P03,10.009000,0.180000,1.640000,standard
PCO0009599,TRF0009739,P04,11.239000,0.180000,1.250000,standard
PCO0009600,TRF0009740,P06,9.815000,0.180000,0.300000,standard
PCO0009601,TRF0009741,P03,11.274000,0.180000,0.480000,standard
PCO0009602,TRF0009742,P02,20.569000,0.180000,0.690000,priority
PCO0009603,TRF0009743,P03,9.593000,0.180000,1.110000,standard
PCO0009604,TRF0009744,P03,12.595000,0.180000,0.960000,standard
PCO0009605,TRF0009745,P06,9.285000,0.180000,1.440000,standard
PCO0009606,TRF0009746,P02,8.703000,0.180000,1.090000,standard
PCO0009607,TRF0009747,P04,9.964000,0.180000,3.240000,standard
PCO0009608,TRF0009748,P05,8.337000,0.180000,1.120000,standard
PCO0009609,TRF0009749,P01,8.280000,0.180000,36.430000,standard
PCO0009610,TRF0009750,P01,9.073000,0.180000,59.620000,standard
PCO0009611,TRF0009751,P06,11.587000,0.180000,0.610000,standard
PCO0009612,TRF0009752,P02,9.064000,0.180000,1.270000,standard
PCO0009613,TRF0009753,P01,8.881000,0.180000,0.250000,standard
PCO0009614,TRF0009754,P04,10.844000,0.180000,0.320000,standard
PCO0009615,TRF0009755,P06,8.258000,0.180000,1.420000,standard
PCO0009616,TRF0009756,P03,12.699000,0.180000,7.180000,standard
PCO0009617,TRF0009757,P04,11.057000,0.180000,6.990000,standard
PCO0009618,TRF0009758,P06,9.106000,0.180000,0.510000,standard
PCO0009619,TRF0009759,P01,8.968000,0.180000,7.440000,standard
PCO0009620,TRF0009760,P04,10.182000,0.180000,1.400000,standard
PCO0009621,TRF0009761,P04,12.950000,0.180000,3.250000,standard
PCO0009622,TRF0009762,P03,9.645000,0.180000,41.960000,standard
PCO0009623,TRF0009763,P01,7.284000,0.180000,2.130000,standard
PCO0009624,TRF0009764,P01,6.503000,0.180000,0.330000,standard
PCO0009625,TRF0009765,P03,11.759000,0.180000,0.930000,standard
PCO0009626,TRF0009766,P03,9.808000,0.180000,24.820000,standard
PCO0009627,TRF0009767,P03,9.650000,0.180000,2.970000,standard
PCO0009628,TRF0009768,P05,8.303000,0.180000,2.140000,standard
PCO0009629,TRF0009769,P03,10.422000,0.180000,0.410000,standard
PCO0009630,TRF0009770,P05,7.091000,0.180000,1.020000,standard
PCO0009631,TRF0009771,P06,8.767000,0.180000,2.410000,standard
PCO0009632,TRF0009772,P06,8.836000,0.180000,0.500000,standard
PCO0009633,TRF0009773,P05,8.699000,0.180000,15.400000,standard
PCO0009634,TRF0009774,P04,10.099000,0.180000,1.230000,standard
PCO0009635,TRF0009775,P02,8.429000,0.180000,2.500000,standard
PCO0009636,TRF0009776,P02,8.340000,0.180000,1.640000,standard
PCO0009637,TRF0009777,P05,8.374000,0.180000,8.810000,standard
PCO0009638,TRF0009778,P05,7.145000,0.180000,0.770000,standard
PCO0009639,TRF0009779,P03,11.085000,0.180000,2.310000,standard
PCO0009640,TRF0009780,P01,9.020000,0.180000,34.360000,standard
PCO0009641,TRF0009781,P04,11.319000,0.180000,0.390000,standard
PCO0009642,TRF0009782,P04,11.191000,0.180000,1.330000,standard
PCO0009643,TRF0009783,P03,11.710000,0.180000,22.490000,standard
PCO0009644,TRF0009784,P03,9.387000,0.180000,6.450000,standard
PCO0009645,TRF0009785,P01,7.918000,0.180000,0.320000,standard
PCO0009646,TRF0009786,P05,7.466000,0.180000,0.530000,standard
PCO0009647,TRF0009787,P02,8.063000,0.180000,3.680000,standard
PCO0009648,TRF0009789,P02,11.433000,0.180000,0.540000,standard
PCO0009649,TRF0009790,P01,9.469000,0.180000,0.970000,standard
PCO0009650,TRF0009791,P03,10.760000,0.180000,3.210000,standard
PCO0009651,TRF0009792,P01,8.697000,0.180000,2.880000,standard
PCO0009652,TRF0009793,P05,6.966000,0.180000,0.430000,standard
PCO0009653,TRF0009794,P03,10.700000,0.180000,0.940000,standard
PCO0009654,TRF0009795,P02,10.665000,0.180000,3.980000,standard
PCO0009655,TRF0009796,P02,10.206000,0.180000,1.040000,standard
PCO0009656,TRF0009797,P06,10.474000,0.180000,2.190000,standard
PCO0009657,TRF0009798,P05,7.507000,0.180000,1.430000,standard
PCO0009658,TRF0009799,P04,9.903000,0.180000,0.320000,standard
PCO0009659,TRF0009800,P06,10.984000,0.180000,0.720000,standard
PCO0009660,TRF0009801,P05,8.317000,0.180000,0.390000,standard
PCO0009661,TRF0009802,P02,10.435000,0.180000,2.660000,standard
PCO0009662,TRF0009803,P02,9.622000,0.180000,1.330000,standard
PCO0009663,TRF0009804,P02,9.200000,0.180000,16.610000,standard
PCO0009664,TRF0009805,P04,11.187000,0.180000,1.510000,standard
PCO0009665,TRF0009806,P05,7.615000,0.180000,0.550000,standard
PCO0009666,TRF0009807,P04,13.176000,0.180000,1.810000,standard
PCO0009667,TRF0009808,P02,10.165000,0.180000,0.710000,standard
PCO0009668,TRF0009809,P06,11.793000,0.180000,2.280000,standard
PCO0009669,TRF0009810,P04,12.617000,0.180000,0.710000,standard
PCO0009670,TRF0009811,P01,8.802000,0.180000,10.070000,standard
PCO0009671,TRF0009812,P04,9.982000,0.180000,0.640000,standard
PCO0009672,TRF0009813,P05,7.251000,0.180000,5.890000,standard
PCO0009673,TRF0009814,P03,9.337000,0.180000,0.430000,standard
PCO0009674,TRF0009815,P01,8.325000,0.180000,10.180000,standard
PCO0009675,TRF0009816,P02,9.707000,0.180000,0.270000,standard
PCO0009676,TRF0009817,P03,11.866000,0.180000,4.850000,standard
PCO0009677,TRF0009818,P02,9.068000,0.180000,0.640000,standard
PCO0009678,TRF0009820,P05,9.364000,0.180000,0.810000,standard
PCO0009679,TRF0009821,P01,9.430000,0.180000,4.030000,standard
PCO0009680,TRF0009822,P04,13.685000,0.180000,19.300000,standard
PCO0009681,TRF0009823,P06,9.943000,0.180000,1.210000,standard
PCO0009682,TRF0009824,P04,12.188000,0.180000,0.960000,standard
PCO0009683,TRF0009825,P01,8.058000,0.180000,0.760000,standard
PCO0009684,TRF0009826,P03,10.083000,0.180000,0.270000,standard
PCO0009685,TRF0009827,P02,10.511000,0.180000,1.540000,standard
PCO0009686,TRF0009828,P06,9.317000,0.180000,1.040000,standard
PCO0009687,TRF0009829,P01,7.474000,0.180000,1.390000,standard
PCO0009688,TRF0009830,P04,11.315000,0.180000,0.710000,standard
PCO0009689,TRF0009831,P02,9.923000,0.180000,3.290000,standard
PCO0009690,TRF0009833,P01,9.413000,0.180000,2.400000,standard
PCO0009691,TRF0009834,P01,7.845000,0.180000,1.010000,standard
PCO0009692,TRF0009835,P02,11.743000,0.180000,0.400000,standard
PCO0009693,TRF0009836,P03,11.443000,0.180000,0.730000,standard
PCO0009694,TRF0009837,P05,7.057000,0.180000,1.930000,standard
PCO0009695,TRF0009838,P05,6.773000,0.180000,5.630000,standard
PCO0009696,TRF0009840,P05,6.020000,0.180000,15.090000,standard
PCO0009697,TRF0009841,P04,11.795000,0.180000,0.730000,standard
PCO0009698,TRF0009842,P04,10.526000,0.180000,13.860000,standard
PCO0009699,TRF0009843,P03,12.747000,0.180000,0.400000,standard
PCO0009700,TRF0009844,P02,10.758000,0.180000,5.820000,standard
PCO0009701,TRF0009845,P06,10.164000,0.180000,0.490000,standard
PCO0009702,TRF0009846,P01,9.325000,0.180000,0.570000,standard
PCO0009703,TRF0009847,P04,10.480000,0.180000,0.870000,standard
PCO0009704,TRF0009848,P01,8.494000,0.180000,4.960000,standard
PCO0009705,TRF0009849,P02,9.270000,0.180000,19.070000,standard
PCO0009706,TRF0009850,P01,7.335000,0.180000,0.940000,standard
PCO0009707,TRF0009851,P02,8.532000,0.180000,9.890000,standard
PCO0009708,TRF0009852,P05,7.414000,0.180000,4.150000,standard
PCO0009709,TRF0009853,P02,9.004000,0.180000,1.100000,standard
PCO0009710,TRF0009854,P04,12.891000,0.180000,19.580000,standard
PCO0009711,TRF0009855,P06,9.465000,0.180000,0.480000,standard
PCO0009712,TRF0009856,P04,9.885000,0.180000,1.290000,standard
PCO0009713,TRF0009857,P05,8.310000,0.180000,2.130000,standard
PCO0009714,TRF0009858,P05,7.472000,0.180000,0.500000,standard
PCO0009715,TRF0009859,P04,12.137000,0.180000,1.430000,standard
PCO0009716,TRF0009860,P01,7.110000,0.180000,2.180000,standard
PCO0009717,TRF0009861,P04,11.206000,0.180000,4.850000,standard
PCO0009718,TRF0009862,P05,7.434000,0.180000,0.540000,standard
PCO0009719,TRF0009863,P06,8.571000,0.180000,0.670000,standard
PCO0009720,TRF0009864,P05,8.925000,0.180000,0.480000,standard
PCO0009721,TRF0009865,P06,9.441000,0.180000,29.610000,standard
PCO0009722,TRF0009866,P05,8.926000,0.180000,2.370000,standard
PCO0009723,TRF0009867,P04,13.526000,0.180000,1.390000,standard
PCO0009724,TRF0009868,P03,9.502000,0.180000,1.300000,standard
PCO0009725,TRF0009869,P04,12.500000,0.180000,2.050000,standard
PCO0009726,TRF0009870,P05,9.230000,0.180000,2.200000,standard
PCO0009727,TRF0009871,P05,8.765000,0.180000,0.390000,standard
PCO0009728,TRF0009872,P03,12.192000,0.180000,1.220000,standard
PCO0009729,TRF0009873,P05,7.536000,0.180000,2.700000,standard
PCO0009730,TRF0009874,P04,12.977000,0.180000,0.430000,standard
PCO0009731,TRF0009875,P02,10.621000,0.180000,2.810000,standard
PCO0009732,TRF0009876,P04,10.498000,0.180000,1.900000,standard
PCO0009733,TRF0009877,P05,6.708000,0.180000,2.050000,standard
PCO0009734,TRF0009878,P05,8.874000,0.180000,0.400000,standard
PCO0009735,TRF0009880,P04,10.972000,0.180000,0.600000,standard
PCO0009736,TRF0009881,P02,9.045000,0.180000,0.480000,standard
PCO0009737,TRF0009882,P06,8.703000,0.180000,0.380000,standard
PCO0009738,TRF0009883,P05,9.792000,0.180000,0.330000,standard
PCO0009739,TRF0009884,P02,7.757000,0.180000,0.570000,standard
PCO0009740,TRF0009885,P04,12.574000,0.180000,17.060000,standard
PCO0009741,TRF0009886,P02,8.536000,0.180000,12.590000,standard
PCO0009742,TRF0009887,P02,8.457000,0.180000,0.720000,standard
PCO0009743,TRF0009888,P03,11.174000,0.180000,1.840000,standard
PCO0009744,TRF0009889,P03,10.058000,0.180000,3.680000,standard
PCO0009745,TRF0009890,P02,10.216000,0.180000,1.680000,standard
PCO0009746,TRF0009891,P01,6.365000,0.180000,0.570000,standard
PCO0009747,TRF0009892,P02,8.390000,0.180000,0.570000,standard
PCO0009748,TRF0009893,P02,7.936000,0.180000,0.630000,standard
PCO0009749,TRF0009894,P06,8.532000,0.180000,4.980000,standard
PCO0009750,TRF0009895,P03,10.680000,0.180000,0.720000,standard
PCO0009751,TRF0009896,P06,8.934000,0.180000,0.560000,standard
PCO0009752,TRF0009897,P02,10.511000,0.180000,2.350000,standard
PCO0009753,TRF0009898,P04,11.538000,0.180000,1.200000,standard
PCO0009754,TRF0009899,P06,10.253000,0.180000,0.860000,standard
PCO0009755,TRF0009900,P04,11.863000,0.180000,1.950000,standard
PCO0009756,TRF0009901,P04,10.681000,0.180000,1.000000,standard
PCO0009757,TRF0009902,P02,8.469000,0.180000,1.260000,standard
PCO0009758,TRF0009903,P02,9.348000,0.180000,0.410000,standard
PCO0009759,TRF0009904,P05,8.380000,0.180000,0.560000,standard
PCO0009760,TRF0009905,P04,10.836000,0.180000,0.470000,standard
PCO0009761,TRF0009906,P01,9.571000,0.180000,0.350000,standard
PCO0009762,TRF0009907,P06,10.946000,0.180000,4.260000,standard
PCO0009763,TRF0009908,P02,8.418000,0.180000,1.570000,standard
PCO0009764,TRF0009909,P06,9.948000,0.180000,0.870000,standard
PCO0009765,TRF0009910,P01,7.305000,0.180000,0.800000,standard
PCO0009766,TRF0009911,P02,11.608000,0.180000,0.360000,standard
PCO0009767,TRF0009912,P01,7.674000,0.180000,4.240000,standard
PCO0009768,TRF0009913,P06,9.542000,0.180000,0.670000,standard
PCO0009769,TRF0009914,P06,9.838000,0.180000,5.720000,standard
PCO0009770,TRF0009915,P03,10.807000,0.180000,1.260000,standard
PCO0009771,TRF0009916,P01,8.685000,0.180000,0.930000,standard
PCO0009772,TRF0009917,P04,10.668000,0.180000,1.730000,standard
PCO0009773,TRF0009918,P01,8.347000,0.180000,1.690000,standard
PCO0009774,TRF0009919,P06,9.422000,0.180000,2.870000,standard
PCO0009775,TRF0009920,P04,11.330000,0.180000,1.470000,standard
PCO0009776,TRF0009921,P04,10.994000,0.180000,15.340000,standard
PCO0009777,TRF0009922,P01,7.900000,0.180000,31.470000,standard
PCO0009778,TRF0009923,P04,11.009000,0.180000,7.840000,standard
PCO0009779,TRF0009925,P05,6.362000,0.180000,2.890000,standard
PCO0009780,TRF0009926,P02,9.544000,0.180000,1.010000,standard
PCO0009781,TRF0009927,P05,9.654000,0.180000,0.330000,standard
PCO0009782,TRF0009928,P02,9.151000,0.180000,0.550000,standard
PCO0009783,TRF0009929,P03,8.555000,0.180000,0.230000,standard
PCO0009784,TRF0009930,P01,10.551000,0.180000,1.030000,standard
PCO0009785,TRF0009931,P03,9.825000,0.180000,14.580000,standard
PCO0009786,TRF0009932,P04,11.730000,0.180000,1.730000,standard
PCO0009787,TRF0009933,P02,9.140000,0.180000,1.730000,standard
PCO0009788,TRF0009934,P01,9.995000,0.180000,1.070000,standard
PCO0009789,TRF0009935,P01,7.272000,0.180000,0.440000,standard
PCO0009790,TRF0009936,P03,9.412000,0.180000,4.320000,standard
PCO0009791,TRF0009938,P02,9.800000,0.180000,0.380000,standard
PCO0009792,TRF0009939,P02,8.739000,0.180000,2.410000,standard
PCO0009793,TRF0009940,P02,8.745000,0.180000,23.970000,standard
PCO0009794,TRF0009941,P03,10.788000,0.180000,2.870000,standard
PCO0009795,TRF0009942,P01,7.071000,0.180000,0.560000,standard
PCO0009796,TRF0009943,P05,7.978000,0.180000,0.410000,standard
PCO0009797,TRF0009944,P03,10.158000,0.180000,1.720000,standard
PCO0009798,TRF0009945,P06,8.458000,0.180000,13.090000,standard
PCO0009799,TRF0009946,P01,8.278000,0.180000,1.800000,standard
PCO0009800,TRF0009947,P01,6.761000,0.180000,10.590000,standard
PCO0009801,TRF0009948,P04,12.946000,0.180000,2.210000,standard
PCO0009802,TRF0009949,P02,9.947000,0.180000,0.560000,standard
PCO0009803,TRF0009950,P05,6.080000,0.180000,4.700000,standard
PCO0009804,TRF0009951,P03,11.198000,0.180000,2.810000,standard
PCO0009805,TRF0009952,P02,7.885000,0.180000,13.820000,standard
PCO0009806,TRF0009954,P03,9.498000,0.180000,0.790000,standard
PCO0009807,TRF0009955,P06,11.177000,0.180000,2.460000,standard
PCO0009808,TRF0009956,P02,8.393000,0.180000,0.910000,standard
PCO0009809,TRF0009957,P06,8.341000,0.180000,5.090000,standard
PCO0009810,TRF0009958,P06,10.895000,0.180000,0.460000,standard
PCO0009811,TRF0009959,P02,8.828000,0.180000,0.910000,standard
PCO0009812,TRF0009960,P02,9.568000,0.180000,1.490000,standard
PCO0009813,TRF0009961,P02,20.704000,0.180000,14.040000,priority
PCO0009814,TRF0009962,P02,9.632000,0.180000,0.280000,standard
PCO0009815,TRF0009963,P04,12.025000,0.180000,8.430000,standard
PCO0009816,TRF0009964,P01,6.716000,0.180000,2.970000,standard
PCO0009817,TRF0009965,P06,8.964000,0.180000,13.600000,standard
PCO0009818,TRF0009966,P01,7.332000,0.180000,1.880000,standard
PCO0009819,TRF0009967,P01,7.802000,0.180000,9.320000,standard
PCO0009820,TRF0009968,P06,8.720000,0.180000,8.100000,standard
PCO0009821,TRF0009969,P03,11.822000,0.180000,1.610000,standard
PCO0009822,TRF0009970,P01,7.259000,0.180000,0.520000,standard
PCO0009823,TRF0009971,P06,10.285000,0.180000,1.760000,standard
PCO0009824,TRF0009972,P02,8.400000,0.180000,1.650000,standard
PCO0009825,TRF0009973,P06,10.090000,0.180000,2.780000,standard
PCO0009826,TRF0009974,P01,7.103000,0.180000,0.320000,standard
PCO0009827,TRF0009975,P03,8.734000,0.180000,0.410000,standard
PCO0009828,TRF0009976,P01,6.351000,0.180000,23.440000,standard
PCO0009829,TRF0009977,P04,11.755000,0.180000,6.350000,standard
PCO0009830,TRF0009978,P02,9.534000,0.180000,0.490000,standard
PCO0009831,TRF0009979,P06,10.877000,0.180000,0.970000,standard
PCO0009832,TRF0009980,P01,8.762000,0.180000,0.480000,standard
PCO0009833,TRF0009981,P04,10.122000,0.180000,1.080000,standard
PCO0009834,TRF0009982,P04,12.823000,0.180000,2.780000,standard
PCO0009835,TRF0009983,P04,13.573000,0.180000,4.690000,standard
PCO0009836,TRF0009984,P05,6.308000,0.180000,0.350000,standard
PCO0009837,TRF0009985,P05,7.460000,0.180000,1.390000,standard
PCO0009838,TRF0009986,P01,8.647000,0.180000,0.740000,standard
PCO0009839,TRF0009987,P06,10.537000,0.180000,5.510000,standard
PCO0009840,TRF0009988,P03,8.975000,0.180000,0.520000,standard
PCO0009841,TRF0009989,P03,9.892000,0.180000,0.730000,standard
PCO0009842,TRF0009990,P05,9.243000,0.180000,1.810000,standard
PCO0009843,TRF0009992,P05,7.477000,0.180000,1.060000,standard
PCO0009844,TRF0009993,P01,8.702000,0.180000,0.450000,standard
PCO0009845,TRF0009994,P05,7.121000,0.180000,0.970000,standard
PCO0009846,TRF0009995,P04,10.228000,0.180000,2.100000,standard
PCO0009847,TRF0009996,P02,10.839000,0.180000,9.810000,standard
PCO0009848,TRF0009997,P02,8.684000,0.180000,0.410000,standard
PCO0009849,TRF0009998,P06,9.423000,0.180000,0.420000,standard
PCO0009850,TRF0009999,P02,11.364000,0.180000,23.840000,standard
PCO0009851,TRF0010000,P06,11.112000,0.180000,5.110000,standard
